
Cadence Innovus(TM) Implementation System.
Copyright 2024 Cadence Design Systems, Inc. All rights reserved worldwide.

Version:	v23.31-s109_1, built Mon Apr 22 16:02:43 PDT 2024
Options:	
Date:		Thu Aug  7 22:23:17 2025
Host:		ei-vm-018.othr.de (x86_64 w/Linux 4.18.0-553.63.1.el8_10.x86_64) (32cores*32cpus*AMD Ryzen Threadripper PRO 5965WX 24-Cores 512KB)
OS:		Red Hat Enterprise Linux 8.10 (Ootpa)

License:
		[22:23:17.483212] Configured Lic search path (23.02-s005): 5280@hs-lic3.oth-regensburg.de:27003@hs-lic1.oth-regensburg.de:27003@hs-lic1.oth-regensburg.de:

		invs	Innovus Implementation System	23.1	checkout succeeded
		8 CPU jobs allowed with the current license(s). Use setMultiCpuUsage to set your required CPU count.
Change the soft stacksize limit to 0.2%RAM (386 mbytes). Set global soft_stack_size_limit to change the value.

**INFO:  MMMC transition support version v31-84 

<CMD> set_global _enable_mmmc_by_default_flow      $CTE::mmmc_default
<CMD> suppressMessage ENCEXT-2799
<CMD> getVersion
<CMD> getVersion
<CMD> getVersion
<CMD> define_proc_arguments ViaFillQor -info {This procedure extracts Viafill details from innovus db} -define_args {
        {-window "window coordinates" "" list optional}
        {-window_size "window size in microns" "" string optional}
    
    }
[INFO] Loading Pegasus 24.10 fill procedures
<CMD> define_proc_arguments ProcessFills -info {This procedure processes Fill types} -define_args {
    {-fillInfo "Design Fill data" "" list required}
				{-csvName "File path for Fill Data csv file" "Path of CSV file" string required}
				{-selectFill "type of fill to be selected in session" "list of BRIDGE/EXTENSION/STAMP/FLOATING" list required}
    {-output_data "Boolean Flag to output Fill Data for further processing" "" string required}
}
<CMD> define_proc_arguments FillQor -info {This procedure extracts fill details from innovus db} -define_args {
    {-layers "Fills Cleanup on which all layers" "list of Metal/Routing layers" list optional}
				{-selectFill "type of fill to be selected in session" "list of BRIDGE/EXTENSION/STAMP/FLOATING" list optional}
				{-outData "Boolean Flag to output Fill Data for further processing" "" boolean optional}
    {-outDataFile "File path for Fill Data csv file" "Path of CSV file" string optional}
}
<CMD> define_proc_arguments ProcessFills_fast -info {This procedure processes Fill types} -define_args {
    {-fillInfo "Design Fill data" "" list required}
				{-csvName "File path for Fill Data csv file" "Path of CSV file" string required}
				{-selectFill "type of fill to be selected in session" "list of BRIDGE/EXTENSION/STAMP/FLOATING" list required}
    {-output_data "Boolean Flag to output Fill Data for further processing" "" string required}
}
<CMD> define_proc_arguments FillQor_fast -info {This procedure extracts fill details from innovus db} -define_args {
    {-layers "Fills Cleanup on which all layers" "list of Metal/Routing layers" list optional}
				{-selectFill "type of fill to be selected in session" "list of BRIDGE/EXTENSION/STAMP/FLOATING" list optional}
				{-outData "Boolean Flag to output Fill Data for further processing" "" boolean optional}
    {-outDataFile "File path for Fill Data csv file" "Path of CSV file" string optional}
}
<CMD> define_proc_arguments ProcessFills_fast_stampOnly -info {This procedure processes Fill types} -define_args {
    {-fillInfo "Design Fill data" "" list required}
	
}
<CMD> define_proc_arguments FillQor_fast_stampOnly -info {This procedure extracts fill details from innovus db} -define_args {
    {-layers "Fills Cleanup on which all layers" "list of Metal/Routing layers" list optional}
}
<CMD> win
<CMD> set ::TimeLib::tsgMarkCellLatchConstructFlag 1
<CMD> set ::dft::debug_attribute 0
<CMD> get_message -id GLOBAL-100 -suppress
<CMD> get_message -id GLOBAL-100 -suppress
<CMD> set _timing_constraint_efficient_block_write_sdc 0
<CMD> get_message -id GLOBAL-100 -suppress
<CMD> get_message -id GLOBAL-100 -suppress
<CMD> set _timing_constraint_efficient_clock_for_write_sdc 1
<CMD> get_message -id GLOBAL-100 -suppress
<CMD> get_message -id GLOBAL-100 -suppress
<CMD> set _timing_constraint_enable_improved_timing_update_flow 1
<CMD> get_message -id GLOBAL-100 -suppress
<CMD> get_message -id GLOBAL-100 -suppress
<CMD> set _timing_constraint_enable_reset_clock_exception_flow 1
<CMD> get_message -id GLOBAL-100 -suppress
<CMD> get_message -id GLOBAL-100 -suppress
<CMD> set _timing_constraint_improve_collection_hash_function 1
<CMD> get_message -id GLOBAL-100 -suppress
<CMD> get_message -id GLOBAL-100 -suppress
<CMD> set _timing_constraint_performance_statistics_precision 2
<CMD> get_message -id GLOBAL-100 -suppress
<CMD> get_message -id GLOBAL-100 -suppress
<CMD> set _timing_disable_backward_compatible_spatial_derate_mode 1
<CMD> get_message -id GLOBAL-100 -suppress
<CMD> get_message -id GLOBAL-100 -suppress
<CMD> set _timing_disable_backward_compatible_term_voltage_mode 1
<CMD> get_message -id GLOBAL-100 -suppress
<CMD> get_message -id GLOBAL-100 -suppress
<CMD> set _timing_disk_caching_reporting_el_aware_filesize 524288
<CMD> get_message -id GLOBAL-100 -suppress
<CMD> get_message -id GLOBAL-100 -suppress
<CMD> set _timing_efficient_set_timing_derate 1
<CMD> get_message -id GLOBAL-100 -suppress
<CMD> get_message -id GLOBAL-100 -suppress
<CMD> set _timing_enable_backward_compatible_aocv_slack_based_mode 0
<CMD> get_message -id GLOBAL-100 -suppress
<CMD> get_message -id GLOBAL-100 -suppress
<CMD> set _timing_enable_backward_compatible_arrival_mode 0
<CMD> get_message -id GLOBAL-100 -suppress
<CMD> get_message -id GLOBAL-100 -suppress
<CMD> set _timing_enable_backward_compatible_parallel_arcs 0
<CMD> get_message -id GLOBAL-100 -suppress
<CMD> get_message -id GLOBAL-100 -suppress
<CMD> set _timing_enable_diskcaching_io_performance 1
<CMD> get_message -id GLOBAL-100 -suppress
<CMD> get_message -id GLOBAL-100 -suppress
<CMD> set _timing_enable_dump_reset_clock 1
<CMD> get_message -id GLOBAL-100 -suppress
<CMD> get_message -id GLOBAL-100 -suppress
<CMD> set _timing_enable_eco_group_based_worst_path 1
<CMD> get_message -id GLOBAL-100 -suppress
<CMD> get_message -id GLOBAL-100 -suppress
<CMD> set _timing_enable_efficient_clocks_collection 1
<CMD> get_message -id GLOBAL-100 -suppress
<CMD> get_message -id GLOBAL-100 -suppress
<CMD> set _timing_enable_efficient_get_lib_objects 1
<CMD> get_message -id GLOBAL-100 -suppress
<CMD> get_message -id GLOBAL-100 -suppress
<CMD> set _timing_enable_efficient_hier_obj 1
<CMD> get_message -id GLOBAL-100 -suppress
<CMD> get_message -id GLOBAL-100 -suppress
<CMD> set _timing_enable_efficient_save_mode 1
<CMD> get_message -id GLOBAL-100 -suppress
<CMD> get_message -id GLOBAL-100 -suppress
<CMD> set _timing_enable_ignore_group_path_from_sdc 1
<CMD> get_message -id GLOBAL-100 -suppress
<CMD> get_message -id GLOBAL-100 -suppress
<CMD> get_message -id GLOBAL-100 -suppress
<CMD> get_message -id GLOBAL-100 -suppress
<CMD> set _timing_enable_input_port_path_group_tag 1
<CMD> get_message -id GLOBAL-100 -suppress
<CMD> get_message -id GLOBAL-100 -suppress
<CMD> get_message -id GLOBAL-100 -suppress
<CMD> get_message -id GLOBAL-100 -suppress
<CMD> set _timing_enable_input_port_path_group_tag 1
<CMD> get_message -id GLOBAL-100 -suppress
<CMD> get_message -id GLOBAL-100 -suppress
<CMD> set _timing_enable_new_hierarchical_startpoints 1
<CMD> get_message -id GLOBAL-100 -suppress
<CMD> get_message -id GLOBAL-100 -suppress
<CMD> set _timing_enable_view_pruning_enhancements 4
<CMD> get_message -id GLOBAL-100 -suppress
<CMD> get_message -id GLOBAL-100 -suppress
<CMD> set _timing_is_imm_info_cached 0
<CMD> get_message -id GLOBAL-100 -suppress
<CMD> get_message -id GLOBAL-100 -suppress
<CMD> set _timing_latch_period_based_threshold 0.0001
<CMD> get_message -id GLOBAL-100 -suppress
<CMD> get_message -id GLOBAL-100 -suppress
<CMD> get_message -id GLOBAL-100 -suppress
<CMD> get_message -id GLOBAL-100 -suppress
<CMD> set _timing_remove_edge_time_in_unconstraind_reporting 1
<CMD> get_message -id GLOBAL-100 -suppress
<CMD> get_message -id GLOBAL-100 -suppress
<CMD> get_message -id GLOBAL-100 -suppress
<CMD> get_message -id GLOBAL-100 -suppress
<CMD> set _timing_remove_edge_time_in_unconstraind_reporting 1
<CMD> get_message -id GLOBAL-100 -suppress
<CMD> get_message -id GLOBAL-100 -suppress
<CMD> get_message -id GLOBAL-100 -suppress
<CMD> get_message -id GLOBAL-100 -suppress
<CMD> set _timing_report_coverage_use_cached_real_gba_arrival 0
<CMD> get_message -id GLOBAL-100 -suppress
<CMD> get_message -id GLOBAL-100 -suppress
<CMD> set _timing_report_disable_calculate_arrival_assert 1
<CMD> get_message -id GLOBAL-100 -suppress
<CMD> get_message -id GLOBAL-100 -suppress
<CMD> set _timing_report_enable_capacitance_fetching_per_rf 0
<CMD> get_message -id GLOBAL-100 -suppress
<CMD> get_message -id GLOBAL-100 -suppress
<CMD> set _timing_report_enable_clock_to_clock_false_paths_MT 1
<CMD> get_message -id GLOBAL-100 -suppress
<CMD> get_message -id GLOBAL-100 -suppress
<CMD> set _timing_report_enable_efficient_float_to_string_converter 0
<CMD> get_message -id GLOBAL-100 -suppress
<CMD> get_message -id GLOBAL-100 -suppress
<CMD> set _timing_report_enable_mtiohandler_efficient_register 1
<CMD> get_message -id GLOBAL-100 -suppress
<CMD> get_message -id GLOBAL-100 -suppress
<CMD> set _timing_report_enable_multithread_drv_reporting 1
<CMD> get_message -id GLOBAL-100 -suppress
<CMD> get_message -id GLOBAL-100 -suppress
<CMD> set _timing_report_ipd_max_paths_lookahead_factor 10000
<CMD> get_message -id GLOBAL-100 -suppress
<CMD> get_message -id GLOBAL-100 -suppress
<CMD> set _timing_report_ipd_nworst_lookahead_factor 10000
<CMD> get_message -id GLOBAL-100 -suppress
<CMD> get_message -id GLOBAL-100 -suppress
<CMD> set _timing_report_prt_optimize_unconstraint_handling_for_to_pins 1
<CMD> set dbgDualViewAwareXTree 1
<CMD> set dbgIsCheckLefDefColoredShapeSetByUser 1
<CMD> set defHierChar /
<CMD> set distributed_client_message_echo 1
<CMD> set distributed_mmmc_disable_reports_auto_redirection 0
<CMD> set enable_ilm_dual_view_gui_and_attribute 1
<CMD> set enc_before_startup_file 0
<CMD> set enc_check_rename_command_name 1
<CMD> set enc_enable_print_mode_command_reset_options 1
<CMD> set init_design_settop 0
<CMD> set init_gnd_net VSS
<CMD> setImportMode -discardFloatingVNets 0 -keepEmptyModule 1
<CMD> set init_import_mode { -discardFloatingVNets 0 -keepEmptyModule 1}
<CMD> set init_lef_file {/eda/cadence/pdks/ihp_sg13g2/ixc013g2ng_stdcell/lef/ixc013g2ng_tech.lef /eda/cadence/pdks/ihp_sg13g2/ixc013g2ng_stdcell/lef/ixc013g2ng_stdcell_v5p7.lef /eda/cadence/pdks/ihp_sg13g2/ixc013g2ng_stdcell/lef/ixc013g2ng_phys.lef}
<CMD> set init_mmmc_file MMMC.view
<CMD> set init_pwr_net VDD
<CMD> set init_verilog ../Synthesis/outputs/main_netlist.v
<CMD> get_message -id GLOBAL-100 -suppress
<CMD> get_message -id GLOBAL-100 -suppress
<CMD> set latch_time_borrow_mode max_borrow
<CMD> set metric_page_cfg_format {vivid {HUDDLE {!!map {version {!!str 2} data {!!seq {{!!map {id {!!str main_menu} type {!!str main_menu}}} {!!map {id {!!str top} type {!!str tabs} tabs {!!seq {{!!map {title {!!str Masterboard} children {!!seq {{!!map {id {!!str masterboard_filters} type {!!str section} title {!!str {Run/Snapshot Filters}} children {!!seq {{!!map {id {!!str masterboard_filter} type {!!str run_snapshot_filter}}} {!!map {id {!!str masterboard_snapshot_navigation} type {!!str snapshot_picker}}}}}}} {!!map {id {!!str masterboard_summary} type {!!str section} title {!!str {Stylus QOR summary}} children {!!seq {{!!map {id {!!str masterboard_summary_t} type {!!str table} per_snapshot {!!true 1} ar_metric_control {!!true 1} ar_metric {!!seq {{!!map {metric {!!str timing.setup.wns} title {!!str WNS} group {!!str {Setup (all)}} navigation {!!map {id {!!str setup_violating_paths_section}}}}} {!!map {metric {!!str timing.setup.tns} title {!!str TNS} group {!!str {Setup (all)}} navigation {!!map {id {!!str setup_violating_paths_section}}}}} {!!map {metric {!!str timing.setup.feps} title {!!str FEPS} group {!!str {Setup (all)}} navigation {!!map {id {!!str setup_violating_paths_section}}}}} {!!map {metric {!!str timing.setup.wns.path_group:reg2reg} title {!!str WNS} group {!!str {Setup (reg2reg)}} navigation {!!map {id {!!str setup_violating_paths_section}}}}} {!!map {metric {!!str timing.setup.tns.path_group:reg2reg} title {!!str TNS} group {!!str {Setup (reg2reg)}} navigation {!!map {id {!!str setup_violating_paths_section}}}}} {!!map {metric {!!str timing.setup.feps.path_group:reg2reg} title {!!str FEPS} group {!!str {Setup (reg2reg)}} navigation {!!map {id {!!str setup_violating_paths_section}}}}} {!!map {metric {!!str timing.hold.wns} title {!!str WNS} group {!!str {Hold (all)}} navigation {!!map {id {!!str hold_violating_paths_section}}}}} {!!map {metric {!!str timing.hold.tns} title {!!str TNS} group {!!str {Hold (all)}} navigation {!!map {id {!!str hold_violating_paths_section}}}}} {!!map {metric {!!str timing.hold.feps} title {!!str FEPS} group {!!str {Hold (all)}} navigation {!!map {id {!!str hold_violating_paths_section}}}}} {!!map {metric {!!str timing.hold.wns.path_group:reg2reg} title {!!str WNS} group {!!str {Hold (reg2reg)}} navigation {!!map {id {!!str hold_violating_paths_section}}}}} {!!map {metric {!!str timing.hold.tns.path_group:reg2reg} title {!!str TNS} group {!!str {Hold (reg2reg)}} navigation {!!map {id {!!str hold_violating_paths_section}}}}} {!!map {metric {!!str timing.hold.feps.path_group:reg2reg} title {!!str FEPS} group {!!str {Hold (reg2reg)}} navigation {!!map {id {!!str hold_violating_paths_section}}}}} {!!map {metric {!!str timing.drv.max_tran.total} title {!!str Tran} group {!!str DRV}}} {!!map {metric {!!str timing.drv.max_cap.total} title {!!str Load} group {!!str DRV}}} {!!map {metric {!!str timing.drv.max_fanout.total} title {!!str Fanout} group {!!str DRV}}} {!!map {metric {!!str clock.instances.total} title {!!str Insts} group {!!str Clock} navigation {!!map {id {!!str clock_phys}}}}} {!!map {metric {!!str clock.area.total} title {!!str Area} group {!!str Clock} navigation {!!map {id {!!str clock_phys}}}}} {!!map {metric {!!str design.density} title {!!str Density} group {!!str Design}}} {!!map {metric {!!str design.instances.logical} title {!!str Insts} group {!!str Design} navigation {!!map {id {!!str physical_physical}}}}} {!!map {metric {!!str design.area.logical} title {!!str Area} group {!!str Design} navigation {!!map {id {!!str physical_physical}}}}} {!!map {metric {!!str dft.registers.passing} title {!!str Passing} group {!!str DFT}}} {!!map {metric {!!str dft.registers.total} title {!!str Total} group {!!str DFT}}} {!!map {metric {!!str power} title {!!str Total} group {!!str Power} navigation {!!map {id {!!str power_power}}}}} {!!map {metric {!!str power.leakage} title {!!str Leakage} group {!!str Power} navigation {!!map {id {!!str power_leakage}}}}} {!!map {metric {!!str power.internal} title {!!str Internal} group {!!str Power} navigation {!!map {id {!!str power_internal}}}}} {!!map {metric {!!str power.switching} title {!!str Switching} group {!!str Power} navigation {!!map {id {!!str power_switching}}}}} {!!map {metric {!!str power.clock} title {!!str Clock} group {!!str Power} navigation {!!map {id {!!str power_power}}}}} {!!map {metric {!!str design.congestion.hotspot.max} title {!!str Max} group {!!str Congestion} navigation {!!map {id {!!str route_route}}}}} {!!map {metric {!!str design.congestion.hotspot.total} title {!!str Total} group {!!str Congestion} navigation {!!map {id {!!str route_route}}}}} {!!map {metric {!!str route.drc} title {!!str DRC} group {!!str Route} navigation {!!map {id {!!str route_route}}}}} {!!map {metric {!!str route.wirelength} title {!!str WL} group {!!str Route} navigation {!!map {id {!!str route_route}}}}} {!!map {metric {!!str messages} title {!!str Errors} group {!!str Tool}}} {!!map {metric {!!str flow.realtime} title {!!str Wall} group {!!str Tool} navigation {!!map {id {!!str flow_cpu}}}}} {!!map {metric {!!str flow.memory} title {!!str Memory} group {!!str Tool} navigation {!!map {id {!!str flow_cpu}}}}}}}}}}}}} {!!map {id {!!str masterboard_runtime} type {!!str section} title {!!str {Runtime Summary}} children {!!seq {{!!map {id {!!str masterboard_runtime_real_g} type {!!str graph} stacked {!!true 1} invert_axes {!!true 1} total_value_label {!!true 1} title {!!str {Real time}} ar_metric {!!seq {{!!map {metric {!!str flow.realtime} title {!!str Real} graph_type {!!str horizontalBar}}}}}}} {!!map {id {!!str masterboard_runtime_cpu} type {!!str graph} stacked {!!true 1} invert_axes {!!true 1} total_value_label {!!true 1} title {!!str {CPU Runtime}} ar_metric {!!seq {{!!map {metric {!!str flow.cputime} title {!!str CPU} graph_type {!!str horizontalBar}}}}}}}}}}} {!!map {id {!!str masterboard_reg2reg} type {!!str section} title {!!str {Timing Summary}} children {!!seq {{!!map {id {!!str masterboard_reg2reg_wns_setup_s} type {!!str section} title {!!str {Setup Summary}} children {!!seq {{!!map {id {!!str masterboard_reg2reg_wns_setup_g} type {!!str graph} title {!!str {Setup reg2reg WNS}} ar_metric {!!seq {{!!map {metric {!!str timing.setup.wns.path_group:reg2reg} title {!!str WNS} graph_type {!!str line}}}}}}} {!!map {id {!!str masterboard_reg2reg_tns_setup_g} type {!!str graph} title {!!str {Setup reg2reg TNS}} ar_metric {!!seq {{!!map {metric {!!str timing.setup.tns.path_group:reg2reg} title {!!str TNS} graph_type {!!str line}}}}}}}}}}} {!!map {id {!!str masterboard_reg2reg_wns_hold_s} type {!!str section} title {!!str {Hold Summary}} children {!!seq {{!!map {id {!!str masterboard_reg2reg_wns_hold_g} type {!!str graph} title {!!str {Hold reg2reg WNS}} ar_metric {!!seq {{!!map {metric {!!str timing.hold.wns.path_group:reg2reg} title {!!str WNS} graph_type {!!str line}}}}}}} {!!map {id {!!str masterboard_reg2reg_tns_hold_g} type {!!str graph} title {!!str {Hold reg2reg TNS}} ar_metric {!!seq {{!!map {metric {!!str timing.hold.tns.path_group:reg2reg} title {!!str TNS} graph_type {!!str line}}}}}}}}}}}}}}} {!!map {id {!!str masterboard_power} type {!!str section} title {!!str {Power Summary}} children {!!seq {{!!map {id {!!str masterboard_power_total_g} type {!!str graph} title {!!str {Total Power}} ar_metric {!!seq {{!!map {metric {!!str power} title {!!str Power} graph_type {!!str line}}}}}}} {!!map {id {!!str masterboard_power_leakage_g} type {!!str graph} title {!!str {Leakage Power}} ar_metric {!!seq {{!!map {metric {!!str power.leakage} title {!!str Power} graph_type {!!str line}}}}}}}}}}} {!!map {id {!!str masterboard_utilization} type {!!str section} title {!!str {Utilization Summary}} children {!!seq {{!!map {id {!!str masterboard_utilization_density_g} type {!!str graph} title {!!str {Design Density}} ar_metric {!!seq {{!!map {metric {!!str design.density} title {!!str Density} graph_type {!!str line}}}}}}} {!!map {id {!!str masterboard_utilization_stdcell_g} type {!!str graph} title {!!str {Standard cell instances}} ar_metric {!!seq {{!!map {metric {!!str design.instances.std_cell} title {!!str {Instance count}} graph_type {!!str line}}}}}}}}}}}}}}} {!!map {title {!!str Dashboard} children {!!seq {{!!map {id {!!str dashboard_tabs} type {!!str tabs} tabs {!!seq {{!!map {title {!!str Summary} children {!!seq {{!!map {id {!!str summary_layout} type {!!str layout} layout {!!str horizontal} children {!!seq {{!!map {id {!!str summary_flow_t} type {!!str table} flip_axis {!!true 1} ar_metric {!!seq {{!!map {metric {!!str design.name} title {!!str Design}}} {!!map {metric {!!str flow.tool_list} title {!!str Tools}}} {!!map {metric {!!str flow.template.type} title {!!str Flow}}} {!!map {metric {!!str flow.template.feature_enabled} title {!!str {Enabled features}}}} {!!map {metric {!!str flow.run_tag} title {!!str Tag}}} {!!map {metric {!!str flow.machine} title {!!str {Run host}}}} {!!map {metric {!!str flow.run_directory} title {!!str {Run directory}}}} {!!map {metric {!!str flow.last_child_snapshot} title {!!str {Last step}}}} {!!map {metric {!!str flowtool.status} title {!!str {Flowtool status}}}}}}}} {!!map {id {!!str design_image} type {!!str image_plot} initial_visible_count {!!int 1} ar_metric {!!seq {{!!map {metric {!!str design.floorplan.image}}} {!!map {metric {!!str design.blockage.image}}} {!!map {metric {!!str design.macro.image}}} {!!map {metric {!!str design.place.drc.image}}} {!!map {metric {!!str design.hotspot.image}}} {!!map {metric {!!str power.domains.image}}} {!!map {metric {!!str power.intent.image}}}}}}}}}}} {!!map {id {!!str summary_dashboard_filters} type {!!str section} title {!!str {Run/Snapshot Filters}} children {!!seq {{!!map {id {!!str summary_dashboard_filter} type {!!str run_snapshot_filter}}} {!!map {id {!!str summary_dashboard_snapshot_navigation} type {!!str snapshot_picker}}}}}}} {!!map {id {!!str summary_qor} type {!!str section} title {!!str {Stylus QOR summary}} children {!!seq {{!!map {id {!!str summary_qor_t} type {!!str table} per_snapshot {!!true 1} ar_metric {!!seq {{!!map {metric {!!str timing.setup.wns} title {!!str WNS} group {!!str {Setup (all)}} navigation {!!map {id {!!str setup_violating_paths_section}}}}} {!!map {metric {!!str timing.setup.tns} title {!!str TNS} group {!!str {Setup (all)}} navigation {!!map {id {!!str setup_violating_paths_section}}}}} {!!map {metric {!!str timing.setup.feps} title {!!str FEPS} group {!!str {Setup (all)}} navigation {!!map {id {!!str setup_violating_paths_section}}}}} {!!map {metric {!!str timing.setup.wns.path_group:reg2reg} title {!!str WNS} group {!!str {Setup (reg2reg)}} navigation {!!map {id {!!str setup_violating_paths_section}}}}} {!!map {metric {!!str timing.setup.tns.path_group:reg2reg} title {!!str TNS} group {!!str {Setup (reg2reg)}} navigation {!!map {id {!!str setup_violating_paths_section}}}}} {!!map {metric {!!str timing.setup.feps.path_group:reg2reg} title {!!str FEPS} group {!!str {Setup (reg2reg)}} navigation {!!map {id {!!str setup_violating_paths_section}}}}} {!!map {metric {!!str timing.hold.wns} title {!!str WNS} group {!!str {Hold (all)}} navigation {!!map {id {!!str hold_violating_paths_section}}}}} {!!map {metric {!!str timing.hold.tns} title {!!str TNS} group {!!str {Hold (all)}} navigation {!!map {id {!!str hold_violating_paths_section}}}}} {!!map {metric {!!str timing.hold.feps} title {!!str FEPS} group {!!str {Hold (all)}} navigation {!!map {id {!!str hold_violating_paths_section}}}}} {!!map {metric {!!str timing.hold.wns.path_group:reg2reg} title {!!str WNS} group {!!str {Hold (reg2reg)}} navigation {!!map {id {!!str hold_violating_paths_section}}}}} {!!map {metric {!!str timing.hold.tns.path_group:reg2reg} title {!!str TNS} group {!!str {Hold (reg2reg)}} navigation {!!map {id {!!str hold_violating_paths_section}}}}} {!!map {metric {!!str timing.hold.feps.path_group:reg2reg} title {!!str FEPS} group {!!str {Hold (reg2reg)}} navigation {!!map {id {!!str hold_violating_paths_section}}}}} {!!map {metric {!!str timing.drv.max_tran.total} title {!!str Tran} group {!!str DRV}}} {!!map {metric {!!str timing.drv.max_cap.total} title {!!str Load} group {!!str DRV}}} {!!map {metric {!!str timing.drv.max_fanout.total} title {!!str Fanout} group {!!str DRV}}} {!!map {metric {!!str clock.instances.total} title {!!str Insts} group {!!str Clock} navigation {!!map {id {!!str clock_phys}}}}} {!!map {metric {!!str clock.area.total} title {!!str Area} group {!!str Clock} navigation {!!map {id {!!str clock_phys}}}}} {!!map {metric {!!str design.density} title {!!str Density} group {!!str Design}}} {!!map {metric {!!str design.instances.logical} title {!!str Insts} group {!!str Design} navigation {!!map {id {!!str physical_physical}}}}} {!!map {metric {!!str design.area.logical} title {!!str Area} group {!!str Design} navigation {!!map {id {!!str physical_physical}}}}} {!!map {metric {!!str dft.registers.passing} title {!!str Passing} group {!!str DFT}}} {!!map {metric {!!str dft.registers.total} title {!!str Total} group {!!str DFT}}} {!!map {metric {!!str power} title {!!str Total} group {!!str Power} navigation {!!map {id {!!str power_power}}}}} {!!map {metric {!!str power.leakage} title {!!str Leakage} group {!!str Power} navigation {!!map {id {!!str power_leakage}}}}} {!!map {metric {!!str power.internal} title {!!str Internal} group {!!str Power} navigation {!!map {id {!!str power_internal}}}}} {!!map {metric {!!str power.switching} title {!!str Switching} group {!!str Power} navigation {!!map {id {!!str power_switching}}}}} {!!map {metric {!!str power.clock} title {!!str Clock} group {!!str Power} navigation {!!map {id {!!str power_power}}}}} {!!map {metric {!!str design.congestion.hotspot.max} title {!!str Max} group {!!str Congestion} navigation {!!map {id {!!str route_route}}}}} {!!map {metric {!!str design.congestion.hotspot.total} title {!!str Total} group {!!str Congestion} navigation {!!map {id {!!str route_route}}}}} {!!map {metric {!!str route.drc} title {!!str DRC} group {!!str Route} navigation {!!map {id {!!str route_route}}}}} {!!map {metric {!!str route.wirelength} title {!!str WL} group {!!str Route} navigation {!!map {id {!!str route_route}}}}} {!!map {metric {!!str messages} title {!!str Errors} group {!!str Tool}}} {!!map {metric {!!str flow.realtime} title {!!str Wall} group {!!str Tool} navigation {!!map {id {!!str flow_cpu}}}}} {!!map {metric {!!str flow.memory} title {!!str Memory} group {!!str Tool} navigation {!!map {id {!!str flow_cpu}}}}}}}}}}}}} {!!map {id {!!str summary_cpu} type {!!str section} title {!!str {Stylus runtime summary}} children {!!seq {{!!map {id {!!str summary_real_t} type {!!str graph} stacked {!!true 1} invert_axes {!!true 1} total_value_label {!!true 1} title {!!str {Real time}} ar_metric {!!seq {{!!map {metric {!!str flow.realtime} title {!!str Real} graph_type {!!str horizontalBar}}}}}}} {!!map {id {!!str summary_cpu_t} type {!!str graph} stacked {!!true 1} invert_axes {!!true 1} total_value_label {!!true 1} title {!!str {CPU Runtime}} ar_metric {!!seq {{!!map {metric {!!str flow.cputime} title {!!str CPU} graph_type {!!str horizontalBar}}}}}}}}}}}}}}} {!!map {title {!!str Timing} children {!!seq {{!!map {id {!!str timing_dashboard_filters} type {!!str section} title {!!str {Run/Snapshot Filters}} hidden {!!true 1} children {!!seq {{!!map {id {!!str timing_dashboard_filter} type {!!str run_snapshot_filter}}} {!!map {id {!!str timing_dashboard_snapshot_navigation} type {!!str snapshot_picker}}}}}}} {!!map {id {!!str timing_setup} type {!!str section} title {!!str {Setup Timing}} children {!!seq {{!!map {id {!!str setup_tns_histogram_controls} type {!!str histogram_controls} parent_id {!!str timing_setup}}} {!!map {id {!!str setup_tns_histogram_first} type {!!str histogram} title {!!str {Setup TNS}} parent_id {!!str timing_setup} ar_metric {!!seq {{!!map {metric {!!str timing.setup.histogram} title {!!str {Per Group}} mode {!!str group}}} {!!map {metric {!!str timing.setup.histogram.views} title {!!str {Per View}} mode {!!str view}}}}}}} {!!map {id {!!str setup_tns_histogram_second} type {!!str histogram} title {!!str {Setup TNS}} parent_id {!!str timing_setup} ar_metric {!!seq {{!!map {metric {!!str timing.setup.histogram} title {!!str {Per Group}} mode {!!str group}}} {!!map {metric {!!str timing.setup.histogram.views} title {!!str {Per View}} mode {!!str view}}}}}}} {!!map {id {!!str timing_setup_t} type {!!str table} per_snapshot {!!true 1} collapsible_key {!!true 1} key {!!map {Group {!!str timing.setup.wns.path_group:*} View {!!str timing.setup.wns.analysis_view:*}}} ar_metric {!!seq {{!!map {metric {!!str timing.setup.type} title {!!str Type}}} {!!map {metric {!!str timing.setup.wns.path_group:%.analysis_view:%} title {!!str WNS}}} {!!map {metric {!!str timing.setup.tns.path_group:%.analysis_view:%} title {!!str TNS}}} {!!map {metric {!!str timing.setup.feps.path_group:%.analysis_view:%} title {!!str FEPS}}}}}}}}}}} {!!map {id {!!str setup_violating_paths_section} type {!!str section} title {!!str {Worst Setup Paths}} children {!!seq {{!!map {id {!!str setup_violating_paths} type {!!str violating_paths} ar_metric {!!seq {{!!map {metric {!!str timing.setup.paths}}} {!!map {metric {!!str timing.setup.paths.path_group:*}}}}}}}}}}} {!!map {id {!!str timing_hold} type {!!str section} title {!!str {Hold Timing}} children {!!seq {{!!map {id {!!str hold_tns_histogram_controls} type {!!str histogram_controls} parent_id {!!str timing_hold}}} {!!map {id {!!str hold_tns_histogram_first} type {!!str histogram} title {!!str {Hold TNS}} parent_id {!!str timing_hold} ar_metric {!!seq {{!!map {metric {!!str timing.hold.histogram} title {!!str {Per Group}} mode {!!str group}}} {!!map {metric {!!str timing.hold.histogram.views} title {!!str {Per View}} mode {!!str view}}}}}}} {!!map {id {!!str hold_tns_histogram_second} type {!!str histogram} title {!!str {Hold TNS}} parent_id {!!str timing_hold} ar_metric {!!seq {{!!map {metric {!!str timing.hold.histogram} title {!!str {Per Group}} mode {!!str group}}} {!!map {metric {!!str timing.hold.histogram.views} title {!!str {Per View}} mode {!!str view}}}}}}} {!!map {id {!!str timing_hold_t} type {!!str table} per_snapshot {!!true 1} collapsible_key {!!true 1} key {!!map {Group {!!str timing.hold.wns.path_group:*} View {!!str timing.hold.wns.analysis_view:*}}} ar_metric {!!seq {{!!map {metric {!!str timing.hold.type} title {!!str Type}}} {!!map {metric {!!str timing.hold.wns.path_group:%.analysis_view:%} title {!!str WNS}}} {!!map {metric {!!str timing.hold.tns.path_group:%.analysis_view:%} title {!!str TNS}}} {!!map {metric {!!str timing.hold.feps.path_group:%.analysis_view:%} title {!!str FEPS}}}}}}}}}}} {!!map {id {!!str hold_violating_paths_section} type {!!str section} title {!!str {Worst Hold Paths}} children {!!seq {{!!map {id {!!str hold_violating_paths} type {!!str violating_paths} ar_metric {!!seq {{!!map {metric {!!str timing.hold.paths}}} {!!map {metric {!!str timing.hold.paths.path_group:*}}}}}}}}}}} {!!map {id {!!str timing_drv} type {!!str section} title {!!str {Design Rule Violations}} children {!!seq {{!!map {id {!!str timing_drv_t} type {!!str table} per_snapshot {!!true 1} ar_metric {!!seq {{!!map {metric {!!str timing.drv.max_tran.total} title {!!str Total} group {!!str Tran}}} {!!map {metric {!!str timing.drv.max_tran.worst} title {!!str Worst} group {!!str Tran}}} {!!map {metric {!!str timing.drv.max_tran.pins} title {!!str Pins} group {!!str Tran}}} {!!map {metric {!!str timing.drv.max_tran.nets} title {!!str Nets} group {!!str Tran}}} {!!map {metric {!!str timing.drv.max_cap.total} title {!!str Total} group {!!str Cap}}} {!!map {metric {!!str timing.drv.max_cap.worst} title {!!str Worst} group {!!str Cap}}} {!!map {metric {!!str timing.drv.max_cap.pins} title {!!str Pins} group {!!str Cap}}} {!!map {metric {!!str timing.drv.max_cap.nets} title {!!str Nets} group {!!str Cap}}} {!!map {metric {!!str timing.drv.max_fanout.total} title {!!str Total} group {!!str Fanout}}} {!!map {metric {!!str timing.drv.max_fanout.worst} title {!!str Worst} group {!!str Fanout}}} {!!map {metric {!!str timing.drv.max_fanout.pins} title {!!str Pins} group {!!str Fanout}}} {!!map {metric {!!str timing.drv.max_fanout.nets} title {!!str Nets} group {!!str Fanout}}} {!!map {metric {!!str timing.drv.max_length.total} title {!!str Total} group {!!str Length}}} {!!map {metric {!!str timing.drv.max_length.worst} title {!!str Worst} group {!!str Length}}} {!!map {metric {!!str timing.drv.max_length.pins} title {!!str Pins} group {!!str Length}}} {!!map {metric {!!str timing.drv.max_length.nets} title {!!str Nets} group {!!str Length}}} {!!map {metric {!!str timing.si.glitches} title {!!str Glitches} group {!!str SI}}} {!!map {metric {!!str timing.si.noise} title {!!str Noise} group {!!str SI}}}}}}} {!!map {id {!!str timing_double_clocking} type {!!str section} title {!!str {Double Clocking}} hidden {!!true 1} children {!!seq {{!!map {id {!!str timing_double_clocking_t} type {!!str table} per_snapshot {!!false 0} key {!!map {View {!!str timing.si.double_clocking.analysis_view:*}}} ar_metric {!!seq {{!!map {metric {!!str timing.si.double_clocking.frequency_violations.analysis_view:%} title {!!str {Frequency Violations}}}} {!!map {metric {!!str timing.si.double_clocking.report_file.analysis_view:%} title {!!str {Report File}}}}}}}}}}}} {!!map {id {!!str timing_min_pulse_width} type {!!str section} title {!!str {Min Pulse Width}} hidden {!!true 1} children {!!seq {{!!map {id {!!str timing_min_pulse_width_t} type {!!str table} per_snapshot {!!false 0} ar_metric {!!seq {{!!map {metric {!!str timing.setup.type} title {!!str Type}}} {!!map {metric {!!str timing.min_pulse_width.endpoints.wns} group {!!str Endpoints} title {!!str WNS}}} {!!map {metric {!!str timing.min_pulse_width.endpoints.tns} group {!!str Endpoints} title {!!str TNS}}} {!!map {metric {!!str timing.min_pulse_width.endpoints.feps} group {!!str Endpoints} title {!!str FEPS}}} {!!map {metric {!!str timing.min_pulse_width.clocktree.wns} group {!!str Clocktree} title {!!str WNS}}} {!!map {metric {!!str timing.min_pulse_width.clocktree.tns} group {!!str Clocktree} title {!!str TNS}}} {!!map {metric {!!str timing.min_pulse_width.clocktree.feps} group {!!str Clocktree} title {!!str FEPS}}}}}}} {!!map {id {!!str timing_min_pulse_width_breakdown_t} type {!!str table} per_snapshot {!!false 0} key {!!map {View {!!str timing.min_pulse_width.endpoints.wns.analysis_view:*} Clock {!!str timing.min_pulse_width.endpoints.wns.analysis_view:%.clock:*}}} ar_metric {!!seq {{!!map {metric {!!str timing.min_pulse_width.endpoints.wns.analysis_view:%.clock:%} group {!!str Endpoints} title {!!str WNS}}} {!!map {metric {!!str timing.min_pulse_width.endpoints.tns.analysis_view:%.clock:%} group {!!str Endpoints} title {!!str TNS}}} {!!map {metric {!!str timing.min_pulse_width.endpoints.feps.analysis_view:%.clock:%} group {!!str Endpoints} title {!!str FEPS}}} {!!map {metric {!!str timing.min_pulse_width.clocktree.wns.analysis_view:%.clock:%} group {!!str Clocktree} title {!!str WNS}}} {!!map {metric {!!str timing.min_pulse_width.clocktree.tns.analysis_view:%.clock:%} group {!!str Clocktree} title {!!str TNS}}} {!!map {metric {!!str timing.min_pulse_width.clocktree.feps.analysis_view:%.clock:%} group {!!str Clocktree} title {!!str FEPS}}}}}}}}}}}}}}} {!!map {id {!!str timing_cpu} type {!!str section} title {!!str Runtime} children {!!seq {{!!map {id {!!str timing_real_t} type {!!str graph} stacked {!!true 1} invert_axes {!!true 1} total_value_label {!!true 1} title {!!str {Real time}} ar_metric {!!seq {{!!map {metric {!!str flow.realtime} title {!!str Real} graph_type {!!str horizontalBar}}}}}}} {!!map {id {!!str timing_cpu_t} type {!!str graph} stacked {!!true 1} invert_axes {!!true 1} total_value_label {!!true 1} title {!!str {CPU Runtime}} ar_metric {!!seq {{!!map {metric {!!str flow.cputime} title {!!str CPU} graph_type {!!str horizontalBar}}}}}}}}}}}}}}} {!!map {title {!!str Clock} children {!!seq {{!!map {id {!!str clock_dashboard_filters} type {!!str section} title {!!str {Run/Snapshot Filters}} hidden {!!true 1} children {!!seq {{!!map {id {!!str clock_dashboard_filter} type {!!str run_snapshot_filter}}} {!!map {id {!!str clock_dashboard_snapshot_navigation} type {!!str snapshot_picker}}}}}}} {!!map {id {!!str clock_phys} type {!!str section} title {!!str Physical} children {!!seq {{!!map {id {!!str clock_phys_t} type {!!str table} per_snapshot {!!true 1} ar_metric {!!seq {{!!map {metric {!!str clock.instances.total} title {!!str #Total} group {!!str Instances}}} {!!map {metric {!!str clock.instances.buffer} title {!!str #Buffers} group {!!str Instances}}} {!!map {metric {!!str clock.instances.inverter} title {!!str #Inverters} group {!!str Instances}}} {!!map {metric {!!str clock.instances.clkgate} title {!!str {#Clock Gates}} group {!!str Instances}}} {!!map {metric {!!str clock.instances.nonicg} title {!!str {#Non Integrated}} group {!!str Instances}}} {!!map {metric {!!str clock.instances.logic} title {!!str #Logic} group {!!str Instances}}} {!!map {metric {!!str clock.area.total} title {!!str Total} group {!!str Area}}} {!!map {metric {!!str clock.area.buffer} title {!!str Buffers} group {!!str Area}}} {!!map {metric {!!str clock.area.inverter} title {!!str Inverters} group {!!str Area}}} {!!map {metric {!!str clock.area.clkgate} title {!!str {Clock Gates}} group {!!str Area}}} {!!map {metric {!!str clock.area.nonicg} title {!!str {Non Integrated}} group {!!str Area}}} {!!map {metric {!!str clock.area.logic} title {!!str Logic} group {!!str Area}}} {!!map {metric {!!str clock.nets.length.total} title {!!str {Tot Clk Net Length}} group {!!str Nets}}}}}}}}}}} {!!map {id {!!str clock_phys_cell_insts} type {!!str section} title {!!str {Per Cell Instances}} hidden {!!true 1} children {!!seq {{!!map {id {!!str clock_phys_cell_insts_t} type {!!str table} per_snapshot {!!true 1} ar_metric {!!seq {{!!map {metric {!!str clock.instances.total} title {!!str #Total}}} {!!map {metric {!!str clock.instances_distribution.buffer.base_cell:*} group {!!str #Buffers}}} {!!map {metric {!!str clock.instances_distribution.inverter.base_cell:*} group {!!str #Inverters}}} {!!map {metric {!!str clock.instances_distribution.clkgate.base_cell:*} group {!!str {#Clock Gates}}}} {!!map {metric {!!str clock.instances_distribution.nonicg.base_cell:*} group {!!str {#Non Integrated}}}} {!!map {metric {!!str clock.instances_distribution.logic.base_cell:*} group {!!str #Logic}}}}}}}}}}} {!!map {id {!!str clock_phys_cell_area} type {!!str section} title {!!str {Per Cell Area}} hidden {!!true 1} children {!!seq {{!!map {id {!!str clock_phys_cell_area_t} type {!!str table} per_snapshot {!!true 1} ar_metric {!!seq {{!!map {metric {!!str clock.area.total} title {!!str Total}}} {!!map {metric {!!str clock.area_distribution.buffer.base_cell:*} group {!!str Buffers}}} {!!map {metric {!!str clock.area_distribution.inverter.base_cell:*} group {!!str Inverters}}} {!!map {metric {!!str clock.area_distribution.clkgate.base_cell:*} group {!!str {Clock Gates}}}} {!!map {metric {!!str clock.area_distribution.nonicg.base_cell:*} group {!!str {Non Integrated}}}} {!!map {metric {!!str clock.area_distribution.logic.base_cell:*} group {!!str Logic}}}}}}}}}}} {!!map {id {!!str clock_phys_creator} type {!!str section} title {!!str {Cell Creators}} hidden {!!true 1} children {!!seq {{!!map {id {!!str clock_phys_creator_t} type {!!str table} per_snapshot {!!true 1} ar_metric {!!seq {{!!map {metric {!!str clock.instances.buffer.creator.*} group {!!str Buffers}}} {!!map {metric {!!str clock.instances.inverter.creator.*} group {!!str Inverters}}}}}}}}}}} {!!map {id {!!str clock_phys_nets} type {!!str section} title {!!str Nets} hidden {!!true 1} children {!!seq {{!!map {id {!!str clock_phys_nets_t} type {!!str table} per_snapshot {!!true 1} ar_metric {!!seq {{!!map {metric {!!str clock.nets.length.total} title {!!str Total} group {!!str Nets}}} {!!map {metric {!!str clock.nets.length.top} title {!!str Top} group {!!str Nets}}} {!!map {metric {!!str clock.nets.length.trunk} title {!!str Trunk} group {!!str Nets}}} {!!map {metric {!!str clock.nets.length.leaf} title {!!str Leaf} group {!!str Nets}}}}}}}}}}} {!!map {id {!!str clock_phys_cap} type {!!str section} title {!!str Physical} children {!!seq {{!!map {id {!!str clock_phys_cap_t} type {!!str table} per_snapshot {!!true 1} ar_metric {!!seq {{!!map {metric {!!str clock.capacitance.wire.top} title {!!str Top} group {!!str Wire}}} {!!map {metric {!!str clock.capacitance.wire.trunk} title {!!str Trunk} group {!!str Wire}}} {!!map {metric {!!str clock.capacitance.wire.leaf} title {!!str Leaf} group {!!str Wire}}} {!!map {metric {!!str clock.capacitance.gate.top} title {!!str Top} group {!!str Gate}}} {!!map {metric {!!str clock.capacitance.gate.trunk} title {!!str Trunk} group {!!str Gate}}} {!!map {metric {!!str clock.capacitance.gate.leaf} title {!!str Leaf} group {!!str Gate}}} {!!map {metric {!!str clock.capacitance.total.top} title {!!str Top} group {!!str Total}}} {!!map {metric {!!str clock.capacitance.total.trunk} title {!!str Trunk} group {!!str Total}}} {!!map {metric {!!str clock.capacitance.total.leaf} title {!!str Leaf} group {!!str Total}}} {!!map {metric {!!str clock.capacitance.sink.*} group {!!str Sink}}}}}}}}}}} {!!map {id {!!str clock_phys_buffer_constraint} type {!!str section} title {!!str {Buffer Depth Constraints}} hidden {!!true 1} children {!!seq {{!!map {id {!!str clock_phys_buffer_constraint_t} type {!!str table} per_snapshot {!!true 1} ar_metric {!!seq {{!!map {metric {!!str clock.buffer_depth_constraint.skew_group:*.*}}}}}}}}}}} {!!map {id {!!str clock_phys_stage_constraint} type {!!str section} title {!!str {Stage Depth Constraints}} hidden {!!true 1} children {!!seq {{!!map {id {!!str clock_phys_stage_constraint_t} type {!!str table} per_snapshot {!!true 1} ar_metric {!!seq {{!!map {metric {!!str clock.stage_depth_constraint.*}}}}}}}}}}} {!!map {id {!!str clock_drv} type {!!str section} title {!!str DRV} children {!!seq {{!!map {id {!!str clock_drv_t} type {!!str table} per_snapshot {!!true 1} ar_metric {!!seq {{!!map {metric {!!str {clock.drv.nets.remaining transition.count}} title {!!str Count} group {!!str {Remaining Transition}}}} {!!map {metric {!!str {clock.drv.nets.remaining transition.max}} title {!!str Max} group {!!str {Remaining Transition}}}} {!!map {metric {!!str {clock.drv.nets.unfixable transition.count}} title {!!str Count} group {!!str {Unfixable Transition}}}} {!!map {metric {!!str {clock.drv.nets.unfixable transition.max}} title {!!str Max} group {!!str {Unfixable Transition}}}} {!!map {metric {!!str clock.drv.nets.capacitance.count} title {!!str Count} group {!!str Capacitance}}} {!!map {metric {!!str clock.drv.nets.capacitance.max} title {!!str Max} group {!!str Capacitance}}} {!!map {metric {!!str clock.drv.nets.resistance.count} title {!!str Count} group {!!str Resistance}}} {!!map {metric {!!str clock.drv.nets.resistance.max} title {!!str Max} group {!!str Resistance}}} {!!map {metric {!!str clock.drv.nets.length.count} title {!!str Count} group {!!str Length}}} {!!map {metric {!!str clock.drv.nets.length.max} title {!!str Max} group {!!str Length}}} {!!map {metric {!!str clock.drv.nets.fanout.count} title {!!str Count} group {!!str Fanout}}} {!!map {metric {!!str clock.drv.nets.fanout.max} title {!!str Max} group {!!str Fanout}}}}}}}}}}} {!!map {id {!!str clock_drv_detail} type {!!str section} title {!!str Detail} hidden {!!true 1} children {!!seq {{!!map {id {!!str clock_drv_detail_t} type {!!str table} per_snapshot {!!true 1} ar_metric {!!seq {{!!map {metric {!!str {clock.drv.nets.remaining transition.*}} group {!!str {Remaining Transition}}}} {!!map {metric {!!str {clock.drv.nets.unfixable transition.*}} group {!!str {Unfixable Transition}}}} {!!map {metric {!!str clock.drv.nets.capacitance.*} group {!!str Capacitance}}} {!!map {metric {!!str clock.drv.nets.resistance.*} group {!!str Resistance}}} {!!map {metric {!!str clock.drv.nets.length.*} group {!!str Length}}} {!!map {metric {!!str clock.drv.nets.fanout.*} group {!!str Fanout}}}}}}}}}}} {!!map {id {!!str clock_drv_halo} type {!!str section} title {!!str {Clock Halo}} hidden {!!true 1} children {!!seq {{!!map {id {!!str clock_drv_halo_t} type {!!str table} key {!!map {{Clock Tree} {!!str clock.halo.clock_tree:*.count}}} ar_metric {!!seq {{!!map {metric {!!str clock.halo.clock_tree:%.count} group {!!str Count}}} {!!map {metric {!!str clock.halo.clock_tree:%.violations} group {!!str Violations}}}}}}}}}}} {!!map {id {!!str clock_drv_tran_tar} type {!!str section} title {!!str Transition} children {!!seq {{!!map {id {!!str clock_drv_tran_tar_t} type {!!str table} ar_metric {!!seq {{!!map {metric {!!str clock.transition.target.primary_half_corner.top.*} group {!!str {Top Transition Target Stats}}}} {!!map {metric {!!str clock.transition.target.primary_half_corner.trunk.*} group {!!str {Trunk Transition Target Stats}}}} {!!map {metric {!!str clock.transition.target.primary_half_corner.leaf.*} group {!!str {Leaf Transition Target Stats}}}}}}}}}}}} {!!map {id {!!str clock_drv_tran_tar_early} type {!!str section} title {!!str {Per corner/clock tree transition Target (early)}} hidden {!!true 1} children {!!seq {{!!map {id {!!str clock_drv_tran_tar_early_t} type {!!str table} key {!!map {{Corner | Clock Tree} {!!str clock.transition.target.delay_corner:*.early.top.clock_tree:*}}} ar_metric {!!seq {{!!map {metric {!!str clock.transition.auto_target.delay_corner:%.early.clock_tree:%} group {!!str {Auto Target}}}} {!!map {metric {!!str clock.transition.target.delay_corner:%.early.top.clock_tree:%} group {!!str Top}}} {!!map {metric {!!str clock.transition.target.delay_corner:%.early.trunk.clock_tree:%} group {!!str Trunk}}} {!!map {metric {!!str clock.transition.target.delay_corner:%.early.leaf.clock_tree:%} group {!!str Leaf}}}}}}}}}}} {!!map {id {!!str clock_drv_tran_tar_late} type {!!str section} title {!!str {Per corner/clock tree transition Target (late)}} hidden {!!true 1} children {!!seq {{!!map {id {!!str clock_drv_tran_tar_late_t} type {!!str table} key {!!map {{Corner | Clock Tree} {!!str clock.transition.target.delay_corner:*.late.top.clock_tree:*}}} ar_metric {!!seq {{!!map {metric {!!str clock.transition.auto_target.delay_corner:%.late.clock_tree:%} group {!!str {Auto Target}}}} {!!map {metric {!!str clock.transition.target.delay_corner:%.late.top.clock_tree:%} group {!!str Top}}} {!!map {metric {!!str clock.transition.target.delay_corner:%.late.trunk.clock_tree:%} group {!!str Trunk}}} {!!map {metric {!!str clock.transition.target.delay_corner:%.late.leaf.clock_tree:%} group {!!str Leaf}}}}}}}}}}} {!!map {id {!!str clock_drv_tran_top} type {!!str section} title {!!str {Top Transition Distribution}} hidden {!!true 1} children {!!seq {{!!map {id {!!str clock_drv_tran_top_t} type {!!str table} per_snapshot {!!true 1} key {!!map {Target {!!str clock.transition.primary_half_corner.top.*.max}}} ar_metric {!!seq {{!!map {metric {!!str clock.transition.primary_half_corner.top.%.*}}}}}}}}}}} {!!map {id {!!str clock_drv_tran_trunk} type {!!str section} title {!!str {Trunk Transition Distribution}} hidden {!!true 1} children {!!seq {{!!map {id {!!str clock_drv_tran_trunk_t} type {!!str table} per_snapshot {!!true 1} key {!!map {Target {!!str clock.transition.primary_half_corner.trunk.*.max}}} ar_metric {!!seq {{!!map {metric {!!str clock.transition.primary_half_corner.trunk.%.*}}}}}}}}}}} {!!map {id {!!str clock_drv_tran_leaf} type {!!str section} title {!!str {Leaf Transition Distribution}} hidden {!!true 1} children {!!seq {{!!map {id {!!str clock_drv_tran_leaf_t} type {!!str table} per_snapshot {!!true 1} key {!!map {Target {!!str clock.transition.primary_half_corner.leaf.*.max}}} ar_metric {!!seq {{!!map {metric {!!str clock.transition.primary_half_corner.leaf.%.*}}}}}}}}}}} {!!map {id {!!str clock_skew} type {!!str section} title {!!str Latency/Skew} children {!!seq {{!!map {id {!!str clock_skew_t} type {!!str table} per_snapshot {!!true 1} ar_metric {!!seq {{!!map {metric {!!str clock.latency.primary_reporting_skew_group.primary_half_corner.*} group {!!str Latency}}} {!!map {metric {!!str clock.skew.primary_reporting_skew_group.primary_half_corner.*} group {!!str Skew}}} {!!map {metric {!!str clock.skew.primary_reporting_skew_group.primary_half_corner.skew_band.*} group {!!str {Skew Band}}}}}}}}}}}} {!!map {id {!!str clock_skew_early_detail} type {!!str section} title {!!str {Per group/corner (early)}} hidden {!!true 1} children {!!seq {{!!map {id {!!str clock_skew_early_detail_t} type {!!str table} per_snapshot {!!true 1} key {!!map {{Skew Group | Corner} {!!str clock.skew.skew_group:*.delay_corner:*.early.total}}} ar_metric {!!seq {{!!map {metric {!!str clock.latency.skew_group:%.delay_corner:%.early.*} group {!!str Latency}}} {!!map {metric {!!str clock.skew.skew_group:%.delay_corner:%.early.total} title {!!str Total}}} {!!map {metric {!!str clock.skew.skew_group:%.delay_corner:%.early.gate} title {!!str Gate}}} {!!map {metric {!!str clock.skew.skew_group:%.delay_corner:%.early.wire} title {!!str Wire}}} {!!map {metric {!!str clock.skew.skew_group:%.delay_corner:%.early.target} title {!!str Target}}} {!!map {metric {!!str clock.skew.skew_group:%.delay_corner:%.early.target_met} title {!!str {Target Met}}}} {!!map {metric {!!str clock.skew.skew_group:%.delay_corner:%.early.skew_band.*} group {!!str {Skew band}}}}}}}}}}}} {!!map {id {!!str clock_skew_late_detail} type {!!str section} title {!!str {Per group/corner (late)}} hidden {!!true 1} children {!!seq {{!!map {id {!!str clock_skew_late_detail_t} type {!!str table} per_snapshot {!!true 1} key {!!map {{Skew Group | Corner} {!!str clock.skew.skew_group:*.delay_corner:*.late.total}}} ar_metric {!!seq {{!!map {metric {!!str clock.latency.skew_group:%.delay_corner:%.late.*} group {!!str Latency}}} {!!map {metric {!!str clock.skew.skew_group:%.delay_corner:%.late.total} title {!!str Total} group {!!str Skew}}} {!!map {metric {!!str clock.skew.skew_group:%.delay_corner:%.late.gate} title {!!str Gate} group {!!str Skew}}} {!!map {metric {!!str clock.skew.skew_group:%.delay_corner:%.late.wire} title {!!str Wire} group {!!str Skew}}} {!!map {metric {!!str clock.skew.skew_group:%.delay_corner:%.late.target} title {!!str Target} group {!!str Skew}}} {!!map {metric {!!str clock.skew.skew_group:%.delay_corner:%.late.target_met} title {!!str {Target Met}} group {!!str Skew}}} {!!map {metric {!!str clock.skew.skew_group:%.delay_corner:%.late.skew_band.*} group {!!str {Skew band}}}}}}}}}}}} {!!map {id {!!str cts_cpu} type {!!str section} title {!!str Runtime} children {!!seq {{!!map {id {!!str cts_real_t} type {!!str graph} stacked {!!true 1} invert_axes {!!true 1} total_value_label {!!true 1} title {!!str {Real time}} ar_metric {!!seq {{!!map {metric {!!str flow.realtime} title {!!str Real} graph_type {!!str horizontalBar}}}}}}} {!!map {id {!!str cts_cpu_t} type {!!str graph} stacked {!!true 1} invert_axes {!!true 1} total_value_label {!!true 1} title {!!str {CPU Runtime}} ar_metric {!!seq {{!!map {metric {!!str flow.cputime} title {!!str CPU} graph_type {!!str horizontalBar}}}}}}}}}}}}}}} {!!map {title {!!str Design} children {!!seq {{!!map {id {!!str design_dashboard_filters} type {!!str section} title {!!str {Run/Snapshot Filters}} hidden {!!true 1} children {!!seq {{!!map {id {!!str design_dashboard_filter} type {!!str run_snapshot_filter}}} {!!map {id {!!str design_dashboard_snapshot_navigation} type {!!str snapshot_picker}}}}}}} {!!map {id {!!str physical_physical} type {!!str section} title {!!str Physical} children {!!seq {{!!map {id {!!str physical_physical_t} type {!!str table} per_snapshot {!!true 1} ar_metric {!!seq {{!!map {metric {!!str design.density} title {!!str Density}}} {!!map {metric {!!str design.instances.logical} title {!!str {Logical instances}}}} {!!map {metric {!!str design.area.logical} title {!!str {Logical area}}}} {!!map {metric {!!str design.instances} title {!!str {Total instances}}}} {!!map {metric {!!str design.area} title {!!str {Total area}}}} {!!map {metric {!!str design.blockages.place.area} title {!!str {Blocked area}}}}}}}}}}}} {!!map {id {!!str physical_physical_insts} type {!!str section} title {!!str {Instances Detail}} hidden {!!true 1} children {!!seq {{!!map {id {!!str physical_physical_insts_t} type {!!str table} per_snapshot {!!true 1} ar_metric {!!seq {{!!map {metric {!!str design.instances.register} title {!!str register} group {!!str {Standard Cell}}}} {!!map {metric {!!str design.instances.icg} title {!!str icg} group {!!str {Standard Cell}}}} {!!map {metric {!!str design.instances.latch} title {!!str latch} group {!!str {Standard Cell}}}} {!!map {metric {!!str design.instances.buffer} title {!!str buffer} group {!!str {Standard Cell}}}} {!!map {metric {!!str design.instances.inverter} title {!!str inverter} group {!!str {Standard Cell}}}} {!!map {metric {!!str design.instances.combinatorial} title {!!str combo} group {!!str {Standard Cell}}}} {!!map {metric {!!str design.instances.std_cell} title {!!str total} group {!!str {Total (SC)}}}} {!!map {metric {!!str design.instances.macro} title {!!str macro} group {!!str Other}}} {!!map {metric {!!str design.instances.physical} title {!!str physical} group {!!str Other}}} {!!map {metric {!!str design.instances.io} title {!!str io} group {!!str Other}}} {!!map {metric {!!str design.instances.blackbox} title {!!str blackbox} group {!!str Other}}} {!!map {metric {!!str design.instances.power_switch} title {!!str power_switch} group {!!str MSV}}} {!!map {metric {!!str design.instances.isolation} title {!!str isolation} group {!!str MSV}}} {!!map {metric {!!str design.instances.level_shifter} title {!!str level_shifter} group {!!str MSV}}} {!!map {metric {!!str design.instances.always_on} title {!!str always_on} group {!!str MSV}}} {!!map {metric {!!str design.instances} title {!!str total} group {!!str Total}}}}}}}}}}} {!!map {id {!!str physical_physical_area} type {!!str section} title {!!str {Area Detail}} hidden {!!true 1} children {!!seq {{!!map {id {!!str physical_physical_area_t} type {!!str table} per_snapshot {!!true 1} ar_metric {!!seq {{!!map {metric {!!str design.area.register} title {!!str register} group {!!str {Standard Cell}}}} {!!map {metric {!!str design.area.icg} title {!!str icg} group {!!str {Standard Cell}}}} {!!map {metric {!!str design.area.latch} title {!!str latch} group {!!str {Standard Cell}}}} {!!map {metric {!!str design.area.buffer} title {!!str buffer} group {!!str {Standard Cell}}}} {!!map {metric {!!str design.area.inverter} title {!!str inverter} group {!!str {Standard Cell}}}} {!!map {metric {!!str design.area.combinatorial} title {!!str combo} group {!!str {Standard Cell}}}} {!!map {metric {!!str design.area.std_cell} title {!!str total} group {!!str {Total (SC)}}}} {!!map {metric {!!str design.area.macro} title {!!str macro} group {!!str Other}}} {!!map {metric {!!str design.area.physical} title {!!str physical} group {!!str Other}}} {!!map {metric {!!str design.area.io} title {!!str io} group {!!str Other}}} {!!map {metric {!!str design.area.blackbox} title {!!str blackbox} group {!!str Other}}} {!!map {metric {!!str design.area.power_switch} title {!!str power_switch} group {!!str MSV}}} {!!map {metric {!!str design.area.isolation} title {!!str isolation} group {!!str MSV}}} {!!map {metric {!!str design.area.level_shifter} title {!!str level_shifter} group {!!str MSV}}} {!!map {metric {!!str design.area.always_on} title {!!str always_on} group {!!str MSV}}} {!!map {metric {!!str design.area} title {!!str total} group {!!str Total}}}}}}}}}}} {!!map {id {!!str physical_physical_multibit} type {!!str section} title {!!str {Multibit Detail}} hidden {!!true 1} children {!!seq {{!!map {id {!!str physical_physical_multibit_t} type {!!str table} per_snapshot {!!true 1} ar_metric {!!seq {{!!map {metric {!!str design.multibit.*}}}}}}}}}}} {!!map {id {!!str physical_physical_dp} type {!!str section} title {!!str {Data Path Report}} hidden {!!true 1} children {!!seq {{!!map {id {!!str physical_per_dp_t} type {!!str table} ar_metric {!!seq {{!!map {metric {!!str design.datapath.area.type:datapath_modules} group {!!str {Datapath Modules}} title {!!str Area}}} {!!map {metric {!!str design.datapath.ratio.type:datapath_modules} group {!!str {Datapath Modules}} title {!!str Ratio}}} {!!map {metric {!!str design.datapath.area.type:external_muxes} group {!!str {External Muxes}} title {!!str Area}}} {!!map {metric {!!str design.datapath.ratio.type:external_muxes} group {!!str {External Muxes}} title {!!str Ratio}}} {!!map {metric {!!str design.datapath.area.type:others} group {!!str Others} title {!!str Area}}} {!!map {metric {!!str design.datapath.ratio.type:others} group {!!str Others} title {!!str Ratio}}} {!!map {metric {!!str design.datapath.area.type:total} group {!!str Total} title {!!str Area}}} {!!map {metric {!!str design.datapath.ratio.type:total} group {!!str Total} title {!!str Ratio}}}}}}}}}}} {!!map {id {!!str physical_physical_vth} type {!!str section} title {!!str {Vth Detail}} hidden {!!true 1} children {!!seq {{!!map {id {!!str physical_per_vth_t} type {!!str table} per_snapshot {!!true 1} key {!!map {Group {!!str design.instances.vth:*}}} ar_metric {!!seq {{!!map {metric {!!str design.instances.vth:%} group {!!str Instances} title {!!str Total}}} {!!map {metric {!!str design.instances.vth:%.ratio} group {!!str Instances} title {!!str Ratio}}} {!!map {metric {!!str design.area.vth:%} group {!!str Area} title {!!str Total}}} {!!map {metric {!!str design.area.vth:%.ratio} group {!!str Area} title {!!str Ratio}}}}}}} {!!map {id {!!str physical_per_vth_detail_t} type {!!str table} per_snapshot {!!true 1} key {!!map {Group {!!str design.instances.vth:*}}} ar_metric {!!seq {{!!map {metric {!!str design.instances.register.vth:%} group {!!str Register} title {!!str Total}}} {!!map {metric {!!str design.instances.ratio.register.vth:%} group {!!str Register} title {!!str Ratio}}} {!!map {metric {!!str design.instances.icg.vth:%} group {!!str ICG} title {!!str Total}}} {!!map {metric {!!str design.instances.ratio.icg.vth:%} group {!!str ICG} title {!!str Ratio}}} {!!map {metric {!!str design.instances.latch.vth:%} group {!!str Latch} title {!!str Total}}} {!!map {metric {!!str design.instances.ratio.latch.vth:%} group {!!str Latch} title {!!str Ratio}}} {!!map {metric {!!str design.instances.buffer.vth:%} group {!!str Buffer} title {!!str Total}}} {!!map {metric {!!str design.instances.ratio.buffer.vth:%} group {!!str Buffer} title {!!str Ratio}}} {!!map {metric {!!str design.instances.inverter.vth:%} group {!!str Inverter} title {!!str Total}}} {!!map {metric {!!str design.instances.ratio.inverter.vth:%} group {!!str Inverter} title {!!str Ratio}}} {!!map {metric {!!str design.instances.combinatorial.vth:%} group {!!str Combinational} title {!!str Total}}} {!!map {metric {!!str design.instances.ratio.combinatorial.vth:%} group {!!str Combinational} title {!!str Ratio}}}}}}} {!!map {id {!!str physical_physical_vth_per_pd} type {!!str section} title {!!str {Vth Detail Per Power Domain}} hidden {!!true 1} children {!!seq {{!!map {id {!!str physical_per_vth_per_pd_t} type {!!str table} per_snapshot {!!true 1} key {!!map {Domain {!!str design.instances.power_domain:*} Group {!!str design.instances.vth:*}}} ar_metric {!!seq {{!!map {metric {!!str design.instances.power_domain:%.vth:%} group {!!str Instances} title {!!str Total}}} {!!map {metric {!!str design.instances.power_domain:%.vth:%.ratio} group {!!str Instances} title {!!str Ratio}}} {!!map {metric {!!str design.area.power_domain:%.vth:%} group {!!str Area} title {!!str Total}}} {!!map {metric {!!str design.area.power_domain:%.vth:%.ratio} group {!!str Area} title {!!str Ratio}}}}}}} {!!map {id {!!str physical_per_vth_pre_pd_detail_t} type {!!str table} per_snapshot {!!true 1} key {!!map {Domain {!!str design.instances.power_domain:*} Group {!!str design.instances.vth:*}}} ar_metric {!!seq {{!!map {metric {!!str design.instances.register.power_domain:%.vth:%} group {!!str Register} title {!!str Total}}} {!!map {metric {!!str design.instances.ratio.register.power_domain:%.vth:%} group {!!str Register} title {!!str Ratio}}} {!!map {metric {!!str design.instances.icg.power_domain:%.vth:%} group {!!str ICG} title {!!str Total}}} {!!map {metric {!!str design.instances.ratio.icg.power_domain:%.vth:%} group {!!str ICG} title {!!str Ratio}}} {!!map {metric {!!str design.instances.latch.power_domain:%.vth:%} group {!!str Latch} title {!!str Total}}} {!!map {metric {!!str design.instances.ratio.latch.power_domain:%.vth:%} group {!!str Latch} title {!!str Ratio}}} {!!map {metric {!!str design.instances.buffer.power_domain:%.vth:%} group {!!str Buffer} title {!!str Total}}} {!!map {metric {!!str design.instances.ratio.buffer.power_domain:%.vth:%} group {!!str Buffer} title {!!str Ratio}}} {!!map {metric {!!str design.instances.inverter.power_domain:%.vth:%} group {!!str Inverter} title {!!str Total}}} {!!map {metric {!!str design.instances.ratio.inverter.power_domain:%.vth:%} group {!!str Inverter} title {!!str Ratio}}} {!!map {metric {!!str design.instances.combinatorial.power_domain:%.vth:%} group {!!str Combinational} title {!!str Total}}} {!!map {metric {!!str design.instances.ratio.combinatorial.power_domain:%.vth:%} group {!!str Combinational} title {!!str Ratio}}}}}}}}}}}}}}} {!!map {id {!!str physical_physical_lf} type {!!str section} title {!!str {Instances by Function}} hidden {!!true 1} children {!!seq {{!!map {id {!!str physical_per_lf_t} type {!!str table} per_snapshot {!!true 1} ar_metric {!!seq {{!!map {metric {!!str design.instances.function:*}}}}}}}}}}} {!!map {id {!!str physical_physical_ds} type {!!str section} title {!!str {Instances by Size}} hidden {!!true 1} children {!!seq {{!!map {id {!!str physical_per_ds_t} type {!!str table} per_snapshot {!!true 1} ar_metric {!!seq {{!!map {metric {!!str design.instances.strength:*}}}}}}}}}}} {!!map {id {!!str physical_physical_hinst} type {!!str section} title {!!str Per-Block} hidden {!!true 1} children {!!seq {{!!map {id {!!str physical_per_hinst_t} type {!!str table} key {!!map {Block {!!str design.instances.hinst:*}}} ar_metric {!!seq {{!!map {metric {!!str design.instances.hinst:%} title {!!str Instances}}} {!!map {metric {!!str design.area.hinst:%} title {!!str Area}}}}}}}}}}} {!!map {id {!!str physical_check_place} type {!!str section} title {!!str {Check Place}} children {!!seq {{!!map {id {!!str physical_check_place_t} type {!!str table} flip_axis {!!true 1} per_snapshot {!!true 1} ar_metric {!!seq {{!!map {metric {!!str check.place.*}}}}}}}}}}} {!!map {id {!!str physical_cpu} type {!!str section} title {!!str Runtime} children {!!seq {{!!map {id {!!str physical_real_t} type {!!str graph} stacked {!!true 1} invert_axes {!!true 1} total_value_label {!!true 1} title {!!str {Real time}} ar_metric {!!seq {{!!map {metric {!!str flow.realtime} title {!!str Real} graph_type {!!str horizontalBar}}}}}}} {!!map {id {!!str physical_cpu_t} type {!!str graph} stacked {!!true 1} invert_axes {!!true 1} total_value_label {!!true 1} title {!!str {CPU Runtime}} ar_metric {!!seq {{!!map {metric {!!str flow.cputime} title {!!str CPU} graph_type {!!str horizontalBar}}}}}}}}}}}}}}} {!!map {title {!!str Power} children {!!seq {{!!map {id {!!str power_image} type {!!str image_plot} initial_visible_count {!!int 1} ar_metric {!!seq {{!!map {metric {!!str design.floorplan.image}}} {!!map {metric {!!str design.macro.image}}} {!!map {metric {!!str power.domains.image}}} {!!map {metric {!!str power.intent.image}}}}}}} {!!map {id {!!str power_dashboard_filters} type {!!str section} title {!!str {Run/Snapshot Filters}} hidden {!!true 1} children {!!seq {{!!map {id {!!str power_dashboard_filter} type {!!str run_snapshot_filter}}} {!!map {id {!!str power_dashboard_snapshot_navigation} type {!!str snapshot_picker}}}}}}} {!!map {id {!!str power_power} type {!!str section} title {!!str Power} children {!!seq {{!!map {id {!!str power_power_t} type {!!str table} per_snapshot {!!true 1} ar_metric {!!seq {{!!map {metric {!!str power} title {!!str Total} group {!!str {Whole Design}}}} {!!map {metric {!!str power.leakage} title {!!str Leakage} group {!!str {Whole Design}}}} {!!map {metric {!!str power.internal} title {!!str Internal} group {!!str {Whole Design}}}} {!!map {metric {!!str power.switching} title {!!str Switching} group {!!str {Whole Design}}}} {!!map {metric {!!str power.clock} title {!!str {Total Clock Power}}}}}}}}}}}} {!!map {id {!!str power_leakage} type {!!str section} title {!!str {Leakage Details}} hidden {!!true 1} children {!!seq {{!!map {id {!!str power_leakage_t} type {!!str table} per_snapshot {!!true 1} ar_metric {!!seq {{!!map {metric {!!str power.leakage.type:*} group {!!str {Leakage Power Breakdown}}}}}}}}}}}} {!!map {id {!!str power_internal} type {!!str section} title {!!str {Internal Details}} hidden {!!true 1} children {!!seq {{!!map {id {!!str power_internal_t} type {!!str table} per_snapshot {!!true 1} ar_metric {!!seq {{!!map {metric {!!str power.internal.type:*} group {!!str {Internal Power Breakdown}}}}}}}}}}}} {!!map {id {!!str power_switching} type {!!str section} title {!!str {Switching Details}} hidden {!!true 1} children {!!seq {{!!map {id {!!str power_switching_t} type {!!str table} per_snapshot {!!true 1} ar_metric {!!seq {{!!map {metric {!!str power.switching.type:*} group {!!str {Switching Power Breakdown}}}}}}}}}}}} {!!map {id {!!str power_clock_gating} type {!!str section} title {!!str {Clock Gating Details}} hidden {!!true 1} children {!!seq {{!!map {id {!!str power_clock_gating_t} type {!!str table} per_snapshot {!!false 0} ar_metric {!!seq {{!!map {metric {!!str power.cg.clock_gates} group {!!str {Clock Gates}} title {!!str Total}}} {!!map {metric {!!str power.cg.clock_gates.genus} group {!!str {Clock Gates}} title {!!str Genus}}} {!!map {metric {!!str power.cg.clock_gates.user} group {!!str {Clock Gates}} title {!!str User}}} {!!map {metric {!!str power.cg.gated_flops} group {!!str {Gated Flops}} title {!!str Total}}} {!!map {metric {!!str power.cg.gated_flops.pct} group {!!str {Gated Flops}} title {!!str Percent}}} {!!map {metric {!!str power.cg.gated_flops.genus} group {!!str {Gated Flops}} title {!!str Genus}}} {!!map {metric {!!str power.cg.gated_flops.user} group {!!str {Gated Flops}} title {!!str User}}} {!!map {metric {!!str power.cg.gated_bits} group {!!str {Gated Bits}} title {!!str Total}}} {!!map {metric {!!str power.cg.gated_bits.pct} group {!!str {Gated Bits}} title {!!str Percent}}} {!!map {metric {!!str power.cg.gated_bits.genus} group {!!str {Gated Bits}} title {!!str Genus}}} {!!map {metric {!!str power.cg.gated_bits.user} group {!!str {Gated Bits}} title {!!str User}}} {!!map {metric {!!str power.cg.ungated_flops} group {!!str {Ungated Flops}} title {!!str Total}}} {!!map {metric {!!str power.cg.ungated_flops.pct} group {!!str {Ungated Flops}} title {!!str Percent}}} {!!map {metric {!!str power.cg.ungated_bits} group {!!str {Ungated Bits}} title {!!str Total}}} {!!map {metric {!!str power.cg.ungated_bits.pct} group {!!str {Ungated Bits}} title {!!str Percent}}}}}}} {!!map {id {!!str power_clock_gating_histograms_t} type {!!str table} per_snapshot {!!false 0} ar_metric {!!seq {{!!map {metric {!!str power.cg.fanout.clock_gates.hst} title {!!str {Clock Gates}} group {!!str {Fanout Distribution}}}} {!!map {metric {!!str power.cg.fanout.flops.hst} title {!!str {Gated Flops}} group {!!str {Fanout Distribution}}}} {!!map {metric {!!str power.cg.fanout.bits.hst} title {!!str {Gated Bits}} group {!!str {Fanout Distribution}}}}}}}}}}}} {!!map {id {!!str power_per_block} type {!!str section} title {!!str {Per Block}} hidden {!!true 1} children {!!seq {{!!map {id {!!str power_per_block_t} type {!!str table} key {!!map {Block {!!str power.hinst:*}}} ar_metric {!!seq {{!!map {metric {!!str power.hinst:%} title {!!str Total}}} {!!map {metric {!!str power.switching.hinst:%} title {!!str Switching}}} {!!map {metric {!!str power.leakage.hinst:%} title {!!str Leakage}}} {!!map {metric {!!str power.internal.hinst:%} title {!!str Internal}}}}}}}}}}} {!!map {id {!!str emir_emir} type {!!str section} title {!!str {Rail Analysis}} hidden {!!true 1} children {!!seq {{!!map {id {!!str emir_t} type {!!str table} key {!!map {Net {!!str rail.referencevoltage.net:*}}} ar_metric {!!seq {{!!map {metric {!!str rail.thresholdvoltage.net:%} title {!!str T} group {!!str Voltage}}} {!!map {metric {!!str rail.referencevoltage.net:%} title {!!str R} group {!!str Voltage}}} {!!map {metric {!!str rail.gridcap.net:%} title {!!str Grid} group {!!str Cap}}} {!!map {metric {!!str rail.intrinsiccap.net:%} title {!!str Intrinsic} group {!!str Cap}}} {!!map {metric {!!str rail.loadingcap.net:%} title {!!str Loading} group {!!str Cap}}} {!!map {metric {!!str rail.totalcap.net:%} title {!!str Total} group {!!str Cap}}} {!!map {metric {!!str rail.averagedemandcurrent.net:%} title {!!str Avg} group {!!str TC_SUM}}} {!!map {metric {!!str rail.peakdemandcurrent.net:%} title {!!str Peak} group {!!str TC_SUM}}} {!!map {metric {!!str rail.averagesupplycurrent.net:%} title {!!str Avg} group {!!str VC_SUM}}} {!!map {metric {!!str rail.peaksupplycurrent.net:%} title {!!str Peak} group {!!str VC_SUM}}} {!!map {metric {!!str rail.rj.min.net:%} title {!!str Min} group {!!str RJ}}} {!!map {metric {!!str rail.rj.max.net:%} title {!!str Max} group {!!str RJ}}} {!!map {metric {!!str rail.rj.avg.net:%} title {!!str Avg} group {!!str RJ}}} {!!map {metric {!!str rail.rj.violations.net:%} title {!!str Viols} group {!!str RJ}}} {!!map {metric {!!str rail.ir.dynamic.min.net:%} title {!!str Min} group {!!str {Dynamic IR}}}} {!!map {metric {!!str rail.ir.dynamic.max.net:%} title {!!str Max} group {!!str {Dynamic IR}}}} {!!map {metric {!!str rail.ir.dynamic.avg.net:%} title {!!str Avg} group {!!str {Dynamic IR}}}} {!!map {metric {!!str rail.ir.dynamic.violations.net:%} title {!!str Viols} group {!!str {Dynamic IR}}}} {!!map {metric {!!str rail.ir.static.min.net:%} title {!!str Min} group {!!str {Static IR}}}} {!!map {metric {!!str rail.ir.static.max.net:%} title {!!str Max} group {!!str {Static IR}}}} {!!map {metric {!!str rail.ir.static.avg.net:%} title {!!str Avg} group {!!str {Static IR}}}} {!!map {metric {!!str rail.ir.static.violations.net:%} title {!!str Viols} group {!!str {Static IR}}}} {!!map {metric {!!str rail.worstircycle.net:%} title {!!str {Worst IR Cycle}} group {!!str Simulation}}} {!!map {metric {!!str rail.rushcurrent.net:%} title {!!str {Rush Current}} group {!!str Simulation}}} {!!map {metric {!!str rail.wakeuptime.net:%} title {!!str {Wake Up Time}} group {!!str Simulation}}} {!!map {metric {!!str rail.totalpowerswitchesturnedon.net:%} title {!!str {Power Switches On}} group {!!str Simulation}}}}}}} {!!map {id {!!str emir_iv_t} type {!!str table} key {!!map {{Domain | Net} {!!str rail.worstivreport.name:*.type:*}}} ar_metric {!!seq {{!!map {metric {!!str rail.worstivreport.name:%.type:%} title {!!str {IV Reports}}}}}}}} {!!map {id {!!str emir_em} type {!!str section} title {!!str {AC Limit}} children {!!seq {{!!map {id {!!str emir_em_t} type {!!str table} ar_metric {!!seq {{!!map {metric {!!str check.ac_limit.rms} title {!!str RMS} group {!!str {Total Nets}}}} {!!map {metric {!!str check.ac_limit.peak} title {!!str Peak} group {!!str {Total Nets}}}} {!!map {metric {!!str check.ac_limit.avg} title {!!str Avg} group {!!str {Total Nets}}}} {!!map {metric {!!str check.ac_limit.clocknet.rms} title {!!str RMS} group {!!str {Clock Nets}}}} {!!map {metric {!!str check.ac_limit.clocknet.peak} title {!!str Peak} group {!!str {Clock Nets}}}} {!!map {metric {!!str check.ac_limit.clocknet.avg} title {!!str Avg} group {!!str {Clock Nets}}}} {!!map {metric {!!str check.ac_limit.datanet.rms} title {!!str RMS} group {!!str {Data Nets}}}} {!!map {metric {!!str check.ac_limit.datanet.peak} title {!!str Peak} group {!!str {Data Nets}}}} {!!map {metric {!!str check.ac_limit.datanet.avg} title {!!str Avg} group {!!str {Data Nets}}}} {!!map {metric {!!str check.ac_limit.wiresegment.rms} title {!!str RMS} group {!!str {Wire Segments}}}} {!!map {metric {!!str check.ac_limit.wiresegment.peak} title {!!str Peak} group {!!str {Wire Segments}}}} {!!map {metric {!!str check.ac_limit.wiresegment.avg} title {!!str Avg} group {!!str {Wire Segments}}}}}}}}}}}} {!!map {id {!!str emir_frequency_violations} type {!!str section} title {!!str {Frequency Violations}} children {!!seq {{!!map {id {!!str emir_frequency_violations_t} type {!!str table} key {!!map {View {!!str frequency.violations.analysis_view:*}}} ar_metric {!!seq {{!!map {metric {!!str frequency.instances} title {!!str Instances} group {!!str Total}}} {!!map {metric {!!str frequency.violations.analysis_view:%} title {!!str Violations} group {!!str All}}} {!!map {metric {!!str frequency.violations.clock.analysis_view:%} title {!!str Violations} group {!!str Clock}}}}}}}}}}}}}}} {!!map {id {!!str power_cpu} type {!!str section} title {!!str Runtime} children {!!seq {{!!map {id {!!str power_real_t} type {!!str graph} stacked {!!true 1} invert_axes {!!true 1} total_value_label {!!true 1} title {!!str {Real time}} ar_metric {!!seq {{!!map {metric {!!str flow.realtime} title {!!str Real} graph_type {!!str horizontalBar}}}}}}} {!!map {id {!!str power_cpu_t} type {!!str graph} stacked {!!true 1} invert_axes {!!true 1} total_value_label {!!true 1} title {!!str {CPU Runtime}} ar_metric {!!seq {{!!map {metric {!!str flow.cputime} title {!!str CPU} graph_type {!!str horizontalBar}}}}}}}}}}}}}}} {!!map {title {!!str Test} children {!!seq {{!!map {id {!!str test_dashboard_filters} type {!!str section} title {!!str {Run/Snapshot Filters}} hidden {!!true 1} children {!!seq {{!!map {id {!!str test_dashboard_filter} type {!!str run_snapshot_filter}}}}}}} {!!map {id {!!str faults} type {!!str section} title {!!str Summmary} hidden {!!false 0} children {!!seq {{!!map {id {!!str test_design} type {!!str section} title {!!str {Design Statistics}} hidden {!!true 1} children {!!seq {{!!map {id {!!str test_design_t} type {!!str table} per_snapshot {!!true 1} ar_metric {!!seq {{!!map {metric {!!str design.instances} group {!!str Design} title {!!str Insts}}} {!!map {metric {!!str design.instances.register} group {!!str Design} title {!!str Flops}}} {!!map {metric {!!str design.ports.input} group {!!str Ports} title {!!str Input}}} {!!map {metric {!!str design.ports.output} group {!!str Ports} title {!!str Output}}} {!!map {metric {!!str design.ports.inout} group {!!str Ports} title {!!str Bidi}}}}}}}}}}} {!!map {id {!!str fault_coverage} type {!!str section} title {!!str {Fault Coverage Statistics}} hidden {!!true 1} children {!!seq {{!!map {id {!!str fault_coverage_t} type {!!str table} per_snapshot {!!true 1} key {!!map {Type {!!str atpg.stats:*.atcov}}} ar_metric {!!seq {{!!map {metric {!!str atpg.stats:%.atcov} title {!!str %ATCOV}}} {!!map {metric {!!str atpg.stats:%.total_faults} title {!!str {Total Faults}}}} {!!map {metric {!!str atpg.stats:%.untested_faults} title {!!str {Untested Faults}}}} {!!map {metric {!!str atpg.stats:%.tested_faults} title {!!str {Tested Faults}}}} {!!map {metric {!!str atpg.stats:%.tested_faults} title {!!str {Tested Faults}}}} {!!map {metric {!!str atpg.stats:%.possible_faults} title {!!str {Possible Faults}}}} {!!map {metric {!!str atpg.stats:%.redundant_faults} title {!!str {Redundant Faults}}}}}}}}}}}} {!!map {id {!!str fault_count} type {!!str section} title {!!str {Fault Count}} hidden {!!true 1} children {!!seq {{!!map {id {!!str ignored_faults_t} type {!!str table} flip_axis {!!true 1} per_snapshot {!!true 1} key {!!map {Type {!!str atpg.stats:*.ignored_faults}}} ar_metric {!!seq {{!!map {metric {!!str atpg.stats:%.ignored_faults} title {!!str {Ignored Fault Count}}}}}}}}}}}}}}}} {!!map {id {!!str testmode} type {!!str section} title {!!str Testmodes} hidden {!!false 0} children {!!seq {{!!map {id {!!str testmode_summary} type {!!str section} title {!!str {Testmode Summary}} hidden {!!true 1} children {!!seq {{!!map {id {!!str testmode_summary_t} type {!!str table} per_snapshot {!!true 1} key {!!map {Testmode {!!str tsv.testmode:*.is_opcg}}} ar_metric {!!seq {{!!map {metric {!!str tsv.testmode:%.compression_type} title {!!str {Compression (xor/misr)}}}} {!!map {metric {!!str tsv.testmode:%.is_decomp} title {!!str Decompression}}} {!!map {metric {!!str tsv.testmode:%.is_opcg} title {!!str {Is OPCG}}}} {!!map {metric {!!str tsv.testmode:%.masking_type} title {!!str {Masking Type}}}} {!!map {metric {!!str tsv.testmode:%.is_low_power_gating} title {!!str {Is Low Power Gating}}}} {!!map {metric {!!str tsv.testmode:%.is_lbist} title {!!str {Is Lbist}}}} {!!map {metric {!!str tsv.testmode:%.is_2d_elastic} title {!!str {Is 2D Elastic}}}}}}}}}}}} {!!map {id {!!str testmode_coverage} type {!!str section} title {!!str {Testmode Coverage}} hidden {!!true 1} children {!!seq {{!!map {id {!!str testmode_coverage_t} type {!!str table} per_snapshot {!!true 1} key {!!map {Testmode {!!str atpg.testmode:*.stats:*.atcov}}} ar_metric {!!seq {{!!map {metric {!!str atpg.testmode:%.stats:%.atcov} title {!!str ATCOV}}} {!!map {metric {!!str atpg.testmode:%.stats:%.total_faults} title {!!str #faults}}} {!!map {metric {!!str atpg.testmode:%.stats:%.untested_faults} title {!!str #untested}}} {!!map {metric {!!str atpg.testmode:%.stats:%.tested_faults} title {!!str #tested}}} {!!map {metric {!!str atpg.testmode:%.stats:%.possible_faults} title {!!str #possible}}} {!!map {metric {!!str atpg.testmode:%.stats:%.redundant_faults} title {!!str #redundant}}}}}}}}}}} {!!map {id {!!str global_coverage} type {!!str section} title {!!str {Global Coverage}} hidden {!!true 1} children {!!seq {{!!map {id {!!str testmode_global_coverage_t} type {!!str table} per_snapshot {!!true 1} key {!!map {Testmode {!!str atpg.testmode:*.stats:*.global_atcov}}} ar_metric {!!seq {{!!map {metric {!!str atpg.testmode:%.stats:%.global_atcov} title {!!str ATCOV}}} {!!map {metric {!!str atpg.testmode:%.stats:%.global_total_faults} title {!!str #faults}}} {!!map {metric {!!str atpg.testmode:%.stats:%.global_untested_faults} title {!!str #untested}}} {!!map {metric {!!str atpg.testmode:%.stats:%.global_tested_faults} title {!!str #tested}}} {!!map {metric {!!str atpg.testmode:%.stats:%.global_possible_faults} title {!!str #possible}}} {!!map {metric {!!str atpg.testmode:%.stats:%.global_redundant_faults} title {!!str #redundant}}}}}}}}}}} {!!map {id {!!str scan_chains} type {!!str section} title {!!str {Scan Chain Details}} hidden {!!true 1} children {!!seq {{!!map {id {!!str testmode_scan_chain_details_t} type {!!str table} per_snapshot {!!true 1} key {!!map {Testmode {!!str tsv.testmode:*.num_controllable_chains}}} ar_metric {!!seq {{!!map {metric {!!str tsv.testmode:%.num_controllable_chains} title {!!str {#control chains}}}} {!!map {metric {!!str tsv.testmode:%.num_observable_chains} title {!!str {#observe chains}}}} {!!map {metric {!!str tsv.testmode:%.num_controllable_and_observable_chains} title {!!str {#controllable and observe chains}}}} {!!map {metric {!!str tsv.testmode:%.longest_scan_chain} title {!!str {Longest Scan Chain}}}} {!!map {metric {!!str tsv.testmode:%.shortest_scan_chain} title {!!str {Shortest Scan Chain}}}}}}}}}}}} {!!map {id {!!str pattern_statistics} type {!!str section} title {!!str {Pattern Statistics}} hidden {!!true 1} children {!!seq {{!!map {id {!!str testmode_pattern_statistics_t} type {!!str table} per_snapshot {!!true 1} key {!!map {Testmode {!!str atpg.testmode:*.num_tests}}} ar_metric {!!seq {{!!map {metric {!!str atpg.testmode:%.num_scan_tests} title {!!str {#scan tests}}}} {!!map {metric {!!str atpg.testmode:%.num_scan_delay_tests} title {!!str {#scan delay tests}}}} {!!map {metric {!!str atpg.testmode:%.num_logic_tests} title {!!str {#logic tests}}}} {!!map {metric {!!str atpg.testmode:%.num_logic_delay_tests} title {!!str {#logic delay tests}}}} {!!map {metric {!!str atpg.testmode:%.num_iddq_tests} title {!!str {#iddq tests}}}} {!!map {metric {!!str atpg.testmode:%.num_tests} title {!!str #tests}}}}}}}}}}}}}}} {!!map {id {!!str experiments} type {!!str section} title {!!str Experiments} hidden {!!false 0} children {!!seq {{!!map {id {!!str experiments_global_statistics} type {!!str section} title {!!str {Global Statistics}} hidden {!!true 1} children {!!seq {{!!map {id {!!str global_statistics_t} type {!!str table} per_snapshot {!!true 1} key {!!map {Experiment {!!str atpg.testmode:*.experiment:*.stats:*.global_atcov}}} ar_metric {!!seq {{!!map {metric {!!str atpg.testmode:%.experiment:%.stats:%.global_tcov} title {!!str TCOV}}} {!!map {metric {!!str atpg.testmode:%.experiment:%.stats:%.global_atcov} title {!!str ATCOV}}} {!!map {metric {!!str atpg.testmode:%.experiment:%.stats:%.global_total_faults} title {!!str #faults}}} {!!map {metric {!!str atpg.testmode:%.experiment:%.stats:%.global_tested_faults} title {!!str #tested}}} {!!map {metric {!!str atpg.testmode:%.experiment:%.stats:%.global_untested_faults} title {!!str #untested}}} {!!map {metric {!!str atpg.testmode:%.experiment:%.stats:%.global_possible_faults} title {!!str #possible}}} {!!map {metric {!!str atpg.testmode:%.experiment:%.stats:%.global_redundant_faults} title {!!str #redundant}}}}}}}}}}} {!!map {id {!!str experiments_testmode_statistics} type {!!str section} title {!!str {Testmode Statistics}} hidden {!!true 1} children {!!seq {{!!map {id {!!str testmode_statistics_t} type {!!str table} per_snapshot {!!true 1} key {!!map {Experiment {!!str atpg.testmode:*.experiment:*.stats:*.atcov}}} ar_metric {!!seq {{!!map {metric {!!str atpg.testmode:%.experiment:%.stats:%.tcov} title {!!str TCOV}}} {!!map {metric {!!str atpg.testmode:%.experiment:%.stats:%.atcov} title {!!str ATCOV}}} {!!map {metric {!!str atpg.testmode:%.experiment:%.stats:%.faults} title {!!str #faults}}} {!!map {metric {!!str atpg.testmode:%.experiment:%.stats:%.tested_faults} title {!!str #tested}}} {!!map {metric {!!str atpg.testmode:%.experiment:%.stats:%.untested_faults} title {!!str #untested}}} {!!map {metric {!!str atpg.testmode:%.experiment:%.stats:%.possible_faults} title {!!str #possible}}} {!!map {metric {!!str atpg.testmode:%.experiment:%.stats:%.redundant_faults} title {!!str #redundant}}}}}}}}}}} {!!map {id {!!str experiments_pattern_statistics} type {!!str section} title {!!str {Final Pattern Statistics}} hidden {!!true 1} children {!!seq {{!!map {id {!!str final_patterns_t} type {!!str table} per_snapshot {!!true 1} key {!!map {Experiment {!!str atpg.testmode:*.experiment:*.num_tests}}} ar_metric {!!seq {{!!map {metric {!!str atpg.testmode:%.experiment:%.num_scan_tests} title {!!str {#scan tests}}}} {!!map {metric {!!str atpg.testmode:%.experiment:%.num_scan_delay_tests} title {!!str {#scan delay tests}}}} {!!map {metric {!!str atpg.testmode:%.experiment:%.num_logic_tests} title {!!str {#logic tests}}}} {!!map {metric {!!str atpg.testmode:%.experiment:%.num_logic_delay_tests} title {!!str {#logic delay tests}}}} {!!map {metric {!!str atpg.testmode:%.experiment:%.num_iddq_tests} title {!!str {#iddq tests}}}} {!!map {metric {!!str atpg.testmode:%.experiment:%.num_tests} title {!!str #tests}}}}}}}}}}}}}}}}}}} {!!map {title {!!str Route} children {!!seq {{!!map {id {!!str route_dashboard_filters} type {!!str section} title {!!str {Run/Snapshot Filters}} hidden {!!true 1} children {!!seq {{!!map {id {!!str route_dashboard_filter} type {!!str run_snapshot_filter}}} {!!map {id {!!str route_dashboard_snapshot_navigation} type {!!str snapshot_picker}}}}}}} {!!map {id {!!str route_route} type {!!str section} title {!!str Routing} children {!!seq {{!!map {id {!!str route_image} type {!!str image_plot} initial_visible_count {!!int 1} ar_metric {!!seq {{!!map {metric {!!str design.floorplan.image}}} {!!map {metric {!!str design.macro.image}}} {!!map {metric {!!str design.hotspot.image}}} {!!map {metric {!!str design.place.drc.image}}} {!!map {metric {!!str design.route.drc.image}}}}}}} {!!map {id {!!str route_route_t} type {!!str table} per_snapshot {!!true 1} ar_metric {!!seq {{!!map {metric {!!str route.overflow.horizontal} title {!!str Hor} group {!!str Congestion}}} {!!map {metric {!!str route.overflow.vertical} title {!!str Ver} group {!!str Congestion}}} {!!map {metric {!!str design.congestion.hotspot.max} title {!!str Max} group {!!str Congestion}}} {!!map {metric {!!str design.congestion.hotspot.total} title {!!str Total} group {!!str Congestion}}} {!!map {metric {!!str route.map.*} group {!!str {Congestion Map}}}} {!!map {metric {!!str route.wirelength} title {!!str Wirelength}}} {!!map {metric {!!str route.via.singlecut} title {!!str Single} group {!!str Vias}}} {!!map {metric {!!str route.via.multicut} title {!!str Multi} group {!!str Vias}}} {!!map {metric {!!str route.via} title {!!str Total} group {!!str Vias}}} {!!map {metric {!!str route.shielding.*} group {!!str Shielding}}} {!!map {metric {!!str route.drc} title {!!str Routing} group {!!str {Route DRC}}}} {!!map {metric {!!str route.drc.antenna} title {!!str Antenna} group {!!str {Route DRC}}}} {!!map {metric {!!str check.drc} title {!!str Routing} group {!!str {Check DRC}}}} {!!map {metric {!!str check.drc.antenna} title {!!str Antenna} group {!!str {Check DRC}}}}}}}}}}}} {!!map {id {!!str route_wirelength} type {!!str section} title {!!str {Wirelength Details}} hidden {!!true 1} children {!!seq {{!!map {id {!!str route_wirelength_t} type {!!str table} per_snapshot {!!true 1} ar_metric {!!seq {{!!map {metric {!!str route.wirelength} title {!!str Total}}} {!!map {metric {!!str route.wirelength.layer:*} group {!!str Layer}}}}}}}}}}} {!!map {id {!!str route_overflow} type {!!str section} title {!!str {Congestion Details}} hidden {!!true 1} children {!!seq {{!!map {id {!!str route_overflow_t} type {!!str table} per_snapshot {!!true 1} ar_metric {!!seq {{!!map {metric {!!str route.overflow} title {!!str Total}}} {!!map {metric {!!str route.overflow.layer:*} group {!!str Layer}}}}}}}}}}} {!!map {id {!!str per_layer_drc} type {!!str section} title {!!str {Per Layer DRC}} hidden {!!true 1} children {!!seq {{!!map {id {!!str per_layer_drc_t} type {!!str table} per_snapshot {!!true 1} key {!!map {Tool {!!str *.drc}}} ar_metric {!!seq {{!!map {metric {!!str %.drc} title {!!str Total}}} {!!map {metric {!!str %.drc.layer:*} group {!!str Layer}}}}}}}}}}} {!!map {id {!!str per_type_drc} type {!!str section} title {!!str {Per Type DRC}} hidden {!!true 1} children {!!seq {{!!map {id {!!str per_type_drc_t} type {!!str table} flip_axis {!!true 1} key {!!map {Tool {!!str *.drc}}} ar_metric {!!seq {{!!map {metric {!!str %.drc} title {!!str Total}}} {!!map {metric {!!str %.drc.type:*} group {!!str Type}}}}}}}}}}} {!!map {id {!!str per_layer_type} type {!!str section} title {!!str {Per Layer & Type DRC}} hidden {!!true 1} children {!!seq {{!!map {id {!!str per_layer_type_t} type {!!str table} flip_axis {!!true 1} key {!!map {Tool {!!str *.drc} Layer {!!str route.drc.layer:*}}} ar_metric {!!seq {{!!map {metric {!!str %.drc.layer:%.type:*} group {!!str Type}}}}}}}}}}} {!!map {id {!!str route_via} type {!!str section} title {!!str {Via Details}} hidden {!!true 1} children {!!seq {{!!map {id {!!str route_via_t} type {!!str table} per_snapshot {!!true 1} ar_metric {!!seq {{!!map {metric {!!str route.via.total} title {!!str Total} group {!!str Vias}}} {!!map {metric {!!str route.via.layer:*} group {!!str Vias}}} {!!map {metric {!!str route.via.singlecut} title {!!str Total} group {!!str {Single Cut Vias}}}} {!!map {metric {!!str route.via.singlecut.percentage} title {!!str Percent} group {!!str {Single Cut Vias}}}} {!!map {metric {!!str route.via.singlecut.layer:*} group {!!str {Single Cut Vias}}}} {!!map {metric {!!str route.via.multicut} title {!!str Total} group {!!str {Multiple Cut Vias}}}} {!!map {metric {!!str route.via.multicut.percentage} title {!!str Percent} group {!!str {Multiple Cut Vias}}}} {!!map {metric {!!str route.via.multicut.layer:*} group {!!str {Multiple Cut Vias}}}}}}}}}}}} {!!map {id {!!str rblkg} type {!!str section} title {!!str {Blockage Details}} hidden {!!true 1} children {!!seq {{!!map {id {!!str rblkg_t} type {!!str table} per_snapshot {!!true 1} ar_metric {!!seq {{!!map {metric {!!str design.blockages.route.area} title {!!str Total}}} {!!map {metric {!!str design.blockages.route.area.layer:*} group {!!str Layer}}}}}}}}}}} {!!map {id {!!str route_cpu} type {!!str section} title {!!str Runtime} children {!!seq {{!!map {id {!!str route_real_t} type {!!str graph} stacked {!!true 1} invert_axes {!!true 1} total_value_label {!!true 1} title {!!str {Real time}} ar_metric {!!seq {{!!map {metric {!!str flow.realtime} title {!!str Real} graph_type {!!str horizontalBar}}}}}}} {!!map {id {!!str route_cpu_t} type {!!str graph} stacked {!!true 1} invert_axes {!!true 1} total_value_label {!!true 1} title {!!str {CPU Runtime}} ar_metric {!!seq {{!!map {metric {!!str flow.cputime} title {!!str CPU} graph_type {!!str horizontalBar}}}}}}}}}}}}}}} {!!map {title {!!str Flow} children {!!seq {{!!map {id {!!str flow_dashboard_filters} type {!!str section} title {!!str {Run/Snapshot Filters}} hidden {!!true 1} children {!!seq {{!!map {id {!!str flow_dashboard_filter} type {!!str run_snapshot_filter}}} {!!map {id {!!str flow_dashboard_snapshot_navigation} type {!!str snapshot_picker}}}}}}} {!!map {id {!!str flow_log_flow} type {!!str section} title {!!str {Log and Flow Info}} children {!!seq {{!!map {id {!!str flow_log_flow_t} type {!!str table} per_snapshot {!!true 1} ar_metric {!!seq {{!!map {metric {!!str flow.user} title {!!str User}}} {!!map {metric {!!str flow.log} title {!!str {Log File}}}} {!!map {metric {!!str flow.run_directory} title {!!str {Run Dir}}}} {!!map {metric {!!str flow.run_tag} title {!!str {Run Tag}}}} {!!map {metric {!!str flow.step.tcl} title {!!str {Step TCL}}}}}}}}}}}} {!!map {id {!!str fv} type {!!str section} title {!!str {Formal Verification}} hidden {!!true 1} children {!!seq {{!!map {id {!!str fv_t} type {!!str table} per_snapshot {!!true 1} ar_metric {!!seq {{!!map {metric {!!str fv.result} title {!!str Result}}} {!!map {metric {!!str fv.points:*} group {!!str Points}}}}}}}}}}} {!!map {id {!!str flow_config} type {!!str section} title {!!str {Non-Default Root Config Options}} children {!!seq {{!!map {id {!!str flow_config_t} type {!!str dict_table} metric {!!map {metric {!!str flow.root_config}}}}}}}}} {!!map {id {!!str flow_cpu} type {!!str section} title {!!str Runtime} children {!!seq {{!!map {id {!!str flow_machine_t} type {!!str table} flip_axis {!!true 1} ar_metric {!!seq {{!!map {metric {!!str flow.machine.hostname} title {!!str Host}}} {!!map {metric {!!str flow.machine.cpu.model} title {!!str Model}}} {!!map {metric {!!str flow.machine.cpu.frequency} title {!!str Cpu}}} {!!map {metric {!!str flow.machine.cpu.number} title {!!str Cpus}}} {!!map {metric {!!str flow.machine.os} title {!!str OS}}} {!!map {metric {!!str flow.machine.memory.free} title {!!str Free} group {!!str Memory}}} {!!map {metric {!!str flow.machine.memory.total} title {!!str Total} group {!!str Memory}}} {!!map {metric {!!str flow.machine.swap.free} title {!!str Free} group {!!str Swap}}} {!!map {metric {!!str flow.machine.swap.total} title {!!str Total} group {!!str Swap}}}}}}} {!!map {id {!!str flow_runtime_t} type {!!str table} per_snapshot {!!true 1} ar_metric {!!seq {{!!map {metric {!!str flow.cputime} title {!!str CPU} group {!!str Runtime}}} {!!map {metric {!!str flow.cputime.total} title {!!str {Total CPU}} group {!!str Runtime}}} {!!map {metric {!!str flow.realtime} title {!!str Wall} group {!!str Runtime}}} {!!map {metric {!!str flow.realtime.total} title {!!str {Total Wall}} group {!!str Runtime}}} {!!map {metric {!!str flow.machine.load} title {!!str Load} group {!!str Machine}}} {!!map {metric {!!str flow.memory} title {!!str Resi+Virtual} group {!!str Memory}}} {!!map {metric {!!str flow.memory.resident} title {!!str Resi} group {!!str Memory}}} {!!map {metric {!!str flow.memory.resident.peak} title {!!str {Peak Resi}} group {!!str Memory}}}}}}} {!!map {id {!!str flow_real_t} type {!!str graph} stacked {!!true 1} invert_axes {!!true 1} total_value_label {!!true 1} title {!!str {Real time}} ar_metric {!!seq {{!!map {metric {!!str flow.realtime} title {!!str Real} graph_type {!!str horizontalBar}}}}}}} {!!map {id {!!str flow_cpu_t} type {!!str graph} stacked {!!true 1} invert_axes {!!true 1} total_value_label {!!true 1} title {!!str {CPU Runtime}} ar_metric {!!seq {{!!map {metric {!!str flow.cputime} title {!!str CPU} graph_type {!!str horizontalBar}}}}}}}}}}}}}}}}}}}}}}}}}}}}}}}} html {HUDDLE {!!seq {{!!map {Summary {!!seq {{!!map {summary_flow {!!map {type {!!str header} title {!!str {}}}}}} {!!map {summary_flow_t {!!map {type {!!str vertical_table} auto_hide {!!true 1} ar_metric {!!seq {{!!map {metric {!!str design.name} title {!!str Design}}} {!!map {metric {!!str flow.tool_list} title {!!str Tools}}} {!!map {metric {!!str flow.template.type} title {!!str Flow}}} {!!map {metric {!!str flow.template.feature_enabled} title {!!str {Enabled features}}}} {!!map {metric {!!str flow.run_tag} title {!!str Tag}}} {!!map {metric {!!str flow.machine} title {!!str {Run host}}}} {!!map {metric {!!str flow.run_directory} title {!!str {Run directory}}}} {!!map {metric {!!str flow.last_child_snapshot} title {!!str {Last step}}}} {!!map {metric {!!str flowtool.status} title {!!str {Flowtool status}}}}}}}}}} {!!map {design_image {!!map {type {!!str image_plot} ar_metric {!!seq {{!!map {metric {!!str design.floorplan.image}}} {!!map {metric {!!str design.blockage.image}}} {!!map {metric {!!str design.macro.image}}} {!!map {metric {!!str design.place.drc.image}}} {!!map {metric {!!str design.hotspot.image}}} {!!map {metric {!!str power.domains.image}}} {!!map {metric {!!str power.intent.image}}}}}}}}} {!!map {summary_qor {!!map {type {!!str header} title {!!str {Stylus QOR summary}}}}}} {!!map {summary_qor_t {!!map {type {!!str table} per_snapshot {!!true 1} ar_metric {!!seq {{!!map {metric {!!str timing.setup.wns} title {!!str WNS} group {!!str {Setup (all)}} navigation {!!map {view {!!str default_timing} tab {!!str Timing}}}}} {!!map {metric {!!str timing.setup.tns} title {!!str TNS} group {!!str {Setup (all)}} navigation {!!map {view {!!str default_timing} tab {!!str Timing}}}}} {!!map {metric {!!str timing.setup.feps} title {!!str FEPS} group {!!str {Setup (all)}}}} {!!map {metric {!!str timing.setup.wns.path_group:reg2reg} title {!!str WNS} group {!!str {Setup (reg2reg)}} navigation {!!map {view {!!str default_timing} tab {!!str Timing}}}}} {!!map {metric {!!str timing.setup.tns.path_group:reg2reg} title {!!str TNS} group {!!str {Setup (reg2reg)}} navigation {!!map {view {!!str default_timing} tab {!!str Timing}}}}} {!!map {metric {!!str timing.setup.feps.path_group:reg2reg} title {!!str FEPS} group {!!str {Setup (reg2reg)}}}} {!!map {metric {!!str timing.hold.wns} title {!!str WNS} group {!!str {Hold (all)}} navigation {!!map {view {!!str default_timing} tab {!!str Timing}}}}} {!!map {metric {!!str timing.hold.tns} title {!!str TNS} group {!!str {Hold (all)}} navigation {!!map {view {!!str default_timing} tab {!!str Timing}}}}} {!!map {metric {!!str timing.hold.feps} title {!!str FEPS} group {!!str {Hold (all)}}}} {!!map {metric {!!str timing.hold.wns.path_group:reg2reg} title {!!str WNS} group {!!str {Hold (reg2reg)}} navigation {!!map {view {!!str default_timing} tab {!!str Timing}}}}} {!!map {metric {!!str timing.hold.tns.path_group:reg2reg} title {!!str TNS} group {!!str {Hold (reg2reg)}} navigation {!!map {view {!!str default_timing} tab {!!str Timing}}}}} {!!map {metric {!!str timing.hold.feps.path_group:reg2reg} title {!!str FEPS} group {!!str {Hold (reg2reg)}}}} {!!map {metric {!!str timing.drv.max_tran.total} title {!!str Tran} group {!!str DRV} link_file_metric {!!str timing.drv.report_file}}} {!!map {metric {!!str timing.drv.max_cap.total} title {!!str Load} group {!!str DRV} link_file_metric {!!str timing.drv.report_file}}} {!!map {metric {!!str timing.drv.max_fanout.total} title {!!str Fanout} group {!!str DRV} link_file_metric {!!str timing.drv.report_file}}} {!!map {metric {!!str clock.instances.total} title {!!str Insts} group {!!str Clock} link_table {!!str clock_phys}}} {!!map {metric {!!str clock.area.total} title {!!str Area} group {!!str Clock} link_table {!!str clock_phys}}} {!!map {metric {!!str design.density} title {!!str Density} group {!!str Design}}} {!!map {metric {!!str design.instances.logical} title {!!str Insts} group {!!str Design} link_table {!!str physical_physical}}} {!!map {metric {!!str design.area.logical} title {!!str Area} group {!!str Design} link_table {!!str physical_physical}}} {!!map {metric {!!str power.leakage} title {!!str Leakage} group {!!str Power} link_table {!!str power_power}}} {!!map {metric {!!str route.drc} title {!!str DRC} group {!!str Route} link_table {!!str route_route}}} {!!map {metric {!!str route.wirelength} title {!!str WL} group {!!str Route} link_table {!!str route_route}}} {!!map {metric {!!str messages} title {!!str Errors} group {!!str Tool}}} {!!map {metric {!!str flow.realtime} title {!!str Wall} group {!!str Tool} link_table {!!str flow_cpu}}} {!!map {metric {!!str flow.memory} title {!!str Memory} group {!!str Tool} link_table {!!str flow_cpu}}}}}}}}} {!!map {summary_cpu {!!map {type {!!str header} title {!!str {Stylus runtime summary}}}}}} {!!map {summary_cpu_t {!!map {type {!!str cpu}}}}}}}}} {!!map {Timing {!!seq {{!!map {timing_setup {!!map {type {!!str header} title {!!str {Setup Timing}}}}}} {!!map {setup_tns_histogram {!!map {type {!!str histogram} metric {!!map {metric {!!str timing.setup.histogram} title {!!str {Setup TNS (Per Group)}}}} show_label_every {!!int 10}}}}} {!!map {setup_tns_view_histogram {!!map {type {!!str histogram} metric {!!map {metric {!!str timing.setup.histogram.views} title {!!str {Setup TNS (Per View)}}}} show_label_every {!!int 10}}}}} {!!map {timing_setup_t {!!map {type {!!str table} per_snapshot {!!true 1} key {!!map {Group {!!str timing.setup.wns.path_group:*} View {!!str timing.setup.wns.analysis_view:*}}} collapsible_key {!!true 1} ar_metric {!!seq {{!!map {metric {!!str timing.setup.type} title {!!str Type}}} {!!map {metric {!!str timing.setup.wns.path_group:%.analysis_view:%} title {!!str WNS} navigation {!!map {view {!!str default_timing} tab {!!str Timing}}}}} {!!map {metric {!!str timing.setup.tns.path_group:%.analysis_view:%} title {!!str TNS} navigation {!!map {view {!!str default_timing} tab {!!str Timing}}}}} {!!map {metric {!!str timing.setup.feps.path_group:%.analysis_view:%} title {!!str FEPS}}}}}}}}} {!!map {timing_hold {!!map {type {!!str header} title {!!str {Hold Timing}}}}}} {!!map {hold_tns_histogram {!!map {type {!!str histogram} metric {!!map {metric {!!str timing.hold.histogram} title {!!str {Hold TNS (Per Group)}}}} show_label_every {!!int 10}}}}} {!!map {hold_tns_view_histogram {!!map {type {!!str histogram} metric {!!map {metric {!!str timing.hold.histogram.views} title {!!str {Hold TNS (Per View)}}}} show_label_every {!!int 10}}}}} {!!map {timing_hold_t {!!map {type {!!str table} per_snapshot {!!true 1} key {!!map {Group {!!str timing.hold.wns.path_group:*} View {!!str timing.hold.wns.analysis_view:*}}} collapsible_key {!!true 1} ar_metric {!!seq {{!!map {metric {!!str timing.hold.type} title {!!str Type}}} {!!map {metric {!!str timing.hold.wns.path_group:%.analysis_view:%} title {!!str WNS} navigation {!!map {view {!!str default_timing} tab {!!str Timing}}}}} {!!map {metric {!!str timing.hold.tns.path_group:%.analysis_view:%} title {!!str TNS} navigation {!!map {view {!!str default_timing} tab {!!str Timing}}}}} {!!map {metric {!!str timing.hold.feps.path_group:%.analysis_view:%} title {!!str FEPS}}}}}}}}} {!!map {timing_drv {!!map {type {!!str header} title {!!str {Design Rule Violations}}}}}} {!!map {timing_drv_t {!!map {type {!!str table} per_snapshot {!!true 1} ar_metric {!!seq {{!!map {metric {!!str timing.drv.max_tran.total} title {!!str Total} group {!!str Tran}}} {!!map {metric {!!str timing.drv.max_tran.worst} title {!!str Worst} group {!!str Tran} link_file_metric {!!str timing.drv.report_file}}} {!!map {metric {!!str timing.drv.max_cap.total} title {!!str Total} group {!!str Cap}}} {!!map {metric {!!str timing.drv.max_cap.worst} title {!!str Worst} group {!!str Cap}}} {!!map {metric {!!str timing.drv.max_fanout.total} title {!!str Total} group {!!str Fanout}}} {!!map {metric {!!str timing.drv.max_fanout.worst} title {!!str Worst} group {!!str Fanout}}} {!!map {metric {!!str timing.drv.max_length.total} title {!!str Total} group {!!str Length}}} {!!map {metric {!!str timing.drv.max_length.worst} title {!!str Worst} group {!!str Length}}} {!!map {metric {!!str timing.si.glitches} title {!!str Glitches} group {!!str SI}}} {!!map {metric {!!str timing.si.noise} title {!!str Noise} group {!!str SI}}}}}}}}} {!!map {timing_double_clocking {!!map {type {!!str collapse_header} nested {!!map {timing_double_clocking_t {!!map {type {!!str table} per_snapshot {!!false 0} key {!!map {View {!!str timing.si.double_clocking.analysis_view:*}}} ar_metric {!!seq {{!!map {metric {!!str timing.si.double_clocking.frequency_violations.analysis_view:%} title {!!str {Frequency Violations}}}} {!!map {metric {!!str timing.si.double_clocking.report_file.analysis_view:%} title {!!str {Report File}}}}}}}}}} hidden {!!true 1} title {!!str {Double Clocking}}}}}} {!!map {timing_min_pulse_width {!!map {type {!!str collapse_header} nested {!!map {timing_min_pulse_width_t {!!map {type {!!str table} per_snapshot {!!false 0} key {!!map {View {!!str timing.min_pulse_width.endpoints.wns.analysis_view:*} Clock {!!str timing.min_pulse_width.endpoints.wns.analysis_view:%.clock:*} {View | Clock} {!!str timing.min_pulse_width.endpoints.wns.analysis_view:*.clock:*}}} collapsible_key {!!true 1} ar_metric {!!seq {{!!map {metric {!!str timing.setup.type} title {!!str Type}}} {!!map {metric {!!str timing.min_pulse_width.endpoints.wns.analysis_view:%.clock:%} group {!!str Endpoints} title {!!str WNS}}} {!!map {metric {!!str timing.min_pulse_width.endpoints.tns.analysis_view:%.clock:%} group {!!str Endpoints} title {!!str TNS}}} {!!map {metric {!!str timing.min_pulse_width.endpoints.feps.analysis_view:%.clock:%} group {!!str Endpoints} title {!!str FEPS}}} {!!map {metric {!!str timing.min_pulse_width.clocktree.wns.analysis_view:%.clock:%} group {!!str Clocktree} title {!!str WNS}}} {!!map {metric {!!str timing.min_pulse_width.clocktree.tns.analysis_view:%.clock:%} group {!!str Clocktree} title {!!str TNS}}} {!!map {metric {!!str timing.min_pulse_width.clocktree.feps.analysis_view:%.clock:%} group {!!str Clocktree} title {!!str FEPS}}}}} hide_footers {!!true 1} hide_graph_footers {!!true 1}}}}} hidden {!!true 1} title {!!str {Min Pulse Width Timing}}}}}} {!!map {timing_cpu {!!map {type {!!str header} title {!!str Runtime}}}}} {!!map {timing_cpu_t {!!map {type {!!str cpu}}}}}}}}} {!!map {Clock {!!seq {{!!map {clock_phys {!!map {type {!!str header} title {!!str Physical}}}}} {!!map {clock_phys_t {!!map {type {!!str table} per_snapshot {!!true 1} ar_metric {!!seq {{!!map {metric {!!str clock.instances.total} title {!!str #Total} group {!!str Instances}}} {!!map {metric {!!str {^.*\.(?!total$)[^\.]+$}} title {!!str { }} group {!!str Instances} graph_type {!!str none} renderer {!!str histogram}}} {!!map {metric {!!str clock.instances.buffer} title {!!str #Buffers} group {!!str Instances}}} {!!map {metric {!!str clock.instances.inverter} title {!!str #Inverters} group {!!str Instances}}} {!!map {metric {!!str clock.instances.clkgate} title {!!str {#Clock Gates}} group {!!str Instances}}} {!!map {metric {!!str clock.instances.nonicg} title {!!str {#Non Integrated}} group {!!str Instances}}} {!!map {metric {!!str clock.instances.logic} title {!!str #Logic} group {!!str Instances}}} {!!map {metric {!!str clock.area.total} title {!!str Total} group {!!str Area}}} {!!map {metric {!!str {^.*\.(?!total$)[^\.]+$}} title {!!str { }} group {!!str Area} graph_type {!!str none} renderer {!!str histogram}}} {!!map {metric {!!str clock.area.buffer} title {!!str Buffers} group {!!str Area}}} {!!map {metric {!!str clock.area.inverter} title {!!str Inverters} group {!!str Area}}} {!!map {metric {!!str clock.area.clkgate} title {!!str {Clock Gates}} group {!!str Area}}} {!!map {metric {!!str clock.area.nonicg} title {!!str {Non Integrated}} group {!!str Area}}} {!!map {metric {!!str clock.area.logic} title {!!str Logic} group {!!str Area}}} {!!map {metric {!!str clock.nets.length.total} title {!!str {Tot Clk Net Length}} group {!!str Nets}}}}}}}}} {!!map {clock_phys_detail {!!map {type {!!str header} title {!!str {}}}}}} {!!map {clock_phys_cell_insts {!!map {type {!!str collapse_header} nested {!!map {clock_phys_cell_insts_t {!!map {type {!!str table} auto_hide {!!true 1} per_snapshot {!!true 1} ar_metric {!!seq {{!!map {metric {!!str clock.instances.total} title {!!str #Total}}} {!!map {title {!!str { }} group {!!str #Buffers} graph_type {!!str none} renderer {!!str histogram}}} {!!map {metric {!!str clock.instances_distribution.buffer.base_cell:*} group {!!str #Buffers}}} {!!map {title {!!str { }} group {!!str #Inverters} graph_type {!!str none} renderer {!!str histogram}}} {!!map {metric {!!str clock.instances_distribution.inverter.base_cell:*} group {!!str #Inverters}}} {!!map {title {!!str { }} group {!!str {#Clock Gates}} graph_type {!!str none} renderer {!!str histogram}}} {!!map {metric {!!str clock.instances_distribution.clkgate.base_cell:*} group {!!str {#Clock Gates}}}} {!!map {title {!!str { }} group {!!str {#Non Integrated}} graph_type {!!str none} renderer {!!str histogram}}} {!!map {metric {!!str clock.instances_distribution.nonicg.base_cell:*} group {!!str {#Non Integrated}}}} {!!map {title {!!str { }} group {!!str #Logic} graph_type {!!str none} renderer {!!str histogram}}} {!!map {metric {!!str clock.instances_distribution.logic.base_cell:*} group {!!str #Logic}}}}}}}}} hidden {!!true 1} title {!!str {Per Cell Instances}}}}}} {!!map {clock_phys_cell_area {!!map {type {!!str collapse_header} nested {!!map {clock_phys_cell_area_t {!!map {type {!!str table} auto_hide {!!true 1} per_snapshot {!!true 1} ar_metric {!!seq {{!!map {metric {!!str clock.area.total} title {!!str Total}}} {!!map {title {!!str { }} group {!!str Buffers} graph_type {!!str none} renderer {!!str histogram}}} {!!map {metric {!!str clock.area_distribution.buffer.base_cell:*} group {!!str Buffers}}} {!!map {title {!!str { }} group {!!str Inverters} graph_type {!!str none} renderer {!!str histogram}}} {!!map {metric {!!str clock.area_distribution.inverter.base_cell:*} group {!!str Inverters}}} {!!map {title {!!str { }} group {!!str {Clock Gates}} graph_type {!!str none} renderer {!!str histogram}}} {!!map {metric {!!str clock.area_distribution.clkgate.base_cell:*} group {!!str {Clock Gates}}}} {!!map {title {!!str { }} group {!!str {Non Integrated}} graph_type {!!str none} renderer {!!str histogram}}} {!!map {metric {!!str clock.area_distribution.nonicg.base_cell:*} group {!!str {Non Integrated}}}} {!!map {title {!!str { }} group {!!str Logic} graph_type {!!str none} renderer {!!str histogram}}} {!!map {metric {!!str clock.area_distribution.logic.base_cell:*} group {!!str Logic}}}}}}}}} hidden {!!true 1} title {!!str {Per Cell Area}}}}}} {!!map {clock_phys_creator {!!map {type {!!str collapse_header} nested {!!map {clock_phys_creator_t {!!map {type {!!str table} auto_hide {!!true 1} per_snapshot {!!true 1} ar_metric {!!seq {{!!map {title {!!str { }} group {!!str Buffers} graph_type {!!str none} renderer {!!str histogram}}} {!!map {metric {!!str clock.instances.buffer.creator.*} group {!!str Buffers}}} {!!map {title {!!str { }} group {!!str Inverters} graph_type {!!str none} renderer {!!str histogram}}} {!!map {metric {!!str clock.instances.inverter.creator.*} group {!!str Inverters}}}}}}}}} hidden {!!true 1} title {!!str {Cell Creators}}}}}} {!!map {clock_phys_nets {!!map {type {!!str collapse_header} nested {!!map {clock_phys_nets_t {!!map {type {!!str table} auto_hide {!!true 1} per_snapshot {!!true 1} ar_metric {!!seq {{!!map {metric {!!str clock.nets.length.total} title {!!str Total} group {!!str Nets}}} {!!map {metric {!!str {^.*\.(?!total$)[^\.]+$}} title {!!str { }} group {!!str Nets} graph_type {!!str none} renderer {!!str histogram}}} {!!map {metric {!!str clock.nets.length.top} title {!!str Top} group {!!str Nets}}} {!!map {metric {!!str clock.nets.length.trunk} title {!!str Trunk} group {!!str Nets}}} {!!map {metric {!!str clock.nets.length.leaf} title {!!str Leaf} group {!!str Nets}}}}}}}}} hidden {!!true 1} title {!!str Nets}}}}} {!!map {clock_phys_cap {!!map {type {!!str header} title {!!str {}}}}}} {!!map {clock_phys_cap_t {!!map {type {!!str table} per_snapshot {!!true 1} ar_metric {!!seq {{!!map {title {!!str { }} group {!!str Wire} graph_type {!!str none} renderer {!!str histogram}}} {!!map {metric {!!str clock.capacitance.wire.top} title {!!str Top} group {!!str Wire}}} {!!map {metric {!!str clock.capacitance.wire.trunk} title {!!str Trunk} group {!!str Wire}}} {!!map {metric {!!str clock.capacitance.wire.leaf} title {!!str Leaf} group {!!str Wire}}} {!!map {title {!!str { }} group {!!str Gate} graph_type {!!str none} renderer {!!str histogram}}} {!!map {metric {!!str clock.capacitance.gate.top} title {!!str Top} group {!!str Gate}}} {!!map {metric {!!str clock.capacitance.gate.trunk} title {!!str Trunk} group {!!str Gate}}} {!!map {metric {!!str clock.capacitance.gate.leaf} title {!!str Leaf} group {!!str Gate}}} {!!map {title {!!str { }} group {!!str Total} graph_type {!!str none} renderer {!!str histogram}}} {!!map {metric {!!str clock.capacitance.total.top} title {!!str Top} group {!!str Total}}} {!!map {metric {!!str clock.capacitance.total.trunk} title {!!str Trunk} group {!!str Total}}} {!!map {metric {!!str clock.capacitance.total.leaf} title {!!str Leaf} group {!!str Total}}} {!!map {metric {!!str clock.capacitance.sink.*} group {!!str Sink}}}}}}}}} {!!map {clock_phys_advanced {!!map {type {!!str header} title {!!str {}}}}}} {!!map {clock_phys_buffer_constraint {!!map {type {!!str collapse_header} nested {!!map {clock_phys_buffer_constraint_t {!!map {type {!!str table} auto_hide {!!true 1} per_snapshot {!!true 1} ar_metric {!!seq {{!!map {metric {!!str clock.buffer_depth_constraint.skew_group:*.*}}}}}}}}} hidden {!!true 1} title {!!str {Buffer Depth Constraints}}}}}} {!!map {clock_phys_stage_constraint {!!map {type {!!str collapse_header} nested {!!map {clock_phys_stage_constraint_t {!!map {type {!!str table} auto_hide {!!true 1} per_snapshot {!!true 1} ar_metric {!!seq {{!!map {metric {!!str clock.stage_depth_constraint.*}}}}}}}}} hidden {!!true 1} title {!!str {Stage Depth Constraints}}}}}} {!!map {clock_drv {!!map {type {!!str header} title {!!str DRV}}}}} {!!map {clock_drv_t {!!map {type {!!str table} per_snapshot {!!true 1} ar_metric {!!seq {{!!map {metric {!!str {clock.drv.nets.remaining transition.count}} title {!!str Count} group {!!str {Remaining Transition}}}} {!!map {metric {!!str {clock.drv.nets.remaining transition.max}} title {!!str Max} group {!!str {Remaining Transition}}}} {!!map {metric {!!str {clock.drv.nets.unfixable transition.count}} title {!!str Count} group {!!str {Unfixable Transition}}}} {!!map {metric {!!str {clock.drv.nets.unfixable transition.max}} title {!!str Max} group {!!str {Unfixable Transition}}}} {!!map {metric {!!str clock.drv.nets.capacitance.count} title {!!str Count} group {!!str Capacitance}}} {!!map {metric {!!str clock.drv.nets.capacitance.max} title {!!str Max} group {!!str Capacitance}}} {!!map {metric {!!str clock.drv.nets.resistance.count} title {!!str Count} group {!!str Resistance}}} {!!map {metric {!!str clock.drv.nets.resistance.max} title {!!str Max} group {!!str Resistance}}} {!!map {metric {!!str clock.drv.nets.length.count} title {!!str Count} group {!!str Length}}} {!!map {metric {!!str clock.drv.nets.length.max} title {!!str Max} group {!!str Length}}} {!!map {metric {!!str clock.drv.nets.fanout.count} title {!!str Count} group {!!str Fanout}}} {!!map {metric {!!str clock.drv.nets.fanout.max} title {!!str Max} group {!!str Fanout}}}}}}}}} {!!map {clock_drv_advanced {!!map {type {!!str header} title {!!str {}}}}}} {!!map {clock_drv_detail {!!map {type {!!str collapse_header} nested {!!map {clock_drv_detail_t {!!map {type {!!str table} auto_hide {!!true 1} per_snapshot {!!true 1} ar_metric {!!seq {{!!map {metric {!!str {clock.drv.nets.remaining transition.*}} group {!!str {Remaining Transition}}}} {!!map {metric {!!str {clock.drv.nets.unfixable transition.*}} group {!!str {Unfixable Transition}}}} {!!map {metric {!!str clock.drv.nets.capacitance.*} group {!!str Capacitance}}} {!!map {metric {!!str clock.drv.nets.resistance.*} group {!!str Resistance}}} {!!map {metric {!!str clock.drv.nets.length.*} group {!!str Length}}} {!!map {metric {!!str clock.drv.nets.fanout.*} group {!!str Fanout}}}}}}}}} hidden {!!true 1} title {!!str Detail}}}}} {!!map {clock_drv_halo {!!map {type {!!str collapse_header} nested {!!map {clock_drv_halo_t {!!map {type {!!str table} auto_hide {!!true 1} key {!!map {{Clock Tree} {!!str clock.halo.clock_tree:*.count}}} ar_metric {!!seq {{!!map {metric {!!str clock.halo.clock_tree:%.count} group {!!str Count}}} {!!map {metric {!!str clock.halo.clock_tree:%.violations} group {!!str Violations}}}}}}}}} hidden {!!true 1} title {!!str {Clock Halo}}}}}} {!!map {clock_drv_tran_tar {!!map {type {!!str header} title {!!str Transition}}}}} {!!map {clock_drv_tran_tar_t {!!map {type {!!str table} auto_hide {!!true 1} ar_metric {!!seq {{!!map {metric {!!str clock.transition.target.primary_half_corner.top.*} group {!!str {Top Transition Target Stats}}}} {!!map {metric {!!str clock.transition.target.primary_half_corner.trunk.*} group {!!str {Trunk Transition Target Stats}}}} {!!map {metric {!!str clock.transition.target.primary_half_corner.leaf.*} group {!!str {Leaf Transition Target Stats}}}}}}}}}} {!!map {clock_drv_tran {!!map {type {!!str header} title {!!str {}}}}}} {!!map {clock_drv_tran_tar_early {!!map {type {!!str collapse_header} nested {!!map {clock_drv_tran_tar_early_t {!!map {type {!!str table} auto_hide {!!true 1} key {!!map {{Corner | Clock Tree} {!!str clock.transition.target.delay_corner:*.early.top.clock_tree:*}}} ar_metric {!!seq {{!!map {metric {!!str clock.transition.auto_target.delay_corner:%.early.clock_tree:%} group {!!str {Auto Target}}}} {!!map {metric {!!str clock.transition.target.delay_corner:%.early.top.clock_tree:%} group {!!str Top}}} {!!map {metric {!!str clock.transition.target.delay_corner:%.early.trunk.clock_tree:%} group {!!str Trunk}}} {!!map {metric {!!str clock.transition.target.delay_corner:%.early.leaf.clock_tree:%} group {!!str Leaf}}}}}}}}} hidden {!!true 1} title {!!str {Per corner/clock tree transition Target (early)}}}}}} {!!map {clock_drv_tran_tar_late {!!map {type {!!str collapse_header} nested {!!map {clock_drv_tran_tar_late_t {!!map {type {!!str table} auto_hide {!!true 1} key {!!map {{Corner | Clock Tree} {!!str clock.transition.target.delay_corner:*.late.top.clock_tree:*}}} ar_metric {!!seq {{!!map {metric {!!str clock.transition.auto_target.delay_corner:%.late.clock_tree:%} group {!!str {Auto Target}}}} {!!map {metric {!!str clock.transition.target.delay_corner:%.late.top.clock_tree:%} group {!!str Top}}} {!!map {metric {!!str clock.transition.target.delay_corner:%.late.trunk.clock_tree:%} group {!!str Trunk}}} {!!map {metric {!!str clock.transition.target.delay_corner:%.late.leaf.clock_tree:%} group {!!str Leaf}}}}}}}}} hidden {!!true 1} title {!!str {Per corner/clock tree transition Target (late)}}}}}} {!!map {clock_drv_tran_top {!!map {type {!!str collapse_header} nested {!!map {clock_drv_tran_top_t {!!map {type {!!str table} per_snapshot {!!true 1} key {!!map {Target {!!str clock.transition.primary_half_corner.top.*.max}}} ar_metric {!!seq {{!!map {metric {!!str clock.transition.primary_half_corner.top.%.*}}}}}}}}} hidden {!!true 1} title {!!str {Top Transition Distribution}}}}}} {!!map {clock_drv_tran_trunk {!!map {type {!!str collapse_header} nested {!!map {clock_drv_tran_trunk_t {!!map {type {!!str table} per_snapshot {!!true 1} key {!!map {Target {!!str clock.transition.primary_half_corner.trunk.*.max}}} ar_metric {!!seq {{!!map {metric {!!str clock.transition.primary_half_corner.trunk.%.*}}}}}}}}} hidden {!!true 1} title {!!str {Trunk Transition Distribution}}}}}} {!!map {clock_drv_tran_leaf {!!map {type {!!str collapse_header} nested {!!map {clock_drv_tran_leaf_t {!!map {type {!!str table} per_snapshot {!!true 1} key {!!map {Target {!!str clock.transition.primary_half_corner.leaf.*.max}}} ar_metric {!!seq {{!!map {metric {!!str clock.transition.primary_half_corner.leaf.%.*}}}}}}}}} hidden {!!true 1} title {!!str {Leaf Transition Distribution}}}}}} {!!map {clock_skew {!!map {type {!!str header} title {!!str Latency/Skew}}}}} {!!map {clock_skew_t {!!map {type {!!str table} auto_hide {!!true 1} per_snapshot {!!true 1} ar_metric {!!seq {{!!map {metric {!!str clock.latency.primary_reporting_skew_group.primary_half_corner.*} group {!!str Latency}}} {!!map {metric {!!str clock.skew.primary_reporting_skew_group.primary_half_corner.*} group {!!str Skew}}} {!!map {metric {!!str clock.skew.primary_reporting_skew_group.primary_half_corner.skew_band.*} group {!!str {Skew Band}}}}}}}}}} {!!map {clock_skew_advanced {!!map {type {!!str header} title {!!str {}}}}}} {!!map {clock_skew_early_detail {!!map {type {!!str collapse_header} nested {!!map {clock_skew_early_detail_t {!!map {type {!!str table} auto_hide {!!true 1} per_snapshot {!!true 1} key {!!map {{Skew Group | Corner} {!!str clock.skew.skew_group:*.delay_corner:*.early.total}}} ar_metric {!!seq {{!!map {metric {!!str clock.latency.skew_group:%.delay_corner:%.early.*} group {!!str Latency}}} {!!map {metric {!!str clock.skew.skew_group:%.delay_corner:%.early.total} title {!!str Total}}} {!!map {metric {!!str clock.skew.skew_group:%.delay_corner:%.early.gate} title {!!str Gate}}} {!!map {metric {!!str clock.skew.skew_group:%.delay_corner:%.early.wire} title {!!str Wire}}} {!!map {metric {!!str clock.skew.skew_group:%.delay_corner:%.early.target} title {!!str Target}}} {!!map {metric {!!str clock.skew.skew_group:%.delay_corner:%.early.target_met} title {!!str {Target Met}}}} {!!map {metric {!!str clock.skew.skew_group:%.delay_corner:%.early.skew_band.*} group {!!str {Skew band}}}}}}}}}} hidden {!!true 1} title {!!str {Per group/corner (early)}}}}}} {!!map {clock_skew_late_detail {!!map {type {!!str collapse_header} nested {!!map {clock_skew_late_detail_t {!!map {type {!!str table} auto_hide {!!true 1} per_snapshot {!!true 1} key {!!map {{Skew Group | Corner} {!!str clock.skew.skew_group:*.delay_corner:*.late.total}}} ar_metric {!!seq {{!!map {metric {!!str clock.latency.skew_group:%.delay_corner:%.late.*} group {!!str Latency}}} {!!map {metric {!!str clock.skew.skew_group:%.delay_corner:%.late.total} title {!!str Total} group {!!str Skew}}} {!!map {metric {!!str clock.skew.skew_group:%.delay_corner:%.late.gate} title {!!str Gate} group {!!str Skew}}} {!!map {metric {!!str clock.skew.skew_group:%.delay_corner:%.late.wire} title {!!str Wire} group {!!str Skew}}} {!!map {metric {!!str clock.skew.skew_group:%.delay_corner:%.late.target} title {!!str Target} group {!!str Skew}}} {!!map {metric {!!str clock.skew.skew_group:%.delay_corner:%.late.target_met} title {!!str {Target Met}} group {!!str Skew}}} {!!map {metric {!!str clock.skew.skew_group:%.delay_corner:%.late.skew_band.*} group {!!str {Skew band}}}}}}}}}} hidden {!!true 1} title {!!str {Per group/corner (late)}}}}}} {!!map {cts_cpu {!!map {type {!!str header} title {!!str Runtime}}}}} {!!map {cts_cpu_t {!!map {type {!!str cpu}}}}}}}}} {!!map {Design {!!seq {{!!map {physical_physical {!!map {type {!!str header} title {!!str Physical}}}}} {!!map {physical_physical_t {!!map {type {!!str table} per_snapshot {!!true 1} ar_metric {!!seq {{!!map {metric {!!str design.density} title {!!str Density}}} {!!map {metric {!!str design.instances.logical} title {!!str {Logical instances}}}} {!!map {metric {!!str design.area.logical} title {!!str {Logical area}}}} {!!map {metric {!!str design.instances} title {!!str {Total instances}}}} {!!map {metric {!!str design.area} title {!!str {Total area}}}} {!!map {metric {!!str design.blockages.place.area} title {!!str {Blocked area}}}}}}}}}} {!!map {physical_physical_advanced {!!map {type {!!str header} title {!!str {}}}}}} {!!map {physical_physical_insts {!!map {type {!!str collapse_header} nested {!!map {physical_physical_insts_t {!!map {type {!!str table} auto_hide {!!true 1} per_snapshot {!!true 1} ar_metric {!!seq {{!!map {title {!!str { }} group {!!str {Standard Cell}} graph_type {!!str none} renderer {!!str histogram}}} {!!map {metric {!!str design.instances.register} title {!!str register} group {!!str {Standard Cell}}}} {!!map {metric {!!str design.instances.icg} title {!!str icg} group {!!str {Standard Cell}}}} {!!map {metric {!!str design.instances.latch} title {!!str latch} group {!!str {Standard Cell}}}} {!!map {metric {!!str design.instances.buffer} title {!!str buffer} group {!!str {Standard Cell}}}} {!!map {metric {!!str design.instances.inverter} title {!!str inverter} group {!!str {Standard Cell}}}} {!!map {metric {!!str design.instances.combinatorial} title {!!str combo} group {!!str {Standard Cell}}}} {!!map {metric {!!str design.instances.std_cell} title {!!str total} group {!!str {Total (SC)}}}} {!!map {metric {!!str design.instances.macro} title {!!str macro} group {!!str Other}}} {!!map {metric {!!str design.instances.physical} title {!!str physical} group {!!str Other}}} {!!map {metric {!!str design.instances.io} title {!!str io} group {!!str Other}}} {!!map {metric {!!str design.instances.blackbox} title {!!str blackbox} group {!!str Other}}} {!!map {metric {!!str design.instances.power_switch} title {!!str power_switch} group {!!str MSV}}} {!!map {metric {!!str design.instances.isolation} title {!!str isolation} group {!!str MSV}}} {!!map {metric {!!str design.instances.level_shifter} title {!!str level_shifter} group {!!str MSV}}} {!!map {metric {!!str design.instances.always_on} title {!!str always_on} group {!!str MSV}}} {!!map {metric {!!str design.instances} title {!!str total} group {!!str Total}}}}}}}}} hidden {!!true 1} title {!!str {Instances Detail}}}}}} {!!map {physical_physical_area {!!map {type {!!str collapse_header} nested {!!map {physical_physical_area_t {!!map {type {!!str table} auto_hide {!!true 1} per_snapshot {!!true 1} ar_metric {!!seq {{!!map {title {!!str { }} group {!!str {Standard Cell}} graph_type {!!str none} renderer {!!str histogram}}} {!!map {metric {!!str design.area.register} title {!!str register} group {!!str {Standard Cell}}}} {!!map {metric {!!str design.area.icg} title {!!str icg} group {!!str {Standard Cell}}}} {!!map {metric {!!str design.area.latch} title {!!str latch} group {!!str {Standard Cell}}}} {!!map {metric {!!str design.area.buffer} title {!!str buffer} group {!!str {Standard Cell}}}} {!!map {metric {!!str design.area.inverter} title {!!str inverter} group {!!str {Standard Cell}}}} {!!map {metric {!!str design.area.combinatorial} title {!!str combo} group {!!str {Standard Cell}}}} {!!map {metric {!!str design.area.std_cell} title {!!str total} group {!!str {Total (SC)}}}} {!!map {metric {!!str design.area.macro} title {!!str macro} group {!!str Other}}} {!!map {metric {!!str design.area.physical} title {!!str physical} group {!!str Other}}} {!!map {metric {!!str design.area.io} title {!!str io} group {!!str Other}}} {!!map {metric {!!str design.area.blackbox} title {!!str blackbox} group {!!str Other}}} {!!map {metric {!!str design.area.power_switch} title {!!str power_switch} group {!!str MSV}}} {!!map {metric {!!str design.area.isolation} title {!!str isolation} group {!!str MSV}}} {!!map {metric {!!str design.area.level_shifter} title {!!str level_shifter} group {!!str MSV}}} {!!map {metric {!!str design.area.always_on} title {!!str always_on} group {!!str MSV}}} {!!map {metric {!!str design.area} title {!!str total} group {!!str Total}}}}}}}}} hidden {!!true 1} title {!!str {Area Detail}}}}}} {!!map {physical_physical_multibit {!!map {type {!!str collapse_header} nested {!!map {physical_physical_multibit_t {!!map {type {!!str table} auto_hide {!!true 1} per_snapshot {!!true 1} ar_metric {!!seq {{!!map {metric {!!str design.multibit.*} group {!!str Multibit}}}}}}}}} hidden {!!true 1} title {!!str {Multibit Detail}}}}}} {!!map {physical_physical_vth {!!map {type {!!str collapse_header} nested {!!map {physical_per_vth_t {!!map {type {!!str table} auto_hide {!!true 1} per_snapshot {!!true 1} key {!!map {Group {!!str design.instances.vth:*}}} ar_metric {!!seq {{!!map {metric {!!str design.instances.vth:%} group {!!str Instances} title {!!str Total}}} {!!map {metric {!!str design.instances.vth:%.ratio} group {!!str Instances} title {!!str Ratio}}} {!!map {metric {!!str design.area.vth:%} group {!!str Area} title {!!str Total}}} {!!map {metric {!!str design.area.vth:%.ratio} group {!!str Area} title {!!str Ratio}}}}}}}}} hidden {!!true 1} title {!!str {Vth Detail}}}}}} {!!map {physical_physical_hinst {!!map {type {!!str collapse_header} nested {!!map {physical_per_hinst_t {!!map {type {!!str table} auto_hide {!!true 1} key {!!map {Block {!!str design.instances.hinst:*}}} ar_metric {!!seq {{!!map {metric {!!str design.instances.hinst:%} title {!!str Instances} graph_type {!!str treemap}}} {!!map {metric {!!str design.area.hinst:%} title {!!str Area} graph_type {!!str treemap}}}}} hierarchical_separator {!!str /}}}}} hidden {!!true 1} title {!!str Per-Block}}}}} {!!map {physical_check_place {!!map {type {!!str header} title {!!str {Check Place}}}}}} {!!map {physical_check_place_t {!!map {type {!!str vertical_table} auto_hide {!!true 1} per_snapshot {!!true 1} ar_metric {!!seq {{!!map {metric {!!str check.place.*}}}}}}}}} {!!map {physical_cpu {!!map {type {!!str header} title {!!str Runtime}}}}} {!!map {physical_cpu_t {!!map {type {!!str cpu}}}}}}}}} {!!map {Power {!!seq {{!!map {power_power {!!map {type {!!str header} title {!!str Power}}}}} {!!map {power_power_t {!!map {type {!!str table} per_snapshot {!!true 1} ar_metric {!!seq {{!!map {metric {!!str power} title {!!str Total} group {!!str {Whole Design}}}} {!!map {metric {!!str {^power\..*$}} title {!!str { }} group {!!str {Whole Design}} graph_type {!!str none} renderer {!!str histogram}}} {!!map {metric {!!str power.leakage} title {!!str Leakage} group {!!str {Whole Design}}}} {!!map {metric {!!str power.internal} title {!!str Internal} group {!!str {Whole Design}}}} {!!map {metric {!!str power.switching} title {!!str Switching} group {!!str {Whole Design}}}} {!!map {metric {!!str power.clock} title {!!str {Total Clock Power}}}}}}}}}} {!!map {power_advanced {!!map {type {!!str header} title {!!str {}}}}}} {!!map {power_leakage {!!map {type {!!str collapse_header} nested {!!map {power_leakage_t {!!map {type {!!str table} auto_hide {!!true 1} per_snapshot {!!true 1} ar_metric {!!seq {{!!map {metric {!!str power.leakage.type:*} group {!!str {Leakage Power Breakdown}}}}}}}}}} hidden {!!true 1} title {!!str {Leakage Details}}}}}} {!!map {power_internal {!!map {type {!!str collapse_header} nested {!!map {power_internal_t {!!map {type {!!str table} auto_hide {!!true 1} per_snapshot {!!true 1} ar_metric {!!seq {{!!map {metric {!!str power.internal.type:*} group {!!str {Internal Power Breakdown}}}}}}}}}} hidden {!!true 1} title {!!str {Internal Details}}}}}} {!!map {power_switching {!!map {type {!!str collapse_header} nested {!!map {power_switching_t {!!map {type {!!str table} auto_hide {!!true 1} per_snapshot {!!true 1} ar_metric {!!seq {{!!map {metric {!!str power.switching.type:*} group {!!str {Switching Power Breakdown}}}}}}}}}} hidden {!!true 1} title {!!str {Switching Details}}}}}} {!!map {power_per_block {!!map {type {!!str collapse_header} nested {!!map {power_per_block_t {!!map {type {!!str table} auto_hide {!!true 1} key {!!map {Block {!!str power.hinst:*}}} ar_metric {!!seq {{!!map {metric {!!str power.hinst:%} title {!!str Total} graph_type {!!str treemap}}} {!!map {metric {!!str power.switching.hinst:%} title {!!str Switching} graph_type {!!str treemap}}} {!!map {metric {!!str power.leakage.hinst:%} title {!!str Leakage} graph_type {!!str treemap}}} {!!map {metric {!!str power.internal.hinst:%} title {!!str Internal} graph_type {!!str treemap}}}}} hierarchical_separator {!!str /}}}}} hidden {!!true 1} title {!!str {Per Block}}}}}} {!!map {power_cpu {!!map {type {!!str header} title {!!str Runtime}}}}} {!!map {power_cpu_t {!!map {type {!!str cpu}}}}}}}}} {!!map {Route {!!seq {{!!map {route_route {!!map {type {!!str header} title {!!str Routing}}}}} {!!map {route_image {!!map {type {!!str image_plot} ar_metric {!!seq {{!!map {metric {!!str design.floorplan.image}}} {!!map {metric {!!str design.macro.image}}} {!!map {metric {!!str design.hotspot.image}}} {!!map {metric {!!str design.place.drc.image}}} {!!map {metric {!!str design.route.drc.image}}}}}}}}} {!!map {route_route_t {!!map {type {!!str table} per_snapshot {!!true 1} ar_metric {!!seq {{!!map {metric {!!str route.overflow.horizontal} title {!!str Hor} group {!!str Congestion}}} {!!map {metric {!!str route.overflow.vertical} title {!!str Ver} group {!!str Congestion}}} {!!map {metric {!!str design.congestion.hotspot.max} title {!!str Max} group {!!str Congestion}}} {!!map {metric {!!str design.congestion.hotspot.total} title {!!str Total} group {!!str Congestion}}} {!!map {metric {!!str route.map.*} group {!!str {Congestion Map}}}} {!!map {metric {!!str route.wirelength} title {!!str Wirelength}}} {!!map {metric {!!str route.via.singlecut} title {!!str Single} group {!!str Vias}}} {!!map {metric {!!str route.via.multicut} title {!!str Multi} group {!!str Vias}}} {!!map {metric {!!str route.via} title {!!str Total} group {!!str Vias}}} {!!map {metric {!!str route.shielding.*} group {!!str Shielding}}} {!!map {metric {!!str route.drc.antenna} title {!!str Antenna} group {!!str {Route DRC}}}} {!!map {metric {!!str route.drc} title {!!str Routing} group {!!str {Route DRC}}}} {!!map {metric {!!str check.drc.antenna} title {!!str Antenna} group {!!str {Check DRC}} link_file_metric {!!str check.antenna.report_file}}} {!!map {metric {!!str check.drc} title {!!str Routing} group {!!str {Check DRC}} link_file_metric {!!str check.drc.report_file}}}}}}}}} {!!map {route_advanced {!!map {type {!!str header} title {!!str {}}}}}} {!!map {route_overflow {!!map {type {!!str collapse_header} nested {!!map {route_overflow_t {!!map {type {!!str table} auto_hide {!!true 1} per_snapshot {!!true 1} ar_metric {!!seq {{!!map {metric {!!str route.overflow} title {!!str Total}}} {!!map {title {!!str { }} group {!!str Layer} graph_type {!!str none} renderer {!!str histogram}}} {!!map {metric {!!str route.overflow.layer:*} group {!!str Layer}}}}}}}}} hidden {!!true 1} title {!!str {Congestion Details}}}}}} {!!map {per_layer_drc {!!map {type {!!str collapse_header} nested {!!map {per_layer_drc_t {!!map {type {!!str table} auto_hide {!!true 1} per_snapshot {!!true 1} key {!!map {Tool {!!str *.drc}}} ar_metric {!!seq {{!!map {metric {!!str %.drc} title {!!str Total}}} {!!map {title {!!str { }} group {!!str Layer} graph_type {!!str none} renderer {!!str histogram}}} {!!map {metric {!!str %.drc.layer:*} group {!!str Layer}}}}} hide_footers {!!true 1} hide_graph_footers {!!true 1}}}}} hidden {!!true 1} title {!!str {Per Layer DRC}}}}}} {!!map {per_type_drc {!!map {type {!!str collapse_header} nested {!!map {per_type_drc_t {!!map {type {!!str vertical_table} auto_hide {!!true 1} key {!!map {Tool {!!str *.drc}}} ar_metric {!!seq {{!!map {metric {!!str %.drc} title {!!str Total}}} {!!map {title {!!str { }} group {!!str Type} graph_type {!!str none} renderer {!!str histogram}}} {!!map {metric {!!str %.drc.type:*} group {!!str Type}}}}} hide_footers {!!true 1} hide_graph_footers {!!true 1}}}}} hidden {!!true 1} title {!!str {Per Type DRC}}}}}} {!!map {per_layer_type {!!map {type {!!str collapse_header} nested {!!map {per_layer_type_t {!!map {type {!!str vertical_table} key {!!map {Tool {!!str *.drc} Layer {!!str route.drc.layer:*}}} ar_metric {!!seq {{!!map {metric {!!str %.drc.layer:%.type:*} group {!!str Type}}}}} hide_footers {!!true 1} hide_graph_footers {!!true 1}}}}} hidden {!!true 1} title {!!str {Per Layer & Type DRC}}}}}} {!!map {route_via {!!map {type {!!str collapse_header} nested {!!map {route_via_t {!!map {type {!!str table} auto_hide {!!true 1} per_snapshot {!!true 1} ar_metric {!!seq {{!!map {metric {!!str route.via.total} title {!!str Total} group {!!str Vias}}} {!!map {metric {!!str {^.*layer:.*$}} title {!!str { }} group {!!str Vias} graph_type {!!str none} renderer {!!str histogram}}} {!!map {metric {!!str route.via.layer:*} group {!!str Vias}}} {!!map {metric {!!str route.via.singlecut} title {!!str Total} group {!!str {Single Cut Vias}}}} {!!map {metric {!!str route.via.singlecut.percentage} title {!!str Percent} group {!!str {Single Cut Vias}}}} {!!map {metric {!!str {^.*layer:.*$}} title {!!str { }} group {!!str {Single Cut Vias}} graph_type {!!str none} renderer {!!str histogram}}} {!!map {metric {!!str route.via.singlecut.layer:*} group {!!str {Single Cut Vias}}}} {!!map {metric {!!str route.via.multicut} title {!!str Total} group {!!str {Multiple Cut Vias}}}} {!!map {metric {!!str route.via.multicut.percentage} title {!!str Percent} group {!!str {Multiple Cut Vias}}}} {!!map {metric {!!str {^.*layer:.*$}} title {!!str { }} group {!!str {Multiple Cut Vias}} graph_type {!!str none} renderer {!!str histogram}}} {!!map {metric {!!str route.via.multicut.layer:*} group {!!str {Multiple Cut Vias}}}}}}}}}} hidden {!!true 1} title {!!str {Via Details}}}}}} {!!map {rblkg {!!map {type {!!str collapse_header} nested {!!map {rblkg_t {!!map {type {!!str table} auto_hide {!!true 1} per_snapshot {!!true 1} ar_metric {!!seq {{!!map {metric {!!str design.blockages.route.area} title {!!str Total}}} {!!map {title {!!str { }} group {!!str Layer} graph_type {!!str none} renderer {!!str histogram}}} {!!map {metric {!!str design.blockages.route.area.layer:*} group {!!str Layer}}}}}}}}} hidden {!!true 1} title {!!str {Blockage Details}}}}}} {!!map {route_cpu {!!map {type {!!str header} title {!!str Runtime}}}}} {!!map {route_cpu_t {!!map {type {!!str cpu}}}}}}}}} {!!map {Flow {!!seq {{!!map {flow_log_flow {!!map {type {!!str header} title {!!str {Log and Flow Info}}}}}} {!!map {flow_log_flow_t {!!map {type {!!str table} per_snapshot {!!true 1} ar_metric {!!seq {{!!map {metric {!!str flow.user} title {!!str User}}} {!!map {metric {!!str flow.log} title {!!str {Log File}} link_file_metric {!!str flow.log}}} {!!map {metric {!!str flow.run_directory} title {!!str {Run Dir}}}} {!!map {metric {!!str flow.run_tag} title {!!str {Run Tag}}}} {!!map {metric {!!str flow.step.tcl} title {!!str {Step TCL}}}}}} hide_footers {!!true 1} hide_graph_footers {!!true 1}}}}} {!!map {flow_config {!!map {type {!!str header} title {!!str {Non-Default Root Config Options}}}}}} {!!map {flow_config_t {!!map {type {!!str dict_table} metric {!!map {metric {!!str flow.root_config}}}}}}} {!!map {flow_cpu {!!map {type {!!str header} title {!!str Runtime}}}}} {!!map {flow_machine_t {!!map {type {!!str vertical_table} hide_footers {!!true 1} hide_graph_footers {!!true 1} ar_metric {!!seq {{!!map {metric {!!str flow.machine.hostname} title {!!str Host}}} {!!map {metric {!!str flow.machine.cpu.model} title {!!str Model}}} {!!map {metric {!!str flow.machine.cpu.frequency} title {!!str Cpu}}} {!!map {metric {!!str flow.machine.cpu.number} title {!!str Cpus}}} {!!map {metric {!!str flow.machine.os} title {!!str OS}}} {!!map {metric {!!str flow.machine.memory.free} title {!!str Free} group {!!str Memory}}} {!!map {metric {!!str flow.machine.memory.total} title {!!str Total} group {!!str Memory}}} {!!map {metric {!!str flow.machine.swap.free} title {!!str Free} group {!!str Swap}}} {!!map {metric {!!str flow.machine.swap.total} title {!!str Total} group {!!str Swap}}}}}}}}} {!!map {flow_runtime_t {!!map {type {!!str table} per_snapshot {!!true 1} ar_metric {!!seq {{!!map {metric {!!str flow.cputime} title {!!str CPU} group {!!str Runtime}}} {!!map {metric {!!str flow.cputime.total} title {!!str {Total CPU}} group {!!str Runtime}}} {!!map {metric {!!str flow.realtime} title {!!str Wall} group {!!str Runtime}}} {!!map {metric {!!str flow.realtime.total} title {!!str {Total Wall}} group {!!str Runtime}}} {!!map {metric {!!str flow.machine.load} title {!!str Load} group {!!str Machine}}} {!!map {metric {!!str flow.memory} title {!!str Resi+Virtual} group {!!str Memory}}} {!!map {metric {!!str flow.memory.resident} title {!!str Resi} group {!!str Memory}}} {!!map {metric {!!str flow.memory.resident.peak} title {!!str {Peak Resi}} group {!!str Memory}}}}}}}}} {!!map {flow_cpu_t {!!map {type {!!str cpu}}}}}}}}}}}} excel {HUDDLE {!!seq {{!!map {Summary {!!seq {{!!map {summary_flow {!!map {type {!!str header} title {!!str {}}}}}} {!!map {summary_flow_t {!!map {type {!!str vertical_table} auto_hide {!!true 1} ar_metric {!!seq {{!!map {metric {!!str design.name} title {!!str Design}}} {!!map {metric {!!str flow.tool_list} title {!!str Tools}}} {!!map {metric {!!str flow.template.type} title {!!str Flow}}} {!!map {metric {!!str flow.template.feature_enabled} title {!!str {Enabled features}}}} {!!map {metric {!!str flow.run_tag} title {!!str Tag}}} {!!map {metric {!!str flow.machine} title {!!str {Run host}}}} {!!map {metric {!!str flow.run_directory} title {!!str {Run directory}}}} {!!map {metric {!!str flow.last_child_snapshot} title {!!str {Last step}}}}}}}}}} {!!map {summary_qor {!!map {type {!!str header} title {!!str {Stylus QOR summary}}}}}} {!!map {summary_qor_t {!!map {type {!!str table} per_snapshot {!!true 1} ar_metric {!!seq {{!!map {metric {!!str timing.setup.wns} title {!!str WNS} group {!!str {Setup (all)}} navigation {!!map {view {!!str default_timing} tab {!!str Timing}}}}} {!!map {metric {!!str timing.setup.tns} title {!!str TNS} group {!!str {Setup (all)}} navigation {!!map {view {!!str default_timing} tab {!!str Timing}}}}} {!!map {metric {!!str timing.setup.feps} title {!!str FEPS} group {!!str {Setup (all)}}}} {!!map {metric {!!str timing.setup.wns.path_group:reg2reg} title {!!str WNS} group {!!str {Setup (reg2reg)}} navigation {!!map {view {!!str default_timing} tab {!!str Timing}}}}} {!!map {metric {!!str timing.setup.tns.path_group:reg2reg} title {!!str TNS} group {!!str {Setup (reg2reg)}} navigation {!!map {view {!!str default_timing} tab {!!str Timing}}}}} {!!map {metric {!!str timing.setup.feps.path_group:reg2reg} title {!!str FEPS} group {!!str {Setup (reg2reg)}}}} {!!map {metric {!!str timing.hold.wns} title {!!str WNS} group {!!str {Hold (all)}} navigation {!!map {view {!!str default_timing} tab {!!str Timing}}}}} {!!map {metric {!!str timing.hold.tns} title {!!str TNS} group {!!str {Hold (all)}} navigation {!!map {view {!!str default_timing} tab {!!str Timing}}}}} {!!map {metric {!!str timing.hold.feps} title {!!str FEPS} group {!!str {Hold (all)}}}} {!!map {metric {!!str timing.hold.wns.path_group:reg2reg} title {!!str WNS} group {!!str {Hold (reg2reg)}} navigation {!!map {view {!!str default_timing} tab {!!str Timing}}}}} {!!map {metric {!!str timing.hold.tns.path_group:reg2reg} title {!!str TNS} group {!!str {Hold (reg2reg)}} navigation {!!map {view {!!str default_timing} tab {!!str Timing}}}}} {!!map {metric {!!str timing.hold.feps.path_group:reg2reg} title {!!str FEPS} group {!!str {Hold (reg2reg)}}}} {!!map {metric {!!str timing.drv.max_tran.total} title {!!str Tran} group {!!str DRV} link_file_metric {!!str timing.drv.report_file}}} {!!map {metric {!!str timing.drv.max_cap.total} title {!!str Load} group {!!str DRV} link_file_metric {!!str timing.drv.report_file}}} {!!map {metric {!!str timing.drv.max_fanout.total} title {!!str Fanout} group {!!str DRV} link_file_metric {!!str timing.drv.report_file}}} {!!map {metric {!!str clock.instances.total} title {!!str Insts} group {!!str Clock} link_table {!!str clock_phys}}} {!!map {metric {!!str clock.area.total} title {!!str Area} group {!!str Clock} link_table {!!str clock_phys}}} {!!map {metric {!!str design.density} title {!!str Density} group {!!str Design}}} {!!map {metric {!!str design.instances.logical} title {!!str Insts} group {!!str Design} link_table {!!str physical_physical}}} {!!map {metric {!!str design.area.logical} title {!!str Area} group {!!str Design} link_table {!!str physical_physical}}} {!!map {metric {!!str power.leakage} title {!!str Leakage} group {!!str Power} link_table {!!str power_power}}} {!!map {metric {!!str route.drc} title {!!str DRC} group {!!str Route} link_table {!!str route_route}}} {!!map {metric {!!str route.wirelength} title {!!str WL} group {!!str Route} link_table {!!str route_route}}} {!!map {metric {!!str messages} title {!!str Errors} group {!!str Tool}}} {!!map {metric {!!str flow.realtime} title {!!str Wall} group {!!str Tool} link_table {!!str flow_cpu}}} {!!map {metric {!!str flow.memory} title {!!str Memory} group {!!str Tool} link_table {!!str flow_cpu}}}}}}}}}}}}} {!!map {Timing {!!seq {{!!map {timing_setup {!!map {type {!!str header} title {!!str {Setup Timing}}}}}} {!!map {timing_setup_t {!!map {type {!!str table} per_snapshot {!!true 1} key {!!map {Group {!!str timing.setup.wns.path_group:*} View {!!str timing.setup.wns.analysis_view:*}}} collapsible_key {!!true 1} ar_metric {!!seq {{!!map {metric {!!str timing.setup.wns.path_group:%.analysis_view:%} title {!!str WNS} navigation {!!map {view {!!str default_timing} tab {!!str Timing}}}}} {!!map {metric {!!str timing.setup.tns.path_group:%.analysis_view:%} title {!!str TNS} navigation {!!map {view {!!str default_timing} tab {!!str Timing}}}}} {!!map {metric {!!str timing.setup.feps.path_group:%.analysis_view:%} title {!!str FEPS}}}}}}}}} {!!map {timing_hold {!!map {type {!!str header} title {!!str {Hold Timing}}}}}} {!!map {timing_hold_t {!!map {type {!!str table} per_snapshot {!!true 1} key {!!map {Group {!!str timing.hold.wns.path_group:*} View {!!str timing.hold.wns.analysis_view:*}}} collapsible_key {!!true 1} ar_metric {!!seq {{!!map {metric {!!str timing.hold.wns.path_group:%.analysis_view:%} title {!!str WNS} navigation {!!map {view {!!str default_timing} tab {!!str Timing}}}}} {!!map {metric {!!str timing.hold.tns.path_group:%.analysis_view:%} title {!!str TNS} navigation {!!map {view {!!str default_timing} tab {!!str Timing}}}}} {!!map {metric {!!str timing.hold.feps.path_group:%.analysis_view:%} title {!!str FEPS}}}}}}}}} {!!map {timing_drv {!!map {type {!!str header} title {!!str {Design Rule Violations}}}}}} {!!map {timing_drv_t {!!map {type {!!str table} per_snapshot {!!true 1} ar_metric {!!seq {{!!map {metric {!!str timing.drv.max_tran.total} title {!!str Total} group {!!str Tran}}} {!!map {metric {!!str timing.drv.max_tran.worst} title {!!str Worst} group {!!str Tran} link_file_metric {!!str timing.drv.report_file}}} {!!map {metric {!!str timing.drv.max_cap.total} title {!!str Total} group {!!str Cap}}} {!!map {metric {!!str timing.drv.max_cap.worst} title {!!str Worst} group {!!str Cap}}} {!!map {metric {!!str timing.drv.max_fanout.total} title {!!str Total} group {!!str Fanout}}} {!!map {metric {!!str timing.drv.max_fanout.worst} title {!!str Worst} group {!!str Fanout}}} {!!map {metric {!!str timing.drv.max_length.total} title {!!str Total} group {!!str Length}}} {!!map {metric {!!str timing.drv.max_length.worst} title {!!str Worst} group {!!str Length}}} {!!map {metric {!!str timing.si.glitches} title {!!str Glitches} group {!!str SI}}} {!!map {metric {!!str timing.si.noise} title {!!str Noise} group {!!str SI}}}}}}}}}}}}} {!!map {Clock {!!seq {{!!map {clock_phys {!!map {type {!!str header} title {!!str Physical}}}}} {!!map {clock_phys_t {!!map {type {!!str table} per_snapshot {!!true 1} ar_metric {!!seq {{!!map {metric {!!str clock.instances.total} title {!!str #Total} group {!!str Instances}}} {!!map {metric {!!str {^.*\.(?!total$)[^\.]+$}} title {!!str { }} group {!!str Instances} graph_type {!!str none} renderer {!!str histogram}}} {!!map {metric {!!str clock.instances.buffer} title {!!str #Buffers} group {!!str Instances}}} {!!map {metric {!!str clock.instances.inverter} title {!!str #Inverters} group {!!str Instances}}} {!!map {metric {!!str clock.instances.clkgate} title {!!str {#Clock Gates}} group {!!str Instances}}} {!!map {metric {!!str clock.instances.nonicg} title {!!str {#Non Integrated}} group {!!str Instances}}} {!!map {metric {!!str clock.instances.logic} title {!!str #Logic} group {!!str Instances}}} {!!map {metric {!!str clock.area.total} title {!!str Total} group {!!str Area}}} {!!map {metric {!!str {^.*\.(?!total$)[^\.]+$}} title {!!str { }} group {!!str Area} graph_type {!!str none} renderer {!!str histogram}}} {!!map {metric {!!str clock.area.buffer} title {!!str Buffers} group {!!str Area}}} {!!map {metric {!!str clock.area.inverter} title {!!str Inverters} group {!!str Area}}} {!!map {metric {!!str clock.area.clkgate} title {!!str {Clock Gates}} group {!!str Area}}} {!!map {metric {!!str clock.area.nonicg} title {!!str {Non Integrated}} group {!!str Area}}} {!!map {metric {!!str clock.area.logic} title {!!str Logic} group {!!str Area}}} {!!map {metric {!!str clock.nets.length.total} title {!!str {Tot Clk Net Length}} group {!!str Nets}}}}}}}}} {!!map {clock_phys_cap {!!map {type {!!str header} title {!!str {}}}}}} {!!map {clock_phys_cap_t {!!map {type {!!str table} per_snapshot {!!true 1} ar_metric {!!seq {{!!map {title {!!str { }} group {!!str Wire} graph_type {!!str none} renderer {!!str histogram}}} {!!map {metric {!!str clock.capacitance.wire.top} title {!!str Top} group {!!str Wire}}} {!!map {metric {!!str clock.capacitance.wire.trunk} title {!!str Trunk} group {!!str Wire}}} {!!map {metric {!!str clock.capacitance.wire.leaf} title {!!str Leaf} group {!!str Wire}}} {!!map {title {!!str { }} group {!!str Gate} graph_type {!!str none} renderer {!!str histogram}}} {!!map {metric {!!str clock.capacitance.gate.top} title {!!str Top} group {!!str Gate}}} {!!map {metric {!!str clock.capacitance.gate.trunk} title {!!str Trunk} group {!!str Gate}}} {!!map {metric {!!str clock.capacitance.gate.leaf} title {!!str Leaf} group {!!str Gate}}} {!!map {title {!!str { }} group {!!str Total} graph_type {!!str none} renderer {!!str histogram}}} {!!map {metric {!!str clock.capacitance.total.top} title {!!str Top} group {!!str Total}}} {!!map {metric {!!str clock.capacitance.total.trunk} title {!!str Trunk} group {!!str Total}}} {!!map {metric {!!str clock.capacitance.total.leaf} title {!!str Leaf} group {!!str Total}}} {!!map {metric {!!str clock.capacitance.sink.*} group {!!str Sink}}}}}}}}} {!!map {clock_drv {!!map {type {!!str header} title {!!str DRV}}}}} {!!map {clock_drv_t {!!map {type {!!str table} per_snapshot {!!true 1} ar_metric {!!seq {{!!map {metric {!!str {clock.drv.nets.remaining transition.count}} title {!!str Count} group {!!str {Remaining Transition}}}} {!!map {metric {!!str {clock.drv.nets.remaining transition.max}} title {!!str Max} group {!!str {Remaining Transition}}}} {!!map {metric {!!str {clock.drv.nets.unfixable transition.count}} title {!!str Count} group {!!str {Unfixable Transition}}}} {!!map {metric {!!str {clock.drv.nets.unfixable transition.max}} title {!!str Max} group {!!str {Unfixable Transition}}}} {!!map {metric {!!str clock.drv.nets.capacitance.count} title {!!str Count} group {!!str Capacitance}}} {!!map {metric {!!str clock.drv.nets.capacitance.max} title {!!str Max} group {!!str Capacitance}}} {!!map {metric {!!str clock.drv.nets.resistance.count} title {!!str Count} group {!!str Resistance}}} {!!map {metric {!!str clock.drv.nets.resistance.max} title {!!str Max} group {!!str Resistance}}} {!!map {metric {!!str clock.drv.nets.length.count} title {!!str Count} group {!!str Length}}} {!!map {metric {!!str clock.drv.nets.length.max} title {!!str Max} group {!!str Length}}} {!!map {metric {!!str clock.drv.nets.fanout.count} title {!!str Count} group {!!str Fanout}}} {!!map {metric {!!str clock.drv.nets.fanout.max} title {!!str Max} group {!!str Fanout}}}}}}}}} {!!map {clock_drv_tran_tar {!!map {type {!!str header} title {!!str Transition}}}}} {!!map {clock_drv_tran_tar_t {!!map {type {!!str table} auto_hide {!!true 1} ar_metric {!!seq {{!!map {metric {!!str clock.transition.target.primary_half_corner.top.*} group {!!str {Top Transition Target Stats}}}} {!!map {metric {!!str clock.transition.target.primary_half_corner.trunk.*} group {!!str {Trunk Transition Target Stats}}}} {!!map {metric {!!str clock.transition.target.primary_half_corner.leaf.*} group {!!str {Leaf Transition Target Stats}}}}}}}}}} {!!map {clock_skew {!!map {type {!!str header} title {!!str Latency/Skew}}}}} {!!map {clock_skew_t {!!map {type {!!str table} auto_hide {!!true 1} per_snapshot {!!true 1} ar_metric {!!seq {{!!map {metric {!!str clock.latency.primary_reporting_skew_group.primary_half_corner.*} group {!!str Latency}}} {!!map {metric {!!str clock.skew.primary_reporting_skew_group.primary_half_corner.*} group {!!str Skew}}} {!!map {metric {!!str clock.skew.primary_reporting_skew_group.primary_half_corner.skew_band.*} group {!!str {Skew Band}}}}}}}}}}}}}} {!!map {Design {!!seq {{!!map {physical_physical {!!map {type {!!str header} title {!!str Physical}}}}} {!!map {physical_physical_t {!!map {type {!!str table} per_snapshot {!!true 1} ar_metric {!!seq {{!!map {metric {!!str design.density} title {!!str Density}}} {!!map {metric {!!str design.instances.logical} title {!!str {Logical instances}}}} {!!map {metric {!!str design.area.logical} title {!!str {Logical area}}}} {!!map {metric {!!str design.instances} title {!!str {Total instances}}}} {!!map {metric {!!str design.area} title {!!str {Total area}}}} {!!map {metric {!!str design.blockages.place.area} title {!!str {Blocked area}}}}}}}}}} {!!map {physical_check_place {!!map {type {!!str header} title {!!str {Check Place}}}}}} {!!map {physical_check_place_t {!!map {type {!!str vertical_table} auto_hide {!!true 1} per_snapshot {!!true 1} ar_metric {!!seq {{!!map {metric {!!str check.place.*}}}}}}}}}}}}} {!!map {Power {!!seq {{!!map {power_power {!!map {type {!!str header} title {!!str Power}}}}} {!!map {power_power_t {!!map {type {!!str table} per_snapshot {!!true 1} ar_metric {!!seq {{!!map {metric {!!str power} title {!!str Total} group {!!str {Whole Design}}}} {!!map {metric {!!str {^power\..*$}} title {!!str { }} group {!!str {Whole Design}} graph_type {!!str none} renderer {!!str histogram}}} {!!map {metric {!!str power.leakage} title {!!str Leakage} group {!!str {Whole Design}}}} {!!map {metric {!!str power.internal} title {!!str Internal} group {!!str {Whole Design}}}} {!!map {metric {!!str power.switching} title {!!str Switching} group {!!str {Whole Design}}}} {!!map {metric {!!str power.clock} title {!!str {Total Clock Power}}}}}}}}}}}}}} {!!map {Route {!!seq {{!!map {route_route {!!map {type {!!str header} title {!!str Routing}}}}} {!!map {route_route_t {!!map {type {!!str table} per_snapshot {!!true 1} ar_metric {!!seq {{!!map {metric {!!str route.overflow.horizontal} title {!!str Hor} group {!!str Congestion}}} {!!map {metric {!!str route.overflow.vertical} title {!!str Ver} group {!!str Congestion}}} {!!map {metric {!!str design.congestion.hotspot.max} title {!!str Max} group {!!str Congestion}}} {!!map {metric {!!str design.congestion.hotspot.total} title {!!str Total} group {!!str Congestion}}} {!!map {metric {!!str route.map.*} group {!!str {Congestion Map}}}} {!!map {metric {!!str route.wirelength} title {!!str Wirelength}}} {!!map {metric {!!str route.via.singlecut} title {!!str Single} group {!!str Vias}}} {!!map {metric {!!str route.via.multicut} title {!!str Multi} group {!!str Vias}}} {!!map {metric {!!str route.via} title {!!str Total} group {!!str Vias}}} {!!map {metric {!!str route.drc.antenna} title {!!str Antenna} group {!!str {Route DRC}}}} {!!map {metric {!!str route.drc} title {!!str Total} group {!!str {Route DRC}}}} {!!map {metric {!!str route.shielding.*} group {!!str {Shielding Nets}}}} {!!map {metric {!!str check.drc.antenna} title {!!str Antenna} group {!!str {Check DRC}} link_file_metric {!!str check.antenna.report_file}}} {!!map {metric {!!str check.drc} title {!!str Total} group {!!str {Check DRC}} link_file_metric {!!str check.drc.report_file}}}}}}}}}}}}} {!!map {Flow {!!seq {{!!map {flow_log_flow {!!map {type {!!str header} title {!!str {Log and Flow Info}}}}}} {!!map {flow_log_flow_t {!!map {type {!!str table} per_snapshot {!!true 1} ar_metric {!!seq {{!!map {metric {!!str flow.user} title {!!str User}}} {!!map {metric {!!str flow.log} title {!!str {Log File}} link_file_metric {!!str flow.log}}} {!!map {metric {!!str flow.run_directory} title {!!str {Run Dir}}}} {!!map {metric {!!str flow.run_tag} title {!!str {Run Tag}}}} {!!map {metric {!!str flow.step.tcl} title {!!str {Step TCL}}}}}} hide_footers {!!true 1} hide_graph_footers {!!true 1}}}}} {!!map {flow_cpu {!!map {type {!!str header} title {!!str Runtime}}}}} {!!map {flow_machine_t {!!map {type {!!str vertical_table} hide_footers {!!true 1} hide_graph_footers {!!true 1} ar_metric {!!seq {{!!map {metric {!!str flow.machine.hostname} title {!!str Host}}} {!!map {metric {!!str flow.machine.cpu.model} title {!!str Model}}} {!!map {metric {!!str flow.machine.cpu.frequency} title {!!str Cpu}}} {!!map {metric {!!str flow.machine.cpu.number} title {!!str Cpus}}} {!!map {metric {!!str flow.machine.os} title {!!str OS}}} {!!map {metric {!!str flow.machine.memory.free} title {!!str Free} group {!!str Memory}}} {!!map {metric {!!str flow.machine.memory.total} title {!!str Total} group {!!str Memory}}} {!!map {metric {!!str flow.machine.swap.free} title {!!str Free} group {!!str Swap}}} {!!map {metric {!!str flow.machine.swap.total} title {!!str Total} group {!!str Swap}}}}}}}}} {!!map {flow_runtime_t {!!map {type {!!str table} per_snapshot {!!true 1} ar_metric {!!seq {{!!map {metric {!!str flow.cputime} title {!!str CPU} group {!!str Runtime}}} {!!map {metric {!!str flow.cputime.total} title {!!str {Total CPU}} group {!!str Runtime}}} {!!map {metric {!!str flow.realtime} title {!!str Wall} group {!!str Runtime}}} {!!map {metric {!!str flow.realtime.total} title {!!str {Total Wall}} group {!!str Runtime}}} {!!map {metric {!!str flow.memory} title {!!str Resi+Virtual} group {!!str Memory}}} {!!map {metric {!!str flow.memory.resident} title {!!str Resident} group {!!str Memory}}} {!!map {metric {!!str flow.memory.resident.peak} title {!!str {Peak Resident}} group {!!str Memory}}}}}}}}}}}}}}}} text {HUDDLE {!!seq {{!!map {{} {!!seq {{!!map {summary_qor_t {!!map {type {!!str table} per_snapshot {!!true 1} ar_metric {!!seq {{!!map {metric {!!str timing.setup.wns} title {!!str WNS}}} {!!map {metric {!!str timing.setup.tns} title {!!str TNS}}} {!!map {metric {!!str timing.setup.feps} title {!!str FEPS}}} {!!map {metric {!!str timing.setup.wns.path_group:reg2reg} title {!!str WNS(R)}}} {!!map {metric {!!str timing.setup.tns.path_group:reg2reg} title {!!str TNS(R)}}} {!!map {metric {!!str timing.setup.feps.path_group:reg2reg} title {!!str FEPS(R)}}} {!!map {metric {!!str timing.drv.max_tran.total} title {!!str DRV(T)}}} {!!map {metric {!!str timing.drv.max_cap.total} title {!!str DRV(C)}}} {!!map {metric {!!str power.leakage} title {!!str Power(L)}}} {!!map {metric {!!str design.density} title {!!str Density}}} {!!map {metric {!!str design.instances.logical} title {!!str Insts}}} {!!map {metric {!!str design.area.logical} title {!!str Area}}} {!!map {metric {!!str route.drc} title {!!str DRC}}} {!!map {metric {!!str flow.realtime} title {!!str Wall}}}}}}}}}}}}}}}}}
<CMD> set pegDefaultResScaleFactor 1
<CMD> set pegDetailResScaleFactor 1
<CMD> set pegEnableDualViewForTQuantus 1
<CMD> get_message -id GLOBAL-100 -suppress
<CMD> get_message -id GLOBAL-100 -suppress
<CMD> set report_inactive_arcs_format {from to when arc_type sense reason}
<CMD> set spgUnflattenIlmInCheckPlace 2
<CMD> get_message -id GLOBAL-100 -suppress
<CMD> get_message -id GLOBAL-100 -suppress
<CMD> set timing_aocv_efficient_accurate_mode 1
**WARN: (IMPUDM-33):	Global variable "timing_aocv_enable_gba_combine_launch_capture" is obsolete and will be removed in a future release. The obsolete variable still works in this release, but to avoid this warning and to ensure compatibility with future releases, remove the obsolete variable from your script.
<CMD> get_message -id GLOBAL-100 -suppress
<CMD> unsuppressMessage -silent GLOBAL-100
**WARN: (IMPUDM-33):	Global variable "timing_aocv_enable_gba_combine_launch_capture" is obsolete and will be removed in a future release. The obsolete variable still works in this release, but to avoid this warning and to ensure compatibility with future releases, remove the obsolete variable from your script.
<CMD> get_message -id GLOBAL-100 -suppress
<CMD> unsuppressMessage -silent GLOBAL-100
<CMD> set timing_aocv_enable_gba_combine_launch_capture 1
<CMD> get_message -id GLOBAL-100 -suppress
<CMD> get_message -id GLOBAL-100 -suppress
<CMD> set timing_clock_root_frequency_compatibility 1
<CMD> get_message -id GLOBAL-100 -suppress
<CMD> get_message -id GLOBAL-100 -suppress
<CMD> set timing_constraint_efficient_lib_pin 1
<CMD> get_message -id GLOBAL-100 -suppress
<CMD> get_message -id GLOBAL-100 -suppress
<CMD> set timing_constraint_enable_add_brackets_name 0
<CMD> get_message -id GLOBAL-100 -suppress
<CMD> get_message -id GLOBAL-100 -suppress
<CMD> set timing_constraint_enable_efficient_all_register_flow 1
<CMD> get_message -id GLOBAL-100 -suppress
<CMD> get_message -id GLOBAL-100 -suppress
<CMD> set timing_constraint_enable_efficient_mode 1
<CMD> get_message -id GLOBAL-100 -suppress
<CMD> get_message -id GLOBAL-100 -suppress
<CMD> set timing_constraint_enable_efficient_timing_update 1
<CMD> get_message -id GLOBAL-100 -suppress
<CMD> get_message -id GLOBAL-100 -suppress
<CMD> set timing_constraint_enable_multi_thread_timing_update 1
<CMD> get_message -id GLOBAL-100 -suppress
<CMD> get_message -id GLOBAL-100 -suppress
<CMD> set timing_constraint_enable_property_keywords_with_filter_expression 1
<CMD> get_message -id GLOBAL-100 -suppress
<CMD> get_message -id GLOBAL-100 -suppress
<CMD> set timing_constraint_ignore_invalid_objects_for_drv 1
<CMD> get_message -id GLOBAL-100 -suppress
<CMD> get_message -id GLOBAL-100 -suppress
<CMD> set timing_constraint_mmmc_get_lib_objects_reset 1
<CMD> get_message -id GLOBAL-100 -suppress
<CMD> get_message -id GLOBAL-100 -suppress
<CMD> set timing_disable_backward_compatible_hierarchical_context_latch_thru_mode 1
<CMD> get_message -id GLOBAL-100 -suppress
<CMD> get_message -id GLOBAL-100 -suppress
<CMD> set timing_disable_backward_compatible_save_restore_flow 1
<CMD> get_message -id GLOBAL-100 -suppress
<CMD> get_message -id GLOBAL-100 -suppress
<CMD> set timing_disable_backward_compatible_ssi_derate_mode 1
<CMD> get_message -id GLOBAL-100 -suppress
<CMD> get_message -id GLOBAL-100 -suppress
<CMD> set timing_disable_efficient_derate_mode 1
**WARN: (IMPUDM-33):	Global variable "timing_enable_backward_compatible_latch_thru_mt_mode" is obsolete and will be removed in a future release. The obsolete variable still works in this release, but to avoid this warning and to ensure compatibility with future releases, remove the obsolete variable from your script.
<CMD> get_message -id GLOBAL-100 -suppress
<CMD> unsuppressMessage -silent GLOBAL-100
**WARN: (IMPUDM-33):	Global variable "timing_enable_backward_compatible_latch_thru_mt_mode" is obsolete and will be removed in a future release. The obsolete variable still works in this release, but to avoid this warning and to ensure compatibility with future releases, remove the obsolete variable from your script.
<CMD> get_message -id GLOBAL-100 -suppress
<CMD> unsuppressMessage -silent GLOBAL-100
<CMD> set timing_enable_backward_compatible_latch_thru_mt_mode 0
<CMD> get_message -id GLOBAL-100 -suppress
**WARN: (GLOBAL-100):	Global 'timing_enable_backward_compatible_mmmc_mode' has become obsolete. It will be removed in the next release.
<CMD> get_message -id GLOBAL-100 -suppress
**WARN: (GLOBAL-100):	Global 'timing_enable_backward_compatible_mmmc_mode' has become obsolete. It will be removed in the next release.
<CMD> set timing_enable_backward_compatible_mmmc_mode 0
<CMD> get_message -id GLOBAL-100 -suppress
<CMD> get_message -id GLOBAL-100 -suppress
<CMD> set timing_enable_efficient_unconstrained_report_timing 1
<CMD> get_message -id GLOBAL-100 -suppress
<CMD> get_message -id GLOBAL-100 -suppress
<CMD> set timing_enable_get_objects_vertical_filtering_auto_batch_mode 1
<CMD> get_message -id GLOBAL-100 -suppress
<CMD> get_message -id GLOBAL-100 -suppress
<CMD> set timing_enable_latch_borrow_mode_for_si_snalysis 1
<CMD> get_message -id GLOBAL-100 -suppress
<CMD> get_message -id GLOBAL-100 -suppress
<CMD> set timing_enable_multi_threaded_reporting 1
<CMD> get_message -id GLOBAL-100 -suppress
<CMD> get_message -id GLOBAL-100 -suppress
<CMD> set timing_enable_new_power_view_mode 1
<CMD> get_message -id GLOBAL-100 -suppress
<CMD> get_message -id GLOBAL-100 -suppress
<CMD> get_message -id GLOBAL-100 -suppress
<CMD> get_message -id GLOBAL-100 -suppress
<CMD> set timing_enable_view_based_tlatch_mode 1
<CMD> get_message -id GLOBAL-100 -suppress
<CMD> get_message -id GLOBAL-100 -suppress
<CMD> set timing_enable_warning_on_partially_search_failure 1
<CMD> get_message -id GLOBAL-100 -suppress
<CMD> get_message -id GLOBAL-100 -suppress
<CMD> set timing_extract_model_clock_style_backward_compatible 0
<CMD> get_message -id GLOBAL-100 -suppress
<CMD> get_message -id GLOBAL-100 -suppress
<CMD> set timing_extract_model_d2d_check_as_non_seq_check 1
<CMD> get_message -id GLOBAL-100 -suppress
<CMD> get_message -id GLOBAL-100 -suppress
<CMD> set timing_extract_model_disable_3d_arcs 1
<CMD> get_message -id GLOBAL-100 -suppress
<CMD> get_message -id GLOBAL-100 -suppress
<CMD> set timing_extract_model_improved_waveform_cache 1
<CMD> get_message -id GLOBAL-100 -suppress
<CMD> get_message -id GLOBAL-100 -suppress
<CMD> set timing_extract_model_internal_power_ground_rails 1
<CMD> get_message -id GLOBAL-100 -suppress
<CMD> get_message -id GLOBAL-100 -suppress
<CMD> set timing_extract_model_invalidate_auto_validation 1
<CMD> get_message -id GLOBAL-100 -suppress
<CMD> get_message -id GLOBAL-100 -suppress
<CMD> set timing_extract_model_validate_unconstrained_paths 1
<CMD> get_message -id GLOBAL-100 -suppress
<CMD> get_message -id GLOBAL-100 -suppress
<CMD> set timing_extract_model_write_asymmetric_lvf 1
<CMD> get_message -id GLOBAL-100 -suppress
<CMD> get_message -id GLOBAL-100 -suppress
<CMD> set timing_ipd_ignore_internal_pin_voltage_crossings 1
<CMD> set timing_library_ca_derate_data_consistency 0
<CMD> set timing_library_derate_thermal_lower_bound -2.14748e+09
<CMD> set timing_library_derate_thermal_upper_bound 2.14748e+09
<CMD> set timing_library_refactor_db_arc_processing 1
<CMD> set timing_library_refactor_db_arc_processing3 1
<CMD> get_message -id GLOBAL-100 -suppress
<CMD> get_message -id GLOBAL-100 -suppress
<CMD> set timing_path_based_enable_high_slack_threshold 1e+30
<CMD> get_message -id GLOBAL-100 -suppress
<CMD> get_message -id GLOBAL-100 -suppress
<CMD> set timing_path_based_override_distance 1e+30
<CMD> get_message -id GLOBAL-100 -suppress
<CMD> get_message -id GLOBAL-100 -suppress
<CMD> set timing_pba_coverage_mode_depth_limit 10
<CMD> get_message -id GLOBAL-100 -suppress
<CMD> get_message -id GLOBAL-100 -suppress
<CMD> set timing_remove_data_path_pessimism_min_slack_threshold -1.70141e+38
<CMD> get_message -id GLOBAL-100 -suppress
<CMD> get_message -id GLOBAL-100 -suppress
<CMD> set timing_report_all_fanout_fanin_bit_based_node_coloring 1
<CMD> get_message -id GLOBAL-100 -suppress
<CMD> get_message -id GLOBAL-100 -suppress
<CMD> set timing_report_backward_compatible_to_adjust 0
<CMD> get_message -id GLOBAL-100 -suppress
<CMD> get_message -id GLOBAL-100 -suppress
<CMD> set timing_report_disable_backward_compatible_socv_cppr_in_time_given 1
<CMD> get_message -id GLOBAL-100 -suppress
<CMD> get_message -id GLOBAL-100 -suppress
<CMD> set timing_report_enable_backward_compatible_pin_load_lookup 1
<CMD> get_message -id GLOBAL-100 -suppress
<CMD> get_message -id GLOBAL-100 -suppress
<CMD> set timing_report_enable_eco_socv_derating_guardband 1
<CMD> get_message -id GLOBAL-100 -suppress
<CMD> get_message -id GLOBAL-100 -suppress
<CMD> set timing_report_enable_efficient_collection_handling 1
<CMD> get_message -id GLOBAL-100 -suppress
<CMD> get_message -id GLOBAL-100 -suppress
<CMD> set timing_report_enable_efficient_cone_marking 1
<CMD> get_message -id GLOBAL-100 -suppress
<CMD> get_message -id GLOBAL-100 -suppress
<CMD> set timing_report_enable_efficient_dc_update_for_reporting 1
<CMD> get_message -id GLOBAL-100 -suppress
<CMD> get_message -id GLOBAL-100 -suppress
<CMD> set timing_report_enable_improved_drv_reporting 1
<CMD> get_message -id GLOBAL-100 -suppress
<CMD> get_message -id GLOBAL-100 -suppress
<CMD> set timing_report_enable_variable_verbose_fields 0
<CMD> get_message -id GLOBAL-100 -suppress
<CMD> get_message -id GLOBAL-100 -suppress
<CMD> set timing_report_latch_analysis_compatibility 1
<CMD> get_message -id GLOBAL-100 -suppress
<CMD> get_message -id GLOBAL-100 -suppress
<CMD> set timing_report_path_collection_ignore_unsupported_argument 1
<CMD> get_message -id GLOBAL-100 -suppress
<CMD> get_message -id GLOBAL-100 -suppress
<CMD> set timing_report_property_is_clock_new_flow_efficient 0
<CMD> set defStreamOutCheckUncolored false
<CMD> set init_lef_check_antenna 1
<CMD> set init_verilog_tolerate_port_mismatch 0
<CMD> set lefdefInputCheckColoredShape 0
<CMD> set load_netlist_ignore_undefined_cell 1
<CMD> init_design
#% Begin Load MMMC data ... (date=08/07 22:24:10, mem=1881.5M)
#% End Load MMMC data ... (date=08/07 22:24:10, total cpu=0:00:00.0, real=0:00:00.0, peak res=1882.8M, current mem=1882.8M)
RC_BEST RC_WORST

Loading LEF file /eda/cadence/pdks/ihp_sg13g2/ixc013g2ng_stdcell/lef/ixc013g2ng_tech.lef ...

Loading LEF file /eda/cadence/pdks/ihp_sg13g2/ixc013g2ng_stdcell/lef/ixc013g2ng_stdcell_v5p7.lef ...
Set DBUPerIGU to M2 pitch 420.

Loading LEF file /eda/cadence/pdks/ihp_sg13g2/ixc013g2ng_stdcell/lef/ixc013g2ng_phys.lef ...
**WARN: (IMPLF-200):	Pin 'A' in macro 'ANTENNACELLP2JI' has no ANTENNAGATEAREA value defined. The library data is incomplete and some process antenna rules will not be checked correctly.
Type 'man IMPLF-200' for more detail.
**WARN: (IMPLF-200):	Pin 'A' in macro 'ANTENNACELLNP2JI' has no ANTENNAGATEAREA value defined. The library data is incomplete and some process antenna rules will not be checked correctly.
Type 'man IMPLF-200' for more detail.
**WARN: (IMPLF-200):	Pin 'A' in macro 'ANTENNACELLN2JI' has no ANTENNAGATEAREA value defined. The library data is incomplete and some process antenna rules will not be checked correctly.
Type 'man IMPLF-200' for more detail.

##  Check design process and node:  
##  Both design process and tech node are not set.

Loading view definition file from MMMC.view
Reading MAX_TIMING timing library '/mnt/cae_storage_sw/eda/cadence/pdks/ihp_sg13g2/ixc013g2ng_stdcell/lib/ixc013g2ng_stdcell_slow_1p08V_125C.lib' ...
Read 264 cells in library 'ixc013g2ng_stdcell_slow_1p08V_125C' 
Reading MIN_TIMING timing library '/mnt/cae_storage_sw/eda/cadence/pdks/ihp_sg13g2/ixc013g2ng_stdcell/lib/ixc013g2ng_stdcell_fast_1p32V_m40C.lib' ...
Read 264 cells in library 'ixc013g2ng_stdcell_fast_1p32V_m40C' 
*** End library_loading (cpu=0.01min, real=0.02min, mem=49.0M, fe_cpu=0.38min, fe_real=0.90min, fe_mem=1811.6M) ***
#% Begin Load netlist data ... (date=08/07 22:24:11, mem=1900.2M)
*** Begin netlist parsing (mem=1811.6M) ***
**WARN: (IMPVL-159):	Pin 'VDD' of cell 'ANTENNACELLP2JI' is defined in LEF but not in the timing library.
Type 'man IMPVL-159' for more detail.
**WARN: (IMPVL-159):	Pin 'VSS' of cell 'ANTENNACELLP2JI' is defined in LEF but not in the timing library.
Type 'man IMPVL-159' for more detail.
**WARN: (IMPVL-159):	Pin 'VDD' of cell 'SIGNALHOLDJI' is defined in LEF but not in the timing library.
Type 'man IMPVL-159' for more detail.
**WARN: (IMPVL-159):	Pin 'VSS' of cell 'SIGNALHOLDJI' is defined in LEF but not in the timing library.
Type 'man IMPVL-159' for more detail.
**WARN: (IMPVL-159):	Pin 'VDD' of cell 'SDFRSQJIX2' is defined in LEF but not in the timing library.
Type 'man IMPVL-159' for more detail.
**WARN: (IMPVL-159):	Pin 'VSS' of cell 'SDFRSQJIX2' is defined in LEF but not in the timing library.
Type 'man IMPVL-159' for more detail.
**WARN: (IMPVL-159):	Pin 'VDD' of cell 'SDFRSQJIX1' is defined in LEF but not in the timing library.
Type 'man IMPVL-159' for more detail.
**WARN: (IMPVL-159):	Pin 'VSS' of cell 'SDFRSQJIX1' is defined in LEF but not in the timing library.
Type 'man IMPVL-159' for more detail.
**WARN: (IMPVL-159):	Pin 'VDD' of cell 'SDFRRSQJIX2' is defined in LEF but not in the timing library.
Type 'man IMPVL-159' for more detail.
**WARN: (IMPVL-159):	Pin 'VSS' of cell 'SDFRRSQJIX2' is defined in LEF but not in the timing library.
Type 'man IMPVL-159' for more detail.
**WARN: (IMPVL-159):	Pin 'VDD' of cell 'SDFRRSQJIX1' is defined in LEF but not in the timing library.
Type 'man IMPVL-159' for more detail.
**WARN: (IMPVL-159):	Pin 'VSS' of cell 'SDFRRSQJIX1' is defined in LEF but not in the timing library.
Type 'man IMPVL-159' for more detail.
**WARN: (IMPVL-159):	Pin 'VDD' of cell 'SDFRRSJIX2' is defined in LEF but not in the timing library.
Type 'man IMPVL-159' for more detail.
**WARN: (IMPVL-159):	Pin 'VSS' of cell 'SDFRRSJIX2' is defined in LEF but not in the timing library.
Type 'man IMPVL-159' for more detail.
**WARN: (IMPVL-159):	Pin 'VDD' of cell 'SDFRRSJIX1' is defined in LEF but not in the timing library.
Type 'man IMPVL-159' for more detail.
**WARN: (IMPVL-159):	Pin 'VSS' of cell 'SDFRRSJIX1' is defined in LEF but not in the timing library.
Type 'man IMPVL-159' for more detail.
**WARN: (IMPVL-159):	Pin 'VDD' of cell 'SDFRRQJIX2' is defined in LEF but not in the timing library.
Type 'man IMPVL-159' for more detail.
**WARN: (IMPVL-159):	Pin 'VSS' of cell 'SDFRRQJIX2' is defined in LEF but not in the timing library.
Type 'man IMPVL-159' for more detail.
**WARN: (IMPVL-159):	Pin 'VDD' of cell 'SDFRRQJIX1' is defined in LEF but not in the timing library.
Type 'man IMPVL-159' for more detail.
**WARN: (IMPVL-159):	Pin 'VSS' of cell 'SDFRRQJIX1' is defined in LEF but not in the timing library.
Type 'man IMPVL-159' for more detail.
**WARN: (EMS-27):	Message (IMPVL-159) has exceeded the current message display limit of 20.
To increase the message display limit, refer to the product command reference manual.
Created 264 new cells from 2 timing libraries.
Reading netlist ...
Backslashed names will retain backslash and a trailing blank character.
Reading verilog netlist '../Synthesis/outputs/main_netlist.v'
**WARN: (IMPVL-346):	Module 'ActivationMultiplier_IN_WIDTH8' is instantiated in the netlist, but is not defined in the LEF files.  Since there is no real cell definition for such a cell, it will be treated as an empty module.
Type 'man IMPVL-346' for more detail.

*** Memory Usage v#2 (Current mem = 1812.590M, initial mem = 836.586M) ***
*** End netlist parsing (cpu=0:00:00.0, real=0:00:00.0, mem=1812.6M) ***
#% End Load netlist data ... (date=08/07 22:24:11, total cpu=0:00:00.0, real=0:00:00.0, peak res=1912.8M, current mem=1912.8M)
Top level cell is Main.
Hooked 528 DB cells to tlib cells.
**WARN: (IMPDB-2504):	Unable to find netlist cell in the design data of the library or LEF. The 'ActivationMultiplier_IN_WIDTH8' cell is instantiated in the Verilog netlist, but not defined in the library or design data.  Its pin directions might be derived incorrectly. Include the cell definition or its pin information in the library or design data and reload the design to avoid potential issues.
Type 'man IMPDB-2504' for more detail.
1 empty module found.
Starting recursive module instantiation check.
No recursion found.
Term dir updated for 0 vinsts of 1 cells.
Building hierarchical netlist for Cell Main ...
***** UseNewTieNetMode *****.
*** Netlist is unique.
** info: there are 541 modules.
** info: there are 472 stdCell insts.
** info: there are 472 stdCell insts with at least one signal pin.

*** Memory Usage v#2 (Current mem = 1875.004M, initial mem = 836.586M) ***
Adjust TopMetal1 preferred direction offset from 1.64 to 0.21.
Start create_tracks
Generated pitch 2.52 in TopMetal1 is different from 2.28 defined in technology file in preferred direction.
Extraction setup Started for TopCell Main 
Initializing multi-corner RC extraction with 2 active RC Corners ...
Reading Capacitance Table File /eda/cadence/pdks/ihp_sg13g2/ixc013g2ng_stdcell/lef/captable/SG13.captable ...
Process name: SG13_typ.
Reading Capacitance Table File /eda/cadence/pdks/ihp_sg13g2/ixc013g2ng_stdcell/lef/captable/SG13.captable ...
Process name: SG13_typ.
Importing multi-corner RC tables ... 
Summary of Active RC-Corners : 
 
 Analysis View: WORST_CASE
    RC-Corner Name        : RC_BEST
    RC-Corner Index       : 0
    RC-Corner Temperature : 40 Celsius
    RC-Corner Cap Table   : '/eda/cadence/pdks/ihp_sg13g2/ixc013g2ng_stdcell/lef/captable/SG13.captable'
    RC-Corner PreRoute Res Factor         : 1
    RC-Corner PreRoute Cap Factor         : 1
    RC-Corner PostRoute Res Factor        : 1 {1 1 1}
    RC-Corner PostRoute Cap Factor        : 1 {1 1 1}
    RC-Corner PostRoute XCap Factor       : 1 {1 1 1}
    RC-Corner PreRoute Clock Res Factor   : 1	[Derived from postRoute_res (effortLevel low)]
    RC-Corner PreRoute Clock Cap Factor   : 1	[Derived from postRoute_cap (effortLevel low)]
    RC-Corner PostRoute Clock Cap Factor  : 1 {1 1 1} 	[Derived from postRoute_cap (effortLevel low)]
    RC-Corner PostRoute Clock Res Factor  : 1 {1 1 1} 	[Derived from postRoute_res (effortLevel low)]
    RC-Corner PostRoute Clock coupling capacitance Factor : 1 {1 1 1} 
 
 Analysis View: Best_CASE
    RC-Corner Name        : RC_WORST
    RC-Corner Index       : 1
    RC-Corner Temperature : 125 Celsius
    RC-Corner Cap Table   : '/eda/cadence/pdks/ihp_sg13g2/ixc013g2ng_stdcell/lef/captable/SG13.captable'
    RC-Corner PreRoute Res Factor         : 1
    RC-Corner PreRoute Cap Factor         : 1
    RC-Corner PostRoute Res Factor        : 1 {1 1 1}
    RC-Corner PostRoute Cap Factor        : 1 {1 1 1}
    RC-Corner PostRoute XCap Factor       : 1 {1 1 1}
    RC-Corner PreRoute Clock Res Factor   : 1	[Derived from postRoute_res (effortLevel low)]
    RC-Corner PreRoute Clock Cap Factor   : 1	[Derived from postRoute_cap (effortLevel low)]
    RC-Corner PostRoute Clock Cap Factor  : 1 {1 1 1} 	[Derived from postRoute_cap (effortLevel low)]
    RC-Corner PostRoute Clock Res Factor  : 1 {1 1 1} 	[Derived from postRoute_res (effortLevel low)]
    RC-Corner PostRoute Clock coupling capacitance Factor : 1 {1 1 1} 
Updating RC Grid density data for preRoute extraction ...
Initializing multi-corner capacitance tables ... 
Initializing multi-corner resistance tables ...
*Info: initialize multi-corner CTS.
Reading timing constraints file '../Synthesis/outputs/post_synth_main.sdc' ...
Current (total cpu=0:00:24.1, real=0:00:55.0, peak res=2322.0M, current mem=2290.1M)
**WARN: (TCLCMD-1461):	Skipped unsupported command: set_units (File ../Synthesis/outputs/post_synth_main.sdc, Line 9).

**WARN: (TCLCMD-1461):	Skipped unsupported command: set_units (File ../Synthesis/outputs/post_synth_main.sdc, Line 10).

Main
INFO (CTE): Reading of timing constraints file ../Synthesis/outputs/post_synth_main.sdc completed, with 2 WARNING
Ending "Constraint file reading stats" (total cpu=0:00:00.1, real=0:00:00.0, peak res=2328.0M, current mem=2328.0M)
Current (total cpu=0:00:24.3, real=0:00:55.0, peak res=2328.0M, current mem=2328.0M)
Total number of combinational cells: 208
Total number of sequential cells: 38
Total number of tristate cells: 8
Total number of level shifter cells: 0
Total number of power gating cells: 0
Total number of isolation cells: 0
Total number of power switch cells: 0
Total number of pulse generator cells: 0
Total number of always on buffers: 0
Total number of retention cells: 0
Total number of physical cells: 10
List of usable buffers: BUFJIX1 BUFJIX2 BUFJIX12 BUFJIX16 BUFJIX20 BUFJIX4 BUFJIX8 BUJIX1 BUJIX2 BUJIX12 BUJIX16 BUJIX20 BUJIX4 BUJIX8
Total number of usable buffers: 14
List of unusable buffers:
Total number of unusable buffers: 0
List of usable inverters: INJIX1 INJIX0 INJIX2 INJIX12 INJIX16 INJIX20 INJIX4 INJIX8 INVJIX1 INVJIX0 INVJIX2 INVJIX12 INVJIX16 INVJIX20 INVJIX4 INVJIX8
Total number of usable inverters: 16
List of unusable inverters:
Total number of unusable inverters: 0
List of identified usable delay cells: DLY1JIX1 DLY2JIX1 DLY4JIX1 DLY8JIX1
Total number of identified usable delay cells: 4
List of identified unusable delay cells:
Total number of identified unusable delay cells: 0

*** Summary of all messages that are not suppressed in this session:
Severity  ID               Count  Summary                                  
WARNING   IMPLF-200            3  Pin '%s' in macro '%s' has no ANTENNAGAT...
WARNING   IMPVL-346            1  Module '%s' is instantiated in the netli...
WARNING   IMPVL-159          528  Pin '%s' of cell '%s' is defined in LEF ...
WARNING   IMPDB-2504           1  Unable to find netlist cell in the desig...
WARNING   TCLCMD-1461          2  Skipped unsupported command: %s          
*** Message Summary: 535 warning(s), 0 error(s)

<CMD> floorPlan -site CoreSite -r 1 0.879969 22.26 22.26 22.26 22.26
Adjust TopMetal1 preferred direction offset from 1.64 to 0.21.
Start create_tracks
Generated pitch 2.52 in TopMetal1 is different from 2.28 defined in technology file in preferred direction.
**WARN: (IMPFP-325):	Floorplan of the design is resized. All current floorplan objects are automatically derived based on specified new floorplan. This may change blocks, fixed standard cells, existing routes and blockages.
<CMD> editPin -pinWidth 0.2 -pinDepth 0.8 -fixOverlap 1 -unit MICRON -spreadDirection clockwise -side Left -layer 2 -spreadType center -spacing 5 -pin {{activation[0][0]} {activation[0][1]} {activation[0][2]} {activation[0][3]} {activation[0][4]} {activation[0][5]} {activation[0][6]} {activation[0][7]} {activation[1][0]} {activation[1][1]} {activation[1][2]} {activation[1][3]} {activation[1][4]} {activation[1][5]} {activation[1][6]} {activation[1][7]} {activation[2][0]} {activation[2][1]} {activation[2][2]} {activation[2][3]} {activation[2][4]} {activation[2][5]} {activation[2][6]} {activation[2][7]} scan_in scan_en scan_out}
To speed up, if you have to run multiple editPin commands then wrap all editPin commands within  'setPinAssignMode -pinEditInBatch true' (then editPin commands) and 'setPinAssignMode -pinEditInBatch false'
**WARN: (IMPTR-2104):	Layer M6: Pitch=2280 is less than min width=1640 + min spacing=1640.
**WARN: (IMPTR-2108):	For layer M6, the gaps of 53 out of 53 tracks are narrower than 3.280um (space 1.640 + width 1.640).
Type 'man IMPTR-2108' for more detail.
 As a result, your trialRoute congestion could be incorrect.
Successfully spread [27] pins.
editPin : finished (cpu = 0:00:00.0 real = 0:00:00.0, mem = 2284.8M).
<CMD> editPin -pinWidth 0.3 -pinDepth 0.8 -fixOverlap 1 -unit MICRON -spreadDirection clockwise -side Top -layer 2 -spreadType center -spacing 5 -pin {{activation[3][0]} {activation[3][1]} {activation[3][2]} {activation[3][3]} {activation[3][4]} {activation[3][5]} {activation[3][6]} {activation[3][7]} {activation[4][0]} {activation[4][1]} {activation[4][2]} {activation[4][3]} {activation[4][4]} {activation[4][5]} {activation[4][6]} {activation[4][7]} {activation[5][0]} {activation[5][1]} {activation[5][2]} {activation[5][3]} {activation[5][4]} {activation[5][5]} {activation[5][6]} {activation[5][7]} rst start}
To speed up, if you have to run multiple editPin commands then wrap all editPin commands within  'setPinAssignMode -pinEditInBatch true' (then editPin commands) and 'setPinAssignMode -pinEditInBatch false'
Successfully spread [26] pins.
editPin : finished (cpu = 0:00:00.0 real = 0:00:00.0, mem = 2285.8M).
<CMD> editPin -pinWidth 0.3 -pinDepth 0.8 -fixOverlap 1 -unit MICRON -spreadDirection clockwise -side Right -layer 2 -spreadType center -spacing 5 -pin {{weight[0][0]} {weight[0][1]} {weight[0][2]} {weight[0][3]} {weight[0][4]} {weight[0][5]} {weight[0][6]} {weight[0][7]} {weight[1][0]} {weight[1][1]} {weight[1][2]} {weight[1][3]} {weight[1][4]} {weight[1][5]} {weight[1][6]} {weight[1][7]} {weight[2][0]} {weight[2][1]} {weight[2][2]} {weight[2][3]} {weight[2][4]} {weight[2][5]} {weight[2][6]} {weight[2][7]} z_n z_p}
To speed up, if you have to run multiple editPin commands then wrap all editPin commands within  'setPinAssignMode -pinEditInBatch true' (then editPin commands) and 'setPinAssignMode -pinEditInBatch false'
Successfully spread [26] pins.
editPin : finished (cpu = 0:00:00.0 real = 0:00:00.0, mem = 2285.8M).
<CMD> editPin -pinWidth 0.3 -pinDepth 0.8 -fixOverlap 1 -unit MICRON -spreadDirection clockwise -side Bottom -layer 2 -spreadType center -spacing 5.04 -pin {{weight[3][0]} {weight[3][1]} {weight[3][2]} {weight[3][3]} {weight[3][4]} {weight[3][5]} {weight[3][6]} {weight[3][7]} {weight[4][0]} {weight[4][1]} {weight[4][2]} {weight[4][3]} {weight[4][4]} {weight[4][5]} {weight[4][6]} {weight[4][7]} {weight[5][0]} {weight[5][1]} {weight[5][2]} {weight[5][3]} {weight[5][4]} {weight[5][5]} {weight[5][6]} {weight[5][7]} clk en}
To speed up, if you have to run multiple editPin commands then wrap all editPin commands within  'setPinAssignMode -pinEditInBatch true' (then editPin commands) and 'setPinAssignMode -pinEditInBatch false'
Successfully spread [26] pins.
editPin : finished (cpu = 0:00:00.0 real = 0:00:00.0, mem = 2285.8M).
<CMD> setDesignMode -process 130
##  Process: 130           (User Set)               
##     Node: (not set)                           

##  Check design process and node:  
##  Design tech node is not set.

Applying the recommended capacitance filtering threshold values for 130nm process node: total_c_th=0, relative_c_th=1 and coupling_c_th=0.4.
	These values will be used by all post-route extraction engines, including TQuantus, IQuantus and Quantus QRC extraction.
	Capacitance filtering mode(-capFilterMode option of the setExtractRCMode) is 'relAndCoup' for all engines.
	The accuracy mode for postRoute effortLevel low extraction will be set to 'standard'.
	Default value for EffortLevel(-effortLevel option of the setExtractRCMode) in postRoute extraction mode is 'low'.
<CMD> globalNetConnect VDD -type pgpin -pin VDD -override -verbose -netlistOverride
472 new pwr-pin connections were made to global net 'VDD'.
<CMD> globalNetConnect VSS -type pgpin -pin VSS -override -verbose -netlistOverride
472 new gnd-pin connections were made to global net 'VSS'.
<CMD> addRing -nets {VSS VDD} -type core_rings -follow core -layer {top TopMetal2 bottom TopMetal2 left TopMetal1 right TopMetal1} -width {top 8 bottom 8 left 8 right 8} -spacing {top 2 bottom 2 left 2 right 2} -offset {top 2 bottom 2 left 2 right 2} -center 0 -threshold 0 -jog_distance 0 -snap_wire_center_to_grid None
#% Begin addRing (date=08/07 22:24:12, mem=2347.4M)


viaInitial starts at Thu Aug  7 22:24:12 2025
viaInitial ends at Thu Aug  7 22:24:12 2025
Loading cell geometries (cpu: 0:00:00.0, real: 0:00:00.0, peak mem: 2285.8M)
Ring generation is complete.
vias are now being generated.
addRing created 8 wires.
ViaGen created 8 vias, deleted 0 via to avoid violation.
+--------+----------------+----------------+
|  Layer |     Created    |     Deleted    |
+--------+----------------+----------------+
|TopMetal1|        4       |       NA       |
| TopVia2|        8       |        0       |
|TopMetal2|        4       |       NA       |
+--------+----------------+----------------+
#% End addRing (date=08/07 22:24:12, total cpu=0:00:00.1, real=0:00:00.0, peak res=2351.2M, current mem=2351.2M)
<CMD> sroute -connect { blockPin padPin padRing corePin floatingStripe } -layerChangeRange { Metal1(1) TopMetal2(7) } -blockPinTarget { nearestTarget } -padPinPortConnect { allPort oneGeom } -padPinTarget { nearestTarget } -corePinTarget { firstAfterRowEnd } -floatingStripeTarget { blockring padring ring stripe ringpin blockpin followpin } -allowJogging 1 -crossoverViaLayerRange { Metal1(1) TopMetal2(7) } -nets { VDD VSS } -allowLayerChange 1 -blockPin useLef -targetViaLayerRange { Metal1(1) TopMetal2(7) }
#% Begin sroute (date=08/07 22:24:12, mem=2351.2M)
*** Begin SPECIAL ROUTE on Thu Aug  7 22:24:12 2025 ***
SPECIAL ROUTE ran on directory: /home/bas33767/Desktop/DD_Lab_exercise/UR_Project/PNR
SPECIAL ROUTE ran on machine: ei-vm-018.othr.de (Linux 4.18.0-553.63.1.el8_10.x86_64 x86_64 3.79Ghz)

Begin option processing ...
srouteConnectPowerBump set to false
routeSelectNet set to "VDD VSS"
routeSpecial set to true
srouteBlockPin set to "useLef"
srouteBottomLayerLimit set to 1
srouteBottomTargetLayerLimit set to 1
srouteConnectConverterPin set to false
srouteCrossoverViaBottomLayer set to 1
srouteCrossoverViaTopLayer set to 7
srouteFloatingStripeTarget set to "blockring padring ring stripe ringpin blockpin followpin"
srouteFollowCorePinEnd set to 3
srouteJogControl set to "preferWithChanges differentLayer"
sroutePadPinAllPorts set to true
sroutePreserveExistingRoutes set to true
srouteRoutePowerBarPortOnBothDir set to true
srouteStopBlockPin set to "nearestTarget"
srouteTopLayerLimit set to 7
srouteTopTargetLayerLimit set to 7
End option processing: cpu: 0:00:00, real: 0:00:00, peak: 4068.00 megs.

Reading DB technology information...
Finished reading DB technology information.
Reading floorplan and netlist information...
Finished reading floorplan and netlist information.
Read in 15 layers, 7 routing layers, 1 overlap layer
Read in 266 macros, 45 used
Read in 45 components
  45 core components: 45 unplaced, 0 placed, 0 fixed
Read in 105 physical pins
  105 physical pins: 0 unplaced, 105 placed, 0 fixed
Read in 104 nets
Read in 2 special nets, 2 routed
Read in 195 terminals
2 nets selected.

Begin power routing ...
**WARN: (IMPSR-1254):	Unable to connect the specified objects, since block pins of the VDD net were not found in the design. Check netlist or change the parameter value to include block pins in the design.
**WARN: (IMPSR-1256):	Unable to find any CORE class pad pin of the VDD net due to unavailability of the pin or check netlist in the routing area or layer. Change routing area or layer to include the expected pin or check netlist. Alternatively, change port class in the technology file.
Type 'man IMPSR-1256' for more detail.
Cannot find any AREAIO class pad pin of net VDD. Check net list, or change port class in the technology file, or change option to include pin in given range.
**WARN: (IMPSR-1254):	Unable to connect the specified objects, since block pins of the VSS net were not found in the design. Check netlist or change the parameter value to include block pins in the design.
**WARN: (IMPSR-1256):	Unable to find any CORE class pad pin of the VSS net due to unavailability of the pin or check netlist in the routing area or layer. Change routing area or layer to include the expected pin or check netlist. Alternatively, change port class in the technology file.
Type 'man IMPSR-1256' for more detail.
Cannot find any AREAIO class pad pin of net VSS. Check net list, or change port class in the technology file, or change option to include pin in given range.
CPU time for VDD FollowPin 0 seconds
CPU time for VSS FollowPin 0 seconds
  Number of IO ports routed: 0
  Number of Block ports routed: 0
  Number of Stripe ports routed: 0
  Number of Core ports routed: 50
  Number of Pad ports routed: 0
  Number of Power Bump ports routed: 0
  Number of Followpin connections: 25
End power routing: cpu: 0:00:00, real: 0:00:00, peak: 4070.00 megs.



 Begin updating DB with routing results ...
 Updating DB with 105 io pins ...
 Updating DB with 0 via definition ...Extracting standard cell pins and blockage ...... 
Pin and blockage extraction finished

sroute created 75 wires.
ViaGen created 250 vias, deleted 0 via to avoid violation.
+--------+----------------+----------------+
|  Layer |     Created    |     Deleted    |
+--------+----------------+----------------+
| Metal1 |       75       |       NA       |
|  Via1  |       50       |        0       |
|  Via2  |       50       |        0       |
|  Via3  |       50       |        0       |
|  Via4  |       50       |        0       |
| TopVia1|       50       |        0       |
+--------+----------------+----------------+
#% End sroute (date=08/07 22:24:12, total cpu=0:00:00.1, real=0:00:01.0, peak res=2366.3M, current mem=2359.6M)
<CMD> defIn ../Synthesis/innovus_src/main.scan.def
Reading DEF file '../Synthesis/innovus_src/main.scan.def', current time is Thu Aug  7 22:24:13 2025 ...
--- CASESENSITIVE ON
--- DIVIDERCHAR '/'
DEF file '../Synthesis/innovus_src/main.scan.def' is parsed, current time is Thu Aug  7 22:24:13 2025.
<CMD> setScanReorderMode -compLogic true
<CMD> setMultiCpuUsage -localCpu 8 -cpuPerRemoteHost 1 -remoteHost 0 -keepLicense true
Setting releaseMultiCpuLicenseMode to false.
<CMD> setDistributeHost -local
The timeout for a remote job to respond is 3600 seconds.
Submit command for task runs will be: local
<CMD> setRouteMode -earlyGlobalHonorMsvRouteConstraint false -earlyGlobalRoutePartitionPinGuide true
<CMD> setEndCapMode -reset
<CMD> setEndCapMode -boundary_tap false
<CMD> setNanoRouteMode -quiet -drouteAutoStop 0
<CMD> setNanoRouteMode -quiet -drouteFixAntenna 0
<CMD> setNanoRouteMode -quiet -droutePostRouteSwapVia {}
<CMD> setNanoRouteMode -quiet -droutePostRouteSpreadWire 1
<CMD> setNanoRouteMode -quiet -drouteUseMultiCutViaEffort {}
<CMD> setNanoRouteMode -quiet -drouteOnGridOnly 0
#WARNING (NRIF-67) In option 'OnGridOnly 0', 0 is an unknown type. It will be ignored.
#WARNING (NRIF-68) Option 'OnGridOnly 0' did not specify a correct type. It will be ignored.
<CMD> setNanoRouteMode -quiet -routeIgnoreAntennaTopCellPin 0
<CMD> setNanoRouteMode -quiet -timingEngine {}
<CMD> setUsefulSkewMode -noBoundary false -maxAllowedDelay 1
<CMD> setPlaceMode -reset
<CMD> setPlaceMode -congEffort auto -timingDriven 1 -clkGateAware 1 -powerDriven 0 -ignoreScan 1 -reorderScan 1 -ignoreSpare 0 -placeIOPins 0 -moduleAwareSpare 0 -maxRouteLayer 7 -preserveRouting 1 -rmAffectedRouting 0 -checkRoute 0 -swapEEQ 0
**WARN: (IMPSP-105):	'setPlaceMode -maxRouteLayer' will become obsolete from next release. Use 'setRouteMode -earlyGlobalMaxRouteLayer N' to set maximum routing layer.Type 'man IMPSP-105' for more detail.
<CMD> setPlaceMode -fp false
<CMD> place_design
**WARN: (IMPSP-9525):	setPlaceMode -maxRouteLayer will overwrite setTrialRouteMode -maxRouteLayer inside placeDesign.
**WARN: (IMPPSP-1003):	Found use of 'setRouteMode -earlyGlobalMaxRouteLayer'. This will continue to work in this release; however, it is recommended to use 'setDesignMode -topRoutingLayer' instead.
*** placeDesign #1 [begin] () : totSession cpu/real = 0:00:24.7/0:00:54.1 (0.5), mem = 2290.1M
*** Scan Trace Summary (runtime: cpu: 0:00:00.0 , real: 0:00:00.0): 
Successfully traced 1 scan chain  (total 91 scan bits).
Start applying DEF ordered sections ...
Successfully applied all DEF ordered sections.
*** Scan Sanity Check Summary:
*** 1 scan chain  passed sanity check.
*** Starting placeDesign default flow ***
Multithreaded Timing Analysis is initialized with 8 threads

*** Start deleteBufferTree ***
Info: Detect buffers to remove automatically.
Analyzing netlist ...
Updating netlist

*summary: 49 instances (buffers/inverters) removed
*** Finish deleteBufferTree (0:00:00.3) ***
**INFO: Enable pre-place timing setting for timing analysis
Set Using Default Delay Limit as 101.
**WARN: (IMPDC-1629):	The default delay limit was set to 101. This is less than the default of 1000 and may result in inaccurate delay calculation for nets with a fanout higher than the setting.  If needed, the default delay limit may be adjusted by running the command 'set delaycal_use_default_delay_limit'.
Set Default Net Delay as 0 ps.
Set Default Net Load as 0 pF. 
Set Default Input Pin Transition as 1 ps.
**INFO: Analyzing IO path groups for slack adjustment
Effort level <high> specified for reg2reg_tmp.1548662 path_group
AAE_INFO: opIsDesignInPostRouteState() is 0
AAE DB initialization (MEM=2516.13 CPU=0:00:00.0 REAL=0:00:00.0) 
#################################################################################
# Design Stage: PreRoute
# Design Name: Main
# Design Mode: 130nm
# Analysis Mode: MMMC Non-OCV 
# Parasitics Mode: No SPEF/RCDB 
# Signoff Settings: SI Off 
#################################################################################
Calculate delays in BcWc mode...
Start delay calculation (fullDC) (8 T). (MEM=2570.94)
Total number of fetched objects 496
End delay calculation. (MEM=2650.29 CPU=0:00:00.2 REAL=0:00:00.0)
End delay calculation (fullDC). (MEM=2637.11 CPU=0:00:00.7 REAL=0:00:01.0)
**INFO: Disable pre-place timing setting for timing analysis
Set Using Default Delay Limit as 1000.
Set Default Net Delay as 1000 ps.
Set Default Input Pin Transition as 0.1 ps.
Set Default Net Load as 0.5 pF. 
**INFO: Pre-place timing setting for timing analysis already disabled
Deleted 0 physical inst  (cell - / prefix -).
INFO: #ExclusiveGroups=0
INFO: There are no Exclusive Groups.
*** Starting "NanoPlace(TM) placement v#17 (mem=3991.2M)" ...
Estimated loop count for BSM: 20342
*** Build Buffered Sizing Timing Model
(cpu=0:00:00.6 mem=4055.2M) ***
*** Build Virtual Sizing Timing Model
(cpu=0:00:00.6 mem=4055.2M) ***
No user-set net weight.
Net fanout histogram:
2		: 305 (62.2%) nets
3		: 48 (9.8%) nets
4     -	14	: 130 (26.5%) nets
15    -	39	: 1 (0.2%) nets
40    -	79	: 3 (0.6%) nets
80    -	159	: 3 (0.6%) nets
160   -	319	: 0 (0.0%) nets
320   -	639	: 0 (0.0%) nets
640   -	1279	: 0 (0.0%) nets
1280  -	2559	: 0 (0.0%) nets
2560  -	5119	: 0 (0.0%) nets
5120+		: 0 (0.0%) nets
*** Scan Trace Summary (runtime: cpu: 0:00:00.0 , real: 0:00:00.0): 
Successfully traced 1 scan chain  (total 91 scan bits).
Start applying DEF ordered sections ...
Successfully applied all DEF ordered sections.
*** Scan Sanity Check Summary:
*** 1 scan chain  passed sanity check.
#std cell=424 (0 fixed + 424 movable) #buf cell=0 #inv cell=25 #block=0 (0 floating + 0 preplaced)
#ioInst=0 #net=472 #term=1695 #term/net=3.59, #fixedIo=0, #floatIo=0, #fixedPin=0, #floatPin=57
stdCell: 424 single + 0 double + 0 multi
Total standard cell length = 1.8648 (mm), area = 0.0070 (mm^2)
Estimated cell power/ground rail width = 0.590 um
Average module density = 0.849.
Density for the design = 0.849.
       = stdcell_area 4440 sites (7049 um^2) / alloc_area 5232 sites (8306 um^2).
Pin Density = 0.3240.
            = total # of pins 1695 / total area 5232.
Enabling multi-CPU acceleration with 8 CPU(s) for placement
=== lastAutoLevel = 6 
Clock gating cells determined by native netlist tracing.
Iteration  1: Total net bbox = 8.569e+03 (4.47e+03 4.10e+03)
              Est.  stn bbox = 9.395e+03 (4.89e+03 4.51e+03)
              cpu = 0:00:00.0 real = 0:00:00.0 mem = 4021.5M
Iteration  2: Total net bbox = 8.569e+03 (4.47e+03 4.10e+03)
              Est.  stn bbox = 9.395e+03 (4.89e+03 4.51e+03)
              cpu = 0:00:00.0 real = 0:00:00.0 mem = 4021.5M
Iteration  3: Total net bbox = 5.895e+03 (2.87e+03 3.02e+03)
              Est.  stn bbox = 7.507e+03 (3.65e+03 3.86e+03)
              cpu = 0:00:00.2 real = 0:00:00.0 mem = 4247.9M
Active setup views:
    WORST_CASE
Iteration  4: Total net bbox = 6.769e+03 (3.30e+03 3.46e+03)
              Est.  stn bbox = 8.565e+03 (4.20e+03 4.37e+03)
              cpu = 0:00:00.4 real = 0:00:00.0 mem = 4247.9M
Iteration  5: Total net bbox = 6.797e+03 (3.40e+03 3.39e+03)
              Est.  stn bbox = 8.619e+03 (4.33e+03 4.29e+03)
              cpu = 0:00:00.4 real = 0:00:00.0 mem = 4251.9M
Iteration  6: Total net bbox = 7.220e+03 (3.52e+03 3.70e+03)
              Est.  stn bbox = 9.132e+03 (4.46e+03 4.67e+03)
              cpu = 0:00:00.3 real = 0:00:01.0 mem = 4377.9M
Iteration  7: Total net bbox = 7.458e+03 (3.66e+03 3.80e+03)
              Est.  stn bbox = 9.378e+03 (4.60e+03 4.78e+03)
              cpu = 0:00:00.6 real = 0:00:00.0 mem = 4377.9M
Iteration  8: Total net bbox = 7.277e+03 (3.56e+03 3.72e+03)
              Est.  stn bbox = 9.151e+03 (4.47e+03 4.68e+03)
              cpu = 0:00:00.5 real = 0:00:00.0 mem = 4414.9M
[NR-eGR] Started Early Global Route kernel ( Curr Mem: 4.05 MB )
Iteration  9: Total net bbox = 7.801e+03 (3.92e+03 3.88e+03)
              Est.  stn bbox = 9.695e+03 (4.84e+03 4.85e+03)
              cpu = 0:00:01.4 real = 0:00:00.0 mem = 4246.4M
Iteration 10: Total net bbox = 7.801e+03 (3.92e+03 3.88e+03)
              Est.  stn bbox = 9.695e+03 (4.84e+03 4.85e+03)
              cpu = 0:00:00.0 real = 0:00:00.0 mem = 4246.4M
*** cost = 7.801e+03 (3.92e+03 3.88e+03) (cpu for global=0:00:04.1) real=0:00:02.0***
Placement multithread real runtime: 0:00:02.0 with 8 threads.
Info: 0 clock gating cells identified, 0 (on average) moved 0/2
Solver runtime cpu: 0:00:03.6 real: 0:00:01.4
Core Placement runtime cpu: 0:00:03.9 real: 0:00:02.0
Begin: Reorder Scan Chains
*** Scan Trace Summary (runtime: cpu: 0:00:00.0 , real: 0:00:00.0): 
Successfully traced 1 scan chain  (total 91 scan bits).
Found 0 hierarchical instance(s) in the file.
*** Scan Skip Mode Summary:
Start flexRegrouping ...
SC-INFO: saving current scan group ...
*** Scan Trace Summary (runtime: cpu: 0:00:00.0 , real: 0:00:00.0): 
Successfully traced 1 scan chain  (total 91 scan bits).
Start applying DEF ordered sections ...
Successfully applied all DEF ordered sections.
*** Scan Sanity Check Summary:
*** 1 scan chain  passed sanity check.
SC-INFO: saving current scan group ...
*** Scan Trace Summary (runtime: cpu: 0:00:00.0 , real: 0:00:00.0): 
Successfully traced 1 scan chain  (total 91 scan bits).
Start applying DEF ordered sections ...
Successfully applied all DEF ordered sections.
*** Scan Sanity Check Summary:
*** 1 scan chain  passed sanity check.
*** Scan Trace Summary (runtime: cpu: 0:00:00.0 , real: 0:00:01.0): 
Successfully traced 1 scan chain  (total 91 scan bits).
Start applying DEF ordered sections ...
Successfully applied all DEF ordered sections.
*** Scan Sanity Check Summary:
*** 1 scan chain  passed sanity check.
Start wep ...
*** Scan Trace Summary (runtime: cpu: 0:00:00.0 , real: 0:00:00.0): 
Successfully traced 1 scan chain  (total 91 scan bits).
Start applying DEF ordered sections ...
Successfully applied all DEF ordered sections.
*** Scan Sanity Check Summary:
*** 1 scan chain  passed sanity check.
Finished flexRegrouping
*** Summary: Scan Reorder within scan chain
Initial total scan wire length:     2173.516 (floating:     1962.443)
Final   total scan wire length:     1495.240 (floating:     1284.167)
Improvement:      678.276   percent 31.21 (floating improvement:      678.276   percent 34.56)
Initial scan reorder max long connection:       92.606
Final   scan reorder max long connection:       39.901
Improvement:       52.705   percent 56.91
Total net length = 7.892e+03 (3.975e+03 3.917e+03) (ext = 3.202e+03)
*** End of ScanReorder (cpu=0:00:00.1, real=0:00:01.0, mem=4406.4M) ***
End: Reorder Scan Chains
*** Starting refinePlace (0:00:31.4 mem=4438.4M) ***
Total net bbox length = 8.462e+03 (4.378e+03 4.084e+03) (ext = 2.388e+03)
Move report: Detail placement moves 424 insts, mean move: 1.71 um, max move: 10.36 um 
	Max move on inst (A6M/g3541__5122): (25.78, 75.31) --> (23.10, 67.62)
	Runtime: CPU: 0:00:00.1 REAL: 0:00:00.0 MEM: 4406.4MB
Summary Report:
Instances move: 424 (out of 424 movable)
Instances flipped: 0
Mean displacement: 1.71 um
Max displacement: 10.36 um (Instance: A6M/g3541__5122) (25.776, 75.306) -> (23.1, 67.62)
	Length: 7 sites, height: 1 rows, site name: CoreSite, cell type: AO22JIX0
Physical-only instances move: 0 (out of 0 movable physical-only)
Total net bbox length = 9.114e+03 (4.637e+03 4.477e+03) (ext = 2.402e+03)
Runtime: CPU: 0:00:00.1 REAL: 0:00:00.0 MEM: 4406.4MB
*** Finished refinePlace (0:00:31.4 mem=4406.4M) ***
*** End of Placement (cpu=0:00:05.2, real=0:00:04.0, mem=4211.4M) ***
default core: bins with density > 0.750 = 44.44 % ( 4 / 9 )
Density distribution unevenness ratio = 2.286%
*** Free Virtual Timing Model ...(mem=4243.4M)
**INFO: Enable pre-place timing setting for timing analysis
Set Using Default Delay Limit as 101.
**WARN: (IMPDC-1629):	The default delay limit was set to 101. This is less than the default of 1000 and may result in inaccurate delay calculation for nets with a fanout higher than the setting.  If needed, the default delay limit may be adjusted by running the command 'set delaycal_use_default_delay_limit'.
Set Default Net Delay as 0 ps.
Set Default Net Load as 0 pF. 
**INFO: Analyzing IO path groups for slack adjustment
Effort level <high> specified for reg2reg_tmp.1548662 path_group
AAE_INFO: opIsDesignInPostRouteState() is 0
#################################################################################
# Design Stage: PreRoute
# Design Name: Main
# Design Mode: 130nm
# Analysis Mode: MMMC Non-OCV 
# Parasitics Mode: No SPEF/RCDB 
# Signoff Settings: SI Off 
#################################################################################
Calculate delays in BcWc mode...
Start delay calculation (fullDC) (8 T). (MEM=2819.45)
Total number of fetched objects 496
End delay calculation. (MEM=2846.32 CPU=0:00:00.1 REAL=0:00:00.0)
End delay calculation (fullDC). (MEM=2846.32 CPU=0:00:00.1 REAL=0:00:00.0)
**INFO: Disable pre-place timing setting for timing analysis
Set Using Default Delay Limit as 1000.
Set Default Net Delay as 1000 ps.
Set Default Net Load as 0.5 pF. 
Info: Disable timing driven in postCTS congRepair.

Starting congRepair ...
[NR-eGR] Early global route reroute all routable nets
[NR-eGR] Track table information for default rule: 
[NR-eGR] Metal1 has single uniform track structure
[NR-eGR] Metal2 has single uniform track structure
[NR-eGR] Metal3 has single uniform track structure
[NR-eGR] Metal4 has single uniform track structure
[NR-eGR] Metal5 has single uniform track structure
[NR-eGR] TopMetal1 has single uniform track structure
[NR-eGR] TopMetal2 has single uniform track structure
[NR-eGR] Read 474 PG shapes
[NR-eGR] Read 0 clock shapes
[NR-eGR] Read 0 other shapes
[NR-eGR] #Routing Blockages  : 0
[NR-eGR] #Instance Blockages : 0
[NR-eGR] #PG Blockages       : 474
[NR-eGR] #Halo Blockages     : 0
[NR-eGR] #Boundary Blockages : 0
[NR-eGR] #Clock Blockages    : 0
[NR-eGR] #Other Blockages    : 0
[NR-eGR] #prerouted nets         : 0
[NR-eGR] #prerouted special nets : 0
[NR-eGR] #prerouted wires        : 0
[NR-eGR] Read 490 nets ( ignored 0 )
[NR-eGR] There are 1 clock nets ( 0 with NDR ).
[NR-eGR] ============ Routing rule table ============
[NR-eGR] Rule id: 0  Nets: 490
[NR-eGR] ========================================
[NR-eGR] 
[NR-eGR] Layer group 1: route 490 net(s) in layer range [2, 7]
[NR-eGR] Early Global Route overflow of layer group 1: 0.00% H + 0.00% V. EstWL: 1.123794e+04um
[NR-eGR] Congestion Analysis By layer: (blocked Gcells are excluded) 
[NR-eGR]                        OverCon            
[NR-eGR]                         #Gcell     %Gcell
[NR-eGR]        Layer             (1-0)    OverCon
[NR-eGR] ----------------------------------------------
[NR-eGR]  Metal1 ( 1)         0( 0.00%)   ( 0.00%) 
[NR-eGR]  Metal2 ( 2)         0( 0.00%)   ( 0.00%) 
[NR-eGR]  Metal3 ( 3)         0( 0.00%)   ( 0.00%) 
[NR-eGR]  Metal4 ( 4)         0( 0.00%)   ( 0.00%) 
[NR-eGR]  Metal5 ( 5)         0( 0.00%)   ( 0.00%) 
[NR-eGR] TopMetal1 ( 6)         0( 0.00%)   ( 0.00%) 
[NR-eGR] TopMetal2 ( 7)         0( 0.00%)   ( 0.00%) 
[NR-eGR] ----------------------------------------------
[NR-eGR]        Total         0( 0.00%)   ( 0.00%) 
[NR-eGR] 
[NR-eGR] Overflow after Early Global Route 0.00% H + 0.00% V
[NR-eGR] Finished Early Global Route kernel ( CPU: 0.11 sec, Real: 0.03 sec, Curr Mem: 4.00 MB )
Early Global Route congestion estimation runtime: 0.04 seconds, mem = 4125.6M
Local HotSpot Analysis: normalized max congestion hotspot area = 0.00, normalized total congestion hotspot area = 0.00 (area is in unit of 4 std-cell row bins)
Skipped repairing congestion.
[NR-eGR] Connected 0 must-join pins/ports (post-process)
[NR-eGR] Total eGR-routed clock nets wire length: 753um, number of vias: 250
[NR-eGR] --------------------------------------------------------------------------
[NR-eGR]                    Length (um)  Vias 
[NR-eGR] -------------------------------------
[NR-eGR]  Metal1     (1H)             0  1746 
[NR-eGR]  Metal2     (2V)          5951  2571 
[NR-eGR]  Metal3     (3H)          5675    54 
[NR-eGR]  Metal4     (4V)           378     4 
[NR-eGR]  Metal5     (5H)            24     0 
[NR-eGR]  TopMetal1  (6V)             0     0 
[NR-eGR]  TopMetal2  (7H)             0     0 
[NR-eGR] -------------------------------------
[NR-eGR]             Total        12028  4375 
[NR-eGR] --------------------------------------------------------------------------
[NR-eGR] Total half perimeter of net bounding box: 9114um
[NR-eGR] Total length: 12028um, number of vias: 4375
[NR-eGR] --------------------------------------------------------------------------
Early Global Route wiring runtime: 0.01 seconds, mem = 4157.6M
Tdgp not enabled or already been cleared! skip clearing
End of congRepair (cpu=0:00:00.2, real=0:00:00.0)
*** Finishing placeDesign default flow ***
**placeDesign ... cpu = 0: 0: 7, real = 0: 0: 5, mem = 4157.6M **
Tdgp not enabled or already been cleared! skip clearing
**WARN: (IMPPSP-1003):	Found use of 'setRouteMode -earlyGlobalMaxRouteLayer'. This will continue to work in this release; however, it is recommended to use 'setDesignMode -topRoutingLayer' instead.
**WARN: (IMPSP-9526):	Restoring setTrialRouteMode -maxRouteLayer after placeDesign. Use 'setTrialRouteMode -maxRoutingLayer N' to set maximum routing layer.

*** Summary of all messages that are not suppressed in this session:
Severity  ID               Count  Summary                                  
WARNING   IMPDC-1629           2  The default delay limit was set to %d. T...
WARNING   IMPSP-9525           1  setPlaceMode -maxRouteLayer will overwri...
WARNING   IMPSP-9526           1  Restoring setTrialRouteMode -maxRouteLay...
WARNING   IMPPSP-1003          2  Found use of '%s'. This will continue to...
*** Message Summary: 6 warning(s), 0 error(s)

*** placeDesign #1 [finish] () : cpu/real = 0:00:07.3/0:00:05.3 (1.4), totSession cpu/real = 0:00:32.0/0:00:59.4 (0.5), mem = 4157.6M
<CMD> timeDesign -preCTS
AAE DB initialization (MEM=3156.55 CPU=0:00:00.0 REAL=0:00:00.0) 
*** timeDesign #1 [begin] () : totSession cpu/real = 0:00:32.1/0:00:59.6 (0.5), mem = 3156.6M
INFO: setAnalysisMode clockPropagation sdcControl -> forcedIdeal
Start to check current routing status for nets...
All nets are already routed correctly.
End to check current routing status for nets (mem=3135.6M)
Extraction called for design 'Main' of instances=424 and nets=665 using extraction engine 'preRoute' .
PreRoute RC Extraction called for design Main.
RC Extraction called in multi-corner(2) mode.
RCMode: PreRoute
      RC Corner Indexes            0       1   
Capacitance Scaling Factor   : 1.00000 1.00000 
Resistance Scaling Factor    : 1.00000 1.00000 
Clock Cap. Scaling Factor    : 1.00000 1.00000 
Clock Res. Scaling Factor    : 1.00000 1.00000 
Shrink Factor                : 1.00000
PreRoute extraction is honoring NDR/Shielding/ExtraSpace for clock nets.
Using capacitance table file ...
Updating RC Grid density data for preRoute extraction ...
Initializing multi-corner capacitance tables ... 
Initializing multi-corner resistance tables ...
PreRoute RC Extraction DONE (CPU Time: 0:00:00.0  Real Time: 0:00:00.0  MEM: 3135.555M)
Starting delay calculation for Setup views
AAE_INFO: opIsDesignInPostRouteState() is 0
#################################################################################
# Design Stage: PreRoute
# Design Name: Main
# Design Mode: 130nm
# Analysis Mode: MMMC Non-OCV 
# Parasitics Mode: No SPEF/RCDB 
# Signoff Settings: SI Off 
#################################################################################
Calculate delays in BcWc mode...
Start delay calculation (fullDC) (8 T). (MEM=2810.7)
Total number of fetched objects 496
End delay calculation. (MEM=2868.52 CPU=0:00:00.1 REAL=0:00:00.0)
End delay calculation (fullDC). (MEM=2853.59 CPU=0:00:00.6 REAL=0:00:01.0)
*** Done Building Timing Graph (cpu=0:00:00.7 real=0:00:01.0 totSessionCpu=0:00:33.0 mem=4631.0M)

------------------------------------------------------------------
          timeDesign Summary
------------------------------------------------------------------

Setup views included:
 WORST_CASE 

+--------------------+---------+---------+---------+
|     Setup mode     |   all   | reg2reg | default |
+--------------------+---------+---------+---------+
|           WNS (ns):|  0.871  |  0.871  |  1.756  |
|           TNS (ns):|  0.000  |  0.000  |  0.000  |
|    Violating Paths:|    0    |    0    |    0    |
|          All Paths:|   276   |   181   |   148   |
+--------------------+---------+---------+---------+

+----------------+-------------------------------+------------------+
|                |              Real             |       Total      |
|    DRVs        +------------------+------------+------------------|
|                |  Nr nets(terms)  | Worst Vio  |  Nr nets(terms)  |
+----------------+------------------+------------+------------------+
|   max_cap      |      1 (1)       |   -0.080   |      1 (1)       |
|   max_tran     |      1 (84)      |   -1.547   |      1 (84)      |
|   max_fanout   |      6 (6)       |    -75     |      6 (6)       |
|   max_length   |      0 (0)       |     0      |      0 (0)       |
+----------------+------------------+------------+------------------+

Density: 84.862%
Routing Overflow: 0.00% H and 0.00% V
------------------------------------------------------------------
Reported timing to dir ./timingReports
Total CPU time: 1.16 sec
Total Real time: 7.0 sec
Total Memory Usage: 4288.65625 Mbytes
*** timeDesign #1 [finish] () : cpu/real = 0:00:01.0/0:00:06.8 (0.2), totSession cpu/real = 0:00:33.1/0:01:06.4 (0.5), mem = 4288.7M
<CMD> optDesign -preCTS
Executing: place_opt_design -opt
#% Begin place_opt_design (date=08/07 22:24:25, mem=2850.8M)
**INFO: User settings:
setDesignMode -process                              130
setExtractRCMode -coupling_c_th                     0.4
setExtractRCMode -engine                            preRoute
setExtractRCMode -relative_c_th                     1
setExtractRCMode -total_c_th                        0
setUsefulSkewMode -opt_skew_max_allowed_delay       1
setUsefulSkewMode -opt_skew_no_boundary             false
setDelayCalMode -enable_high_fanout                 true
setDelayCalMode -eng_enablePrePlacedFlow            false
setDelayCalMode -engine                             aae
setDelayCalMode -ignoreNetLoad                      false
setDelayCalMode -socv_accuracy_mode                 low
setScanReorderMode -compLogic                       true
setPlaceMode -maxRouteLayer                         7
setPlaceMode -place_design_floorplan_mode           false
setPlaceMode -place_detail_check_route              false
setPlaceMode -place_detail_preserve_routing         true
setPlaceMode -place_detail_remove_affected_routing  false
setPlaceMode -place_detail_swap_eeq_cells           false
setPlaceMode -place_global_clock_gate_aware         true
setPlaceMode -place_global_cong_effort              auto
setPlaceMode -place_global_ignore_scan              true
setPlaceMode -place_global_ignore_spare             false
setPlaceMode -place_global_module_aware_spare       false
setPlaceMode -place_global_place_io_pins            false
setPlaceMode -place_global_reorder_scan             true
setPlaceMode -powerDriven                           false
setPlaceMode -timingDriven                          true
setAnalysisMode -checkType                          setup
setAnalysisMode -clkSrcPath                         true
setAnalysisMode -clockPropagation                   forcedIdeal
setAnalysisMode -virtualIPO                         false
setRouteMode -earlyGlobalHonorMsvRouteConstraint    false
setRouteMode -earlyGlobalRoutePartitionPinGuide     true

*** place_opt_design #1 [begin] () : totSession cpu/real = 0:00:33.2/0:01:06.5 (0.5), mem = 4288.7M
No user sequential activity specified, applying default sequential activity of "0.2" for Dynamic Power reporting.
'set_default_switching_activity' finished successfully.
*** Starting GigaPlace ***
Starting place_opt_design V2 flow
*** GlobalPlace #1 [begin] (place_opt_design #1) : totSession cpu/real = 0:00:33.2/0:01:06.5 (0.5), mem = 4288.7M
*** GlobalPlace #1 [finish] (place_opt_design #1) : cpu/real = 0:00:00.0/0:00:00.0 (0.0), totSession cpu/real = 0:00:33.2/0:01:06.5 (0.5), mem = 4288.7M
Enable CTE adjustment.
Enable Layer aware incrSKP.
**optDesign ... cpu = 0:00:00, real = 0:00:00, mem = 2853.8M, totSessionCpu=0:00:33 **
GigaOpt running with 8 threads.
*** InitOpt #1 [begin] (place_opt_design #1) : totSession cpu/real = 0:00:33.2/0:01:06.5 (0.5), mem = 4288.7M
**INFO: setDesignMode -flowEffort standard -> setting 'setOptMode -allEndPoints true' for the duration of this command.
Info: Using SynthesisEngine executable '/eda/cadence/2024-25/RHELx86/DDIEXPORT_23.31.000/INNOVUS231/bin/innovus_'.
      (normalized executable '/mnt/cae_storage_sw/eda/cadence/2024-25/RHELx86/DDIEXPORT_23.31.000/INNOVUS231/bin/innovus_')
      SynthesisEngine workers will not check out additional licenses.
Warning: cannot find min major genus version for innovus version; min major for 23.1 will be used instead.
**INFO: Using Advanced Metric Collection system.
**optDesign ... cpu = 0:00:01, real = 0:00:13, mem = 2861.6M, totSessionCpu=0:00:34 **
#optDebug: { P: 130 W: 4201 FE: standard PE: none LDR: 1}
*** optDesign -preCTS ***
DRC Margin: user margin 0.0; extra margin 0.2
Setup Target Slack: user slack 0; extra slack 0.0
Hold Target Slack: user slack 0
Multi-VT timing optimization disabled based on library information.
	CornerforLayerOpt timing analysis view WORST_CASE has been selected for calibration 
	CornerforLayerOpt timing analysis view WORST_CASE has been selected for calibration 
	CornerforLayerOpt timing analysis view WORST_CASE has been selected for calibration 
	CornerforLayerOpt timing analysis view WORST_CASE has been selected for calibration 
	CornerforLayerOpt timing analysis view WORST_CASE has been selected for calibration 
	CornerforLayerOpt timing analysis view WORST_CASE has been selected for calibration 
	CornerforLayerOpt timing analysis view WORST_CASE has been selected for calibration 
	CornerforLayerOpt timing analysis view WORST_CASE has been selected for calibration 
[NR-eGR] Started Early Global Route ( Curr Mem: 4.24 MB )
Max route layer is changed from 127 to 7 because there is no routing track above this layer
Max route layer is changed from 127 to 7 because there is no routing track above this layer
[NR-eGR] Started Early Global Route kernel ( Curr Mem: 4.24 MB )
[NR-eGR] Early global route reroute all routable nets
[NR-eGR] Track table information for default rule: 
[NR-eGR] Metal1 has single uniform track structure
[NR-eGR] Metal2 has single uniform track structure
[NR-eGR] Metal3 has single uniform track structure
[NR-eGR] Metal4 has single uniform track structure
[NR-eGR] Metal5 has single uniform track structure
[NR-eGR] TopMetal1 has single uniform track structure
[NR-eGR] TopMetal2 has single uniform track structure
[NR-eGR] Read 474 PG shapes
[NR-eGR] Read 0 clock shapes
[NR-eGR] Read 0 other shapes
[NR-eGR] #Routing Blockages  : 0
[NR-eGR] #Instance Blockages : 0
[NR-eGR] #PG Blockages       : 474
[NR-eGR] #Halo Blockages     : 0
[NR-eGR] #Boundary Blockages : 0
[NR-eGR] #Clock Blockages    : 0
[NR-eGR] #Other Blockages    : 0
[NR-eGR] #prerouted nets         : 0
[NR-eGR] #prerouted special nets : 0
[NR-eGR] #prerouted wires        : 0
[NR-eGR] Read 490 nets ( ignored 0 )
[NR-eGR] There are 1 clock nets ( 0 with NDR ).
[NR-eGR] ============ Routing rule table ============
[NR-eGR] Rule id: 0  Nets: 490
[NR-eGR] ========================================
[NR-eGR] 
[NR-eGR] Layer group 1: route 490 net(s) in layer range [2, 7]
[NR-eGR] Early Global Route overflow of layer group 1: 0.00% H + 0.00% V. EstWL: 1.143072e+04um
[NR-eGR] Congestion Analysis By layer: (blocked Gcells are excluded) 
[NR-eGR]                        OverCon            
[NR-eGR]                         #Gcell     %Gcell
[NR-eGR]        Layer             (1-0)    OverCon
[NR-eGR] ----------------------------------------------
[NR-eGR]  Metal1 ( 1)         0( 0.00%)   ( 0.00%) 
[NR-eGR]  Metal2 ( 2)         0( 0.00%)   ( 0.00%) 
[NR-eGR]  Metal3 ( 3)         0( 0.00%)   ( 0.00%) 
[NR-eGR]  Metal4 ( 4)         0( 0.00%)   ( 0.00%) 
[NR-eGR]  Metal5 ( 5)         0( 0.00%)   ( 0.00%) 
[NR-eGR] TopMetal1 ( 6)         0( 0.00%)   ( 0.00%) 
[NR-eGR] TopMetal2 ( 7)         0( 0.00%)   ( 0.00%) 
[NR-eGR] ----------------------------------------------
[NR-eGR]        Total         0( 0.00%)   ( 0.00%) 
[NR-eGR] 
[NR-eGR] Overflow after Early Global Route 0.00% H + 0.00% V
[NR-eGR] Connected 0 must-join pins/ports (post-process)
[NR-eGR] Total eGR-routed clock nets wire length: 781um, number of vias: 244
[NR-eGR] --------------------------------------------------------------------------
[NR-eGR]                    Length (um)  Vias 
[NR-eGR] -------------------------------------
[NR-eGR]  Metal1     (1H)             0  1746 
[NR-eGR]  Metal2     (2V)          6015  2557 
[NR-eGR]  Metal3     (3H)          5894    55 
[NR-eGR]  Metal4     (4V)           284     7 
[NR-eGR]  Metal5     (5H)            45     0 
[NR-eGR]  TopMetal1  (6V)             0     0 
[NR-eGR]  TopMetal2  (7H)             0     0 
[NR-eGR] -------------------------------------
[NR-eGR]             Total        12238  4365 
[NR-eGR] --------------------------------------------------------------------------
[NR-eGR] Total half perimeter of net bounding box: 9114um
[NR-eGR] Total length: 12238um, number of vias: 4365
[NR-eGR] --------------------------------------------------------------------------
[NR-eGR] Finished Early Global Route kernel ( CPU: 0.21 sec, Real: 0.11 sec, Curr Mem: 4.15 MB )
[NR-eGR] Finished Early Global Route ( CPU: 0.21 sec, Real: 0.11 sec, Curr Mem: 4.15 MB )
Extraction called for design 'Main' of instances=424 and nets=665 using extraction engine 'preRoute' .
PreRoute RC Extraction called for design Main.
RC Extraction called in multi-corner(2) mode.
RCMode: PreRoute
      RC Corner Indexes            0       1   
Capacitance Scaling Factor   : 1.00000 1.00000 
Resistance Scaling Factor    : 1.00000 1.00000 
Clock Cap. Scaling Factor    : 1.00000 1.00000 
Clock Res. Scaling Factor    : 1.00000 1.00000 
Shrink Factor                : 1.00000
PreRoute extraction is honoring NDR/Shielding/ExtraSpace for clock nets.
Using capacitance table file ...
Updating RC Grid density data for preRoute extraction ...
Initializing multi-corner capacitance tables ... 
Initializing multi-corner resistance tables ...
PreRoute RC Extraction DONE (CPU Time: 0:00:00.0  Real Time: 0:00:00.0  MEM: 4272.297M)
Starting delay calculation for Setup views
AAE_INFO: opIsDesignInPostRouteState() is 0
#################################################################################
# Design Stage: PreRoute
# Design Name: Main
# Design Mode: 130nm
# Analysis Mode: MMMC Non-OCV 
# Parasitics Mode: No SPEF/RCDB 
# Signoff Settings: SI Off 
#################################################################################
Calculate delays in BcWc mode...
Start delay calculation (fullDC) (8 T). (MEM=2924.18)
Total number of fetched objects 496
End delay calculation. (MEM=2971.82 CPU=0:00:00.1 REAL=0:00:00.0)
End delay calculation (fullDC). (MEM=2971.82 CPU=0:00:00.2 REAL=0:00:00.0)
*** Done Building Timing Graph (cpu=0:00:00.6 real=0:00:01.0 totSessionCpu=0:00:36.1 mem=4749.4M)

------------------------------------------------------------------
             Initial Summary
------------------------------------------------------------------

Setup views included:
 WORST_CASE 

+--------------------+---------+
|     Setup mode     |   all   |
+--------------------+---------+
|           WNS (ns):|  0.752  |
|           TNS (ns):|  0.000  |
|    Violating Paths:|    0    |
|          All Paths:|   276   |
+--------------------+---------+

+----------------+-------------------------------+------------------+
|                |              Real             |       Total      |
|    DRVs        +------------------+------------+------------------|
|                |  Nr nets(terms)  | Worst Vio  |  Nr nets(terms)  |
+----------------+------------------+------------+------------------+
|   max_cap      |      1 (1)       |   -0.086   |      1 (1)       |
|   max_tran     |      1 (84)      |   -1.615   |      1 (84)      |
|   max_fanout   |      6 (6)       |    -75     |      6 (6)       |
|   max_length   |      0 (0)       |     0      |      0 (0)       |
+----------------+------------------+------------+------------------+

Density: 84.862%
------------------------------------------------------------------
**optDesign ... cpu = 0:00:03, real = 0:00:15, mem = 2949.4M, totSessionCpu=0:00:36 **
*** InitOpt #1 [finish] (place_opt_design #1) : cpu/real = 0:00:03.1/0:00:14.8 (0.2), totSession cpu/real = 0:00:36.3/0:01:21.3 (0.4), mem = 4373.4M
** INFO : this run is activating medium effort placeOptDesign flow
*** ExcludedClockNetOpt #1 [begin] (place_opt_design #1) : totSession cpu/real = 0:00:36.4/0:01:21.3 (0.4), mem = 4373.4M
*** Starting optimizing excluded clock nets MEM= 4373.4M) ***
*info: No excluded clock nets to be optimized.
*** Finished optimizing excluded clock nets (CPU Time= 0:00:00.0  MEM= 4373.4M) ***
*** ExcludedClockNetOpt #1 [finish] (place_opt_design #1) : cpu/real = 0:00:00.0/0:00:00.0 (0.0), totSession cpu/real = 0:00:36.4/0:01:21.3 (0.4), mem = 4373.4M
The useful skew maximum allowed delay set by user is: 1
*** SimplifyNetlist #1 [begin] (place_opt_design #1) : totSession cpu/real = 0:00:36.5/0:01:21.4 (0.4), mem = 4343.4M
Info: 0 don't touch net , 30 undriven nets excluded from IPO operation.
Info: 1 clock net  excluded from IPO operation.

Footprint cell information for calculating maxBufDist
*info: There are 12 candidate Buffer cells
*info: There are 14 candidate Inverter cells

	CornerforLayerOpt timing analysis view WORST_CASE has been selected for calibration 
	CornerforLayerOpt timing analysis view WORST_CASE has been selected for calibration 
	CornerforLayerOpt timing analysis view WORST_CASE has been selected for calibration 
	CornerforLayerOpt timing analysis view WORST_CASE has been selected for calibration 

Netlist preparation processing... 
Removed 0 instance
**WARN: (IMPOPT-7098):	WARNING: A6M/am_result[0][4] is an undriven net with 1 fanouts.
**WARN: (IMPOPT-7098):	WARNING: A6M/am_result[0][3] is an undriven net with 1 fanouts.
**WARN: (IMPOPT-7098):	WARNING: A6M/am_result[0][2] is an undriven net with 1 fanouts.
**WARN: (IMPOPT-7098):	WARNING: A6M/am_result[0][1] is an undriven net with 1 fanouts.
**WARN: (IMPOPT-7098):	WARNING: A6M/am_result[0][0] is an undriven net with 1 fanouts.
**WARN: (IMPOPT-7098):	WARNING: A6M/am_result[1][4] is an undriven net with 1 fanouts.
**WARN: (IMPOPT-7098):	WARNING: A6M/am_result[1][3] is an undriven net with 1 fanouts.
**WARN: (IMPOPT-7098):	WARNING: A6M/am_result[1][2] is an undriven net with 1 fanouts.
**WARN: (IMPOPT-7098):	WARNING: A6M/am_result[1][1] is an undriven net with 1 fanouts.
**WARN: (IMPOPT-7098):	WARNING: A6M/am_result[1][0] is an undriven net with 1 fanouts.
**WARN: (IMPOPT-7098):	WARNING: A6M/am_result[2][4] is an undriven net with 1 fanouts.
**WARN: (IMPOPT-7098):	WARNING: A6M/am_result[2][3] is an undriven net with 1 fanouts.
**WARN: (IMPOPT-7098):	WARNING: A6M/am_result[2][2] is an undriven net with 1 fanouts.
**WARN: (IMPOPT-7098):	WARNING: A6M/am_result[2][1] is an undriven net with 1 fanouts.
**WARN: (IMPOPT-7098):	WARNING: A6M/am_result[2][0] is an undriven net with 1 fanouts.
**WARN: (IMPOPT-7098):	WARNING: A6M/am_result[3][4] is an undriven net with 1 fanouts.
**WARN: (IMPOPT-7098):	WARNING: A6M/am_result[3][3] is an undriven net with 1 fanouts.
**WARN: (IMPOPT-7098):	WARNING: A6M/am_result[3][2] is an undriven net with 1 fanouts.
**WARN: (IMPOPT-7098):	WARNING: A6M/am_result[3][1] is an undriven net with 1 fanouts.
**WARN: (IMPOPT-7098):	WARNING: A6M/am_result[3][0] is an undriven net with 1 fanouts.
**WARN: (EMS-27):	Message (IMPOPT-7098) has exceeded the current message display limit of 20.
To increase the message display limit, refer to the product command reference manual.
*info: Marking 0 isolation instances dont touch
*info: Marking 0 level shifter instances dont touch
*** SimplifyNetlist #1 [finish] (place_opt_design #1) : cpu/real = 0:00:00.9/0:00:00.9 (1.0), totSession cpu/real = 0:00:37.4/0:01:22.3 (0.5), mem = 4390.6M
Running new flow changes for HFN
Begin: GigaOpt high fanout net optimization
*** DrvOpt #1 [begin] (place_opt_design #1) : totSession cpu/real = 0:00:37.6/0:01:22.4 (0.5), mem = 4390.6M
Info: 0 don't touch net , 30 undriven nets excluded from IPO operation.
Info: 1 clock net  excluded from IPO operation.
	CornerforLayerOpt timing analysis view WORST_CASE has been selected for calibration 
	CornerforLayerOpt timing analysis view WORST_CASE has been selected for calibration 
	CornerforLayerOpt timing analysis view WORST_CASE has been selected for calibration 
	CornerforLayerOpt timing analysis view WORST_CASE has been selected for calibration 
	CornerforLayerOpt timing analysis view WORST_CASE has been selected for calibration 
	CornerforLayerOpt timing analysis view WORST_CASE has been selected for calibration 
	CornerforLayerOpt timing analysis view WORST_CASE has been selected for calibration 
	CornerforLayerOpt timing analysis view WORST_CASE has been selected for calibration 
*** DrvOpt #1 [finish] (place_opt_design #1) : cpu/real = 0:00:00.3/0:00:00.3 (1.0), totSession cpu/real = 0:00:37.9/0:01:22.7 (0.5), mem = 4393.3M
End: GigaOpt high fanout net optimization
Info: 0 don't touch net , 30 undriven nets excluded from IPO operation.
Info: 1 clock net  excluded from IPO operation.
Begin: Area Reclaim Optimization
*** AreaOpt #1 [begin] (place_opt_design #1) : totSession cpu/real = 0:00:38.0/0:01:22.9 (0.5), mem = 4783.0M
Reclaim Optimization WNS Slack 0.000  TNS Slack 0.000 Density 84.86
+---------+---------+--------+--------+------------+--------+
| Density | Commits |  WNS   |  TNS   |    Real    |  Mem   |
+---------+---------+--------+--------+------------+--------+
|   84.86%|        -|   0.000|   0.000|   0:00:00.0| 4783.0M|
|   84.84%|        1|   0.000|   0.000|   0:00:00.0| 5003.9M|
|   84.84%|        0|   0.000|   0.000|   0:00:00.0| 5003.9M|
|   82.87%|       43|   0.000|   0.000|   0:00:00.0| 5022.9M|
|   82.87%|        0|   0.000|   0.000|   0:00:00.0| 5022.9M|
+---------+---------+--------+--------+------------+--------+
Reclaim Optimization End WNS Slack 0.000  TNS Slack 0.000 Density 82.87
Bottom Preferred Layer:
    None
Via Pillar Rule:
    None

Number of times islegalLocAvaiable called = 0 skipped = 0, called in commitmove = 0, skipped in commitmove = 0
End: Core Area Reclaim Optimization (cpu = 0:00:01.1) (real = 0:00:01.0) **
*** AreaOpt #1 [finish] (place_opt_design #1) : cpu/real = 0:00:01.1/0:00:00.8 (1.4), totSession cpu/real = 0:00:39.2/0:01:23.7 (0.5), mem = 5022.9M
Executing incremental physical updates
Executing incremental physical updates
End: Area Reclaim Optimization (cpu=0:00:01, real=0:00:01, mem=4475.92M, totSessionCpu=0:00:39).
Begin: GigaOpt DRV Optimization
*** DrvOpt #2 [begin] (place_opt_design #1) : totSession cpu/real = 0:00:39.3/0:01:23.9 (0.5), mem = 4475.9M
Info: 0 don't touch net , 30 undriven nets excluded from IPO operation.
Info: 1 clock net  excluded from IPO operation.
	CornerforLayerOpt timing analysis view WORST_CASE has been selected for calibration 
	CornerforLayerOpt timing analysis view WORST_CASE has been selected for calibration 
	CornerforLayerOpt timing analysis view WORST_CASE has been selected for calibration 
	CornerforLayerOpt timing analysis view WORST_CASE has been selected for calibration 
	CornerforLayerOpt timing analysis view WORST_CASE has been selected for calibration 
	CornerforLayerOpt timing analysis view WORST_CASE has been selected for calibration 
	CornerforLayerOpt timing analysis view WORST_CASE has been selected for calibration 
	CornerforLayerOpt timing analysis view WORST_CASE has been selected for calibration 
+-------------------------------------------------------------------------------------------------------------------------------------------------------+
|        max-tran       |        max-cap        |  max-fanout |  max-length |       setup       |        |        |        |       |          |         |
+-------------------------------------------------------------------------------------------------------------------------------------------------------+
| nets | terms|  wViol  | nets | terms|  wViol  | nets | terms| nets | terms|   WNS   |   TNS   |  #Buf  |  #Inv  | #Resize|Density|   Real   |   Mem   |
+-------------------------------------------------------------------------------------------------------------------------------------------------------+
|     1|    84|    -2.38|     1|     1|    -0.15|     6|     6|     0|     0|     0.47|     0.00|       0|       0|       0| 82.87%|          |         |
|     0|     0|     0.00|     0|     0|     0.00|     8|     8|     0|     0|     0.47|     0.00|       2|       0|       0| 83.03%| 0:00:00.0|  5066.3M|
|     0|     0|     0.00|     0|     0|     0.00|     8|     8|     0|     0|     0.47|     0.00|       0|       0|       0| 83.03%| 0:00:00.0|  5066.3M|
+-------------------------------------------------------------------------------------------------------------------------------------------------------+
Bottom Preferred Layer:
    None
Via Pillar Rule:
    None

*** Finish DRV Fixing (cpu=0:00:00.1 real=0:00:00.0 mem=5066.3M) ***

*** DrvOpt #2 [finish] (place_opt_design #1) : cpu/real = 0:00:00.8/0:00:00.7 (1.1), totSession cpu/real = 0:00:40.2/0:01:24.6 (0.5), mem = 4517.3M
End: GigaOpt DRV Optimization
**optDesign ... cpu = 0:00:07, real = 0:00:18, mem = 3046.8M, totSessionCpu=0:00:40 **

Active setup views:
 WORST_CASE
  Dominating endpoints: 0
  Dominating TNS: -0.000

Begin: GigaOpt Global Optimization
*info: use new DP (enabled)
Info: 0 don't touch net , 30 undriven nets excluded from IPO operation.
Info: 1 clock net  excluded from IPO operation.
*** GlobalOpt #1 [begin] (place_opt_design #1) : totSession cpu/real = 0:00:40.3/0:01:24.8 (0.5), mem = 4780.0M
*info: 1 clock net excluded
*info: 72 no-driver nets excluded.
** GigaOpt Global Opt WNS Slack 0.000  TNS Slack 0.000 
+--------+--------+---------+------------+--------+----------+---------+---------------------------------+
|  WNS   |  TNS   | Density |    Real    |  Mem   |Worst View|Pathgroup|            End Point            |
+--------+--------+---------+------------+--------+----------+---------+---------------------------------+
|   0.000|   0.000|   83.03%|   0:00:00.0| 4995.2M|WORST_CASE|       NA| NA                              |
+--------+--------+---------+------------+--------+----------+---------+---------------------------------+

*** Finish pre-CTS Global Setup Fixing (cpu=0:00:00.0 real=0:00:00.0 mem=4995.2M) ***

*** Finish pre-CTS Setup Fixing (cpu=0:00:00.0 real=0:00:00.0 mem=4995.2M) ***
Bottom Preferred Layer:
    None
Via Pillar Rule:
    None
** GigaOpt Global Opt End WNS Slack 0.000  TNS Slack 0.000 
*** GlobalOpt #1 [finish] (place_opt_design #1) : cpu/real = 0:00:00.8/0:00:00.7 (1.1), totSession cpu/real = 0:00:41.1/0:01:25.5 (0.5), mem = 4550.2M
End: GigaOpt Global Optimization
*** Timing Is met
*** Check timing (0:00:00.0)
Info: 0 don't touch net , 30 undriven nets excluded from IPO operation.
Info: 1 clock net  excluded from IPO operation.
Begin: Area Reclaim Optimization
*** AreaOpt #2 [begin] (place_opt_design #1) : totSession cpu/real = 0:00:41.3/0:01:25.7 (0.5), mem = 4939.9M
Reclaim Optimization WNS Slack 0.000  TNS Slack 0.000 Density 83.03
+---------+---------+--------+--------+------------+--------+
| Density | Commits |  WNS   |  TNS   |    Real    |  Mem   |
+---------+---------+--------+--------+------------+--------+
|   83.03%|        -|   0.000|   0.000|   0:00:00.0| 4941.9M|
|   83.03%|        0|   0.000|   0.000|   0:00:00.0| 4943.9M|
|   83.03%|        0|   0.000|   0.000|   0:00:00.0| 4943.9M|
|   83.03%|        0|   0.000|   0.000|   0:00:00.0| 4943.9M|
|   83.03%|        0|   0.000|   0.000|   0:00:00.0| 4943.9M|
|   83.03%|        0|   0.000|   0.000|   0:00:00.0| 4943.9M|
+---------+---------+--------+--------+------------+--------+
Reclaim Optimization End WNS Slack 0.000  TNS Slack 0.000 Density 83.03
Bottom Preferred Layer:
    None
Via Pillar Rule:
    None

Number of times islegalLocAvaiable called = 0 skipped = 0, called in commitmove = 0, skipped in commitmove = 0
End: Core Area Reclaim Optimization (cpu = 0:00:00.6) (real = 0:00:01.0) **
*** AreaOpt #2 [finish] (place_opt_design #1) : cpu/real = 0:00:00.6/0:00:00.5 (1.1), totSession cpu/real = 0:00:41.8/0:01:26.2 (0.5), mem = 4943.9M
Executing incremental physical updates
Executing incremental physical updates
End: Area Reclaim Optimization (cpu=0:00:01, real=0:00:01, mem=4548.91M, totSessionCpu=0:00:42).
*** IncrReplace #1 [begin] (place_opt_design #1) : totSession cpu/real = 0:00:42.0/0:01:26.4 (0.5), mem = 4548.9M

*** Start incrementalPlace ***
No Views given, use default active views for adaptive view pruning
Active views:
  WORST_CASE
Max route layer is changed from 127 to 7 because there is no routing track above this layer
Max route layer is changed from 127 to 7 because there is no routing track above this layer
[NR-eGR] Started Early Global Route kernel ( Curr Mem: 4.41 MB )
[NR-eGR] Early global route reroute all routable nets
[NR-eGR] Track table information for default rule: 
[NR-eGR] Metal1 has single uniform track structure
[NR-eGR] Metal2 has single uniform track structure
[NR-eGR] Metal3 has single uniform track structure
[NR-eGR] Metal4 has single uniform track structure
[NR-eGR] Metal5 has single uniform track structure
[NR-eGR] TopMetal1 has single uniform track structure
[NR-eGR] TopMetal2 has single uniform track structure
[NR-eGR] Read 474 PG shapes
[NR-eGR] Read 0 clock shapes
[NR-eGR] Read 0 other shapes
[NR-eGR] #Routing Blockages  : 0
[NR-eGR] #Instance Blockages : 0
[NR-eGR] #PG Blockages       : 474
[NR-eGR] #Halo Blockages     : 0
[NR-eGR] #Boundary Blockages : 0
[NR-eGR] #Clock Blockages    : 0
[NR-eGR] #Other Blockages    : 0
[NR-eGR] #prerouted nets         : 0
[NR-eGR] #prerouted special nets : 0
[NR-eGR] #prerouted wires        : 0
[NR-eGR] Read 492 nets ( ignored 0 )
[NR-eGR] There are 1 clock nets ( 0 with NDR ).
[NR-eGR] ============ Routing rule table ============
[NR-eGR] Rule id: 0  Nets: 492
[NR-eGR] ========================================
[NR-eGR] 
[NR-eGR] Layer group 1: route 492 net(s) in layer range [2, 7]
[NR-eGR] Early Global Route overflow of layer group 1: 0.00% H + 0.00% V. EstWL: 1.124550e+04um
[NR-eGR] Congestion Analysis By layer: (blocked Gcells are excluded) 
[NR-eGR]                        OverCon            
[NR-eGR]                         #Gcell     %Gcell
[NR-eGR]        Layer             (1-0)    OverCon
[NR-eGR] ----------------------------------------------
[NR-eGR]  Metal1 ( 1)         0( 0.00%)   ( 0.00%) 
[NR-eGR]  Metal2 ( 2)         0( 0.00%)   ( 0.00%) 
[NR-eGR]  Metal3 ( 3)         0( 0.00%)   ( 0.00%) 
[NR-eGR]  Metal4 ( 4)         0( 0.00%)   ( 0.00%) 
[NR-eGR]  Metal5 ( 5)         0( 0.00%)   ( 0.00%) 
[NR-eGR] TopMetal1 ( 6)         0( 0.00%)   ( 0.00%) 
[NR-eGR] TopMetal2 ( 7)         0( 0.00%)   ( 0.00%) 
[NR-eGR] ----------------------------------------------
[NR-eGR]        Total         0( 0.00%)   ( 0.00%) 
[NR-eGR] 
[NR-eGR] Overflow after Early Global Route 0.00% H + 0.00% V
[NR-eGR] Finished Early Global Route kernel ( CPU: 0.11 sec, Real: 0.03 sec, Curr Mem: 4.41 MB )
Early Global Route congestion estimation runtime: 0.04 seconds, mem = 4550.9M
Local HotSpot Analysis: normalized max congestion hotspot area = 0.00, normalized total congestion hotspot area = 0.00 (area is in unit of 4 std-cell row bins)

=== incrementalPlace Internal Loop 1 ===
      flow.cputime  flow.realtime  timing.setup.tns  timing.setup.wns  snapshot
UM:*                                                                   incrNP_iter_start
*** Finished SKP initialization (cpu=0:00:00.3, real=0:00:00.0)***
SKP will use view:
  WORST_CASE
Iteration  4: Total net bbox = 7.469e+03 (3.64e+03 3.83e+03)
              Est.  stn bbox = 9.401e+03 (4.58e+03 4.82e+03)
              cpu = 0:00:00.3 real = 0:00:00.0 mem = 5174.9M
Iteration  5: Total net bbox = 7.619e+03 (3.82e+03 3.80e+03)
              Est.  stn bbox = 9.652e+03 (4.80e+03 4.85e+03)
              cpu = 0:00:00.3 real = 0:00:01.0 mem = 5174.9M
Iteration  6: Total net bbox = 7.933e+03 (3.96e+03 3.97e+03)
              Est.  stn bbox = 1.008e+04 (5.00e+03 5.08e+03)
              cpu = 0:00:00.7 real = 0:00:00.0 mem = 5174.9M
Iteration  7: Total net bbox = 8.747e+03 (4.42e+03 4.33e+03)
              Est.  stn bbox = 1.093e+04 (5.48e+03 5.45e+03)
              cpu = 0:00:01.2 real = 0:00:00.0 mem = 5174.9M
Iteration  8: Total net bbox = 8.626e+03 (4.35e+03 4.28e+03)
              Est.  stn bbox = 1.077e+04 (5.38e+03 5.39e+03)
              cpu = 0:00:00.5 real = 0:00:01.0 mem = 5206.9M
Move report: Timing Driven Placement moves 426 insts, mean move: 7.76 um, max move: 40.50 um 
	Max move on inst (A6M/FE_OFC0_scan_en): (22.68, 101.64) --> (48.09, 86.55)

Finished Incremental Placement (cpu=0:00:03.5, real=0:00:02.0, mem=4950.9M)
Begin: Reorder Scan Chains
*** Scan Trace Summary (runtime: cpu: 0:00:00.0 , real: 0:00:00.0): 
Successfully traced 1 scan chain  (total 91 scan bits).
Start applying DEF ordered sections ...
Successfully applied all DEF ordered sections.
*** Scan Sanity Check Summary:
*** 1 scan chain  passed sanity check.
*** Summary: Scan Reorder within scan chain
Initial total scan wire length:     1565.750 (floating:     1350.876)
Final   total scan wire length:     1494.616 (floating:     1279.742)
Improvement:       71.134   percent  4.54 (floating improvement:       71.134   percent  5.27)
Initial scan reorder max long connection: not available for -stitchChainsAfterFreeMerging
Final   scan reorder max long connection:       36.782
Total net length = 1.260e+04 (6.412e+03 6.186e+03) (ext = 3.347e+03)
*** End of ScanReorder (cpu=0:00:00.0, real=0:00:00.0, mem=5238.9M) ***
End: Reorder Scan Chains
*** Starting refinePlace (0:00:45.8 mem=5270.9M) ***
Total net bbox length = 9.080e+03 (4.662e+03 4.418e+03) (ext = 2.311e+03)
Max route layer is changed from 127 to 7 because there is no routing track above this layer
Max route layer is changed from 127 to 7 because there is no routing track above this layer
Max route layer is changed from 127 to 7 because there is no routing track above this layer
Max route layer is changed from 127 to 7 because there is no routing track above this layer
Move report: Detail placement moves 426 insts, mean move: 0.45 um, max move: 5.54 um 
	Max move on inst (A6M/FE_OFC1_n_180): (106.57, 97.88) --> (108.36, 101.64)
	Runtime: CPU: 0:00:00.0 REAL: 0:00:00.0 MEM: 5238.9MB
Summary Report:
Instances move: 426 (out of 426 movable)
Instances flipped: 0
Mean displacement: 0.45 um
Max displacement: 5.54 um (Instance: A6M/FE_OFC1_n_180) (106.573, 97.882) -> (108.36, 101.64)
	Length: 4 sites, height: 1 rows, site name: CoreSite, cell type: BUJIX1
Physical-only instances move: 0 (out of 0 movable physical-only)
Total net bbox length = 9.137e+03 (4.719e+03 4.418e+03) (ext = 2.293e+03)
Runtime: CPU: 0:00:00.0 REAL: 0:00:00.0 MEM: 5238.9MB
*** Finished refinePlace (0:00:45.8 mem=5238.9M) ***
Max route layer is changed from 127 to 7 because there is no routing track above this layer
Max route layer is changed from 127 to 7 because there is no routing track above this layer
[NR-eGR] Early global route reroute all routable nets
[NR-eGR] Track table information for default rule: 
[NR-eGR] Metal1 has single uniform track structure
[NR-eGR] Metal2 has single uniform track structure
[NR-eGR] Metal3 has single uniform track structure
[NR-eGR] Metal4 has single uniform track structure
[NR-eGR] Metal5 has single uniform track structure
[NR-eGR] TopMetal1 has single uniform track structure
[NR-eGR] TopMetal2 has single uniform track structure
[NR-eGR] Read 474 PG shapes
[NR-eGR] Read 0 clock shapes
[NR-eGR] Read 0 other shapes
[NR-eGR] #Routing Blockages  : 0
[NR-eGR] #Instance Blockages : 0
[NR-eGR] #PG Blockages       : 474
[NR-eGR] #Halo Blockages     : 0
[NR-eGR] #Boundary Blockages : 0
[NR-eGR] #Clock Blockages    : 0
[NR-eGR] #Other Blockages    : 0
[NR-eGR] #prerouted nets         : 0
[NR-eGR] #prerouted special nets : 0
[NR-eGR] #prerouted wires        : 0
[NR-eGR] Read 492 nets ( ignored 0 )
[NR-eGR] There are 1 clock nets ( 0 with NDR ).
[NR-eGR] ============ Routing rule table ============
[NR-eGR] Rule id: 0  Nets: 492
[NR-eGR] ========================================
[NR-eGR] 
[NR-eGR] Layer group 1: route 492 net(s) in layer range [2, 7]
[NR-eGR] Early Global Route overflow of layer group 1: 0.00% H + 0.00% V. EstWL: 1.110564e+04um
[NR-eGR] Congestion Analysis By layer: (blocked Gcells are excluded) 
[NR-eGR]                        OverCon            
[NR-eGR]                         #Gcell     %Gcell
[NR-eGR]        Layer             (1-0)    OverCon
[NR-eGR] ----------------------------------------------
[NR-eGR]  Metal1 ( 1)         0( 0.00%)   ( 0.00%) 
[NR-eGR]  Metal2 ( 2)         0( 0.00%)   ( 0.00%) 
[NR-eGR]  Metal3 ( 3)         0( 0.00%)   ( 0.00%) 
[NR-eGR]  Metal4 ( 4)         0( 0.00%)   ( 0.00%) 
[NR-eGR]  Metal5 ( 5)         0( 0.00%)   ( 0.00%) 
[NR-eGR] TopMetal1 ( 6)         0( 0.00%)   ( 0.00%) 
[NR-eGR] TopMetal2 ( 7)         0( 0.00%)   ( 0.00%) 
[NR-eGR] ----------------------------------------------
[NR-eGR]        Total         0( 0.00%)   ( 0.00%) 
[NR-eGR] 
[NR-eGR] Overflow after Early Global Route 0.00% H + 0.00% V
[NR-eGR] Finished Early Global Route kernel ( CPU: 0.11 sec, Real: 0.03 sec, Curr Mem: 4.91 MB )
Early Global Route congestion estimation runtime: 0.04 seconds, mem = 5046.9M
Local HotSpot Analysis: normalized max congestion hotspot area = 0.00, normalized total congestion hotspot area = 0.00 (area is in unit of 4 std-cell row bins)
Local HotSpot Analysis (blockage included): normalized max congestion hotspot area = 0.00, normalized total congestion hotspot area = 0.00 (area is in unit of 4 std-cell row bins)
[NR-eGR] Connected 0 must-join pins/ports (post-process)
[NR-eGR] Total eGR-routed clock nets wire length: 770um, number of vias: 260
[NR-eGR] --------------------------------------------------------------------------
[NR-eGR]                    Length (um)  Vias 
[NR-eGR] -------------------------------------
[NR-eGR]  Metal1     (1H)             0  1750 
[NR-eGR]  Metal2     (2V)          5675  2586 
[NR-eGR]  Metal3     (3H)          5841    52 
[NR-eGR]  Metal4     (4V)           423     0 
[NR-eGR]  Metal5     (5H)             0     0 
[NR-eGR]  TopMetal1  (6V)             0     0 
[NR-eGR]  TopMetal2  (7H)             0     0 
[NR-eGR] -------------------------------------
[NR-eGR]             Total        11939  4388 
[NR-eGR] --------------------------------------------------------------------------
[NR-eGR] Total half perimeter of net bounding box: 9137um
[NR-eGR] Total length: 11939um, number of vias: 4388
[NR-eGR] --------------------------------------------------------------------------
Max route layer is changed from 127 to 7 because there is no routing track above this layer
Early Global Route wiring runtime: 0.04 seconds, mem = 4941.4M
0 delay mode for cte disabled.

*** Finished incrementalPlace (cpu=0:00:04.0, real=0:00:02.0)***
Start to check current routing status for nets...
All nets are already routed correctly.
End to check current routing status for nets (mem=4733.4M)
Extraction called for design 'Main' of instances=426 and nets=667 using extraction engine 'preRoute' .
PreRoute RC Extraction called for design Main.
RC Extraction called in multi-corner(2) mode.
RCMode: PreRoute
      RC Corner Indexes            0       1   
Capacitance Scaling Factor   : 1.00000 1.00000 
Resistance Scaling Factor    : 1.00000 1.00000 
Clock Cap. Scaling Factor    : 1.00000 1.00000 
Clock Res. Scaling Factor    : 1.00000 1.00000 
Shrink Factor                : 1.00000
PreRoute extraction is honoring NDR/Shielding/ExtraSpace for clock nets.
Using capacitance table file ...
Updating RC Grid density data for preRoute extraction ...
Initializing multi-corner capacitance tables ... 
Initializing multi-corner resistance tables ...
PreRoute RC Extraction DONE (CPU Time: 0:00:00.0  Real Time: 0:00:00.0  MEM: 4733.367M)
**optDesign ... cpu = 0:00:13, real = 0:00:22, mem = 2952.7M, totSessionCpu=0:00:46 **
Starting delay calculation for Setup views
AAE_INFO: opIsDesignInPostRouteState() is 0
#################################################################################
# Design Stage: PreRoute
# Design Name: Main
# Design Mode: 130nm
# Analysis Mode: MMMC Non-OCV 
# Parasitics Mode: No SPEF/RCDB 
# Signoff Settings: SI Off 
#################################################################################
Calculate delays in BcWc mode...
Start delay calculation (fullDC) (8 T). (MEM=3059.12)
Total number of fetched objects 498
End delay calculation. (MEM=3098 CPU=0:00:00.1 REAL=0:00:00.0)
End delay calculation (fullDC). (MEM=3098 CPU=0:00:00.1 REAL=0:00:00.0)
*** Done Building Timing Graph (cpu=0:00:00.4 real=0:00:00.0 totSessionCpu=0:00:46.5 mem=5220.1M)
*** IncrReplace #1 [finish] (place_opt_design #1) : cpu/real = 0:00:04.7/0:00:02.8 (1.7), totSession cpu/real = 0:00:46.8/0:01:29.1 (0.5), mem = 4757.1M
Set ::gpsPrivate::dogPBIsIncrReplaceDoneInMaster 1
*** Timing Is met
*** Check timing (0:00:00.0)
*** Timing Is met
*** Check timing (0:00:00.0)
*** Timing Is met
*** Check timing (0:00:00.0)
Info: 0 don't touch net , 30 undriven nets excluded from IPO operation.
Info: 1 clock net  excluded from IPO operation.
Begin: Area Reclaim Optimization
*** AreaOpt #3 [begin] (place_opt_design #1) : totSession cpu/real = 0:00:47.0/0:01:29.3 (0.5), mem = 5171.8M
Reclaim Optimization WNS Slack 0.000  TNS Slack 0.000 Density 83.03
+---------+---------+--------+--------+------------+--------+
| Density | Commits |  WNS   |  TNS   |    Real    |  Mem   |
+---------+---------+--------+--------+------------+--------+
|   83.03%|        -|   0.000|   0.000|   0:00:00.0| 5171.8M|
|   82.95%|        1|   0.000|   0.000|   0:00:00.0| 5326.4M|
+---------+---------+--------+--------+------------+--------+
Reclaim Optimization End WNS Slack 0.000  TNS Slack 0.000 Density 82.95
Bottom Preferred Layer:
    None
Via Pillar Rule:
    None

Number of times islegalLocAvaiable called = 0 skipped = 0, called in commitmove = 0, skipped in commitmove = 0
End: Core Area Reclaim Optimization (cpu = 0:00:00.3) (real = 0:00:00.0) **
*** AreaOpt #3 [finish] (place_opt_design #1) : cpu/real = 0:00:00.3/0:00:00.2 (1.2), totSession cpu/real = 0:00:47.3/0:01:29.5 (0.5), mem = 5326.4M
End: Area Reclaim Optimization (cpu=0:00:00, real=0:00:00, mem=4785.41M, totSessionCpu=0:00:47).
Info: 0 don't touch net , 30 undriven nets excluded from IPO operation.
Info: 1 clock net  excluded from IPO operation.
Begin: Area Reclaim Optimization
*** AreaOpt #4 [begin] (place_opt_design #1) : totSession cpu/real = 0:00:47.5/0:01:29.7 (0.5), mem = 5175.1M
Reclaim Optimization WNS Slack 0.000  TNS Slack 0.000 Density 82.95
+---------+---------+--------+--------+------------+--------+
| Density | Commits |  WNS   |  TNS   |    Real    |  Mem   |
+---------+---------+--------+--------+------------+--------+
|   82.95%|        -|   0.000|   0.000|   0:00:00.0| 5175.1M|
|   82.95%|        0|   0.000|   0.000|   0:00:00.0| 5175.1M|
|   82.95%|        0|   0.000|   0.000|   0:00:00.0| 5175.1M|
|   82.95%|        0|   0.000|   0.000|   0:00:00.0| 5175.1M|
|   82.95%|        0|   0.000|   0.000|   0:00:00.0| 5175.1M|
+---------+---------+--------+--------+------------+--------+
Reclaim Optimization End WNS Slack 0.000  TNS Slack 0.000 Density 82.95
Bottom Preferred Layer:
    None
Via Pillar Rule:
    None

Number of times islegalLocAvaiable called = 0 skipped = 0, called in commitmove = 0, skipped in commitmove = 0
End: Core Area Reclaim Optimization (cpu = 0:00:00.2) (real = 0:00:00.0) **
*** Finished re-routing un-routed nets (5175.1M) ***

*** Finish Physical Update (cpu=0:00:00.0 real=0:00:00.0 mem=5175.1M) ***
*** AreaOpt #4 [finish] (place_opt_design #1) : cpu/real = 0:00:00.2/0:00:00.1 (1.2), totSession cpu/real = 0:00:47.6/0:01:29.9 (0.5), mem = 5175.1M
End: Area Reclaim Optimization (cpu=0:00:00, real=0:00:00, mem=4785.12M, totSessionCpu=0:00:48).
Begin: GigaOpt postEco DRV Optimization
*** DrvOpt #3 [begin] (place_opt_design #1) : totSession cpu/real = 0:00:47.8/0:01:30.0 (0.5), mem = 4785.1M
Info: 0 don't touch net , 30 undriven nets excluded from IPO operation.
Info: 1 clock net  excluded from IPO operation.
	CornerforLayerOpt timing analysis view WORST_CASE has been selected for calibration 
	CornerforLayerOpt timing analysis view WORST_CASE has been selected for calibration 
	CornerforLayerOpt timing analysis view WORST_CASE has been selected for calibration 
	CornerforLayerOpt timing analysis view WORST_CASE has been selected for calibration 
	CornerforLayerOpt timing analysis view WORST_CASE has been selected for calibration 
	CornerforLayerOpt timing analysis view WORST_CASE has been selected for calibration 
	CornerforLayerOpt timing analysis view WORST_CASE has been selected for calibration 
	CornerforLayerOpt timing analysis view WORST_CASE has been selected for calibration 
+-------------------------------------------------------------------------------------------------------------------------------------------------------+
|        max-tran       |        max-cap        |  max-fanout |  max-length |       setup       |        |        |        |       |          |         |
+-------------------------------------------------------------------------------------------------------------------------------------------------------+
| nets | terms|  wViol  | nets | terms|  wViol  | nets | terms| nets | terms|   WNS   |   TNS   |  #Buf  |  #Inv  | #Resize|Density|   Real   |   Mem   |
+-------------------------------------------------------------------------------------------------------------------------------------------------------+
|     0|     0|     0.00|     0|     0|     0.00|     7|     7|     0|     0|     0.57|     0.00|       0|       0|       0| 82.95%|          |         |
|     0|     0|     0.00|     0|     0|     0.00|     8|     8|     0|     0|     0.57|     0.00|       1|       0|       0| 83.03%| 0:00:00.0|  5357.0M|
|     0|     0|     0.00|     0|     0|     0.00|     8|     8|     0|     0|     0.57|     0.00|       0|       0|       0| 83.03%| 0:00:00.0|  5357.0M|
+-------------------------------------------------------------------------------------------------------------------------------------------------------+
Bottom Preferred Layer:
    None
Via Pillar Rule:
    None

*** Finish DRV Fixing (cpu=0:00:00.1 real=0:00:00.0 mem=5357.0M) ***

*** DrvOpt #3 [finish] (place_opt_design #1) : cpu/real = 0:00:00.4/0:00:00.3 (1.2), totSession cpu/real = 0:00:48.2/0:01:30.4 (0.5), mem = 4816.0M
End: GigaOpt postEco DRV Optimization
**WARN: (IMPOPT-7329):	Skipping refinePlace due to user configuration.
Register exp ratio and priority group on 0 nets on 528 nets : 

Active setup views:
 WORST_CASE
  Dominating endpoints: 0
  Dominating TNS: -0.000

Extraction called for design 'Main' of instances=426 and nets=667 using extraction engine 'preRoute' .
PreRoute RC Extraction called for design Main.
RC Extraction called in multi-corner(2) mode.
RCMode: PreRoute
      RC Corner Indexes            0       1   
Capacitance Scaling Factor   : 1.00000 1.00000 
Resistance Scaling Factor    : 1.00000 1.00000 
Clock Cap. Scaling Factor    : 1.00000 1.00000 
Clock Res. Scaling Factor    : 1.00000 1.00000 
Shrink Factor                : 1.00000
PreRoute extraction is honoring NDR/Shielding/ExtraSpace for clock nets.
Using capacitance table file ...
Grid density data update skipped
Initializing multi-corner capacitance tables ... 
Initializing multi-corner resistance tables ...
PreRoute RC Extraction DONE (CPU Time: 0:00:00.0  Real Time: 0:00:00.0  MEM: 4703.133M)
Skewing Data Summary (End_of_FINAL)

Skew summary for view WORST_CASE:
* Accumulated skew : count = 0

Starting delay calculation for Setup views
AAE_INFO: opIsDesignInPostRouteState() is 0
#################################################################################
# Design Stage: PreRoute
# Design Name: Main
# Design Mode: 130nm
# Analysis Mode: MMMC Non-OCV 
# Parasitics Mode: No SPEF/RCDB 
# Signoff Settings: SI Off 
#################################################################################
Calculate delays in BcWc mode...
Start delay calculation (fullDC) (8 T). (MEM=3078.45)
Total number of fetched objects 498
End delay calculation. (MEM=3120.35 CPU=0:00:00.1 REAL=0:00:00.0)
End delay calculation (fullDC). (MEM=3120.35 CPU=0:00:00.1 REAL=0:00:00.0)
*** Done Building Timing Graph (cpu=0:00:00.4 real=0:00:00.0 totSessionCpu=0:00:49.1 mem=5203.4M)
OPTC: user 20.0
Reported timing to dir ./timingReports
**optDesign ... cpu = 0:00:16, real = 0:00:24, mem = 3089.3M, totSessionCpu=0:00:49 **

------------------------------------------------------------------
     optDesign Final Summary
------------------------------------------------------------------

Setup views included:
 WORST_CASE 

+--------------------+---------+---------+---------+
|     Setup mode     |   all   | reg2reg | default |
+--------------------+---------+---------+---------+
|           WNS (ns):|  0.572  |  0.572  |  1.746  |
|           TNS (ns):|  0.000  |  0.000  |  0.000  |
|    Violating Paths:|    0    |    0    |    0    |
|          All Paths:|   276   |   181   |   148   |
+--------------------+---------+---------+---------+

+----------------+-------------------------------+------------------+
|                |              Real             |       Total      |
|    DRVs        +------------------+------------+------------------|
|                |  Nr nets(terms)  | Worst Vio  |  Nr nets(terms)  |
+----------------+------------------+------------+------------------+
|   max_cap      |      0 (0)       |   0.000    |      0 (0)       |
|   max_tran     |      0 (0)       |   0.000    |      0 (0)       |
|   max_fanout   |      8 (8)       |    -67     |      8 (8)       |
|   max_length   |      0 (0)       |     0      |      0 (0)       |
+----------------+------------------+------------+------------------+

Density: 83.028%
Routing Overflow: 0.00% H and 0.00% V
------------------------------------------------------------------
Begin: Collecting metrics
 ------------------------------------------------------------------------------------------------------------------------------------------------------- 
| Snapshot                | WNS                  | TNS                  | Density (%) | Hotspot                   | Resource               | DRVs       |
|                         | HEPG (ns) | ALL (ns) | HEPG (ns) | ALL (ns) |             | Max (bins) | Total (bins) | Real (s) | Memory (MB) | Tran | Cap |
|-------------------------+-----------+----------+-----------+----------+-------------+------------+--------------+----------+-------------+------+-----|
| initial_summary         |           |    0.752 |           |        0 |       84.86 |            |              | 0:00:01  |        4373 |    1 |   1 |
| simplify_netlist        |           |          |           |          |             |            |              | 0:00:01  |        4391 |      |     |
| drv_fixing              |           |          |           |          |             |            |              | 0:00:00  |        4393 |      |     |
| area_reclaiming         |     0.000 |    0.466 |         0 |        0 |       82.87 |            |              | 0:00:01  |        4476 |      |     |
| drv_fixing_2            |     0.000 |    0.467 |         0 |        0 |       83.03 |            |              | 0:00:01  |        4517 |    0 |   0 |
| global_opt              |           |    0.467 |           |        0 |       83.03 |            |              | 0:00:01  |        4550 |      |     |
| area_reclaiming_2       |     0.000 |    0.467 |         0 |        0 |       83.03 |            |              | 0:00:01  |        4549 |      |     |
| incremental_replacement |           |          |           |          |             |       0.00 |         0.00 | 0:00:03  |        4757 |      |     |
| area_reclaiming_3       |     0.572 |    0.572 |         0 |        0 |       82.95 |            |              | 0:00:00  |        4785 |      |     |
| area_reclaiming_4       |     0.572 |    0.572 |         0 |        0 |       82.95 |            |              | 0:00:00  |        4785 |      |     |
| drv_eco_fixing          |     0.572 |    0.572 |         0 |        0 |       83.03 |            |              | 0:00:00  |        4816 |    0 |   0 |
| final_summary           |     0.572 |    0.572 |           |        0 |       83.03 |            |              | 0:00:07  |        4802 |    0 |   0 |
 ------------------------------------------------------------------------------------------------------------------------------------------------------- 
End: Collecting metrics
**optDesign ... cpu = 0:00:16, real = 0:00:31, mem = 3095.7M, totSessionCpu=0:00:50 **
*** Finished optDesign ***
      flow.cputime  flow.realtime  timing.setup.tns  timing.setup.wns  snapshot
UM:*                                                                   final
      flow.cputime  flow.realtime  timing.setup.tns  timing.setup.wns  snapshot
UM:*                                                                   opt_design_prects
Info: final physical memory for 9 CRR processes is 838.71MB.
Info: Summary of CRR changes:
      - Timing transform commits:       0
Disable CTE adjustment.
Disable Layer aware incrSKP.
**place_opt_design ... cpu = 0:00:17, real = 0:00:37, mem = 4736.1M **
*** Finished GigaPlace ***

*** Summary of all messages that are not suppressed in this session:
Severity  ID               Count  Summary                                  
WARNING   IMPOPT-7329          1  Skipping refinePlace due to user configu...
WARNING   IMPOPT-7098         30  WARNING: %s is an undriven net with %d f...
*** Message Summary: 31 warning(s), 0 error(s)

*** place_opt_design #1 [finish] () : cpu/real = 0:00:16.8/0:00:37.1 (0.5), totSession cpu/real = 0:00:50.0/0:01:43.5 (0.5), mem = 4736.1M
#% End place_opt_design (date=08/07 22:25:02, total cpu=0:00:16.9, real=0:00:37.0, peak res=3151.3M, current mem=3021.8M)
<CMD> zoomBox -22.51200 -17.95800 125.02600 114.12000
<CMD> fit
<CMD> is_innovus_plus
Starting snapshot creation...
<CMD> getDrawView
<CMD> setDrawView fplan
<CMD> win
<CMD> dumpToGIF ./ss_test_pnr.fplan.gif
<CMD> getDrawView
<CMD> setDrawView amoeba
<CMD> win
<CMD> dumpToGIF ./ss_test_pnr.amoeba.gif
<CMD> getDrawView
<CMD> setDrawView place
<CMD> win
<CMD> dumpToGIF ./ss_test_pnr.place.gif
Completed snapshot creation (cpu = 0:0:0, real = 0:0:1, mem = 4715.16M, memory increment = -31.03M)
Saving snapshot for fplan view to ss_test_pnr.fplan.gif
Saving snapshot for amoeba view to ss_test_pnr.amoeba.gif
Saving snapshot for place view to ss_test_pnr.place.gif
<CMD> selectInst {A6M/activation_reg_reg[2][0]}
<CMD> set_ccopt_property buffer_cells {BUFJIX1 BUFJIX2 BUFJIX12 BUFJIX16 BUFJIX20 BUFJIX4 BUFJIX8 BUJIX1 BUJIX2 BUJIX12 BUJIX16 BUJIX20 BUJIX4 BUJIX8}
<CMD> set_ccopt_property inverter_cells {INJIX1 INJIX0 INJIX2 INJIX12 INJIX16 INJIX20 INJIX4 INJIX8 INVJIX1 INVJIX0 INVJIX2 INVJIX12 INVJIX16 INVJIX20 INVJIX4 INVJIX8}
<CMD> set_ccopt_property delay_cells {DLY1JIX1 DLY2JIX1 DLY4JIX1 DLY8JIX1}
<CMD> create_ccopt_clock_tree_spec
Creating clock tree spec for modes (timing configs): CONSTRAINTS
extract_clock_generator_skew_groups=true: create_ccopt_clock_tree_spec will generate skew groups with a name prefix of "_clock_gen" to balance clock generator connected flops with the clock generator they drive.
Reset timing graph...
Ignoring AAE DB Resetting ...
Reset timing graph done.
Ignoring AAE DB Resetting ...
Analyzing clock structure...
Analyzing clock structure done.
Reset timing graph...
Ignoring AAE DB Resetting ...
Reset timing graph done.
Extracting original clock gating for clk...
  clock_tree clk contains 91 sinks and 0 clock gates.
Extracting original clock gating for clk done.
The skew group clk/CONSTRAINTS was created. It contains 91 sinks and 1 sources.
Checking clock tree convergence...
Checking clock tree convergence done.
<CMD> clock_opt_design
*** clock_opt_design #1 [begin] () : totSession cpu/real = 0:00:55.1/0:03:14.7 (0.3), mem = 4647.6M
**INFO: User's settings:
setOptMode -opt_view_pruning_hold_views_active_list            { Best_CASE }
setOptMode -opt_view_pruning_setup_views_active_list           { WORST_CASE }
setOptMode -opt_view_pruning_setup_views_persistent_list       { WORST_CASE}
setOptMode -opt_view_pruning_tdgr_setup_views_persistent_list  { WORST_CASE}
setOptMode -opt_drv_margin                                     0
setOptMode -opt_drv                                            true
setOptMode -opt_resize_flip_flops                              true
setOptMode -opt_setup_target_slack                             0

Hard fence disabled
*** Starting refinePlace (0:00:55.1 mem=4679.6M) ***
Max route layer is changed from 127 to 7 because there is no routing track above this layer
Max route layer is changed from 127 to 7 because there is no routing track above this layer

Starting Small incrNP...
Density distribution unevenness ratio = 1.347%
Skipped incrNP (cpu=0:00:00.0, real=0:00:00.0, mem=4679.6M)
End of Small incrNP (cpu=0:00:00.0, real=0:00:00.0)
Max route layer is changed from 127 to 7 because there is no routing track above this layer
Max route layer is changed from 127 to 7 because there is no routing track above this layer
Move report: Detail placement moves 1 insts, mean move: 0.42 um, max move: 0.42 um 
	Max move on inst (A6M/g2406): (109.62, 90.30) --> (109.20, 90.30)
	Runtime: CPU: 0:00:00.0 REAL: 0:00:00.0 MEM: 4647.6MB
Summary Report:
Instances move: 1 (out of 426 movable)
Instances flipped: 0
Mean displacement: 0.42 um
Max displacement: 0.42 um (Instance: A6M/g2406) (109.62, 90.3) -> (109.2, 90.3)
	Length: 3 sites, height: 1 rows, site name: CoreSite, cell type: INVJIX1
Physical-only instances move: 0 (out of 0 movable physical-only)
Runtime: CPU: 0:00:00.0 REAL: 0:00:00.0 MEM: 4647.6MB
*** Finished refinePlace (0:00:55.1 mem=4647.6M) ***
ccopt_args: 
Turning off fast DC mode.
Runtime...
(clock_opt_design): CTS Engine: auto. Used Spec: pre-existing CCOPT spec.
Placement constraints of type 'region' or 'fence' will not be downgraded to 'guide' because the property change_fences_to_guides has been set to false.
Set place::cacheFPlanSiteMark to 1
'setDesignMode -flowEffort standard' => 'setOptMode -usefulSkewCCOpt standard' 
Using CCOpt effort standard.
Updating ideal nets and annotations...
Reset timing graph...
Ignoring AAE DB Resetting ...
Reset timing graph done.
Ignoring AAE DB Resetting ...
Reset timing graph...
Ignoring AAE DB Resetting ...
Reset timing graph done.
Clock tree spec update: Ideal nets, transition and delay annotations were updated to match active timing constraints.
Updating ideal nets and annotations done. (took cpu=0:00:00.1 real=0:00:00.1)
CCOpt::Phase::Initialization...
Check Prerequisites...
Leaving CCOpt scope - CheckPlace...
Begin checking placement ... (start mem=4660.7M, init mem=4692.7M)
*info: Placed = 426           
*info: Unplaced = 0           
Placement Density:83.02%(6896/8306)
Placement Density (including fixed std cells):83.02%(6896/8306)
Finished checkPlace (total: cpu=0:00:00.0, real=0:00:00.0; vio checks: cpu=0:00:00.0, real=0:00:00.0; mem=4660.7M)
Leaving CCOpt scope - CheckPlace done. (took cpu=0:00:00.0 real=0:00:00.0)
Innovus will update I/O latencies
Reset timing graph...
Ignoring AAE DB Resetting ...
Reset timing graph done.
Ignoring AAE DB Resetting ...
No differences between SDC and CTS ideal net status found.
No differences between SDC and CTS transition time annotations found.
No differences between SDC and CTS delay annotations found.
Reset timing graph...
Ignoring AAE DB Resetting ...
Reset timing graph done.
Found 0 ideal nets, 0 pins with transition annotations, 0 instances with delay annotations, 0 nets with delay annotations, refer to logv for details.

Check Prerequisites done. (took cpu=0:00:00.1 real=0:00:00.1)
CCOpt::Phase::Initialization done. (took cpu=0:00:00.1 real=0:00:00.1)
Executing ccopt post-processing.
Synthesizing clock trees with CCOpt...
*** CTS #1 [begin] (clock_opt_design #1) : totSession cpu/real = 0:00:55.4/0:03:15.0 (0.3), mem = 4663.2M
CCOpt::Phase::PreparingToBalance...
Leaving CCOpt scope - Initializing power interface...
Leaving CCOpt scope - Initializing power interface done. (took cpu=0:00:00.0 real=0:00:00.0)
Found 0 advancing pin insertion delay (0.000% of 91 clock tree sinks)
Found 0 delaying pin insertion delay (0.000% of 91 clock tree sinks)
Leaving CCOpt scope - optDesignGlobalRouteStep...
Max route layer is changed from 127 to 7 because there is no routing track above this layer
Max route layer is changed from 127 to 7 because there is no routing track above this layer
[NR-eGR] Early global route reroute all routable nets
[NR-eGR] Track table information for default rule: 
[NR-eGR] Metal1 has single uniform track structure
[NR-eGR] Metal2 has single uniform track structure
[NR-eGR] Metal3 has single uniform track structure
[NR-eGR] Metal4 has single uniform track structure
[NR-eGR] Metal5 has single uniform track structure
[NR-eGR] TopMetal1 has single uniform track structure
[NR-eGR] TopMetal2 has single uniform track structure
[NR-eGR] Read 474 PG shapes
[NR-eGR] Read 0 clock shapes
[NR-eGR] Read 0 other shapes
[NR-eGR] #Routing Blockages  : 0
[NR-eGR] #Instance Blockages : 0
[NR-eGR] #PG Blockages       : 474
[NR-eGR] #Halo Blockages     : 0
[NR-eGR] #Boundary Blockages : 0
[NR-eGR] #Clock Blockages    : 0
[NR-eGR] #Other Blockages    : 0
[NR-eGR] #prerouted nets         : 0
[NR-eGR] #prerouted special nets : 0
[NR-eGR] #prerouted wires        : 0
[NR-eGR] Read 492 nets ( ignored 0 )
[NR-eGR] There are 1 clock nets ( 0 with NDR ).
[NR-eGR] ============ Routing rule table ============
[NR-eGR] Rule id: 0  Nets: 492
[NR-eGR] ========================================
[NR-eGR] 
[NR-eGR] Layer group 1: route 492 net(s) in layer range [2, 7]
[NR-eGR] Early Global Route overflow of layer group 1: 0.00% H + 0.00% V. EstWL: 1.109808e+04um
[NR-eGR] Congestion Analysis By layer: (blocked Gcells are excluded) 
[NR-eGR]                        OverCon            
[NR-eGR]                         #Gcell     %Gcell
[NR-eGR]        Layer             (1-0)    OverCon
[NR-eGR] ----------------------------------------------
[NR-eGR]  Metal1 ( 1)         0( 0.00%)   ( 0.00%) 
[NR-eGR]  Metal2 ( 2)         0( 0.00%)   ( 0.00%) 
[NR-eGR]  Metal3 ( 3)         0( 0.00%)   ( 0.00%) 
[NR-eGR]  Metal4 ( 4)         0( 0.00%)   ( 0.00%) 
[NR-eGR]  Metal5 ( 5)         0( 0.00%)   ( 0.00%) 
[NR-eGR] TopMetal1 ( 6)         0( 0.00%)   ( 0.00%) 
[NR-eGR] TopMetal2 ( 7)         0( 0.00%)   ( 0.00%) 
[NR-eGR] ----------------------------------------------
[NR-eGR]        Total         0( 0.00%)   ( 0.00%) 
[NR-eGR] 
[NR-eGR] Overflow after Early Global Route 0.00% H + 0.00% V
[NR-eGR] Connected 0 must-join pins/ports (post-process)
[NR-eGR] Total eGR-routed clock nets wire length: 770um, number of vias: 258
[NR-eGR] --------------------------------------------------------------------------
[NR-eGR]                    Length (um)  Vias 
[NR-eGR] -------------------------------------
[NR-eGR]  Metal1     (1H)             0  1750 
[NR-eGR]  Metal2     (2V)          5719  2583 
[NR-eGR]  Metal3     (3H)          5846    50 
[NR-eGR]  Metal4     (4V)           391     0 
[NR-eGR]  Metal5     (5H)             0     0 
[NR-eGR]  TopMetal1  (6V)             0     0 
[NR-eGR]  TopMetal2  (7H)             0     0 
[NR-eGR] -------------------------------------
[NR-eGR]             Total        11955  4383 
[NR-eGR] --------------------------------------------------------------------------
[NR-eGR] Total half perimeter of net bounding box: 9128um
[NR-eGR] Total length: 11955um, number of vias: 4383
[NR-eGR] --------------------------------------------------------------------------
[NR-eGR] Finished Early Global Route kernel ( CPU: 0.15 sec, Real: 0.05 sec, Curr Mem: 4.51 MB )
[NR-eGR] Finished Early Global Route ( CPU: 0.15 sec, Real: 0.05 sec, Curr Mem: 4.50 MB )
Leaving CCOpt scope - optDesignGlobalRouteStep done. (took cpu=0:00:00.2 real=0:00:00.1)
Legalization setup...
Using cell based legalization.
Initializing placement interface...
  Use check_library -place or consult logv if problems occur.
  Leaving CCOpt scope - Initializing placement interface...
  Leaving CCOpt scope - Initializing placement interface done. (took cpu=0:00:00.0 real=0:00:00.0)
Initializing placement interface done.
Leaving CCOpt scope - Cleaning up placement interface...
Leaving CCOpt scope - Cleaning up placement interface done. (took cpu=0:00:00.0 real=0:00:00.0)
**WARN: (IMPSP-105):	'setPlaceMode -maxRouteLayer' will become obsolete from next release. Use 'setRouteMode -earlyGlobalMaxRouteLayer N' to set maximum routing layer.Type 'man IMPSP-105' for more detail.
Leaving CCOpt scope - Initializing placement interface...
Leaving CCOpt scope - Initializing placement interface done. (took cpu=0:00:00.0 real=0:00:00.0)
Max route layer is changed from 127 to 7 because there is no routing track above this layer
[PSP]    Load db... (mem=4.5M)
[PSP]    Read data from FE... (mem=4.5M)
[PSP]    Done Read data from FE (cpu=0.001s, mem=4.5M)

[PSP]    Done Load db (cpu=0.001s, mem=4.5M)

[PSP]    Constructing placeable region... (mem=4.5M)
[PSP]    Compute region effective width... (mem=4.5M)
[PSP]    Done Compute region effective width (cpu=0.000s, mem=4.5M)

[PSP]    Done Constructing placeable region (cpu=0.000s, mem=4.5M)

Legalization setup done. (took cpu=0:00:00.0 real=0:00:00.0)
Validating CTS configuration...
Checking module port directions...
Checking module port directions done. (took cpu=0:00:00.0 real=0:00:00.0)
Non-default CCOpt properties:
  Public non-default CCOpt properties:
    buffer_cells is set for at least one object
    cts_merge_clock_gates is set for at least one object
    cts_merge_clock_logic is set for at least one object
    delay_cells is set for at least one object
    inverter_cells is set for at least one object
    route_type is set for at least one object
    target_max_trans_sdc is set for at least one object
  No private non-default CCOpt properties
Updating RC Grid density data for preRoute extraction ...
Initializing multi-corner capacitance tables ... 
Initializing multi-corner resistance tables ...
Route type trimming info:
  No route type modifications were made.
Library trimming buffers in power domain auto-default and half-corner MAX_DEALY:setup.late removed 2 of 14 cells
Original list had 14 cells:
BUFJIX20 BUJIX20 BUFJIX16 BUJIX16 BUFJIX12 BUJIX12 BUFJIX8 BUJIX8 BUFJIX4 BUJIX4 BUFJIX2 BUJIX2 BUFJIX1 BUJIX1 
New trimmed list has 12 cells:
BUFJIX20 BUJIX20 BUFJIX16 BUJIX16 BUFJIX12 BUJIX12 BUFJIX8 BUJIX8 BUFJIX4 BUFJIX2 BUFJIX1 BUJIX1 
Library trimming inverters in power domain auto-default and half-corner MAX_DEALY:setup.late removed 4 of 16 cells
Original list had 16 cells:
INVJIX20 INJIX20 INVJIX16 INJIX16 INVJIX12 INJIX12 INVJIX8 INJIX8 INVJIX4 INJIX4 INVJIX2 INJIX2 INVJIX1 INJIX1 INVJIX0 INJIX0 
New trimmed list has 12 cells:
INVJIX20 INJIX20 INVJIX16 INJIX16 INVJIX12 INJIX12 INVJIX8 INJIX8 INVJIX4 INVJIX2 INVJIX1 INJIX0 
**WARN: (IMPCCOPT-1182):	The clock_gating_cells property has no usable full-cycle clock gates for power domain auto-default. Gating limited for clock tree clk. You may be able to solve this problem by specifying a list of lib_cells to use with the clock_gating_cells property.
**WARN: (IMPCCOPT-2441):	The target_max_trans 0.020ns is too low for delay_corner MAX_DEALY and delay_type late for clock_tree clk and net_type leaf. CTS will proceed using 0.099ns.
**WARN: (IMPCCOPT-2441):	The target_max_trans 0.020ns is too low for delay_corner MAX_DEALY and delay_type late for clock_tree clk and net_type trunk. CTS will proceed using 0.099ns.
Clock tree balancer configuration for clock_tree clk:
Non-default CCOpt properties:
  Public non-default CCOpt properties:
    cts_merge_clock_gates: true (default: false)
    cts_merge_clock_logic: true (default: false)
    route_type (leaf): default_route_type_leaf (default: default)
    route_type (top): default_route_type_nonleaf (default: default)
    route_type (trunk): default_route_type_nonleaf (default: default)
  No private non-default CCOpt properties
For power domain auto-default:
  Buffers:     BUFJIX20 BUJIX20 BUFJIX16 BUJIX16 BUFJIX12 BUJIX12 BUFJIX8 BUJIX8 BUFJIX4 BUFJIX2 BUFJIX1 BUJIX1
  Inverters:   INVJIX20 INJIX20 INVJIX16 INJIX16 INVJIX12 INJIX12 INVJIX8 INJIX8 INVJIX4 INVJIX2 INVJIX1 INJIX0
  Delay buffers: DLY1JIX1 DLY2JIX1 DLY4JIX1 DLY8JIX1
  Unblocked area available for placement of any clock cells in power_domain auto-default: 8306.323um^2
Top Routing info:
  Route-type name: default_route_type_nonleaf; Top/bottom preferred layer name: Metal4/Metal3; 
  Unshielded; Mask Constraint: 0; Source: route_type.
Trunk Routing info:
  Route-type name: default_route_type_nonleaf; Top/bottom preferred layer name: Metal4/Metal3; 
  Unshielded; Preferred extra space: 1; Mask Constraint: 0; Source: route_type.
Leaf Routing info:
  Route-type name: default_route_type_leaf; Top/bottom preferred layer name: Metal4/Metal3; 
  Unshielded; Preferred extra space: 1; Mask Constraint: 0; Source: route_type.
For timing_corner MAX_DEALY:setup, late and power domain auto-default:
  Slew time target (leaf):    0.098ns
  Slew time target (trunk):   0.098ns
  Slew time target (top):     0.020ns (Note: no nets are considered top nets in this clock tree)
  Buffer unit delay: 0.092ns
  Buffer max distance: 821.600um
Fastest wire driving cells and distances:
  Buffer    : {lib_cell:BUFJIX20, fastest_considered_half_corner=MAX_DEALY:setup.late, optimalDrivingDistance=821.600um, saturatedSlew=0.088ns, speed=4487.165um per ns, cellArea=63.767um^2 per 1000um}
  Inverter  : {lib_cell:INVJIX20, fastest_considered_half_corner=MAX_DEALY:setup.late, optimalDrivingDistance=666.666um, saturatedSlew=0.089ns, speed=6626.899um per ns, cellArea=57.154um^2 per 1000um}


Logic Sizing Table:

----------------------------------------------------------
Cell    Instance count    Source    Eligible library cells
----------------------------------------------------------
  (empty table)
----------------------------------------------------------


Clock tree balancer configuration for skew_group clk/CONSTRAINTS:
 Created from constraint modes: {[]}
  Sources:                     pin clk
  Total number of sinks:       91
  Delay constrained sinks:     91
  Constrains:                  default
  Non-leaf sinks:              0
  Ignore pins:                 0
 Timing corner MAX_DEALY:setup.late:
  Skew target:                 0.092ns
Primary reporting skew groups are:
skew_group clk/CONSTRAINTS with 91 clock sinks


Constraint summary
==================

Transition constraints are active in the following delay corners:

MAX_DEALY:setup.late

Cap constraints are active in the following delay corners:

MAX_DEALY:setup.late

Transition constraint summary:

-------------------------------------------------------------------------------------------
Delay corner                      Target (ns)    Num pins    Target source    Clock tree(s)
-------------------------------------------------------------------------------------------
MAX_DEALY:setup.late (primary)         -            -              -                -
              -                      0.098          93       tool modified    all
-------------------------------------------------------------------------------------------

Capacitance constraint summary:

------------------------------------------------------------------------------------------------------
Delay corner                      Limit (pF)    Num nets    Target source                Clock tree(s)
------------------------------------------------------------------------------------------------------
MAX_DEALY:setup.late (primary)        -            -                    -                      -
              -                     0.862          1        library_or_sdc_constraint    all
------------------------------------------------------------------------------------------------------


Clock DAG stats initial state:
  cell counts      : b=0, i=0, icg=0, dcg=0, l=0, total=0
  sink counts      : regular=91, enable_latch=0, load_capacitance=0, antenna=0, node_sink=0, total=91
  misc counts      : r=1, pp=0, mci=0
  cell areas       : b=0.000um^2, i=0.000um^2, icg=0.000um^2, dcg=0.000um^2, l=0.000um^2, total=0.000um^2
  hp wire lengths  : top=0.000um, trunk=0.000um, leaf=0.000um, total=0.000um
      flow.cputime  flow.realtime  timing.setup.tns  timing.setup.wns  snapshot
UM:*                                                                   InitialState
Have 8 CPUs available for CTS. Selected algorithms will run multithreaded.
No ideal or dont_touch nets found in the clock tree
No dont_touch hnets found in the clock tree
No dont_touch hpins found in the clock network.
Checking for illegal sizes of clock logic instances...
Checking for illegal sizes of clock logic instances done. (took cpu=0:00:00.0 real=0:00:00.0)
Validating CTS configuration done. (took cpu=0:00:01.0 real=0:00:01.4)
CCOpt configuration status: all checks passed.
Adding exclusion drivers to pins that are effective_sink_type exclude...
    Adding exclusion drivers (these will be instances of the smallest area library cells).
  No exclusion drivers are needed.
Adding exclusion drivers to pins that are effective_sink_type exclude done.
Antenna diode management...
  Found 0 antenna diodes in the clock trees.
  
Antenna diode management done.
Adding driver cells for primary IOs...
Adding driver cells for primary IOs done.
Adding driver cells for primary IOs...
Adding driver cells for primary IOs done.

----------------------------------------------------------------------------------------------
CCOpt reported the following when adding drivers below input ports and above output ports     
----------------------------------------------------------------------------------------------
  (empty table)
----------------------------------------------------------------------------------------------


Adding driver cell for primary IO roots...
Adding driver cell for primary IO roots done.
Maximizing clock DAG abstraction...
  Removing clock DAG drivers
Maximizing clock DAG abstraction done.
CCOpt::Phase::PreparingToBalance done. (took cpu=0:00:01.2 real=0:00:01.5)
Synthesizing clock trees...
  Preparing To Balance...
  Leaving CCOpt scope - Cleaning up placement interface...
  Leaving CCOpt scope - Cleaning up placement interface done. (took cpu=0:00:00.0 real=0:00:00.0)
  Leaving CCOpt scope - Initializing placement interface...
  Leaving CCOpt scope - Initializing placement interface done. (took cpu=0:00:00.0 real=0:00:00.0)
  Merging duplicate siblings in DAG...
    Clock DAG stats before merging:
      cell counts      : b=0, i=0, icg=0, dcg=0, l=0, total=0
      sink counts      : regular=91, enable_latch=0, load_capacitance=0, antenna=0, node_sink=0, total=91
      misc counts      : r=1, pp=0, mci=0
      cell areas       : b=0.000um^2, i=0.000um^2, icg=0.000um^2, dcg=0.000um^2, l=0.000um^2, total=0.000um^2
      hp wire lengths  : top=0.000um, trunk=0.000um, leaf=0.000um, total=0.000um
      flow.cputime  flow.realtime  timing.setup.tns  timing.setup.wns  snapshot
UM:*                                                                   before merging
    Resynthesising clock tree into netlist...
      Reset timing graph...
Ignoring AAE DB Resetting ...
      Reset timing graph done.
    Resynthesising clock tree into netlist done.
    Merging duplicate clock dag driver clones in DAG...
    Merging duplicate clock dag driver clones in DAG done.
    
    Disconnecting clock tree from netlist...
    Disconnecting clock tree from netlist done.
  Merging duplicate siblings in DAG done.
  Applying movement limits...
  Applying movement limits done.
  Preparing To Balance done. (took cpu=0:00:00.1 real=0:00:00.1)
  CCOpt::Phase::Construction...
  Stage::Clustering...
  Clustering...
    Initialize for clustering...
    Clock DAG stats before clustering:
      cell counts      : b=0, i=0, icg=0, dcg=0, l=0, total=0
      sink counts      : regular=91, enable_latch=0, load_capacitance=0, antenna=0, node_sink=0, total=91
      misc counts      : r=1, pp=0, mci=0
      cell areas       : b=0.000um^2, i=0.000um^2, icg=0.000um^2, dcg=0.000um^2, l=0.000um^2, total=0.000um^2
      hp wire lengths  : top=0.000um, trunk=0.000um, leaf=0.000um, total=0.000um
      flow.cputime  flow.realtime  timing.setup.tns  timing.setup.wns  snapshot
UM:*                                                                   before clustering
    Computing max distances from locked parents...
      Computing distance_from_locked_parent_restrictions for 0 nodes driven by 0 locked parents
    Computing max distances from locked parents done.
    Computing optimal clock node locations...
    : ...20% ...40% ...60% ...80% ...100% 
    Computing optimal clock node locations done. (took cpu=0:00:00.0 real=0:00:00.0)
    Initialize for clustering done. (took cpu=0:00:00.1 real=0:00:00.1)
    Bottom-up phase...
    Clustering bottom-up starting from leaves...
      Clustering clock_tree clk...
      Clustering clock_tree clk done.
    Clustering bottom-up starting from leaves done.
    Rebuilding the clock tree after clustering...
    Rebuilding the clock tree after clustering done.
    Clock DAG stats after bottom-up phase:
      cell counts      : b=0, i=0, icg=0, dcg=0, l=0, total=0
      sink counts      : regular=91, enable_latch=0, load_capacitance=0, antenna=0, node_sink=0, total=91
      misc counts      : r=1, pp=0, mci=0
      cell areas       : b=0.000um^2, i=0.000um^2, icg=0.000um^2, dcg=0.000um^2, l=0.000um^2, total=0.000um^2
      hp wire lengths  : top=0.000um, trunk=0.000um, leaf=0.000um, total=0.000um
      flow.cputime  flow.realtime  timing.setup.tns  timing.setup.wns  snapshot
UM:*                                                                   after bottom-up phase
    Bottom-up phase done. (took cpu=0:00:00.1 real=0:00:00.1)
    Legalizing clock trees...
    Resynthesising clock tree into netlist...
      Reset timing graph...
Ignoring AAE DB Resetting ...
      Reset timing graph done.
    Resynthesising clock tree into netlist done.
    Commiting net attributes....
    Commiting net attributes. done.
    Leaving CCOpt scope - ClockRefiner...
**WARN: (IMPSP-105):	'setPlaceMode -maxRouteLayer' will become obsolete from next release. Use 'setRouteMode -earlyGlobalMaxRouteLayer N' to set maximum routing layer.Type 'man IMPSP-105' for more detail.
    Performing a single pass refine place with checks partially disabled for clock sinks and datapath.
*** Starting refinePlace (0:00:56.9 mem=7385.4M) ***
Total net bbox length = 9.128e+03 (4.720e+03 4.408e+03) (ext = 2.293e+03)
Max route layer is changed from 127 to 7 because there is no routing track above this layer
Max route layer is changed from 127 to 7 because there is no routing track above this layer
Max route layer is changed from 127 to 7 because there is no routing track above this layer
Max route layer is changed from 127 to 7 because there is no routing track above this layer
Move report: Detail placement moves 0 insts, mean move: 0.00 um, max move: 0.00 um 
	Runtime: CPU: 0:00:00.0 REAL: 0:00:00.0 MEM: 7353.4MB
Summary Report:
Instances move: 0 (out of 426 movable)
Instances flipped: 0
Mean displacement: 0.00 um
Max displacement: 0.00 um 
Physical-only instances move: 0 (out of 0 movable physical-only)
Total net bbox length = 9.128e+03 (4.720e+03 4.408e+03) (ext = 2.293e+03)
Runtime: CPU: 0:00:00.0 REAL: 0:00:00.0 MEM: 7353.4MB
*** Finished refinePlace (0:00:57.0 mem=7353.4M) ***
    ClockRefiner summary
    All clock instances: Moved 0, flipped 0 and cell swapped 0 (out of a total of 91).
**WARN: (IMPSP-105):	'setPlaceMode -maxRouteLayer' will become obsolete from next release. Use 'setRouteMode -earlyGlobalMaxRouteLayer N' to set maximum routing layer.Type 'man IMPSP-105' for more detail.
    Leaving CCOpt scope - ClockRefiner done. (took cpu=0:00:00.1 real=0:00:00.1)
    Disconnecting clock tree from netlist...
    Disconnecting clock tree from netlist done.
    Leaving CCOpt scope - Cleaning up placement interface...
    Leaving CCOpt scope - Cleaning up placement interface done. (took cpu=0:00:00.0 real=0:00:00.0)
    Leaving CCOpt scope - Initializing placement interface...
    Leaving CCOpt scope - Initializing placement interface done. (took cpu=0:00:00.0 real=0:00:00.0)
    Clock tree timing engine global stage delay update for MAX_DEALY:setup.late...
    Clock tree timing engine global stage delay update for MAX_DEALY:setup.late done. (took cpu=0:00:00.0 real=0:00:00.0)
    
    Clock tree legalization - Histogram:
    ====================================
    
    --------------------------------
    Movement (um)    Number of cells
    --------------------------------
      (empty table)
    --------------------------------
    
    
    Clock tree legalization - There are no Movements:
    =================================================
    
    ---------------------------------------------
    Movement (um)    Desired     Achieved    Node
                     location    location    
    ---------------------------------------------
      (empty table)
    ---------------------------------------------
    
    Legalizing clock trees done. (took cpu=0:00:00.1 real=0:00:00.1)
    Clock tree timing engine global stage delay update for MAX_DEALY:setup.late...
    Clock tree timing engine global stage delay update for MAX_DEALY:setup.late done. (took cpu=0:00:00.0 real=0:00:00.0)
    Clock DAG stats after 'Clustering':
      cell counts      : b=0, i=0, icg=0, dcg=0, l=0, total=0
      sink counts      : regular=91, enable_latch=0, load_capacitance=0, antenna=0, node_sink=0, total=91
      misc counts      : r=1, pp=0, mci=0
      cell areas       : b=0.000um^2, i=0.000um^2, icg=0.000um^2, dcg=0.000um^2, l=0.000um^2, total=0.000um^2
      cell capacitance : b=0.000pF, i=0.000pF, icg=0.000pF, dcg=0.000pF, l=0.000pF, total=0.000pF
      sink capacitance : total=0.114pF, avg=0.001pF, sd=0.000pF, min=0.001pF, max=0.001pF
      wire capacitance : top=0.000pF, trunk=0.000pF, leaf=0.113pF, total=0.113pF
      wire lengths     : top=0.000um, trunk=0.000um, leaf=768.808um, total=768.808um
      hp wire lengths  : top=0.000um, trunk=0.000um, leaf=0.000um, total=0.000um
    Clock DAG net violations after 'Clustering': none
    Clock DAG primary half-corner transition distribution after 'Clustering':
      Leaf : target=0.098ns count=1 avg=0.019ns sd=0.000ns min=0.019ns max=0.019ns {1 <= 0.059ns, 0 <= 0.078ns, 0 <= 0.088ns, 0 <= 0.093ns, 0 <= 0.098ns}
    Primary reporting skew groups after 'Clustering':
      skew_group clk/CONSTRAINTS: insertion delay [min=0.004, max=0.013, avg=0.009, sd=0.002, skn=0.202, kur=-0.965], skew [0.008 vs 0.092], 100% {0.004, 0.013} (wid=0.013 ws=0.008) (gid=0.000 gs=0.000)
    Skew group summary after 'Clustering':
      skew_group clk/CONSTRAINTS: insertion delay [min=0.004, max=0.013, avg=0.009, sd=0.002, skn=0.202, kur=-0.965], skew [0.008 vs 0.092], 100% {0.004, 0.013} (wid=0.013 ws=0.008) (gid=0.000 gs=0.000)
    Legalizer API calls during this step: 0 succeeded with high effort: 0 succeeded with medium effort: 0 succeeded with low effort: 0 succeeded with basic effort: 0 succeeded with basic unbounded effort: 0
  Clustering done. (took cpu=0:00:00.3 real=0:00:00.4)
  Looking for fanout violations...
  Looking for fanout violations done.
  CongRepair After Initial Clustering...
  Reset timing graph...
Ignoring AAE DB Resetting ...
  Reset timing graph done.
  Leaving CCOpt scope - Early Global Route...
  Clock implementation routing...
Net route status summary:
  Clock:         1 (unrouted=1, trialRouted=0, noStatus=0, routed=0, fixed=0, [crossesIlmBoundary=0, tooFewTerms=0, (crossesIlmBoundary AND tooFewTerms=0)])
  Non-clock:   666 (unrouted=175, trialRouted=491, noStatus=0, routed=0, fixed=0, [crossesIlmBoundary=0, tooFewTerms=175, (crossesIlmBoundary AND tooFewTerms=0)])
    Routing using eGR only...
      Early Global Route - eGR only step...
(ccopt eGR): There are 1 nets to be routed. 0 nets have skip routing designation.
(ccopt eGR): There are 1 nets for routing of which 1 have one or more fixed wires.
(ccopt eGR): Start to route 1 all nets
[PSP]    Started Early Global Route ( Curr Mem: 7.12 MB )
Max route layer is changed from 127 to 7 because there is no routing track above this layer
Max route layer is changed from 127 to 7 because there is no routing track above this layer
[PSP]    Started Early Global Route kernel ( Curr Mem: 7.12 MB )
[NR-eGR] Early global route reroute 1 out of 492 routable nets
[NR-eGR] Track table information for default rule: 
[NR-eGR] Metal1 has single uniform track structure
[NR-eGR] Metal2 has single uniform track structure
[NR-eGR] Metal3 has single uniform track structure
[NR-eGR] Metal4 has single uniform track structure
[NR-eGR] Metal5 has single uniform track structure
[NR-eGR] TopMetal1 has single uniform track structure
[NR-eGR] TopMetal2 has single uniform track structure
[NR-eGR] Read 474 PG shapes
[NR-eGR] Read 0 clock shapes
[NR-eGR] Read 0 other shapes
[NR-eGR] #Routing Blockages  : 0
[NR-eGR] #Instance Blockages : 0
[NR-eGR] #PG Blockages       : 474
[NR-eGR] #Halo Blockages     : 0
[NR-eGR] #Boundary Blockages : 0
[NR-eGR] #Clock Blockages    : 0
[NR-eGR] #Other Blockages    : 0
[NR-eGR] #prerouted nets         : 0
[NR-eGR] #prerouted special nets : 0
[NR-eGR] #prerouted wires        : 0
[NR-eGR] Read 492 nets ( ignored 491 )
[NR-eGR] Connected 0 must-join pins/ports (pre-process)
[NR-eGR] #via pillars        : 0
[NR-eGR] #must join all port : 0
[NR-eGR] #multiple ports     : 0
[NR-eGR] #has must join      : 0
[NR-eGR] There are 1 clock nets ( 1 with NDR ).
[NR-eGR] ============ Routing rule table ============
[NR-eGR] Rule id: 1  Nets: 1
[NR-eGR] ========================================
[NR-eGR] 
[NR-eGR] Layer group 1: route 1 net(s) in layer range [3, 4]
[NR-eGR] Early Global Route overflow of layer group 1: 0.00% H + 0.00% V. EstWL: 7.371000e+02um
[NR-eGR] Create a new net group with 1 nets and layer range [3, 5]
[NR-eGR] Layer group 2: route 1 net(s) in layer range [3, 5]
[NR-eGR] Early Global Route overflow of layer group 2: 0.00% H + 0.00% V. EstWL: 1.406160e+03um
[NR-eGR] Congestion Analysis By layer: (blocked Gcells are excluded) 
[NR-eGR]                        OverCon            
[NR-eGR]                         #Gcell     %Gcell
[NR-eGR]        Layer             (1-0)    OverCon
[NR-eGR] ----------------------------------------------
[NR-eGR]  Metal1 ( 1)         0( 0.00%)   ( 0.00%) 
[NR-eGR]  Metal2 ( 2)         0( 0.00%)   ( 0.00%) 
[NR-eGR]  Metal3 ( 3)         0( 0.00%)   ( 0.00%) 
[NR-eGR]  Metal4 ( 4)         0( 0.00%)   ( 0.00%) 
[NR-eGR]  Metal5 ( 5)         0( 0.00%)   ( 0.00%) 
[NR-eGR] TopMetal1 ( 6)         0( 0.00%)   ( 0.00%) 
[NR-eGR] TopMetal2 ( 7)         0( 0.00%)   ( 0.00%) 
[NR-eGR] ----------------------------------------------
[NR-eGR]        Total         0( 0.00%)   ( 0.00%) 
[NR-eGR] 
[NR-eGR] Overflow after Early Global Route 0.00% H + 0.00% V
[NR-eGR] Connected 0 must-join pins/ports (post-process)
[NR-eGR] Total eGR-routed clock nets wire length: 766um, number of vias: 249
[NR-eGR] --------------------------------------------------------------------------
[NR-eGR] Report for selected net(s) only.
[NR-eGR]                    Length (um)  Vias 
[NR-eGR] -------------------------------------
[NR-eGR]  Metal1     (1H)             0    91 
[NR-eGR]  Metal2     (2V)           186   102 
[NR-eGR]  Metal3     (3H)           315    54 
[NR-eGR]  Metal4     (4V)           245     2 
[NR-eGR]  Metal5     (5H)            19     0 
[NR-eGR]  TopMetal1  (6V)             0     0 
[NR-eGR]  TopMetal2  (7H)             0     0 
[NR-eGR] -------------------------------------
[NR-eGR]             Total          766   249 
[NR-eGR] --------------------------------------------------------------------------
[NR-eGR] Total half perimeter of net bounding box: 209um
[NR-eGR] Total length: 766um, number of vias: 249
[NR-eGR] --------------------------------------------------------------------------
[NR-eGR] Total routed clock nets wire length: 766um, number of vias: 249
[NR-eGR] --------------------------------------------------------------------------
[NR-eGR]                    Length (um)  Vias 
[NR-eGR] -------------------------------------
[NR-eGR]  Metal1     (1H)             0  1750 
[NR-eGR]  Metal2     (2V)          5481  2520 
[NR-eGR]  Metal3     (3H)          5822   102 
[NR-eGR]  Metal4     (4V)           628     2 
[NR-eGR]  Metal5     (5H)            19     0 
[NR-eGR]  TopMetal1  (6V)             0     0 
[NR-eGR]  TopMetal2  (7H)             0     0 
[NR-eGR] -------------------------------------
[NR-eGR]             Total        11950  4374 
[NR-eGR] --------------------------------------------------------------------------
[NR-eGR] Total half perimeter of net bounding box: 9128um
[NR-eGR] Total length: 11950um, number of vias: 4374
[NR-eGR] --------------------------------------------------------------------------
[NR-eGR] Finished Early Global Route kernel ( CPU: 0.06 sec, Real: 0.08 sec, Curr Mem: 7.15 MB )
[NR-eGR] Finished Early Global Route ( CPU: 0.07 sec, Real: 0.08 sec, Curr Mem: 7.15 MB )
**WARN: (IMPDBTCL-200):	The command dbSelectObj will be obsoleted in a future release. Please use select_obj instead.
      Early Global Route - eGR only step done. (took cpu=0:00:00.1 real=0:00:00.1)
    Routing using eGR only done.
Net route status summary:
  Clock:         1 (unrouted=0, trialRouted=0, noStatus=0, routed=1, fixed=0, [crossesIlmBoundary=0, tooFewTerms=0, (crossesIlmBoundary AND tooFewTerms=0)])
  Non-clock:   666 (unrouted=175, trialRouted=491, noStatus=0, routed=0, fixed=0, [crossesIlmBoundary=0, tooFewTerms=175, (crossesIlmBoundary AND tooFewTerms=0)])

CCOPT: Done with clock implementation routing.

  Clock implementation routing done.
  CCOpt: Starting congestion repair using flow wrapper...
    Congestion Repair...
*** IncrReplace #1 [begin] (CTS #1 / clock_opt_design #1) : totSession cpu/real = 0:00:57.2/0:03:17.1 (0.3), mem = 7385.5M
Info: Enable timing driven in postCTS congRepair.

*** Start incrementalPlace ***
Effort level <high> specified for tdgp_reg2reg_default path_group
No Views given, use default active views for adaptive view pruning
Active views:
  WORST_CASE
Max route layer is changed from 127 to 7 because there is no routing track above this layer
Max route layer is changed from 127 to 7 because there is no routing track above this layer
[NR-eGR] Started Early Global Route kernel ( Curr Mem: 7.25 MB )
[NR-eGR] Early global route reroute all routable nets
[NR-eGR] Track table information for default rule: 
[NR-eGR] Metal1 has single uniform track structure
[NR-eGR] Metal2 has single uniform track structure
[NR-eGR] Metal3 has single uniform track structure
[NR-eGR] Metal4 has single uniform track structure
[NR-eGR] Metal5 has single uniform track structure
[NR-eGR] TopMetal1 has single uniform track structure
[NR-eGR] TopMetal2 has single uniform track structure
[NR-eGR] Read 474 PG shapes
[NR-eGR] Read 0 clock shapes
[NR-eGR] Read 0 other shapes
[NR-eGR] #Routing Blockages  : 0
[NR-eGR] #Instance Blockages : 0
[NR-eGR] #PG Blockages       : 474
[NR-eGR] #Halo Blockages     : 0
[NR-eGR] #Boundary Blockages : 0
[NR-eGR] #Clock Blockages    : 0
[NR-eGR] #Other Blockages    : 0
[NR-eGR] #prerouted nets         : 1
[NR-eGR] #prerouted special nets : 0
[NR-eGR] #prerouted wires        : 243
[NR-eGR] Read 492 nets ( ignored 1 )
[NR-eGR] ============ Routing rule table ============
[NR-eGR] Rule id: 0  Nets: 491
[NR-eGR] ========================================
[NR-eGR] 
[NR-eGR] Layer group 1: route 491 net(s) in layer range [2, 7]
[NR-eGR] Early Global Route overflow of layer group 1: 0.00% H + 0.00% V. EstWL: 1.038744e+04um
[NR-eGR] Congestion Analysis By layer: (blocked Gcells are excluded) 
[NR-eGR]                        OverCon            
[NR-eGR]                         #Gcell     %Gcell
[NR-eGR]        Layer             (1-0)    OverCon
[NR-eGR] ----------------------------------------------
[NR-eGR]  Metal1 ( 1)         0( 0.00%)   ( 0.00%) 
[NR-eGR]  Metal2 ( 2)         0( 0.00%)   ( 0.00%) 
[NR-eGR]  Metal3 ( 3)         0( 0.00%)   ( 0.00%) 
[NR-eGR]  Metal4 ( 4)         0( 0.00%)   ( 0.00%) 
[NR-eGR]  Metal5 ( 5)         0( 0.00%)   ( 0.00%) 
[NR-eGR] TopMetal1 ( 6)         0( 0.00%)   ( 0.00%) 
[NR-eGR] TopMetal2 ( 7)         0( 0.00%)   ( 0.00%) 
[NR-eGR] ----------------------------------------------
[NR-eGR]        Total         0( 0.00%)   ( 0.00%) 
[NR-eGR] 
[NR-eGR] Overflow after Early Global Route 0.00% H + 0.00% V
[NR-eGR] Finished Early Global Route kernel ( CPU: 0.12 sec, Real: 0.04 sec, Curr Mem: 7.25 MB )
Early Global Route congestion estimation runtime: 0.04 seconds, mem = 7447.8M
Local HotSpot Analysis: normalized max congestion hotspot area = 0.00, normalized total congestion hotspot area = 0.00 (area is in unit of 4 std-cell row bins)

=== incrementalPlace Internal Loop 1 ===
      flow.cputime  flow.realtime  timing.setup.tns  timing.setup.wns  snapshot
UM:*                                                                   incrNP_iter_start
AAE_INFO: opIsDesignInPostRouteState() is 0
#################################################################################
# Design Stage: PreRoute
# Design Name: Main
# Design Mode: 130nm
# Analysis Mode: MMMC Non-OCV 
# Parasitics Mode: No SPEF/RCDB 
# Signoff Settings: SI Off 
#################################################################################
Extraction called for design 'Main' of instances=426 and nets=667 using extraction engine 'preRoute' .
PreRoute RC Extraction called for design Main.
RC Extraction called in multi-corner(2) mode.
RCMode: PreRoute
      RC Corner Indexes            0       1   
Capacitance Scaling Factor   : 1.00000 1.00000 
Resistance Scaling Factor    : 1.00000 1.00000 
Clock Cap. Scaling Factor    : 1.00000 1.00000 
Clock Res. Scaling Factor    : 1.00000 1.00000 
Shrink Factor                : 1.00000
Using capacitance table file ...
Updating RC Grid density data for preRoute extraction ...
Initializing multi-corner capacitance tables ... 
Initializing multi-corner resistance tables ...
PreRoute RC Extraction DONE (CPU Time: 0:00:00.0  Real Time: 0:00:00.0  MEM: 7445.809M)
Calculate delays in BcWc mode...
Start delay calculation (fullDC) (8 T). (MEM=3064.87)
Total number of fetched objects 498
End delay calculation. (MEM=3107.39 CPU=0:00:00.1 REAL=0:00:00.0)
End delay calculation (fullDC). (MEM=3107.39 CPU=0:00:00.2 REAL=0:00:00.0)
*** Finished SKP initialization (cpu=0:00:00.8, real=0:00:00.0)***
SKP will use view:
  WORST_CASE
Iteration  6: Total net bbox = 8.008e+03 (3.95e+03 4.06e+03)
              Est.  stn bbox = 1.015e+04 (4.98e+03 5.17e+03)
              cpu = 0:00:00.5 real = 0:00:01.0 mem = 7911.9M
Iteration  7: Total net bbox = 8.790e+03 (4.46e+03 4.33e+03)
              Est.  stn bbox = 1.097e+04 (5.52e+03 5.46e+03)
              cpu = 0:00:01.1 real = 0:00:00.0 mem = 7911.9M
Iteration  8: Total net bbox = 8.703e+03 (4.37e+03 4.33e+03)
              Est.  stn bbox = 1.084e+04 (5.41e+03 5.43e+03)
              cpu = 0:00:00.6 real = 0:00:00.0 mem = 7943.9M
Move report: Timing Driven Placement moves 426 insts, mean move: 3.81 um, max move: 18.88 um 
	Max move on inst (A6M/g3331__2883): (68.88, 94.08) --> (57.33, 101.41)

Finished Incremental Placement (cpu=0:00:03.2, real=0:00:01.0, mem=7687.9M)
*** Starting refinePlace (0:01:01 mem=7687.9M) ***
Total net bbox length = 9.110e+03 (4.676e+03 4.434e+03) (ext = 2.320e+03)
Max route layer is changed from 127 to 7 because there is no routing track above this layer
Max route layer is changed from 127 to 7 because there is no routing track above this layer
Max route layer is changed from 127 to 7 because there is no routing track above this layer
Max route layer is changed from 127 to 7 because there is no routing track above this layer
Move report: Detail placement moves 426 insts, mean move: 0.54 um, max move: 6.80 um 
	Max move on inst (A6M/g3550__9315): (105.90, 38.78) --> (107.52, 33.60)
	Runtime: CPU: 0:00:00.0 REAL: 0:00:00.0 MEM: 7655.9MB
Summary Report:
Instances move: 426 (out of 426 movable)
Instances flipped: 0
Mean displacement: 0.54 um
Max displacement: 6.80 um (Instance: A6M/g3550__9315) (105.904, 38.781) -> (107.52, 33.6)
	Length: 7 sites, height: 1 rows, site name: CoreSite, cell type: AO22JIX0
Physical-only instances move: 0 (out of 0 movable physical-only)
Total net bbox length = 9.203e+03 (4.748e+03 4.455e+03) (ext = 2.309e+03)
Runtime: CPU: 0:00:00.0 REAL: 0:00:00.0 MEM: 7655.9MB
*** Finished refinePlace (0:01:01 mem=7655.9M) ***
Max route layer is changed from 127 to 7 because there is no routing track above this layer
Max route layer is changed from 127 to 7 because there is no routing track above this layer
[NR-eGR] Early global route reroute all routable nets
[NR-eGR] Track table information for default rule: 
[NR-eGR] Metal1 has single uniform track structure
[NR-eGR] Metal2 has single uniform track structure
[NR-eGR] Metal3 has single uniform track structure
[NR-eGR] Metal4 has single uniform track structure
[NR-eGR] Metal5 has single uniform track structure
[NR-eGR] TopMetal1 has single uniform track structure
[NR-eGR] TopMetal2 has single uniform track structure
[NR-eGR] Read 474 PG shapes
[NR-eGR] Read 0 clock shapes
[NR-eGR] Read 0 other shapes
[NR-eGR] #Routing Blockages  : 0
[NR-eGR] #Instance Blockages : 0
[NR-eGR] #PG Blockages       : 474
[NR-eGR] #Halo Blockages     : 0
[NR-eGR] #Boundary Blockages : 0
[NR-eGR] #Clock Blockages    : 0
[NR-eGR] #Other Blockages    : 0
[NR-eGR] #prerouted nets         : 1
[NR-eGR] #prerouted special nets : 0
[NR-eGR] #prerouted wires        : 243
[NR-eGR] Read 492 nets ( ignored 1 )
[NR-eGR] ============ Routing rule table ============
[NR-eGR] Rule id: 0  Nets: 491
[NR-eGR] ========================================
[NR-eGR] 
[NR-eGR] Layer group 1: route 491 net(s) in layer range [2, 7]
[NR-eGR] Early Global Route overflow of layer group 1: 0.00% H + 0.00% V. EstWL: 1.041390e+04um
[NR-eGR] Congestion Analysis By layer: (blocked Gcells are excluded) 
[NR-eGR]                        OverCon            
[NR-eGR]                         #Gcell     %Gcell
[NR-eGR]        Layer             (1-0)    OverCon
[NR-eGR] ----------------------------------------------
[NR-eGR]  Metal1 ( 1)         0( 0.00%)   ( 0.00%) 
[NR-eGR]  Metal2 ( 2)         0( 0.00%)   ( 0.00%) 
[NR-eGR]  Metal3 ( 3)         0( 0.00%)   ( 0.00%) 
[NR-eGR]  Metal4 ( 4)         0( 0.00%)   ( 0.00%) 
[NR-eGR]  Metal5 ( 5)         0( 0.00%)   ( 0.00%) 
[NR-eGR] TopMetal1 ( 6)         0( 0.00%)   ( 0.00%) 
[NR-eGR] TopMetal2 ( 7)         0( 0.00%)   ( 0.00%) 
[NR-eGR] ----------------------------------------------
[NR-eGR]        Total         0( 0.00%)   ( 0.00%) 
[NR-eGR] 
[NR-eGR] Overflow after Early Global Route 0.00% H + 0.00% V
[NR-eGR] Finished Early Global Route kernel ( CPU: 0.12 sec, Real: 0.03 sec, Curr Mem: 7.46 MB )
Early Global Route congestion estimation runtime: 0.04 seconds, mem = 7653.9M
Local HotSpot Analysis: normalized max congestion hotspot area = 0.00, normalized total congestion hotspot area = 0.00 (area is in unit of 4 std-cell row bins)
[NR-eGR] Connected 0 must-join pins/ports (post-process)
[NR-eGR] Total eGR-routed clock nets wire length: 0um, number of vias: 0
[NR-eGR] --------------------------------------------------------------------------
[NR-eGR]                    Length (um)  Vias 
[NR-eGR] -------------------------------------
[NR-eGR]  Metal1     (1H)             0  1750 
[NR-eGR]  Metal2     (2V)          5386  2548 
[NR-eGR]  Metal3     (3H)          5591   145 
[NR-eGR]  Metal4     (4V)           781    32 
[NR-eGR]  Metal5     (5H)           228     0 
[NR-eGR]  TopMetal1  (6V)             0     0 
[NR-eGR]  TopMetal2  (7H)             0     0 
[NR-eGR] -------------------------------------
[NR-eGR]             Total        11986  4475 
[NR-eGR] --------------------------------------------------------------------------
[NR-eGR] Total half perimeter of net bounding box: 9203um
[NR-eGR] Total length: 11986um, number of vias: 4475
[NR-eGR] --------------------------------------------------------------------------
Max route layer is changed from 127 to 7 because there is no routing track above this layer
Early Global Route wiring runtime: 0.05 seconds, mem = 7625.4M

*** Finished incrementalPlace (cpu=0:00:03.7, real=0:00:01.0)***
*** IncrReplace #1 [finish] (CTS #1 / clock_opt_design #1) : cpu/real = 0:00:03.8/0:00:01.9 (2.0), totSession cpu/real = 0:01:00.9/0:03:19.0 (0.3), mem = 7417.4M
Set ::gpsPrivate::dogPBIsIncrReplaceDoneInMaster 1
    Congestion Repair done. (took cpu=0:00:03.8 real=0:00:01.9)
  CCOpt: Starting congestion repair using flow wrapper done.
**WARN: (IMPSP-105):	'setPlaceMode -maxRouteLayer' will become obsolete from next release. Use 'setRouteMode -earlyGlobalMaxRouteLayer N' to set maximum routing layer.Type 'man IMPSP-105' for more detail.
**WARN: (IMPSP-105):	'setPlaceMode -maxRouteLayer' will become obsolete from next release. Use 'setRouteMode -earlyGlobalMaxRouteLayer N' to set maximum routing layer.Type 'man IMPSP-105' for more detail.
  Leaving CCOpt scope - Early Global Route done. (took cpu=0:00:04.0 real=0:00:02.1)
  Leaving CCOpt scope - extractRC...
  Updating RC parasitics by calling: "extractRC -noRouteCheck"...
Extraction called for design 'Main' of instances=426 and nets=667 using extraction engine 'preRoute' .
PreRoute RC Extraction called for design Main.
RC Extraction called in multi-corner(2) mode.
RCMode: PreRoute
      RC Corner Indexes            0       1   
Capacitance Scaling Factor   : 1.00000 1.00000 
Resistance Scaling Factor    : 1.00000 1.00000 
Clock Cap. Scaling Factor    : 1.00000 1.00000 
Clock Res. Scaling Factor    : 1.00000 1.00000 
Shrink Factor                : 1.00000
PreRoute extraction is honoring NDR/Shielding/ExtraSpace for clock nets.
Using capacitance table file ...
Updating RC Grid density data for preRoute extraction ...
Initializing multi-corner capacitance tables ... 
Initializing multi-corner resistance tables ...
PreRoute RC Extraction DONE (CPU Time: 0:00:00.0  Real Time: 0:00:00.0  MEM: 7417.387M)
  Updating RC parasitics by calling: "extractRC -noRouteCheck" done.
  Leaving CCOpt scope - extractRC done. (took cpu=0:00:00.0 real=0:00:00.0)
  Clock tree timing engine global stage delay update for MAX_DEALY:setup.late...
  Clock tree timing engine global stage delay update for MAX_DEALY:setup.late done. (took cpu=0:00:00.0 real=0:00:00.0)
  Clock DAG stats after clustering cong repair call:
    cell counts      : b=0, i=0, icg=0, dcg=0, l=0, total=0
    sink counts      : regular=91, enable_latch=0, load_capacitance=0, antenna=0, node_sink=0, total=91
    misc counts      : r=1, pp=0, mci=0
    cell areas       : b=0.000um^2, i=0.000um^2, icg=0.000um^2, dcg=0.000um^2, l=0.000um^2, total=0.000um^2
    cell capacitance : b=0.000pF, i=0.000pF, icg=0.000pF, dcg=0.000pF, l=0.000pF, total=0.000pF
    sink capacitance : total=0.114pF, avg=0.001pF, sd=0.000pF, min=0.001pF, max=0.001pF
    wire capacitance : top=0.000pF, trunk=0.000pF, leaf=0.108pF, total=0.108pF
    wire lengths     : top=0.000um, trunk=0.000um, leaf=720.719um, total=720.719um
    hp wire lengths  : top=0.000um, trunk=0.000um, leaf=0.000um, total=0.000um
  Clock DAG net violations after clustering cong repair call: none
  Clock DAG primary half-corner transition distribution after clustering cong repair call:
    Leaf : target=0.098ns count=1 avg=0.019ns sd=0.000ns min=0.019ns max=0.019ns {1 <= 0.059ns, 0 <= 0.078ns, 0 <= 0.088ns, 0 <= 0.093ns, 0 <= 0.098ns}
  Primary reporting skew groups after clustering cong repair call:
    skew_group clk/CONSTRAINTS: insertion delay [min=0.004, max=0.012, avg=0.009, sd=0.002, skn=0.090, kur=-0.063], skew [0.008 vs 0.092], 100% {0.004, 0.012} (wid=0.012 ws=0.008) (gid=0.000 gs=0.000)
  Skew group summary after clustering cong repair call:
    skew_group clk/CONSTRAINTS: insertion delay [min=0.004, max=0.012, avg=0.009, sd=0.002, skn=0.090, kur=-0.063], skew [0.008 vs 0.092], 100% {0.004, 0.012} (wid=0.012 ws=0.008) (gid=0.000 gs=0.000)
  CongRepair After Initial Clustering done. (took cpu=0:00:04.0 real=0:00:02.1)
  Stage::Clustering done. (took cpu=0:00:04.4 real=0:00:02.5)
  Stage::DRV Fixing...
  Fixing clock tree slew time and max cap violations...
    Fixing clock tree overload: ...20% ...40% ...60% ...80% ...100% 
    Clock DAG stats after 'Fixing clock tree slew time and max cap violations':
      cell counts      : b=0, i=0, icg=0, dcg=0, l=0, total=0
      sink counts      : regular=91, enable_latch=0, load_capacitance=0, antenna=0, node_sink=0, total=91
      misc counts      : r=1, pp=0, mci=0
      cell areas       : b=0.000um^2, i=0.000um^2, icg=0.000um^2, dcg=0.000um^2, l=0.000um^2, total=0.000um^2
      cell capacitance : b=0.000pF, i=0.000pF, icg=0.000pF, dcg=0.000pF, l=0.000pF, total=0.000pF
      sink capacitance : total=0.114pF, avg=0.001pF, sd=0.000pF, min=0.001pF, max=0.001pF
      wire capacitance : top=0.000pF, trunk=0.000pF, leaf=0.108pF, total=0.108pF
      wire lengths     : top=0.000um, trunk=0.000um, leaf=720.719um, total=720.719um
      hp wire lengths  : top=0.000um, trunk=0.000um, leaf=0.000um, total=0.000um
    Clock DAG net violations after 'Fixing clock tree slew time and max cap violations': none
    Clock DAG primary half-corner transition distribution after 'Fixing clock tree slew time and max cap violations':
      Leaf : target=0.098ns count=1 avg=0.019ns sd=0.000ns min=0.019ns max=0.019ns {1 <= 0.059ns, 0 <= 0.078ns, 0 <= 0.088ns, 0 <= 0.093ns, 0 <= 0.098ns}
    Primary reporting skew groups after 'Fixing clock tree slew time and max cap violations':
      skew_group clk/CONSTRAINTS: insertion delay [min=0.004, max=0.012], skew [0.008 vs 0.092]
    Skew group summary after 'Fixing clock tree slew time and max cap violations':
      skew_group clk/CONSTRAINTS: insertion delay [min=0.004, max=0.012], skew [0.008 vs 0.092]
    Legalizer API calls during this step: 0 succeeded with high effort: 0 succeeded with medium effort: 0 succeeded with low effort: 0 succeeded with basic effort: 0 succeeded with basic unbounded effort: 0
  Fixing clock tree slew time and max cap violations done. (took cpu=0:00:00.0 real=0:00:00.0)
  Fixing clock tree slew time and max cap violations - detailed pass...
    Fixing clock tree overload: ...20% ...40% ...60% ...80% ...100% 
    Clock DAG stats after 'Fixing clock tree slew time and max cap violations - detailed pass':
      cell counts      : b=0, i=0, icg=0, dcg=0, l=0, total=0
      sink counts      : regular=91, enable_latch=0, load_capacitance=0, antenna=0, node_sink=0, total=91
      misc counts      : r=1, pp=0, mci=0
      cell areas       : b=0.000um^2, i=0.000um^2, icg=0.000um^2, dcg=0.000um^2, l=0.000um^2, total=0.000um^2
      cell capacitance : b=0.000pF, i=0.000pF, icg=0.000pF, dcg=0.000pF, l=0.000pF, total=0.000pF
      sink capacitance : total=0.114pF, avg=0.001pF, sd=0.000pF, min=0.001pF, max=0.001pF
      wire capacitance : top=0.000pF, trunk=0.000pF, leaf=0.108pF, total=0.108pF
      wire lengths     : top=0.000um, trunk=0.000um, leaf=720.719um, total=720.719um
      hp wire lengths  : top=0.000um, trunk=0.000um, leaf=0.000um, total=0.000um
    Clock DAG net violations after 'Fixing clock tree slew time and max cap violations - detailed pass': none
    Clock DAG primary half-corner transition distribution after 'Fixing clock tree slew time and max cap violations - detailed pass':
      Leaf : target=0.098ns count=1 avg=0.019ns sd=0.000ns min=0.019ns max=0.019ns {1 <= 0.059ns, 0 <= 0.078ns, 0 <= 0.088ns, 0 <= 0.093ns, 0 <= 0.098ns}
    Primary reporting skew groups after 'Fixing clock tree slew time and max cap violations - detailed pass':
      skew_group clk/CONSTRAINTS: insertion delay [min=0.004, max=0.012, avg=0.009, sd=0.002, skn=0.090, kur=-0.063], skew [0.008 vs 0.092], 100% {0.004, 0.012} (wid=0.012 ws=0.008) (gid=0.000 gs=0.000)
    Skew group summary after 'Fixing clock tree slew time and max cap violations - detailed pass':
      skew_group clk/CONSTRAINTS: insertion delay [min=0.004, max=0.012, avg=0.009, sd=0.002, skn=0.090, kur=-0.063], skew [0.008 vs 0.092], 100% {0.004, 0.012} (wid=0.012 ws=0.008) (gid=0.000 gs=0.000)
    Legalizer API calls during this step: 0 succeeded with high effort: 0 succeeded with medium effort: 0 succeeded with low effort: 0 succeeded with basic effort: 0 succeeded with basic unbounded effort: 0
  Fixing clock tree slew time and max cap violations - detailed pass done. (took cpu=0:00:00.0 real=0:00:00.0)
  Stage::DRV Fixing done. (took cpu=0:00:00.0 real=0:00:00.0)
  Stage::Insertion Delay Reduction...
  Removing unnecessary root buffering...
    Clock DAG stats after 'Removing unnecessary root buffering':
      cell counts      : b=0, i=0, icg=0, dcg=0, l=0, total=0
      sink counts      : regular=91, enable_latch=0, load_capacitance=0, antenna=0, node_sink=0, total=91
      misc counts      : r=1, pp=0, mci=0
      cell areas       : b=0.000um^2, i=0.000um^2, icg=0.000um^2, dcg=0.000um^2, l=0.000um^2, total=0.000um^2
      cell capacitance : b=0.000pF, i=0.000pF, icg=0.000pF, dcg=0.000pF, l=0.000pF, total=0.000pF
      sink capacitance : total=0.114pF, avg=0.001pF, sd=0.000pF, min=0.001pF, max=0.001pF
      wire capacitance : top=0.000pF, trunk=0.000pF, leaf=0.108pF, total=0.108pF
      wire lengths     : top=0.000um, trunk=0.000um, leaf=720.719um, total=720.719um
      hp wire lengths  : top=0.000um, trunk=0.000um, leaf=0.000um, total=0.000um
    Clock DAG net violations after 'Removing unnecessary root buffering': none
    Clock DAG primary half-corner transition distribution after 'Removing unnecessary root buffering':
      Leaf : target=0.098ns count=1 avg=0.019ns sd=0.000ns min=0.019ns max=0.019ns {1 <= 0.059ns, 0 <= 0.078ns, 0 <= 0.088ns, 0 <= 0.093ns, 0 <= 0.098ns}
    Primary reporting skew groups after 'Removing unnecessary root buffering':
      skew_group clk/CONSTRAINTS: insertion delay [min=0.004, max=0.012], skew [0.008 vs 0.092]
    Skew group summary after 'Removing unnecessary root buffering':
      skew_group clk/CONSTRAINTS: insertion delay [min=0.004, max=0.012], skew [0.008 vs 0.092]
    Legalizer API calls during this step: 0 succeeded with high effort: 0 succeeded with medium effort: 0 succeeded with low effort: 0 succeeded with basic effort: 0 succeeded with basic unbounded effort: 0
  Removing unnecessary root buffering done. (took cpu=0:00:00.0 real=0:00:00.0)
  Removing unconstrained drivers...
    Clock DAG stats after 'Removing unconstrained drivers':
      cell counts      : b=0, i=0, icg=0, dcg=0, l=0, total=0
      sink counts      : regular=91, enable_latch=0, load_capacitance=0, antenna=0, node_sink=0, total=91
      misc counts      : r=1, pp=0, mci=0
      cell areas       : b=0.000um^2, i=0.000um^2, icg=0.000um^2, dcg=0.000um^2, l=0.000um^2, total=0.000um^2
      cell capacitance : b=0.000pF, i=0.000pF, icg=0.000pF, dcg=0.000pF, l=0.000pF, total=0.000pF
      sink capacitance : total=0.114pF, avg=0.001pF, sd=0.000pF, min=0.001pF, max=0.001pF
      wire capacitance : top=0.000pF, trunk=0.000pF, leaf=0.108pF, total=0.108pF
      wire lengths     : top=0.000um, trunk=0.000um, leaf=720.719um, total=720.719um
      hp wire lengths  : top=0.000um, trunk=0.000um, leaf=0.000um, total=0.000um
    Clock DAG net violations after 'Removing unconstrained drivers': none
    Clock DAG primary half-corner transition distribution after 'Removing unconstrained drivers':
      Leaf : target=0.098ns count=1 avg=0.019ns sd=0.000ns min=0.019ns max=0.019ns {1 <= 0.059ns, 0 <= 0.078ns, 0 <= 0.088ns, 0 <= 0.093ns, 0 <= 0.098ns}
    Primary reporting skew groups after 'Removing unconstrained drivers':
      skew_group clk/CONSTRAINTS: insertion delay [min=0.004, max=0.012], skew [0.008 vs 0.092]
    Skew group summary after 'Removing unconstrained drivers':
      skew_group clk/CONSTRAINTS: insertion delay [min=0.004, max=0.012], skew [0.008 vs 0.092]
    Legalizer API calls during this step: 0 succeeded with high effort: 0 succeeded with medium effort: 0 succeeded with low effort: 0 succeeded with basic effort: 0 succeeded with basic unbounded effort: 0
  Removing unconstrained drivers done. (took cpu=0:00:00.0 real=0:00:00.0)
  Reducing insertion delay 1...
    Clock DAG stats after 'Reducing insertion delay 1':
      cell counts      : b=0, i=0, icg=0, dcg=0, l=0, total=0
      sink counts      : regular=91, enable_latch=0, load_capacitance=0, antenna=0, node_sink=0, total=91
      misc counts      : r=1, pp=0, mci=0
      cell areas       : b=0.000um^2, i=0.000um^2, icg=0.000um^2, dcg=0.000um^2, l=0.000um^2, total=0.000um^2
      cell capacitance : b=0.000pF, i=0.000pF, icg=0.000pF, dcg=0.000pF, l=0.000pF, total=0.000pF
      sink capacitance : total=0.114pF, avg=0.001pF, sd=0.000pF, min=0.001pF, max=0.001pF
      wire capacitance : top=0.000pF, trunk=0.000pF, leaf=0.108pF, total=0.108pF
      wire lengths     : top=0.000um, trunk=0.000um, leaf=720.719um, total=720.719um
      hp wire lengths  : top=0.000um, trunk=0.000um, leaf=0.000um, total=0.000um
    Clock DAG net violations after 'Reducing insertion delay 1': none
    Clock DAG primary half-corner transition distribution after 'Reducing insertion delay 1':
      Leaf : target=0.098ns count=1 avg=0.019ns sd=0.000ns min=0.019ns max=0.019ns {1 <= 0.059ns, 0 <= 0.078ns, 0 <= 0.088ns, 0 <= 0.093ns, 0 <= 0.098ns}
    Primary reporting skew groups after 'Reducing insertion delay 1':
      skew_group clk/CONSTRAINTS: insertion delay [min=0.004, max=0.012], skew [0.008 vs 0.092]
    Skew group summary after 'Reducing insertion delay 1':
      skew_group clk/CONSTRAINTS: insertion delay [min=0.004, max=0.012], skew [0.008 vs 0.092]
    Legalizer API calls during this step: 12 succeeded with high effort: 12 succeeded with medium effort: 0 succeeded with low effort: 0 succeeded with basic effort: 0 succeeded with basic unbounded effort: 0
  Reducing insertion delay 1 done. (took cpu=0:00:00.0 real=0:00:00.0)
  Removing longest path buffering...
    Clock DAG stats after 'Removing longest path buffering':
      cell counts      : b=0, i=0, icg=0, dcg=0, l=0, total=0
      sink counts      : regular=91, enable_latch=0, load_capacitance=0, antenna=0, node_sink=0, total=91
      misc counts      : r=1, pp=0, mci=0
      cell areas       : b=0.000um^2, i=0.000um^2, icg=0.000um^2, dcg=0.000um^2, l=0.000um^2, total=0.000um^2
      cell capacitance : b=0.000pF, i=0.000pF, icg=0.000pF, dcg=0.000pF, l=0.000pF, total=0.000pF
      sink capacitance : total=0.114pF, avg=0.001pF, sd=0.000pF, min=0.001pF, max=0.001pF
      wire capacitance : top=0.000pF, trunk=0.000pF, leaf=0.108pF, total=0.108pF
      wire lengths     : top=0.000um, trunk=0.000um, leaf=720.719um, total=720.719um
      hp wire lengths  : top=0.000um, trunk=0.000um, leaf=0.000um, total=0.000um
    Clock DAG net violations after 'Removing longest path buffering': none
    Clock DAG primary half-corner transition distribution after 'Removing longest path buffering':
      Leaf : target=0.098ns count=1 avg=0.019ns sd=0.000ns min=0.019ns max=0.019ns {1 <= 0.059ns, 0 <= 0.078ns, 0 <= 0.088ns, 0 <= 0.093ns, 0 <= 0.098ns}
    Primary reporting skew groups after 'Removing longest path buffering':
      skew_group clk/CONSTRAINTS: insertion delay [min=0.004, max=0.012], skew [0.008 vs 0.092]
    Skew group summary after 'Removing longest path buffering':
      skew_group clk/CONSTRAINTS: insertion delay [min=0.004, max=0.012], skew [0.008 vs 0.092]
    Legalizer API calls during this step: 0 succeeded with high effort: 0 succeeded with medium effort: 0 succeeded with low effort: 0 succeeded with basic effort: 0 succeeded with basic unbounded effort: 0
  Removing longest path buffering done. (took cpu=0:00:00.0 real=0:00:00.0)
  Reducing delay of long paths...
    Clock DAG stats after 'Reducing delay of long paths':
      cell counts      : b=0, i=0, icg=0, dcg=0, l=0, total=0
      sink counts      : regular=91, enable_latch=0, load_capacitance=0, antenna=0, node_sink=0, total=91
      misc counts      : r=1, pp=0, mci=0
      cell areas       : b=0.000um^2, i=0.000um^2, icg=0.000um^2, dcg=0.000um^2, l=0.000um^2, total=0.000um^2
      cell capacitance : b=0.000pF, i=0.000pF, icg=0.000pF, dcg=0.000pF, l=0.000pF, total=0.000pF
      sink capacitance : total=0.114pF, avg=0.001pF, sd=0.000pF, min=0.001pF, max=0.001pF
      wire capacitance : top=0.000pF, trunk=0.000pF, leaf=0.108pF, total=0.108pF
      wire lengths     : top=0.000um, trunk=0.000um, leaf=720.719um, total=720.719um
      hp wire lengths  : top=0.000um, trunk=0.000um, leaf=0.000um, total=0.000um
    Clock DAG net violations after 'Reducing delay of long paths': none
    Clock DAG primary half-corner transition distribution after 'Reducing delay of long paths':
      Leaf : target=0.098ns count=1 avg=0.019ns sd=0.000ns min=0.019ns max=0.019ns {1 <= 0.059ns, 0 <= 0.078ns, 0 <= 0.088ns, 0 <= 0.093ns, 0 <= 0.098ns}
    Primary reporting skew groups after 'Reducing delay of long paths':
      skew_group clk/CONSTRAINTS: insertion delay [min=0.004, max=0.012, avg=0.009, sd=0.002, skn=0.090, kur=-0.063], skew [0.008 vs 0.092], 100% {0.004, 0.012} (wid=0.012 ws=0.008) (gid=0.000 gs=0.000)
    Skew group summary after 'Reducing delay of long paths':
      skew_group clk/CONSTRAINTS: insertion delay [min=0.004, max=0.012, avg=0.009, sd=0.002, skn=0.090, kur=-0.063], skew [0.008 vs 0.092], 100% {0.004, 0.012} (wid=0.012 ws=0.008) (gid=0.000 gs=0.000)
    Legalizer API calls during this step: 0 succeeded with high effort: 0 succeeded with medium effort: 0 succeeded with low effort: 0 succeeded with basic effort: 0 succeeded with basic unbounded effort: 0
  Reducing delay of long paths done. (took cpu=0:00:00.0 real=0:00:00.0)
  Stage::Insertion Delay Reduction done. (took cpu=0:00:00.0 real=0:00:00.0)
  CCOpt::Phase::Construction done. (took cpu=0:00:04.4 real=0:00:02.5)
  CCOpt::Phase::Implementation...
  Stage::Reducing Power...
  Improving clock tree routing...
    Iteration 1...
    Iteration 1 done.
    Clock DAG stats after 'Improving clock tree routing':
      cell counts      : b=0, i=0, icg=0, dcg=0, l=0, total=0
      sink counts      : regular=91, enable_latch=0, load_capacitance=0, antenna=0, node_sink=0, total=91
      misc counts      : r=1, pp=0, mci=0
      cell areas       : b=0.000um^2, i=0.000um^2, icg=0.000um^2, dcg=0.000um^2, l=0.000um^2, total=0.000um^2
      cell capacitance : b=0.000pF, i=0.000pF, icg=0.000pF, dcg=0.000pF, l=0.000pF, total=0.000pF
      sink capacitance : total=0.114pF, avg=0.001pF, sd=0.000pF, min=0.001pF, max=0.001pF
      wire capacitance : top=0.000pF, trunk=0.000pF, leaf=0.108pF, total=0.108pF
      wire lengths     : top=0.000um, trunk=0.000um, leaf=720.719um, total=720.719um
      hp wire lengths  : top=0.000um, trunk=0.000um, leaf=0.000um, total=0.000um
    Clock DAG net violations after 'Improving clock tree routing': none
    Clock DAG primary half-corner transition distribution after 'Improving clock tree routing':
      Leaf : target=0.098ns count=1 avg=0.019ns sd=0.000ns min=0.019ns max=0.019ns {1 <= 0.059ns, 0 <= 0.078ns, 0 <= 0.088ns, 0 <= 0.093ns, 0 <= 0.098ns}
    Primary reporting skew groups after 'Improving clock tree routing':
      skew_group clk/CONSTRAINTS: insertion delay [min=0.004, max=0.012], skew [0.008 vs 0.092]
    Skew group summary after 'Improving clock tree routing':
      skew_group clk/CONSTRAINTS: insertion delay [min=0.004, max=0.012], skew [0.008 vs 0.092]
    Legalizer API calls during this step: 0 succeeded with high effort: 0 succeeded with medium effort: 0 succeeded with low effort: 0 succeeded with basic effort: 0 succeeded with basic unbounded effort: 0
  Improving clock tree routing done. (took cpu=0:00:00.0 real=0:00:00.0)
  Reducing clock tree power 1...
    Resizing gates: 
    ...20% ...40% ...60% ...80% ...Legalizing clock trees...
    Legalizing clock trees done. (took cpu=0:00:00.0 real=0:00:00.0)
    100% 
    Clock DAG stats after 'Reducing clock tree power 1':
      cell counts      : b=0, i=0, icg=0, dcg=0, l=0, total=0
      sink counts      : regular=91, enable_latch=0, load_capacitance=0, antenna=0, node_sink=0, total=91
      misc counts      : r=1, pp=0, mci=0
      cell areas       : b=0.000um^2, i=0.000um^2, icg=0.000um^2, dcg=0.000um^2, l=0.000um^2, total=0.000um^2
      cell capacitance : b=0.000pF, i=0.000pF, icg=0.000pF, dcg=0.000pF, l=0.000pF, total=0.000pF
      sink capacitance : total=0.114pF, avg=0.001pF, sd=0.000pF, min=0.001pF, max=0.001pF
      wire capacitance : top=0.000pF, trunk=0.000pF, leaf=0.108pF, total=0.108pF
      wire lengths     : top=0.000um, trunk=0.000um, leaf=720.719um, total=720.719um
      hp wire lengths  : top=0.000um, trunk=0.000um, leaf=0.000um, total=0.000um
    Clock DAG net violations after 'Reducing clock tree power 1': none
    Clock DAG primary half-corner transition distribution after 'Reducing clock tree power 1':
      Leaf : target=0.098ns count=1 avg=0.019ns sd=0.000ns min=0.019ns max=0.019ns {1 <= 0.059ns, 0 <= 0.078ns, 0 <= 0.088ns, 0 <= 0.093ns, 0 <= 0.098ns}
    Primary reporting skew groups after 'Reducing clock tree power 1':
      skew_group clk/CONSTRAINTS: insertion delay [min=0.004, max=0.012], skew [0.008 vs 0.092]
    Skew group summary after 'Reducing clock tree power 1':
      skew_group clk/CONSTRAINTS: insertion delay [min=0.004, max=0.012], skew [0.008 vs 0.092]
    Legalizer API calls during this step: 0 succeeded with high effort: 0 succeeded with medium effort: 0 succeeded with low effort: 0 succeeded with basic effort: 0 succeeded with basic unbounded effort: 0
  Reducing clock tree power 1 done. (took cpu=0:00:00.0 real=0:00:00.0)
  Reducing clock tree power 2...
    Clock DAG stats after 'Reducing clock tree power 2':
      cell counts      : b=0, i=0, icg=0, dcg=0, l=0, total=0
      sink counts      : regular=91, enable_latch=0, load_capacitance=0, antenna=0, node_sink=0, total=91
      misc counts      : r=1, pp=0, mci=0
      cell areas       : b=0.000um^2, i=0.000um^2, icg=0.000um^2, dcg=0.000um^2, l=0.000um^2, total=0.000um^2
      cell capacitance : b=0.000pF, i=0.000pF, icg=0.000pF, dcg=0.000pF, l=0.000pF, total=0.000pF
      sink capacitance : total=0.114pF, avg=0.001pF, sd=0.000pF, min=0.001pF, max=0.001pF
      wire capacitance : top=0.000pF, trunk=0.000pF, leaf=0.108pF, total=0.108pF
      wire lengths     : top=0.000um, trunk=0.000um, leaf=720.719um, total=720.719um
      hp wire lengths  : top=0.000um, trunk=0.000um, leaf=0.000um, total=0.000um
    Clock DAG net violations after 'Reducing clock tree power 2': none
    Clock DAG primary half-corner transition distribution after 'Reducing clock tree power 2':
      Leaf : target=0.098ns count=1 avg=0.019ns sd=0.000ns min=0.019ns max=0.019ns {1 <= 0.059ns, 0 <= 0.078ns, 0 <= 0.088ns, 0 <= 0.093ns, 0 <= 0.098ns}
    Primary reporting skew groups after 'Reducing clock tree power 2':
      skew_group clk/CONSTRAINTS: insertion delay [min=0.004, max=0.012, avg=0.009, sd=0.002, skn=0.090, kur=-0.063], skew [0.008 vs 0.092], 100% {0.004, 0.012} (wid=0.012 ws=0.008) (gid=0.000 gs=0.000)
    Skew group summary after 'Reducing clock tree power 2':
      skew_group clk/CONSTRAINTS: insertion delay [min=0.004, max=0.012, avg=0.009, sd=0.002, skn=0.090, kur=-0.063], skew [0.008 vs 0.092], 100% {0.004, 0.012} (wid=0.012 ws=0.008) (gid=0.000 gs=0.000)
    Legalizer API calls during this step: 0 succeeded with high effort: 0 succeeded with medium effort: 0 succeeded with low effort: 0 succeeded with basic effort: 0 succeeded with basic unbounded effort: 0
  Reducing clock tree power 2 done. (took cpu=0:00:00.0 real=0:00:00.0)
  Stage::Reducing Power done. (took cpu=0:00:00.0 real=0:00:00.0)
  Stage::Balancing...
  Improving subtree skew...
    Clock DAG stats after 'Improving subtree skew':
      cell counts      : b=0, i=0, icg=0, dcg=0, l=0, total=0
      sink counts      : regular=91, enable_latch=0, load_capacitance=0, antenna=0, node_sink=0, total=91
      misc counts      : r=1, pp=0, mci=0
      cell areas       : b=0.000um^2, i=0.000um^2, icg=0.000um^2, dcg=0.000um^2, l=0.000um^2, total=0.000um^2
      cell capacitance : b=0.000pF, i=0.000pF, icg=0.000pF, dcg=0.000pF, l=0.000pF, total=0.000pF
      sink capacitance : total=0.114pF, avg=0.001pF, sd=0.000pF, min=0.001pF, max=0.001pF
      wire capacitance : top=0.000pF, trunk=0.000pF, leaf=0.108pF, total=0.108pF
      wire lengths     : top=0.000um, trunk=0.000um, leaf=720.719um, total=720.719um
      hp wire lengths  : top=0.000um, trunk=0.000um, leaf=0.000um, total=0.000um
    Clock DAG net violations after 'Improving subtree skew': none
    Clock DAG primary half-corner transition distribution after 'Improving subtree skew':
      Leaf : target=0.098ns count=1 avg=0.019ns sd=0.000ns min=0.019ns max=0.019ns {1 <= 0.059ns, 0 <= 0.078ns, 0 <= 0.088ns, 0 <= 0.093ns, 0 <= 0.098ns}
    Primary reporting skew groups after 'Improving subtree skew':
      skew_group clk/CONSTRAINTS: insertion delay [min=0.004, max=0.012, avg=0.009, sd=0.002, skn=0.090, kur=-0.063], skew [0.008 vs 0.092], 100% {0.004, 0.012} (wid=0.012 ws=0.008) (gid=0.000 gs=0.000)
    Skew group summary after 'Improving subtree skew':
      skew_group clk/CONSTRAINTS: insertion delay [min=0.004, max=0.012, avg=0.009, sd=0.002, skn=0.090, kur=-0.063], skew [0.008 vs 0.092], 100% {0.004, 0.012} (wid=0.012 ws=0.008) (gid=0.000 gs=0.000)
    Legalizer API calls during this step: 0 succeeded with high effort: 0 succeeded with medium effort: 0 succeeded with low effort: 0 succeeded with basic effort: 0 succeeded with basic unbounded effort: 0
  Improving subtree skew done. (took cpu=0:00:00.0 real=0:00:00.0)
  Offloading subtrees by buffering...
    Clock DAG stats after 'Offloading subtrees by buffering':
      cell counts      : b=0, i=0, icg=0, dcg=0, l=0, total=0
      sink counts      : regular=91, enable_latch=0, load_capacitance=0, antenna=0, node_sink=0, total=91
      misc counts      : r=1, pp=0, mci=0
      cell areas       : b=0.000um^2, i=0.000um^2, icg=0.000um^2, dcg=0.000um^2, l=0.000um^2, total=0.000um^2
      cell capacitance : b=0.000pF, i=0.000pF, icg=0.000pF, dcg=0.000pF, l=0.000pF, total=0.000pF
      sink capacitance : total=0.114pF, avg=0.001pF, sd=0.000pF, min=0.001pF, max=0.001pF
      wire capacitance : top=0.000pF, trunk=0.000pF, leaf=0.108pF, total=0.108pF
      wire lengths     : top=0.000um, trunk=0.000um, leaf=720.719um, total=720.719um
      hp wire lengths  : top=0.000um, trunk=0.000um, leaf=0.000um, total=0.000um
    Clock DAG net violations after 'Offloading subtrees by buffering': none
    Clock DAG primary half-corner transition distribution after 'Offloading subtrees by buffering':
      Leaf : target=0.098ns count=1 avg=0.019ns sd=0.000ns min=0.019ns max=0.019ns {1 <= 0.059ns, 0 <= 0.078ns, 0 <= 0.088ns, 0 <= 0.093ns, 0 <= 0.098ns}
    Primary reporting skew groups after 'Offloading subtrees by buffering':
      skew_group clk/CONSTRAINTS: insertion delay [min=0.004, max=0.012, avg=0.009, sd=0.002, skn=0.090, kur=-0.063], skew [0.008 vs 0.092], 100% {0.004, 0.012} (wid=0.012 ws=0.008) (gid=0.000 gs=0.000)
    Skew group summary after 'Offloading subtrees by buffering':
      skew_group clk/CONSTRAINTS: insertion delay [min=0.004, max=0.012, avg=0.009, sd=0.002, skn=0.090, kur=-0.063], skew [0.008 vs 0.092], 100% {0.004, 0.012} (wid=0.012 ws=0.008) (gid=0.000 gs=0.000)
    Legalizer API calls during this step: 0 succeeded with high effort: 0 succeeded with medium effort: 0 succeeded with low effort: 0 succeeded with basic effort: 0 succeeded with basic unbounded effort: 0
  Offloading subtrees by buffering done. (took cpu=0:00:00.0 real=0:00:00.0)
  AdjustingMinPinPIDs for balancing...
    Approximately balancing fragments step...
      Resolve constraints - Approximately balancing fragments...
      Resolving skew group constraints...
        Solving LP: 1 skew groups; 2 fragments, 2 fraglets and 3 vertices; 12 variables and 27 constraints; tolerance 1
      Resolving skew group constraints done.
      Resolve constraints - Approximately balancing fragments done. (took cpu=0:00:00.0 real=0:00:00.0)
      Estimate delay to be added in balancing - Approximately balancing fragments...
      Trial balancer estimated the amount of delay to be added in balancing: 0.000ns
      Estimate delay to be added in balancing - Approximately balancing fragments done. (took cpu=0:00:00.0 real=0:00:00.0)
      Approximately balancing fragments...
        Moving gates to improve sub-tree skew...
          Tried: 2 Succeeded: 0
          Topology Tried: 0 Succeeded: 0
          0 Succeeded with SS ratio
          0 Succeeded with Lollipop: 0 with tier one, 0 with tier two. 
          Total reducing skew: 0 Average reducing skew for 0 nets : 0
          Clock DAG stats after 'Moving gates to improve sub-tree skew':
            cell counts      : b=0, i=0, icg=0, dcg=0, l=0, total=0
            sink counts      : regular=91, enable_latch=0, load_capacitance=0, antenna=0, node_sink=0, total=91
            misc counts      : r=1, pp=0, mci=0
            cell areas       : b=0.000um^2, i=0.000um^2, icg=0.000um^2, dcg=0.000um^2, l=0.000um^2, total=0.000um^2
            cell capacitance : b=0.000pF, i=0.000pF, icg=0.000pF, dcg=0.000pF, l=0.000pF, total=0.000pF
            sink capacitance : total=0.114pF, avg=0.001pF, sd=0.000pF, min=0.001pF, max=0.001pF
            wire capacitance : top=0.000pF, trunk=0.000pF, leaf=0.108pF, total=0.108pF
            wire lengths     : top=0.000um, trunk=0.000um, leaf=720.719um, total=720.719um
            hp wire lengths  : top=0.000um, trunk=0.000um, leaf=0.000um, total=0.000um
          Clock DAG net violations after 'Moving gates to improve sub-tree skew': none
          Clock DAG primary half-corner transition distribution after 'Moving gates to improve sub-tree skew':
            Leaf : target=0.098ns count=1 avg=0.019ns sd=0.000ns min=0.019ns max=0.019ns {1 <= 0.059ns, 0 <= 0.078ns, 0 <= 0.088ns, 0 <= 0.093ns, 0 <= 0.098ns}
          Legalizer API calls during this step: 0 succeeded with high effort: 0 succeeded with medium effort: 0 succeeded with low effort: 0 succeeded with basic effort: 0 succeeded with basic unbounded effort: 0
        Moving gates to improve sub-tree skew done. (took cpu=0:00:00.0 real=0:00:00.0)
        Approximately balancing fragments bottom up...
          Clock DAG stats after 'Approximately balancing fragments bottom up':
            cell counts      : b=0, i=0, icg=0, dcg=0, l=0, total=0
            sink counts      : regular=91, enable_latch=0, load_capacitance=0, antenna=0, node_sink=0, total=91
            misc counts      : r=1, pp=0, mci=0
            cell areas       : b=0.000um^2, i=0.000um^2, icg=0.000um^2, dcg=0.000um^2, l=0.000um^2, total=0.000um^2
            cell capacitance : b=0.000pF, i=0.000pF, icg=0.000pF, dcg=0.000pF, l=0.000pF, total=0.000pF
            sink capacitance : total=0.114pF, avg=0.001pF, sd=0.000pF, min=0.001pF, max=0.001pF
            wire capacitance : top=0.000pF, trunk=0.000pF, leaf=0.108pF, total=0.108pF
            wire lengths     : top=0.000um, trunk=0.000um, leaf=720.719um, total=720.719um
            hp wire lengths  : top=0.000um, trunk=0.000um, leaf=0.000um, total=0.000um
          Clock DAG net violations after 'Approximately balancing fragments bottom up': none
          Clock DAG primary half-corner transition distribution after 'Approximately balancing fragments bottom up':
            Leaf : target=0.098ns count=1 avg=0.019ns sd=0.000ns min=0.019ns max=0.019ns {1 <= 0.059ns, 0 <= 0.078ns, 0 <= 0.088ns, 0 <= 0.093ns, 0 <= 0.098ns}
          Legalizer API calls during this step: 0 succeeded with high effort: 0 succeeded with medium effort: 0 succeeded with low effort: 0 succeeded with basic effort: 0 succeeded with basic unbounded effort: 0
        Approximately balancing fragments bottom up done. (took cpu=0:00:00.0 real=0:00:00.0)
        Approximately balancing fragments, wire and cell delays...
        Approximately balancing fragments, wire and cell delays, iteration 1...
          Clock DAG stats after Approximately balancing fragments, wire and cell delays, iteration 1:
            cell counts      : b=0, i=0, icg=0, dcg=0, l=0, total=0
            sink counts      : regular=91, enable_latch=0, load_capacitance=0, antenna=0, node_sink=0, total=91
            misc counts      : r=1, pp=0, mci=0
            cell areas       : b=0.000um^2, i=0.000um^2, icg=0.000um^2, dcg=0.000um^2, l=0.000um^2, total=0.000um^2
            cell capacitance : b=0.000pF, i=0.000pF, icg=0.000pF, dcg=0.000pF, l=0.000pF, total=0.000pF
            sink capacitance : total=0.114pF, avg=0.001pF, sd=0.000pF, min=0.001pF, max=0.001pF
            wire capacitance : top=0.000pF, trunk=0.000pF, leaf=0.108pF, total=0.108pF
            wire lengths     : top=0.000um, trunk=0.000um, leaf=720.719um, total=720.719um
            hp wire lengths  : top=0.000um, trunk=0.000um, leaf=0.000um, total=0.000um
          Clock DAG net violations after Approximately balancing fragments, wire and cell delays, iteration 1: none
          Clock DAG primary half-corner transition distribution after Approximately balancing fragments, wire and cell delays, iteration 1:
            Leaf : target=0.098ns count=1 avg=0.019ns sd=0.000ns min=0.019ns max=0.019ns {1 <= 0.059ns, 0 <= 0.078ns, 0 <= 0.088ns, 0 <= 0.093ns, 0 <= 0.098ns}
        Approximately balancing fragments, wire and cell delays, iteration 1 done.
        Approximately balancing fragments, wire and cell delays done. (took cpu=0:00:00.0 real=0:00:00.0)
      Approximately balancing fragments done.
      Clock DAG stats after 'Approximately balancing fragments step':
        cell counts      : b=0, i=0, icg=0, dcg=0, l=0, total=0
        sink counts      : regular=91, enable_latch=0, load_capacitance=0, antenna=0, node_sink=0, total=91
        misc counts      : r=1, pp=0, mci=0
        cell areas       : b=0.000um^2, i=0.000um^2, icg=0.000um^2, dcg=0.000um^2, l=0.000um^2, total=0.000um^2
        cell capacitance : b=0.000pF, i=0.000pF, icg=0.000pF, dcg=0.000pF, l=0.000pF, total=0.000pF
        sink capacitance : total=0.114pF, avg=0.001pF, sd=0.000pF, min=0.001pF, max=0.001pF
        wire capacitance : top=0.000pF, trunk=0.000pF, leaf=0.108pF, total=0.108pF
        wire lengths     : top=0.000um, trunk=0.000um, leaf=720.719um, total=720.719um
        hp wire lengths  : top=0.000um, trunk=0.000um, leaf=0.000um, total=0.000um
      Clock DAG net violations after 'Approximately balancing fragments step': none
      Clock DAG primary half-corner transition distribution after 'Approximately balancing fragments step':
        Leaf : target=0.098ns count=1 avg=0.019ns sd=0.000ns min=0.019ns max=0.019ns {1 <= 0.059ns, 0 <= 0.078ns, 0 <= 0.088ns, 0 <= 0.093ns, 0 <= 0.098ns}
      Legalizer API calls during this step: 0 succeeded with high effort: 0 succeeded with medium effort: 0 succeeded with low effort: 0 succeeded with basic effort: 0 succeeded with basic unbounded effort: 0
    Approximately balancing fragments step done. (took cpu=0:00:00.0 real=0:00:00.0)
    Clock DAG stats after Approximately balancing fragments:
      cell counts      : b=0, i=0, icg=0, dcg=0, l=0, total=0
      sink counts      : regular=91, enable_latch=0, load_capacitance=0, antenna=0, node_sink=0, total=91
      misc counts      : r=1, pp=0, mci=0
      cell areas       : b=0.000um^2, i=0.000um^2, icg=0.000um^2, dcg=0.000um^2, l=0.000um^2, total=0.000um^2
      cell capacitance : b=0.000pF, i=0.000pF, icg=0.000pF, dcg=0.000pF, l=0.000pF, total=0.000pF
      sink capacitance : total=0.114pF, avg=0.001pF, sd=0.000pF, min=0.001pF, max=0.001pF
      wire capacitance : top=0.000pF, trunk=0.000pF, leaf=0.108pF, total=0.108pF
      wire lengths     : top=0.000um, trunk=0.000um, leaf=720.719um, total=720.719um
      hp wire lengths  : top=0.000um, trunk=0.000um, leaf=0.000um, total=0.000um
    Clock DAG net violations after Approximately balancing fragments: none
    Clock DAG primary half-corner transition distribution after Approximately balancing fragments:
      Leaf : target=0.098ns count=1 avg=0.019ns sd=0.000ns min=0.019ns max=0.019ns {1 <= 0.059ns, 0 <= 0.078ns, 0 <= 0.088ns, 0 <= 0.093ns, 0 <= 0.098ns}
    Primary reporting skew groups after Approximately balancing fragments:
      skew_group clk/CONSTRAINTS: insertion delay [min=0.004, max=0.012], skew [0.008 vs 0.092]
    Skew group summary after Approximately balancing fragments:
      skew_group clk/CONSTRAINTS: insertion delay [min=0.004, max=0.012], skew [0.008 vs 0.092]
    Improving fragments clock skew...
      Clock DAG stats after 'Improving fragments clock skew':
        cell counts      : b=0, i=0, icg=0, dcg=0, l=0, total=0
        sink counts      : regular=91, enable_latch=0, load_capacitance=0, antenna=0, node_sink=0, total=91
        misc counts      : r=1, pp=0, mci=0
        cell areas       : b=0.000um^2, i=0.000um^2, icg=0.000um^2, dcg=0.000um^2, l=0.000um^2, total=0.000um^2
        cell capacitance : b=0.000pF, i=0.000pF, icg=0.000pF, dcg=0.000pF, l=0.000pF, total=0.000pF
        sink capacitance : total=0.114pF, avg=0.001pF, sd=0.000pF, min=0.001pF, max=0.001pF
        wire capacitance : top=0.000pF, trunk=0.000pF, leaf=0.108pF, total=0.108pF
        wire lengths     : top=0.000um, trunk=0.000um, leaf=720.719um, total=720.719um
        hp wire lengths  : top=0.000um, trunk=0.000um, leaf=0.000um, total=0.000um
      Clock DAG net violations after 'Improving fragments clock skew': none
      Clock DAG primary half-corner transition distribution after 'Improving fragments clock skew':
        Leaf : target=0.098ns count=1 avg=0.019ns sd=0.000ns min=0.019ns max=0.019ns {1 <= 0.059ns, 0 <= 0.078ns, 0 <= 0.088ns, 0 <= 0.093ns, 0 <= 0.098ns}
      Primary reporting skew groups after 'Improving fragments clock skew':
        skew_group clk/CONSTRAINTS: insertion delay [min=0.004, max=0.012], skew [0.008 vs 0.092]
      Skew group summary after 'Improving fragments clock skew':
        skew_group clk/CONSTRAINTS: insertion delay [min=0.004, max=0.012], skew [0.008 vs 0.092]
      Legalizer API calls during this step: 0 succeeded with high effort: 0 succeeded with medium effort: 0 succeeded with low effort: 0 succeeded with basic effort: 0 succeeded with basic unbounded effort: 0
    Improving fragments clock skew done. (took cpu=0:00:00.0 real=0:00:00.0)
    Legalizer API calls during this step: 0 succeeded with high effort: 0 succeeded with medium effort: 0 succeeded with low effort: 0 succeeded with basic effort: 0 succeeded with basic unbounded effort: 0
  AdjustingMinPinPIDs for balancing done. (took cpu=0:00:00.0 real=0:00:00.0)
  Approximately balancing step...
    Resolve constraints - Approximately balancing...
    Resolving skew group constraints...
      Solving LP: 1 skew groups; 2 fragments, 2 fraglets and 3 vertices; 12 variables and 27 constraints; tolerance 1
    Resolving skew group constraints done.
    Resolve constraints - Approximately balancing done. (took cpu=0:00:00.0 real=0:00:00.0)
    Approximately balancing...
      Approximately balancing, wire and cell delays...
      Approximately balancing, wire and cell delays, iteration 1...
        Clock DAG stats after Approximately balancing, wire and cell delays, iteration 1:
          cell counts      : b=0, i=0, icg=0, dcg=0, l=0, total=0
          sink counts      : regular=91, enable_latch=0, load_capacitance=0, antenna=0, node_sink=0, total=91
          misc counts      : r=1, pp=0, mci=0
          cell areas       : b=0.000um^2, i=0.000um^2, icg=0.000um^2, dcg=0.000um^2, l=0.000um^2, total=0.000um^2
          cell capacitance : b=0.000pF, i=0.000pF, icg=0.000pF, dcg=0.000pF, l=0.000pF, total=0.000pF
          sink capacitance : total=0.114pF, avg=0.001pF, sd=0.000pF, min=0.001pF, max=0.001pF
          wire capacitance : top=0.000pF, trunk=0.000pF, leaf=0.108pF, total=0.108pF
          wire lengths     : top=0.000um, trunk=0.000um, leaf=720.719um, total=720.719um
          hp wire lengths  : top=0.000um, trunk=0.000um, leaf=0.000um, total=0.000um
        Clock DAG net violations after Approximately balancing, wire and cell delays, iteration 1: none
        Clock DAG primary half-corner transition distribution after Approximately balancing, wire and cell delays, iteration 1:
          Leaf : target=0.098ns count=1 avg=0.019ns sd=0.000ns min=0.019ns max=0.019ns {1 <= 0.059ns, 0 <= 0.078ns, 0 <= 0.088ns, 0 <= 0.093ns, 0 <= 0.098ns}
      Approximately balancing, wire and cell delays, iteration 1 done.
      Approximately balancing, wire and cell delays done. (took cpu=0:00:00.0 real=0:00:00.0)
    Approximately balancing done.
    Clock DAG stats after 'Approximately balancing step':
      cell counts      : b=0, i=0, icg=0, dcg=0, l=0, total=0
      sink counts      : regular=91, enable_latch=0, load_capacitance=0, antenna=0, node_sink=0, total=91
      misc counts      : r=1, pp=0, mci=0
      cell areas       : b=0.000um^2, i=0.000um^2, icg=0.000um^2, dcg=0.000um^2, l=0.000um^2, total=0.000um^2
      cell capacitance : b=0.000pF, i=0.000pF, icg=0.000pF, dcg=0.000pF, l=0.000pF, total=0.000pF
      sink capacitance : total=0.114pF, avg=0.001pF, sd=0.000pF, min=0.001pF, max=0.001pF
      wire capacitance : top=0.000pF, trunk=0.000pF, leaf=0.108pF, total=0.108pF
      wire lengths     : top=0.000um, trunk=0.000um, leaf=720.719um, total=720.719um
      hp wire lengths  : top=0.000um, trunk=0.000um, leaf=0.000um, total=0.000um
    Clock DAG net violations after 'Approximately balancing step': none
    Clock DAG primary half-corner transition distribution after 'Approximately balancing step':
      Leaf : target=0.098ns count=1 avg=0.019ns sd=0.000ns min=0.019ns max=0.019ns {1 <= 0.059ns, 0 <= 0.078ns, 0 <= 0.088ns, 0 <= 0.093ns, 0 <= 0.098ns}
    Primary reporting skew groups after 'Approximately balancing step':
      skew_group clk/CONSTRAINTS: insertion delay [min=0.004, max=0.012], skew [0.008 vs 0.092]
    Skew group summary after 'Approximately balancing step':
      skew_group clk/CONSTRAINTS: insertion delay [min=0.004, max=0.012], skew [0.008 vs 0.092]
    Legalizer API calls during this step: 0 succeeded with high effort: 0 succeeded with medium effort: 0 succeeded with low effort: 0 succeeded with basic effort: 0 succeeded with basic unbounded effort: 0
  Approximately balancing step done. (took cpu=0:00:00.0 real=0:00:00.0)
  Approximately balancing paths...
    Added 0 buffers.
    Clock DAG stats after 'Approximately balancing paths':
      cell counts      : b=0, i=0, icg=0, dcg=0, l=0, total=0
      sink counts      : regular=91, enable_latch=0, load_capacitance=0, antenna=0, node_sink=0, total=91
      misc counts      : r=1, pp=0, mci=0
      cell areas       : b=0.000um^2, i=0.000um^2, icg=0.000um^2, dcg=0.000um^2, l=0.000um^2, total=0.000um^2
      cell capacitance : b=0.000pF, i=0.000pF, icg=0.000pF, dcg=0.000pF, l=0.000pF, total=0.000pF
      sink capacitance : total=0.114pF, avg=0.001pF, sd=0.000pF, min=0.001pF, max=0.001pF
      wire capacitance : top=0.000pF, trunk=0.000pF, leaf=0.108pF, total=0.108pF
      wire lengths     : top=0.000um, trunk=0.000um, leaf=720.719um, total=720.719um
      hp wire lengths  : top=0.000um, trunk=0.000um, leaf=0.000um, total=0.000um
    Clock DAG net violations after 'Approximately balancing paths': none
    Clock DAG primary half-corner transition distribution after 'Approximately balancing paths':
      Leaf : target=0.098ns count=1 avg=0.019ns sd=0.000ns min=0.019ns max=0.019ns {1 <= 0.059ns, 0 <= 0.078ns, 0 <= 0.088ns, 0 <= 0.093ns, 0 <= 0.098ns}
    Primary reporting skew groups after 'Approximately balancing paths':
      skew_group clk/CONSTRAINTS: insertion delay [min=0.004, max=0.012, avg=0.009, sd=0.002, skn=0.090, kur=-0.063], skew [0.008 vs 0.092], 100% {0.004, 0.012} (wid=0.012 ws=0.008) (gid=0.000 gs=0.000)
    Skew group summary after 'Approximately balancing paths':
      skew_group clk/CONSTRAINTS: insertion delay [min=0.004, max=0.012, avg=0.009, sd=0.002, skn=0.090, kur=-0.063], skew [0.008 vs 0.092], 100% {0.004, 0.012} (wid=0.012 ws=0.008) (gid=0.000 gs=0.000)
    Legalizer API calls during this step: 0 succeeded with high effort: 0 succeeded with medium effort: 0 succeeded with low effort: 0 succeeded with basic effort: 0 succeeded with basic unbounded effort: 0
  Approximately balancing paths done. (took cpu=0:00:00.0 real=0:00:00.0)
  Stage::Balancing done. (took cpu=0:00:00.0 real=0:00:00.0)
  Stage::Polishing...
  Clock tree timing engine global stage delay update for MAX_DEALY:setup.late...
  Clock tree timing engine global stage delay update for MAX_DEALY:setup.late done. (took cpu=0:00:00.0 real=0:00:00.0)
  Clock DAG stats before polishing:
    cell counts      : b=0, i=0, icg=0, dcg=0, l=0, total=0
    sink counts      : regular=91, enable_latch=0, load_capacitance=0, antenna=0, node_sink=0, total=91
    misc counts      : r=1, pp=0, mci=0
    cell areas       : b=0.000um^2, i=0.000um^2, icg=0.000um^2, dcg=0.000um^2, l=0.000um^2, total=0.000um^2
    cell capacitance : b=0.000pF, i=0.000pF, icg=0.000pF, dcg=0.000pF, l=0.000pF, total=0.000pF
    sink capacitance : total=0.114pF, avg=0.001pF, sd=0.000pF, min=0.001pF, max=0.001pF
    wire capacitance : top=0.000pF, trunk=0.000pF, leaf=0.108pF, total=0.108pF
    wire lengths     : top=0.000um, trunk=0.000um, leaf=720.719um, total=720.719um
    hp wire lengths  : top=0.000um, trunk=0.000um, leaf=0.000um, total=0.000um
  Clock DAG net violations before polishing: none
  Clock DAG primary half-corner transition distribution before polishing:
    Leaf : target=0.098ns count=1 avg=0.019ns sd=0.000ns min=0.019ns max=0.019ns {1 <= 0.059ns, 0 <= 0.078ns, 0 <= 0.088ns, 0 <= 0.093ns, 0 <= 0.098ns}
  Primary reporting skew groups before polishing:
    skew_group clk/CONSTRAINTS: insertion delay [min=0.004, max=0.012], skew [0.008 vs 0.092]
  Skew group summary before polishing:
    skew_group clk/CONSTRAINTS: insertion delay [min=0.004, max=0.012], skew [0.008 vs 0.092]
  Merging balancing drivers for power...
    Tried: 2 Succeeded: 0
    Clock DAG stats after 'Merging balancing drivers for power':
      cell counts      : b=0, i=0, icg=0, dcg=0, l=0, total=0
      sink counts      : regular=91, enable_latch=0, load_capacitance=0, antenna=0, node_sink=0, total=91
      misc counts      : r=1, pp=0, mci=0
      cell areas       : b=0.000um^2, i=0.000um^2, icg=0.000um^2, dcg=0.000um^2, l=0.000um^2, total=0.000um^2
      cell capacitance : b=0.000pF, i=0.000pF, icg=0.000pF, dcg=0.000pF, l=0.000pF, total=0.000pF
      sink capacitance : total=0.114pF, avg=0.001pF, sd=0.000pF, min=0.001pF, max=0.001pF
      wire capacitance : top=0.000pF, trunk=0.000pF, leaf=0.108pF, total=0.108pF
      wire lengths     : top=0.000um, trunk=0.000um, leaf=720.719um, total=720.719um
      hp wire lengths  : top=0.000um, trunk=0.000um, leaf=0.000um, total=0.000um
    Clock DAG net violations after 'Merging balancing drivers for power': none
    Clock DAG primary half-corner transition distribution after 'Merging balancing drivers for power':
      Leaf : target=0.098ns count=1 avg=0.019ns sd=0.000ns min=0.019ns max=0.019ns {1 <= 0.059ns, 0 <= 0.078ns, 0 <= 0.088ns, 0 <= 0.093ns, 0 <= 0.098ns}
    Primary reporting skew groups after 'Merging balancing drivers for power':
      skew_group clk/CONSTRAINTS: insertion delay [min=0.004, max=0.012], skew [0.008 vs 0.092]
    Skew group summary after 'Merging balancing drivers for power':
      skew_group clk/CONSTRAINTS: insertion delay [min=0.004, max=0.012], skew [0.008 vs 0.092]
    Legalizer API calls during this step: 0 succeeded with high effort: 0 succeeded with medium effort: 0 succeeded with low effort: 0 succeeded with basic effort: 0 succeeded with basic unbounded effort: 0
  Merging balancing drivers for power done. (took cpu=0:00:00.0 real=0:00:00.0)
  Improving clock skew...
    Clock DAG stats after 'Improving clock skew':
      cell counts      : b=0, i=0, icg=0, dcg=0, l=0, total=0
      sink counts      : regular=91, enable_latch=0, load_capacitance=0, antenna=0, node_sink=0, total=91
      misc counts      : r=1, pp=0, mci=0
      cell areas       : b=0.000um^2, i=0.000um^2, icg=0.000um^2, dcg=0.000um^2, l=0.000um^2, total=0.000um^2
      cell capacitance : b=0.000pF, i=0.000pF, icg=0.000pF, dcg=0.000pF, l=0.000pF, total=0.000pF
      sink capacitance : total=0.114pF, avg=0.001pF, sd=0.000pF, min=0.001pF, max=0.001pF
      wire capacitance : top=0.000pF, trunk=0.000pF, leaf=0.108pF, total=0.108pF
      wire lengths     : top=0.000um, trunk=0.000um, leaf=720.719um, total=720.719um
      hp wire lengths  : top=0.000um, trunk=0.000um, leaf=0.000um, total=0.000um
    Clock DAG net violations after 'Improving clock skew': none
    Clock DAG primary half-corner transition distribution after 'Improving clock skew':
      Leaf : target=0.098ns count=1 avg=0.019ns sd=0.000ns min=0.019ns max=0.019ns {1 <= 0.059ns, 0 <= 0.078ns, 0 <= 0.088ns, 0 <= 0.093ns, 0 <= 0.098ns}
    Primary reporting skew groups after 'Improving clock skew':
      skew_group clk/CONSTRAINTS: insertion delay [min=0.004, max=0.012, avg=0.009, sd=0.002, skn=0.090, kur=-0.063], skew [0.008 vs 0.092], 100% {0.004, 0.012} (wid=0.012 ws=0.008) (gid=0.000 gs=0.000)
    Skew group summary after 'Improving clock skew':
      skew_group clk/CONSTRAINTS: insertion delay [min=0.004, max=0.012, avg=0.009, sd=0.002, skn=0.090, kur=-0.063], skew [0.008 vs 0.092], 100% {0.004, 0.012} (wid=0.012 ws=0.008) (gid=0.000 gs=0.000)
    Legalizer API calls during this step: 0 succeeded with high effort: 0 succeeded with medium effort: 0 succeeded with low effort: 0 succeeded with basic effort: 0 succeeded with basic unbounded effort: 0
  Improving clock skew done. (took cpu=0:00:00.0 real=0:00:00.0)
  Moving gates to reduce wire capacitance...
    Modified slew target multipliers. Leaf=(1 to 0.9) Trunk=(1 to 0.95) Top=(1 to 0.95)
    Iteration 1...
      Artificially removing short and long paths...
        Legalizer API calls during this step: 0 succeeded with high effort: 0 succeeded with medium effort: 0 succeeded with low effort: 0 succeeded with basic effort: 0 succeeded with basic unbounded effort: 0
      Artificially removing short and long paths done. (took cpu=0:00:00.0 real=0:00:00.0)
      Moving gates to reduce wire capacitance - iteration 1: WireCapReduction...
        Legalizing clock trees...
        Legalizing clock trees done. (took cpu=0:00:00.0 real=0:00:00.0)
        Legalizer API calls during this step: 0 succeeded with high effort: 0 succeeded with medium effort: 0 succeeded with low effort: 0 succeeded with basic effort: 0 succeeded with basic unbounded effort: 0
      Moving gates to reduce wire capacitance - iteration 1: WireCapReduction done. (took cpu=0:00:00.0 real=0:00:00.0)
      Moving gates to reduce wire capacitance - iteration 1: MoveGates...
        Moving gates: 
        ...20% ...40% ...60% ...80% ...Legalizing clock trees...
        Legalizing clock trees done. (took cpu=0:00:00.0 real=0:00:00.0)
        100% 
        Legalizer API calls during this step: 0 succeeded with high effort: 0 succeeded with medium effort: 0 succeeded with low effort: 0 succeeded with basic effort: 0 succeeded with basic unbounded effort: 0
      Moving gates to reduce wire capacitance - iteration 1: MoveGates done. (took cpu=0:00:00.0 real=0:00:00.0)
    Iteration 1 done.
    Reverted slew target multipliers. Leaf=(0.9 to 1) Trunk=(0.95 to 1) Top=(0.95 to 1)
    Clock DAG stats after 'Moving gates to reduce wire capacitance':
      cell counts      : b=0, i=0, icg=0, dcg=0, l=0, total=0
      sink counts      : regular=91, enable_latch=0, load_capacitance=0, antenna=0, node_sink=0, total=91
      misc counts      : r=1, pp=0, mci=0
      cell areas       : b=0.000um^2, i=0.000um^2, icg=0.000um^2, dcg=0.000um^2, l=0.000um^2, total=0.000um^2
      cell capacitance : b=0.000pF, i=0.000pF, icg=0.000pF, dcg=0.000pF, l=0.000pF, total=0.000pF
      sink capacitance : total=0.114pF, avg=0.001pF, sd=0.000pF, min=0.001pF, max=0.001pF
      wire capacitance : top=0.000pF, trunk=0.000pF, leaf=0.108pF, total=0.108pF
      wire lengths     : top=0.000um, trunk=0.000um, leaf=720.719um, total=720.719um
      hp wire lengths  : top=0.000um, trunk=0.000um, leaf=0.000um, total=0.000um
    Clock DAG net violations after 'Moving gates to reduce wire capacitance': none
    Clock DAG primary half-corner transition distribution after 'Moving gates to reduce wire capacitance':
      Leaf : target=0.098ns count=1 avg=0.019ns sd=0.000ns min=0.019ns max=0.019ns {1 <= 0.059ns, 0 <= 0.078ns, 0 <= 0.088ns, 0 <= 0.093ns, 0 <= 0.098ns}
    Primary reporting skew groups after 'Moving gates to reduce wire capacitance':
      skew_group clk/CONSTRAINTS: insertion delay [min=0.004, max=0.012, avg=0.009, sd=0.002, skn=0.090, kur=-0.063], skew [0.008 vs 0.092], 100% {0.004, 0.012} (wid=0.012 ws=0.008) (gid=0.000 gs=0.000)
    Skew group summary after 'Moving gates to reduce wire capacitance':
      skew_group clk/CONSTRAINTS: insertion delay [min=0.004, max=0.012, avg=0.009, sd=0.002, skn=0.090, kur=-0.063], skew [0.008 vs 0.092], 100% {0.004, 0.012} (wid=0.012 ws=0.008) (gid=0.000 gs=0.000)
    Legalizer API calls during this step: 0 succeeded with high effort: 0 succeeded with medium effort: 0 succeeded with low effort: 0 succeeded with basic effort: 0 succeeded with basic unbounded effort: 0
  Moving gates to reduce wire capacitance done. (took cpu=0:00:00.0 real=0:00:00.0)
  Reducing clock tree power 3...
    Artificially removing short and long paths...
      Legalizer API calls during this step: 0 succeeded with high effort: 0 succeeded with medium effort: 0 succeeded with low effort: 0 succeeded with basic effort: 0 succeeded with basic unbounded effort: 0
    Artificially removing short and long paths done. (took cpu=0:00:00.0 real=0:00:00.0)
    Initial gate capacitance is (rise=0.114pF fall=0.108pF).
    Resizing gates: 
    ...20% ...40% ...60% ...80% ...Legalizing clock trees...
    Legalizing clock trees done. (took cpu=0:00:00.0 real=0:00:00.0)
    100% 
    Clock DAG stats after 'Reducing clock tree power 3':
      cell counts      : b=0, i=0, icg=0, dcg=0, l=0, total=0
      sink counts      : regular=91, enable_latch=0, load_capacitance=0, antenna=0, node_sink=0, total=91
      misc counts      : r=1, pp=0, mci=0
      cell areas       : b=0.000um^2, i=0.000um^2, icg=0.000um^2, dcg=0.000um^2, l=0.000um^2, total=0.000um^2
      cell capacitance : b=0.000pF, i=0.000pF, icg=0.000pF, dcg=0.000pF, l=0.000pF, total=0.000pF
      sink capacitance : total=0.114pF, avg=0.001pF, sd=0.000pF, min=0.001pF, max=0.001pF
      wire capacitance : top=0.000pF, trunk=0.000pF, leaf=0.108pF, total=0.108pF
      wire lengths     : top=0.000um, trunk=0.000um, leaf=720.719um, total=720.719um
      hp wire lengths  : top=0.000um, trunk=0.000um, leaf=0.000um, total=0.000um
    Clock DAG net violations after 'Reducing clock tree power 3': none
    Clock DAG primary half-corner transition distribution after 'Reducing clock tree power 3':
      Leaf : target=0.098ns count=1 avg=0.019ns sd=0.000ns min=0.019ns max=0.019ns {1 <= 0.059ns, 0 <= 0.078ns, 0 <= 0.088ns, 0 <= 0.093ns, 0 <= 0.098ns}
    Primary reporting skew groups after 'Reducing clock tree power 3':
      skew_group clk/CONSTRAINTS: insertion delay [min=0.004, max=0.012, avg=0.009, sd=0.002, skn=0.090, kur=-0.063], skew [0.008 vs 0.092], 100% {0.004, 0.012} (wid=0.012 ws=0.008) (gid=0.000 gs=0.000)
    Skew group summary after 'Reducing clock tree power 3':
      skew_group clk/CONSTRAINTS: insertion delay [min=0.004, max=0.012, avg=0.009, sd=0.002, skn=0.090, kur=-0.063], skew [0.008 vs 0.092], 100% {0.004, 0.012} (wid=0.012 ws=0.008) (gid=0.000 gs=0.000)
    Legalizer API calls during this step: 0 succeeded with high effort: 0 succeeded with medium effort: 0 succeeded with low effort: 0 succeeded with basic effort: 0 succeeded with basic unbounded effort: 0
  Reducing clock tree power 3 done. (took cpu=0:00:00.0 real=0:00:00.0)
  Improving insertion delay...
    Clock DAG stats after 'Improving insertion delay':
      cell counts      : b=0, i=0, icg=0, dcg=0, l=0, total=0
      sink counts      : regular=91, enable_latch=0, load_capacitance=0, antenna=0, node_sink=0, total=91
      misc counts      : r=1, pp=0, mci=0
      cell areas       : b=0.000um^2, i=0.000um^2, icg=0.000um^2, dcg=0.000um^2, l=0.000um^2, total=0.000um^2
      cell capacitance : b=0.000pF, i=0.000pF, icg=0.000pF, dcg=0.000pF, l=0.000pF, total=0.000pF
      sink capacitance : total=0.114pF, avg=0.001pF, sd=0.000pF, min=0.001pF, max=0.001pF
      wire capacitance : top=0.000pF, trunk=0.000pF, leaf=0.108pF, total=0.108pF
      wire lengths     : top=0.000um, trunk=0.000um, leaf=720.719um, total=720.719um
      hp wire lengths  : top=0.000um, trunk=0.000um, leaf=0.000um, total=0.000um
    Clock DAG net violations after 'Improving insertion delay': none
    Clock DAG primary half-corner transition distribution after 'Improving insertion delay':
      Leaf : target=0.098ns count=1 avg=0.019ns sd=0.000ns min=0.019ns max=0.019ns {1 <= 0.059ns, 0 <= 0.078ns, 0 <= 0.088ns, 0 <= 0.093ns, 0 <= 0.098ns}
    Primary reporting skew groups after 'Improving insertion delay':
      skew_group clk/CONSTRAINTS: insertion delay [min=0.004, max=0.012, avg=0.009, sd=0.002, skn=0.090, kur=-0.063], skew [0.008 vs 0.092], 100% {0.004, 0.012} (wid=0.012 ws=0.008) (gid=0.000 gs=0.000)
    Skew group summary after 'Improving insertion delay':
      skew_group clk/CONSTRAINTS: insertion delay [min=0.004, max=0.012, avg=0.009, sd=0.002, skn=0.090, kur=-0.063], skew [0.008 vs 0.092], 100% {0.004, 0.012} (wid=0.012 ws=0.008) (gid=0.000 gs=0.000)
    Legalizer API calls during this step: 0 succeeded with high effort: 0 succeeded with medium effort: 0 succeeded with low effort: 0 succeeded with basic effort: 0 succeeded with basic unbounded effort: 0
  Improving insertion delay done. (took cpu=0:00:00.0 real=0:00:00.0)
  Wire Opt OverFix...
    Wire Reduction extra effort...
      Modified slew target multipliers. Leaf=(1 to 0.95) Trunk=(1 to 1) Top=(1 to 1)
      Artificially removing short and long paths...
        Legalizer API calls during this step: 0 succeeded with high effort: 0 succeeded with medium effort: 0 succeeded with low effort: 0 succeeded with basic effort: 0 succeeded with basic unbounded effort: 0
      Artificially removing short and long paths done. (took cpu=0:00:00.0 real=0:00:00.0)
      Global shorten wires A0...
        Legalizer API calls during this step: 0 succeeded with high effort: 0 succeeded with medium effort: 0 succeeded with low effort: 0 succeeded with basic effort: 0 succeeded with basic unbounded effort: 0
      Global shorten wires A0 done. (took cpu=0:00:00.0 real=0:00:00.0)
      Move For Wirelength - core...
        Move for wirelength. considered=1, filtered=0, permitted=0, cannotCompute=0, computed=0, moveTooSmall=0, resolved=0, predictFail=0, currentlyIllegal=0, legalizationFail=0, legalizedMoveTooSmall=0, ignoredLeafDriver=0, worse=0, accepted=0
        Max accepted move=0.000um, total accepted move=0.000um
        Legalizer API calls during this step: 0 succeeded with high effort: 0 succeeded with medium effort: 0 succeeded with low effort: 0 succeeded with basic effort: 0 succeeded with basic unbounded effort: 0
      Move For Wirelength - core done. (took cpu=0:00:00.0 real=0:00:00.0)
      Global shorten wires A1...
        Legalizer API calls during this step: 0 succeeded with high effort: 0 succeeded with medium effort: 0 succeeded with low effort: 0 succeeded with basic effort: 0 succeeded with basic unbounded effort: 0
      Global shorten wires A1 done. (took cpu=0:00:00.0 real=0:00:00.0)
      Move For Wirelength - core...
        Move for wirelength. considered=1, filtered=0, permitted=0, cannotCompute=0, computed=0, moveTooSmall=0, resolved=0, predictFail=0, currentlyIllegal=0, legalizationFail=0, legalizedMoveTooSmall=0, ignoredLeafDriver=0, worse=0, accepted=0
        Max accepted move=0.000um, total accepted move=0.000um
        Legalizer API calls during this step: 0 succeeded with high effort: 0 succeeded with medium effort: 0 succeeded with low effort: 0 succeeded with basic effort: 0 succeeded with basic unbounded effort: 0
      Move For Wirelength - core done. (took cpu=0:00:00.0 real=0:00:00.0)
      Global shorten wires B...
        Legalizer API calls during this step: 0 succeeded with high effort: 0 succeeded with medium effort: 0 succeeded with low effort: 0 succeeded with basic effort: 0 succeeded with basic unbounded effort: 0
      Global shorten wires B done. (took cpu=0:00:00.0 real=0:00:00.0)
      Move For Wirelength - branch...
        Move for wirelength. considered=1, filtered=0, permitted=0, cannotCompute=0, computed=0, moveTooSmall=0, resolved=0, predictFail=0, currentlyIllegal=0, legalizationFail=0, legalizedMoveTooSmall=0, ignoredLeafDriver=0, worse=0, accepted=0
        Max accepted move=0.000um, total accepted move=0.000um
        Legalizer API calls during this step: 0 succeeded with high effort: 0 succeeded with medium effort: 0 succeeded with low effort: 0 succeeded with basic effort: 0 succeeded with basic unbounded effort: 0
      Move For Wirelength - branch done. (took cpu=0:00:00.0 real=0:00:00.0)
      Reverted slew target multipliers. Leaf=(0.95 to 1) Trunk=(1 to 1) Top=(1 to 1)
      Clock DAG stats after 'Wire Reduction extra effort':
        cell counts      : b=0, i=0, icg=0, dcg=0, l=0, total=0
        sink counts      : regular=91, enable_latch=0, load_capacitance=0, antenna=0, node_sink=0, total=91
        misc counts      : r=1, pp=0, mci=0
        cell areas       : b=0.000um^2, i=0.000um^2, icg=0.000um^2, dcg=0.000um^2, l=0.000um^2, total=0.000um^2
        cell capacitance : b=0.000pF, i=0.000pF, icg=0.000pF, dcg=0.000pF, l=0.000pF, total=0.000pF
        sink capacitance : total=0.114pF, avg=0.001pF, sd=0.000pF, min=0.001pF, max=0.001pF
        wire capacitance : top=0.000pF, trunk=0.000pF, leaf=0.108pF, total=0.108pF
        wire lengths     : top=0.000um, trunk=0.000um, leaf=720.719um, total=720.719um
        hp wire lengths  : top=0.000um, trunk=0.000um, leaf=0.000um, total=0.000um
      Clock DAG net violations after 'Wire Reduction extra effort': none
      Clock DAG primary half-corner transition distribution after 'Wire Reduction extra effort':
        Leaf : target=0.098ns count=1 avg=0.019ns sd=0.000ns min=0.019ns max=0.019ns {1 <= 0.059ns, 0 <= 0.078ns, 0 <= 0.088ns, 0 <= 0.093ns, 0 <= 0.098ns}
      Primary reporting skew groups after 'Wire Reduction extra effort':
        skew_group clk/CONSTRAINTS: insertion delay [min=0.004, max=0.012, avg=0.009, sd=0.002, skn=0.090, kur=-0.063], skew [0.008 vs 0.092], 100% {0.004, 0.012} (wid=0.012 ws=0.008) (gid=0.000 gs=0.000)
      Skew group summary after 'Wire Reduction extra effort':
        skew_group clk/CONSTRAINTS: insertion delay [min=0.004, max=0.012, avg=0.009, sd=0.002, skn=0.090, kur=-0.063], skew [0.008 vs 0.092], 100% {0.004, 0.012} (wid=0.012 ws=0.008) (gid=0.000 gs=0.000)
      Legalizer API calls during this step: 0 succeeded with high effort: 0 succeeded with medium effort: 0 succeeded with low effort: 0 succeeded with basic effort: 0 succeeded with basic unbounded effort: 0
    Wire Reduction extra effort done. (took cpu=0:00:00.0 real=0:00:00.0)
    Optimizing orientation...
    FlipOpt...
    Disconnecting clock tree from netlist...
    Disconnecting clock tree from netlist done.
    Orientation Wirelength Optimization: Attempted = 0 , Succeeded = 0 , Constraints Broken = 0 , CannotMove = 0 , Illegal = 0 , Other = 0
    Resynthesising clock tree into netlist...
      Reset timing graph...
Ignoring AAE DB Resetting ...
      Reset timing graph done.
    Resynthesising clock tree into netlist done.
    FlipOpt done. (took cpu=0:00:00.0 real=0:00:00.0)
    Optimizing orientation done. (took cpu=0:00:00.0 real=0:00:00.0)
    Clock DAG stats after 'Wire Opt OverFix':
      cell counts      : b=0, i=0, icg=0, dcg=0, l=0, total=0
      sink counts      : regular=91, enable_latch=0, load_capacitance=0, antenna=0, node_sink=0, total=91
      misc counts      : r=1, pp=0, mci=0
      cell areas       : b=0.000um^2, i=0.000um^2, icg=0.000um^2, dcg=0.000um^2, l=0.000um^2, total=0.000um^2
      cell capacitance : b=0.000pF, i=0.000pF, icg=0.000pF, dcg=0.000pF, l=0.000pF, total=0.000pF
      sink capacitance : total=0.114pF, avg=0.001pF, sd=0.000pF, min=0.001pF, max=0.001pF
      wire capacitance : top=0.000pF, trunk=0.000pF, leaf=0.117pF, total=0.117pF
      wire lengths     : top=0.000um, trunk=0.000um, leaf=765.590um, total=765.590um
      hp wire lengths  : top=0.000um, trunk=0.000um, leaf=0.000um, total=0.000um
    Clock DAG net violations after 'Wire Opt OverFix': none
    Clock DAG primary half-corner transition distribution after 'Wire Opt OverFix':
      Leaf : target=0.098ns count=1 avg=0.024ns sd=0.000ns min=0.024ns max=0.024ns {1 <= 0.059ns, 0 <= 0.078ns, 0 <= 0.088ns, 0 <= 0.093ns, 0 <= 0.098ns}
    Primary reporting skew groups after 'Wire Opt OverFix':
      skew_group clk/CONSTRAINTS: insertion delay [min=0.007, max=0.015, avg=0.011, sd=0.002, skn=0.071, kur=-1.113], skew [0.008 vs 0.092], 100% {0.007, 0.015} (wid=0.015 ws=0.008) (gid=0.000 gs=0.000)
    Skew group summary after 'Wire Opt OverFix':
      skew_group clk/CONSTRAINTS: insertion delay [min=0.007, max=0.015, avg=0.011, sd=0.002, skn=0.071, kur=-1.113], skew [0.008 vs 0.092], 100% {0.007, 0.015} (wid=0.015 ws=0.008) (gid=0.000 gs=0.000)
    Legalizer API calls during this step: 0 succeeded with high effort: 0 succeeded with medium effort: 0 succeeded with low effort: 0 succeeded with basic effort: 0 succeeded with basic unbounded effort: 0
  Wire Opt OverFix done. (took cpu=0:00:00.0 real=0:00:00.0)
  Total capacitance is (rise=0.231pF fall=0.226pF), of which (rise=0.117pF fall=0.117pF) is wire, and (rise=0.114pF fall=0.108pF) is gate.
  Stage::Polishing done. (took cpu=0:00:00.1 real=0:00:00.1)
  Stage::Updating netlist...
  Reset timing graph...
Ignoring AAE DB Resetting ...
  Reset timing graph done.
  Setting non-default rules before calling refine place.
  Leaving CCOpt scope - Cleaning up placement interface...
  Leaving CCOpt scope - Cleaning up placement interface done. (took cpu=0:00:00.0 real=0:00:00.0)
**WARN: (IMPSP-105):	'setPlaceMode -maxRouteLayer' will become obsolete from next release. Use 'setRouteMode -earlyGlobalMaxRouteLayer N' to set maximum routing layer.Type 'man IMPSP-105' for more detail.
  Leaving CCOpt scope - ClockRefiner...
  Soft fixed 0 clock instances.
  Performing clock and sink only refine place with checks partially disabled for sinks.
*** Starting refinePlace (0:01:01 mem=7417.6M) ***
Total net bbox length = 9.203e+03 (4.748e+03 4.455e+03) (ext = 2.309e+03)
Max route layer is changed from 127 to 7 because there is no routing track above this layer
Max route layer is changed from 127 to 7 because there is no routing track above this layer
Max route layer is changed from 127 to 7 because there is no routing track above this layer
Max route layer is changed from 127 to 7 because there is no routing track above this layer
Move report: Detail placement moves 0 insts, mean move: 0.00 um, max move: 0.00 um 
	Runtime: CPU: 0:00:00.0 REAL: 0:00:00.0 MEM: 7385.6MB
Summary Report:
Instances move: 0 (out of 426 movable)
Instances flipped: 0
Mean displacement: 0.00 um
Max displacement: 0.00 um 
Physical-only instances move: 0 (out of 0 movable physical-only)
Total net bbox length = 9.203e+03 (4.748e+03 4.455e+03) (ext = 2.309e+03)
Runtime: CPU: 0:00:00.0 REAL: 0:00:00.0 MEM: 7385.6MB
*** Finished refinePlace (0:01:01 mem=7385.6M) ***
  ClockRefiner summary
  All clock instances: Moved 0, flipped 0 and cell swapped 0 (out of a total of 91).
  Restoring pStatusCts on 0 clock instances.
  Leaving CCOpt scope - ClockRefiner done. (took cpu=0:00:00.0 real=0:00:00.0)
  Stage::Updating netlist done. (took cpu=0:00:00.1 real=0:00:00.1)
  CCOpt::Phase::Implementation done. (took cpu=0:00:00.2 real=0:00:00.1)
  CCOpt::Phase::eGRPC...
  eGR Post Conditioning...
    Clock implementation routing...
      Leaving CCOpt scope - Routing Tools...
Net route status summary:
  Clock:         1 (unrouted=0, trialRouted=0, noStatus=0, routed=1, fixed=0, [crossesIlmBoundary=0, tooFewTerms=0, (crossesIlmBoundary AND tooFewTerms=0)])
  Non-clock:   666 (unrouted=175, trialRouted=491, noStatus=0, routed=0, fixed=0, [crossesIlmBoundary=0, tooFewTerms=175, (crossesIlmBoundary AND tooFewTerms=0)])
      Routing using eGR only...
        Early Global Route - eGR only step...
(ccopt eGR): There are 1 nets to be routed. 0 nets have skip routing designation.
(ccopt eGR): There are 1 nets for routing of which 1 have one or more fixed wires.
(ccopt eGR): Start to route 1 all nets
[PSP]    Started Early Global Route ( Curr Mem: 7.15 MB )
Max route layer is changed from 127 to 7 because there is no routing track above this layer
Max route layer is changed from 127 to 7 because there is no routing track above this layer
[PSP]    Started Early Global Route kernel ( Curr Mem: 7.15 MB )
[NR-eGR] Early global route reroute 1 out of 492 routable nets
[NR-eGR] Track table information for default rule: 
[NR-eGR] Metal1 has single uniform track structure
[NR-eGR] Metal2 has single uniform track structure
[NR-eGR] Metal3 has single uniform track structure
[NR-eGR] Metal4 has single uniform track structure
[NR-eGR] Metal5 has single uniform track structure
[NR-eGR] TopMetal1 has single uniform track structure
[NR-eGR] TopMetal2 has single uniform track structure
[NR-eGR] Read 474 PG shapes
[NR-eGR] Read 0 clock shapes
[NR-eGR] Read 0 other shapes
[NR-eGR] #Routing Blockages  : 0
[NR-eGR] #Instance Blockages : 0
[NR-eGR] #PG Blockages       : 474
[NR-eGR] #Halo Blockages     : 0
[NR-eGR] #Boundary Blockages : 0
[NR-eGR] #Clock Blockages    : 0
[NR-eGR] #Other Blockages    : 0
[NR-eGR] #prerouted nets         : 0
[NR-eGR] #prerouted special nets : 0
[NR-eGR] #prerouted wires        : 0
[NR-eGR] Read 492 nets ( ignored 491 )
[NR-eGR] Connected 0 must-join pins/ports (pre-process)
[NR-eGR] #via pillars        : 0
[NR-eGR] #must join all port : 0
[NR-eGR] #multiple ports     : 0
[NR-eGR] #has must join      : 0
[NR-eGR] There are 1 clock nets ( 1 with NDR ).
[NR-eGR] ============ Routing rule table ============
[NR-eGR] Rule id: 1  Nets: 1
[NR-eGR] ========================================
[NR-eGR] 
[NR-eGR] Layer group 1: route 1 net(s) in layer range [3, 4]
[NR-eGR] Early Global Route overflow of layer group 1: 0.00% H + 0.00% V. EstWL: 6.917400e+02um
[NR-eGR] Congestion Analysis By layer: (blocked Gcells are excluded) 
[NR-eGR]                        OverCon            
[NR-eGR]                         #Gcell     %Gcell
[NR-eGR]        Layer             (1-0)    OverCon
[NR-eGR] ----------------------------------------------
[NR-eGR]  Metal1 ( 1)         0( 0.00%)   ( 0.00%) 
[NR-eGR]  Metal2 ( 2)         0( 0.00%)   ( 0.00%) 
[NR-eGR]  Metal3 ( 3)         0( 0.00%)   ( 0.00%) 
[NR-eGR]  Metal4 ( 4)         0( 0.00%)   ( 0.00%) 
[NR-eGR]  Metal5 ( 5)         0( 0.00%)   ( 0.00%) 
[NR-eGR] TopMetal1 ( 6)         0( 0.00%)   ( 0.00%) 
[NR-eGR] TopMetal2 ( 7)         0( 0.00%)   ( 0.00%) 
[NR-eGR] ----------------------------------------------
[NR-eGR]        Total         0( 0.00%)   ( 0.00%) 
[NR-eGR] 
[NR-eGR] Overflow after Early Global Route 0.00% H + 0.00% V
[NR-eGR] Connected 0 must-join pins/ports (post-process)
[NR-eGR] Total eGR-routed clock nets wire length: 725um, number of vias: 232
[NR-eGR] --------------------------------------------------------------------------
[NR-eGR] Report for selected net(s) only.
[NR-eGR]                    Length (um)  Vias 
[NR-eGR] -------------------------------------
[NR-eGR]  Metal1     (1H)             0    91 
[NR-eGR]  Metal2     (2V)           193   100 
[NR-eGR]  Metal3     (3H)           297    41 
[NR-eGR]  Metal4     (4V)           236     0 
[NR-eGR]  Metal5     (5H)             0     0 
[NR-eGR]  TopMetal1  (6V)             0     0 
[NR-eGR]  TopMetal2  (7H)             0     0 
[NR-eGR] -------------------------------------
[NR-eGR]             Total          725   232 
[NR-eGR] --------------------------------------------------------------------------
[NR-eGR] Total half perimeter of net bounding box: 206um
[NR-eGR] Total length: 725um, number of vias: 232
[NR-eGR] --------------------------------------------------------------------------
[NR-eGR] Total routed clock nets wire length: 725um, number of vias: 232
[NR-eGR] --------------------------------------------------------------------------
[NR-eGR]                    Length (um)  Vias 
[NR-eGR] -------------------------------------
[NR-eGR]  Metal1     (1H)             0  1750 
[NR-eGR]  Metal2     (2V)          5393  2546 
[NR-eGR]  Metal3     (3H)          5573   132 
[NR-eGR]  Metal4     (4V)           772    30 
[NR-eGR]  Metal5     (5H)           209     0 
[NR-eGR]  TopMetal1  (6V)             0     0 
[NR-eGR]  TopMetal2  (7H)             0     0 
[NR-eGR] -------------------------------------
[NR-eGR]             Total        11946  4458 
[NR-eGR] --------------------------------------------------------------------------
[NR-eGR] Total half perimeter of net bounding box: 9203um
[NR-eGR] Total length: 11946um, number of vias: 4458
[NR-eGR] --------------------------------------------------------------------------
[NR-eGR] Finished Early Global Route kernel ( CPU: 0.04 sec, Real: 0.03 sec, Curr Mem: 7.18 MB )
[NR-eGR] Finished Early Global Route ( CPU: 0.05 sec, Real: 0.04 sec, Curr Mem: 7.18 MB )
        Early Global Route - eGR only step done. (took cpu=0:00:00.1 real=0:00:00.1)
      Routing using eGR only done.
Net route status summary:
  Clock:         1 (unrouted=0, trialRouted=0, noStatus=0, routed=1, fixed=0, [crossesIlmBoundary=0, tooFewTerms=0, (crossesIlmBoundary AND tooFewTerms=0)])
  Non-clock:   666 (unrouted=175, trialRouted=491, noStatus=0, routed=0, fixed=0, [crossesIlmBoundary=0, tooFewTerms=175, (crossesIlmBoundary AND tooFewTerms=0)])

CCOPT: Done with clock implementation routing.

      Leaving CCOpt scope - Routing Tools done. (took cpu=0:00:00.1 real=0:00:00.1)
    Clock implementation routing done.
    Leaving CCOpt scope - extractRC...
    Updating RC parasitics by calling: "extractRC -noRouteCheck"...
Extraction called for design 'Main' of instances=426 and nets=667 using extraction engine 'preRoute' .
PreRoute RC Extraction called for design Main.
RC Extraction called in multi-corner(2) mode.
RCMode: PreRoute
      RC Corner Indexes            0       1   
Capacitance Scaling Factor   : 1.00000 1.00000 
Resistance Scaling Factor    : 1.00000 1.00000 
Clock Cap. Scaling Factor    : 1.00000 1.00000 
Clock Res. Scaling Factor    : 1.00000 1.00000 
Shrink Factor                : 1.00000
PreRoute extraction is honoring NDR/Shielding/ExtraSpace for clock nets.
Using capacitance table file ...
Updating RC Grid density data for preRoute extraction ...
Initializing multi-corner capacitance tables ... 
Initializing multi-corner resistance tables ...
PreRoute RC Extraction DONE (CPU Time: 0:00:00.0  Real Time: 0:00:00.0  MEM: 7417.598M)
    Updating RC parasitics by calling: "extractRC -noRouteCheck" done.
    Leaving CCOpt scope - extractRC done. (took cpu=0:00:00.0 real=0:00:00.0)
**WARN: (IMPSP-105):	'setPlaceMode -maxRouteLayer' will become obsolete from next release. Use 'setRouteMode -earlyGlobalMaxRouteLayer N' to set maximum routing layer.Type 'man IMPSP-105' for more detail.
    Leaving CCOpt scope - Initializing placement interface...
    Leaving CCOpt scope - Initializing placement interface done. (took cpu=0:00:00.0 real=0:00:00.0)
    Calling post conditioning for eGRPC...
      eGRPC...
        eGRPC active optimizations:
         - Move Down
         - Downsizing before DRV sizing
         - DRV fixing with sizing
         - Move to fanout
         - Cloning
        
        Currently running CTS, using active skew data
        Loading clock net RC data...
        Preprocessing clock nets...
        Nets initialized for optimization: Seen: 1 Attempted: 1 Successful: 1 Unsuccessful: 0 Invalid: 0
        Preprocessing clock nets done. (took cpu=0:00:00.0 real=0:00:00.0)
        Loading clock net RC data done. (took cpu=0:00:00.0 real=0:00:00.0)
        ProEngine running disconnected to DB
        Disconnecting...
        Disconnecting Clock Trees
        Disconnecting done. (took cpu=0:00:00.0 real=0:00:00.0)
        Reset bufferability constraints...
        Resetting previous bufferability status on all nets so that eGRPC will attempt to fix all clock tree violations.
        Clock tree timing engine global stage delay update for MAX_DEALY:setup.late...
        Clock tree timing engine global stage delay update for MAX_DEALY:setup.late done. (took cpu=0:00:00.0 real=0:00:00.0)
        Reset bufferability constraints done. (took cpu=0:00:00.0 real=0:00:00.0)
        Clock DAG stats eGRPC initial state:
          cell counts      : b=0, i=0, icg=0, dcg=0, l=0, total=0
          sink counts      : regular=91, enable_latch=0, load_capacitance=0, antenna=0, node_sink=0, total=91
          misc counts      : r=1, pp=0, mci=0
          cell areas       : b=0.000um^2, i=0.000um^2, icg=0.000um^2, dcg=0.000um^2, l=0.000um^2, total=0.000um^2
          cell capacitance : b=0.000pF, i=0.000pF, icg=0.000pF, dcg=0.000pF, l=0.000pF, total=0.000pF
          sink capacitance : total=0.114pF, avg=0.001pF, sd=0.000pF, min=0.001pF, max=0.001pF
          wire capacitance : top=0.000pF, trunk=0.000pF, leaf=0.111pF, total=0.111pF
          wire lengths     : top=0.000um, trunk=0.000um, leaf=725.270um, total=725.270um
          hp wire lengths  : top=0.000um, trunk=0.000um, leaf=0.000um, total=0.000um
        Clock DAG net violations eGRPC initial state: none
        Clock DAG primary half-corner transition distribution eGRPC initial state:
          Leaf : target=0.098ns count=1 avg=0.019ns sd=0.000ns min=0.019ns max=0.019ns {1 <= 0.059ns, 0 <= 0.078ns, 0 <= 0.088ns, 0 <= 0.093ns, 0 <= 0.098ns}
        Primary reporting skew groups eGRPC initial state:
          skew_group clk/CONSTRAINTS: insertion delay [min=0.004, max=0.013, avg=0.008, sd=0.002, skn=0.738, kur=-0.276], skew [0.009 vs 0.092], 100% {0.004, 0.013} (wid=0.013 ws=0.009) (gid=0.000 gs=0.000)
        Skew group summary eGRPC initial state:
          skew_group clk/CONSTRAINTS: insertion delay [min=0.004, max=0.013, avg=0.008, sd=0.002, skn=0.738, kur=-0.276], skew [0.009 vs 0.092], 100% {0.004, 0.013} (wid=0.013 ws=0.009) (gid=0.000 gs=0.000)
        eGRPC Moving buffers...
          Violation analysis...
          Violation analysis done. (took cpu=0:00:00.0 real=0:00:00.0)
          Clock DAG stats after 'eGRPC Moving buffers':
            cell counts      : b=0, i=0, icg=0, dcg=0, l=0, total=0
            sink counts      : regular=91, enable_latch=0, load_capacitance=0, antenna=0, node_sink=0, total=91
            misc counts      : r=1, pp=0, mci=0
            cell areas       : b=0.000um^2, i=0.000um^2, icg=0.000um^2, dcg=0.000um^2, l=0.000um^2, total=0.000um^2
            cell capacitance : b=0.000pF, i=0.000pF, icg=0.000pF, dcg=0.000pF, l=0.000pF, total=0.000pF
            sink capacitance : total=0.114pF, avg=0.001pF, sd=0.000pF, min=0.001pF, max=0.001pF
            wire capacitance : top=0.000pF, trunk=0.000pF, leaf=0.111pF, total=0.111pF
            wire lengths     : top=0.000um, trunk=0.000um, leaf=725.270um, total=725.270um
            hp wire lengths  : top=0.000um, trunk=0.000um, leaf=0.000um, total=0.000um
          Clock DAG net violations after 'eGRPC Moving buffers': none
          Clock DAG primary half-corner transition distribution after 'eGRPC Moving buffers':
            Leaf : target=0.098ns count=1 avg=0.019ns sd=0.000ns min=0.019ns max=0.019ns {1 <= 0.059ns, 0 <= 0.078ns, 0 <= 0.088ns, 0 <= 0.093ns, 0 <= 0.098ns}
          Primary reporting skew groups after 'eGRPC Moving buffers':
            skew_group clk/CONSTRAINTS: insertion delay [min=0.004, max=0.013], skew [0.009 vs 0.092]
          Skew group summary after 'eGRPC Moving buffers':
            skew_group clk/CONSTRAINTS: insertion delay [min=0.004, max=0.013], skew [0.009 vs 0.092]
          Legalizer API calls during this step: 0 succeeded with high effort: 0 succeeded with medium effort: 0 succeeded with low effort: 0 succeeded with basic effort: 0 succeeded with basic unbounded effort: 0
        eGRPC Moving buffers done. (took cpu=0:00:00.0 real=0:00:00.0)
        eGRPC Initial Pass of Downsizing Clock Tree cells...
          Modifying slew-target multiplier from 1 to 0.9
          Artificially removing short and long paths...
            Legalizer API calls during this step: 0 succeeded with high effort: 0 succeeded with medium effort: 0 succeeded with low effort: 0 succeeded with basic effort: 0 succeeded with basic unbounded effort: 0
          Artificially removing short and long paths done. (took cpu=0:00:00.0 real=0:00:00.0)
          Downsizing prefiltering...
          Downsizing prefiltering done.
          Prefiltering Summary : numPassedPreFiltering = 0, numSkippedDueToCloseToSlewTarget = 0, numSkippedDueToCloseToSkewTarget = 1
          Downsizing Pass 0...
          Resizing gates: ...20% ...40% ...60% ...80% ...100% 
          Downsizing Pass 0 done. (took cpu=0:00:00.0 real=0:00:00.0)
          Downsizing Pass Summary 0, attempted = 0, resized = 0, running total = 0
          DoDownSizing Summary : numSized = 0
          Reverting slew-target multiplier from 0.9 to 1
          Clock DAG stats after 'eGRPC Initial Pass of Downsizing Clock Tree cells':
            cell counts      : b=0, i=0, icg=0, dcg=0, l=0, total=0
            sink counts      : regular=91, enable_latch=0, load_capacitance=0, antenna=0, node_sink=0, total=91
            misc counts      : r=1, pp=0, mci=0
            cell areas       : b=0.000um^2, i=0.000um^2, icg=0.000um^2, dcg=0.000um^2, l=0.000um^2, total=0.000um^2
            cell capacitance : b=0.000pF, i=0.000pF, icg=0.000pF, dcg=0.000pF, l=0.000pF, total=0.000pF
            sink capacitance : total=0.114pF, avg=0.001pF, sd=0.000pF, min=0.001pF, max=0.001pF
            wire capacitance : top=0.000pF, trunk=0.000pF, leaf=0.111pF, total=0.111pF
            wire lengths     : top=0.000um, trunk=0.000um, leaf=725.270um, total=725.270um
            hp wire lengths  : top=0.000um, trunk=0.000um, leaf=0.000um, total=0.000um
          Clock DAG net violations after 'eGRPC Initial Pass of Downsizing Clock Tree cells': none
          Clock DAG primary half-corner transition distribution after 'eGRPC Initial Pass of Downsizing Clock Tree cells':
            Leaf : target=0.098ns count=1 avg=0.019ns sd=0.000ns min=0.019ns max=0.019ns {1 <= 0.059ns, 0 <= 0.078ns, 0 <= 0.088ns, 0 <= 0.093ns, 0 <= 0.098ns}
          Primary reporting skew groups after 'eGRPC Initial Pass of Downsizing Clock Tree cells':
            skew_group clk/CONSTRAINTS: insertion delay [min=0.004, max=0.013], skew [0.009 vs 0.092]
          Skew group summary after 'eGRPC Initial Pass of Downsizing Clock Tree cells':
            skew_group clk/CONSTRAINTS: insertion delay [min=0.004, max=0.013], skew [0.009 vs 0.092]
          Legalizer API calls during this step: 0 succeeded with high effort: 0 succeeded with medium effort: 0 succeeded with low effort: 0 succeeded with basic effort: 0 succeeded with basic unbounded effort: 0
        eGRPC Initial Pass of Downsizing Clock Tree cells done. (took cpu=0:00:00.0 real=0:00:00.0)
        eGRPC Fixing DRVs...
          Fixing clock tree DRVs: ...20% ...40% ...60% ...80% ...100% 
          CCOpt-eGRPC: considered: 1, tested: 1, violation detected: 0, violation ignored (due to small violation): 0, cannot run: 0, attempted: 0, unsuccessful: 0, sized: 0
          
          Statistics: Fix DRVs (cell sizing):
          ===================================
          
          Cell changes by Net Type:
          
          -------------------------------------------------------------------------------------------------
          Net Type    Attempted    Upsized     Downsized    Swapped Same Size    Total Changed    Not Sized
          -------------------------------------------------------------------------------------------------
          top                0            0           0            0                    0                0
          trunk              0            0           0            0                    0                0
          leaf               0            0           0            0                    0                0
          -------------------------------------------------------------------------------------------------
          Total              0            0           0            0                    0                0
          -------------------------------------------------------------------------------------------------
          
          Upsized: 0, Downsized: 0, Sized but same area: 0, Unchanged: 0, Area change: 0.000um^2
          Max. move: 0.000um, Min. move: 0.000um, Avg. move: N/A
          
          Clock DAG stats after 'eGRPC Fixing DRVs':
            cell counts      : b=0, i=0, icg=0, dcg=0, l=0, total=0
            sink counts      : regular=91, enable_latch=0, load_capacitance=0, antenna=0, node_sink=0, total=91
            misc counts      : r=1, pp=0, mci=0
            cell areas       : b=0.000um^2, i=0.000um^2, icg=0.000um^2, dcg=0.000um^2, l=0.000um^2, total=0.000um^2
            cell capacitance : b=0.000pF, i=0.000pF, icg=0.000pF, dcg=0.000pF, l=0.000pF, total=0.000pF
            sink capacitance : total=0.114pF, avg=0.001pF, sd=0.000pF, min=0.001pF, max=0.001pF
            wire capacitance : top=0.000pF, trunk=0.000pF, leaf=0.111pF, total=0.111pF
            wire lengths     : top=0.000um, trunk=0.000um, leaf=725.270um, total=725.270um
            hp wire lengths  : top=0.000um, trunk=0.000um, leaf=0.000um, total=0.000um
          Clock DAG net violations after 'eGRPC Fixing DRVs': none
          Clock DAG primary half-corner transition distribution after 'eGRPC Fixing DRVs':
            Leaf : target=0.098ns count=1 avg=0.019ns sd=0.000ns min=0.019ns max=0.019ns {1 <= 0.059ns, 0 <= 0.078ns, 0 <= 0.088ns, 0 <= 0.093ns, 0 <= 0.098ns}
          Primary reporting skew groups after 'eGRPC Fixing DRVs':
            skew_group clk/CONSTRAINTS: insertion delay [min=0.004, max=0.013], skew [0.009 vs 0.092]
          Skew group summary after 'eGRPC Fixing DRVs':
            skew_group clk/CONSTRAINTS: insertion delay [min=0.004, max=0.013], skew [0.009 vs 0.092]
          Legalizer API calls during this step: 0 succeeded with high effort: 0 succeeded with medium effort: 0 succeeded with low effort: 0 succeeded with basic effort: 0 succeeded with basic unbounded effort: 0
        eGRPC Fixing DRVs done. (took cpu=0:00:00.0 real=0:00:00.0)
        Reconnecting optimized routes...
        Reset timing graph...
Ignoring AAE DB Resetting ...
        Reset timing graph done.
        Reconnecting optimized routes done. (took cpu=0:00:00.0 real=0:00:00.0)
        Violation analysis...
        Violation analysis done. (took cpu=0:00:00.0 real=0:00:00.0)
        Reset timing graph...
Ignoring AAE DB Resetting ...
        Reset timing graph done.
        Clock DAG stats before routing clock trees:
          cell counts      : b=0, i=0, icg=0, dcg=0, l=0, total=0
          sink counts      : regular=91, enable_latch=0, load_capacitance=0, antenna=0, node_sink=0, total=91
          misc counts      : r=1, pp=0, mci=0
          cell areas       : b=0.000um^2, i=0.000um^2, icg=0.000um^2, dcg=0.000um^2, l=0.000um^2, total=0.000um^2
          cell capacitance : b=0.000pF, i=0.000pF, icg=0.000pF, dcg=0.000pF, l=0.000pF, total=0.000pF
          sink capacitance : total=0.114pF, avg=0.001pF, sd=0.000pF, min=0.001pF, max=0.001pF
          wire capacitance : top=0.000pF, trunk=0.000pF, leaf=0.111pF, total=0.111pF
          wire lengths     : top=0.000um, trunk=0.000um, leaf=725.270um, total=725.270um
          hp wire lengths  : top=0.000um, trunk=0.000um, leaf=0.000um, total=0.000um
        Clock DAG net violations before routing clock trees: none
        Clock DAG primary half-corner transition distribution before routing clock trees:
          Leaf : target=0.098ns count=1 avg=0.019ns sd=0.000ns min=0.019ns max=0.019ns {1 <= 0.059ns, 0 <= 0.078ns, 0 <= 0.088ns, 0 <= 0.093ns, 0 <= 0.098ns}
        Primary reporting skew groups before routing clock trees:
          skew_group clk/CONSTRAINTS: insertion delay [min=0.004, max=0.013, avg=0.008, sd=0.002, skn=0.738, kur=-0.276], skew [0.009 vs 0.092], 100% {0.004, 0.013} (wid=0.013 ws=0.009) (gid=0.000 gs=0.000)
        Skew group summary before routing clock trees:
          skew_group clk/CONSTRAINTS: insertion delay [min=0.004, max=0.013, avg=0.008, sd=0.002, skn=0.738, kur=-0.276], skew [0.009 vs 0.092], 100% {0.004, 0.013} (wid=0.013 ws=0.009) (gid=0.000 gs=0.000)
        Legalizer API calls during this step: 0 succeeded with high effort: 0 succeeded with medium effort: 0 succeeded with low effort: 0 succeeded with basic effort: 0 succeeded with basic unbounded effort: 0
      eGRPC done.
    Calling post conditioning for eGRPC done.
  eGR Post Conditioning done.
  Refine place not called during Post Conditioning. Calling it now the eGR->PC Loop is complete.
  Leaving CCOpt scope - Cleaning up placement interface...
  Leaving CCOpt scope - Cleaning up placement interface done. (took cpu=0:00:00.0 real=0:00:00.0)
**WARN: (IMPSP-105):	'setPlaceMode -maxRouteLayer' will become obsolete from next release. Use 'setRouteMode -earlyGlobalMaxRouteLayer N' to set maximum routing layer.Type 'man IMPSP-105' for more detail.
  Leaving CCOpt scope - ClockRefiner...
  Soft fixed 0 clock instances.
  Performing Single Pass Refine Place.
*** Starting refinePlace (0:01:01 mem=7417.8M) ***
Total net bbox length = 9.203e+03 (4.748e+03 4.455e+03) (ext = 2.309e+03)
Max route layer is changed from 127 to 7 because there is no routing track above this layer
Max route layer is changed from 127 to 7 because there is no routing track above this layer
Max route layer is changed from 127 to 7 because there is no routing track above this layer
Max route layer is changed from 127 to 7 because there is no routing track above this layer
Move report: Detail placement moves 0 insts, mean move: 0.00 um, max move: 0.00 um 
	Runtime: CPU: 0:00:00.0 REAL: 0:00:00.0 MEM: 7385.8MB
Summary Report:
Instances move: 0 (out of 426 movable)
Instances flipped: 0
Mean displacement: 0.00 um
Max displacement: 0.00 um 
Physical-only instances move: 0 (out of 0 movable physical-only)
Total net bbox length = 9.203e+03 (4.748e+03 4.455e+03) (ext = 2.309e+03)
Runtime: CPU: 0:00:00.0 REAL: 0:00:00.0 MEM: 7385.8MB
*** Finished refinePlace (0:01:01 mem=7385.8M) ***
  ClockRefiner summary
  All clock instances: Moved 0, flipped 0 and cell swapped 0 (out of a total of 91).
  Restoring pStatusCts on 0 clock instances.
  Leaving CCOpt scope - ClockRefiner done. (took cpu=0:00:00.0 real=0:00:00.0)
  CCOpt::Phase::eGRPC done. (took cpu=0:00:00.2 real=0:00:00.2)
  CCOpt::Phase::Routing...
  Clock implementation routing...
    Leaving CCOpt scope - Routing Tools...
Net route status summary:
  Clock:         1 (unrouted=0, trialRouted=0, noStatus=0, routed=1, fixed=0, [crossesIlmBoundary=0, tooFewTerms=0, (crossesIlmBoundary AND tooFewTerms=0)])
  Non-clock:   666 (unrouted=175, trialRouted=491, noStatus=0, routed=0, fixed=0, [crossesIlmBoundary=0, tooFewTerms=175, (crossesIlmBoundary AND tooFewTerms=0)])
    Routing using eGR in eGR->NR Step...
      Early Global Route - eGR->Nr High Frequency step...
(ccopt eGR): There are 1 nets to be routed. 0 nets have skip routing designation.
(ccopt eGR): There are 1 nets for routing of which 1 have one or more fixed wires.
(ccopt eGR): Start to route 1 all nets
[PSP]    Started Early Global Route ( Curr Mem: 7.15 MB )
Max route layer is changed from 127 to 7 because there is no routing track above this layer
Max route layer is changed from 127 to 7 because there is no routing track above this layer
[PSP]    Started Early Global Route kernel ( Curr Mem: 7.15 MB )
[NR-eGR] Early global route reroute 1 out of 492 routable nets
[NR-eGR] Track table information for default rule: 
[NR-eGR] Metal1 has single uniform track structure
[NR-eGR] Metal2 has single uniform track structure
[NR-eGR] Metal3 has single uniform track structure
[NR-eGR] Metal4 has single uniform track structure
[NR-eGR] Metal5 has single uniform track structure
[NR-eGR] TopMetal1 has single uniform track structure
[NR-eGR] TopMetal2 has single uniform track structure
[NR-eGR] Read 474 PG shapes
[NR-eGR] Read 0 clock shapes
[NR-eGR] Read 0 other shapes
[NR-eGR] #Routing Blockages  : 0
[NR-eGR] #Instance Blockages : 0
[NR-eGR] #PG Blockages       : 474
[NR-eGR] #Halo Blockages     : 0
[NR-eGR] #Boundary Blockages : 0
[NR-eGR] #Clock Blockages    : 0
[NR-eGR] #Other Blockages    : 0
[NR-eGR] #prerouted nets         : 0
[NR-eGR] #prerouted special nets : 0
[NR-eGR] #prerouted wires        : 0
[NR-eGR] Read 492 nets ( ignored 491 )
[NR-eGR] Connected 0 must-join pins/ports (pre-process)
[NR-eGR] #via pillars        : 0
[NR-eGR] #must join all port : 0
[NR-eGR] #multiple ports     : 0
[NR-eGR] #has must join      : 0
[NR-eGR] There are 1 clock nets ( 1 with NDR ).
[NR-eGR] ============ Routing rule table ============
[NR-eGR] Rule id: 1  Nets: 1
[NR-eGR] ========================================
[NR-eGR] 
[NR-eGR] Layer group 1: route 1 net(s) in layer range [3, 4]
[NR-eGR] Early Global Route overflow of layer group 1: 0.00% H + 0.00% V. EstWL: 6.917400e+02um
[NR-eGR] Congestion Analysis By layer: (blocked Gcells are excluded) 
[NR-eGR]                        OverCon            
[NR-eGR]                         #Gcell     %Gcell
[NR-eGR]        Layer             (1-0)    OverCon
[NR-eGR] ----------------------------------------------
[NR-eGR]  Metal1 ( 1)         0( 0.00%)   ( 0.00%) 
[NR-eGR]  Metal2 ( 2)         0( 0.00%)   ( 0.00%) 
[NR-eGR]  Metal3 ( 3)         0( 0.00%)   ( 0.00%) 
[NR-eGR]  Metal4 ( 4)         0( 0.00%)   ( 0.00%) 
[NR-eGR]  Metal5 ( 5)         0( 0.00%)   ( 0.00%) 
[NR-eGR] TopMetal1 ( 6)         0( 0.00%)   ( 0.00%) 
[NR-eGR] TopMetal2 ( 7)         0( 0.00%)   ( 0.00%) 
[NR-eGR] ----------------------------------------------
[NR-eGR]        Total         0( 0.00%)   ( 0.00%) 
[NR-eGR] 
[NR-eGR] Overflow after Early Global Route 0.00% H + 0.00% V
[NR-eGR] Connected 0 must-join pins/ports (post-process)
[NR-eGR] Total eGR-routed clock nets wire length: 725um, number of vias: 232
[NR-eGR] --------------------------------------------------------------------------
[NR-eGR] Report for selected net(s) only.
[NR-eGR]                    Length (um)  Vias 
[NR-eGR] -------------------------------------
[NR-eGR]  Metal1     (1H)             0    91 
[NR-eGR]  Metal2     (2V)           193   100 
[NR-eGR]  Metal3     (3H)           297    41 
[NR-eGR]  Metal4     (4V)           236     0 
[NR-eGR]  Metal5     (5H)             0     0 
[NR-eGR]  TopMetal1  (6V)             0     0 
[NR-eGR]  TopMetal2  (7H)             0     0 
[NR-eGR] -------------------------------------
[NR-eGR]             Total          725   232 
[NR-eGR] --------------------------------------------------------------------------
[NR-eGR] Total half perimeter of net bounding box: 206um
[NR-eGR] Total length: 725um, number of vias: 232
[NR-eGR] --------------------------------------------------------------------------
[NR-eGR] Total routed clock nets wire length: 725um, number of vias: 232
[NR-eGR] --------------------------------------------------------------------------
[NR-eGR]                    Length (um)  Vias 
[NR-eGR] -------------------------------------
[NR-eGR]  Metal1     (1H)             0  1750 
[NR-eGR]  Metal2     (2V)          5393  2546 
[NR-eGR]  Metal3     (3H)          5573   132 
[NR-eGR]  Metal4     (4V)           772    30 
[NR-eGR]  Metal5     (5H)           209     0 
[NR-eGR]  TopMetal1  (6V)             0     0 
[NR-eGR]  TopMetal2  (7H)             0     0 
[NR-eGR] -------------------------------------
[NR-eGR]             Total        11946  4458 
[NR-eGR] --------------------------------------------------------------------------
[NR-eGR] Total half perimeter of net bounding box: 9203um
[NR-eGR] Total length: 11946um, number of vias: 4458
[NR-eGR] --------------------------------------------------------------------------
[NR-eGR] Finished Early Global Route kernel ( CPU: 0.05 sec, Real: 0.03 sec, Curr Mem: 7.18 MB )
[NR-eGR] Finished Early Global Route ( CPU: 0.05 sec, Real: 0.04 sec, Curr Mem: 7.18 MB )
      Early Global Route - eGR->Nr High Frequency step done. (took cpu=0:00:00.1 real=0:00:00.1)
    Routing using eGR in eGR->NR Step done.
    Routing using NR in eGR->NR Step...

CCOPT: Preparing to route 1 clock nets with NanoRoute.
  All net are default rule.
  Preferred NanoRoute mode settings: Current
#WARNING (NRIF-82) When route_detail_post_route_swap_via is set to 'false', the post route via swapping step will be performed on nets with attribute -multi_cut_via_effort, and to double cut vias.
-route_detail_auto_stop true
-route_detail_fix_antenna true
-route_detail_on_grid_only none
-route_detail_post_route_spread_wire auto
-route_detail_post_route_swap_via false
-route_detail_use_multi_cut_via_effort low
-route_ignore_antenna_top_cell_pin true
#WARNING (NRIF-67) In option 'OnGridOnly 0', 0 is an unknown type. It will be ignored.
#WARNING (NRIF-68) Option 'OnGridOnly 0' did not specify a correct type. It will be ignored.
      Clock detailed routing...
        NanoRoute...
#% Begin globalDetailRoute (date=08/07 22:26:38, mem=2988.7M)

globalDetailRoute

#Start globalDetailRoute on Thu Aug  7 22:26:38 2025
#
#WARNING (NRIF-95) Option setNanoRouteMode -routeTopRoutingLayer has invalid value "0". Reset to max routing layer "7".
#NanoRoute Version 23.31-s109_1 NR240401-0735/23_11-UB
#WARNING (NRIF-95) Option setNanoRouteMode -routeTopRoutingLayer has invalid value "0". Reset to max routing layer "7".
#WARNING (NRIF-95) Option setNanoRouteMode -routeTopRoutingLayer has invalid value "0". Reset to max routing layer "7".
#WARNING (NRIF-79) Wrong option value for drouteUseMultiCutViaEffort <>, reset to default.
#WARNING (NRIF-67) In option 'OnGridOnly 0', 0 is an unknown type. It will be ignored.
#WARNING (NRIF-68) Option 'OnGridOnly 0' did not specify a correct type. It will be ignored.
#WARNING (NRDR-157) In option 'PostRouteSwapVia ',  is invalid and will be ignored.
#
#Wire/Via statistics before line assignment ...
#Total number of nets with non-default rule or having extra spacing = 1
#
#  Routing Statistics
#
#------------------+-----------+-----+
#  Layer           | Length(um)| Vias|
#------------------+-----------+-----+
#  GatPoly ( 0H)   |          0|    0|
#  Metal1 ( 1H)    |          0|   91|
#  Metal2 ( 2V)    |        193|  100|
#  Metal3 ( 3H)    |        297|   41|
#  Metal4 ( 4V)    |        236|    0|
#  Metal5 ( 5H)    |          0|    0|
#  TopMetal1 ( 6V) |          0|    0|
#  TopMetal2 ( 7H) |          0|    0|
#------------------+-----------+-----+
#  Total           |        725|  232|
#------------------+-----------+-----+
#
# Total half perimeter of net bounding box: 207 um.
#WARNING (NRIF-95) Option setNanoRouteMode -routeTopRoutingLayer has invalid value "0". Reset to max routing layer "7".
#WARNING (NRIF-79) Wrong option value for drouteUseMultiCutViaEffort <>, reset to default.
#WARNING (NRIF-67) In option 'OnGridOnly 0', 0 is an unknown type. It will be ignored.
#WARNING (NRIF-68) Option 'OnGridOnly 0' did not specify a correct type. It will be ignored.
#WARNING (NRDR-157) In option 'PostRouteSwapVia ',  is invalid and will be ignored.
#Start routing data preparation on Thu Aug  7 22:26:38 2025
#
#WARNING (NRIF-95) Option setNanoRouteMode -routeTopRoutingLayer has invalid value "0". Reset to max routing layer "7".
#WARNING (NRIF-79) Wrong option value for drouteUseMultiCutViaEffort <>, reset to default.
#WARNING (NRIF-67) In option 'OnGridOnly 0', 0 is an unknown type. It will be ignored.
#WARNING (NRIF-68) Option 'OnGridOnly 0' did not specify a correct type. It will be ignored.
#WARNING (NRDR-157) In option 'PostRouteSwapVia ',  is invalid and will be ignored.
#WARNING (NRIF-95) Option setNanoRouteMode -routeTopRoutingLayer has invalid value "0". Reset to max routing layer "7".
#Initial pin access analysis.
#Detail pin access analysis.
# Metal1       H   Track-Pitch = 0.4200    Line-2-Via Pitch = 0.3650
# Metal2       V   Track-Pitch = 0.4200    Line-2-Via Pitch = 0.4100
# Metal3       H   Track-Pitch = 0.4200    Line-2-Via Pitch = 0.4100
# Metal4       V   Track-Pitch = 0.4200    Line-2-Via Pitch = 0.4100
# Metal5       H   Track-Pitch = 0.4200    Line-2-Via Pitch = 0.4100
# TopMetal1    V   Track-Pitch = 2.5200    Line-2-Via Pitch = 3.2800
#WARNING (NRAG-44) Track pitch is too small compared with line-2-via pitch.
# TopMetal2    H   Track-Pitch = 4.0000    Line-2-Via Pitch = 4.0000
#Bottom routing layer index=1(Metal1), bottom routing layer for shielding=1(Metal1), bottom shield layer=1(Metal1)
#shield_bottom_stripe_layer=1(Metal1), shield_top_stripe_layer=7(TopMetal2)
#pin_access_rlayer=2(Metal2)
#shield_top_dpt_rlayer=-1 top_rlayer=7 top_trim_metal_rlayer=-1 rlayer_lowest=1 bottom_rlayer=1
#enable_trim_layer_shield=F enable_dpt_layer_shield=F has_line_end_grid=F
#enable_dpt_layer_shield=F
#has_line_end_grid=F
#cpu time = 00:00:00, elapsed time = 00:00:00, memory = 3007.95 (MB), peak = 3277.11 (MB)
#Regenerating Ggrids automatically.
#Auto generating G-grids with size=15 tracks, using layer Metal3's pitch = 0.4200.
#Using automatically generated G-grids.
#Done routing data preparation.
#cpu time = 00:00:04, elapsed time = 00:00:04, memory = 3033.98 (MB), peak = 3277.11 (MB)
#WARNING (NRIF-95) Option setNanoRouteMode -routeTopRoutingLayer has invalid value "0". Reset to max routing layer "7".
#WARNING (NRIF-79) Wrong option value for drouteUseMultiCutViaEffort <>, reset to default.
#WARNING (NRIF-67) In option 'OnGridOnly 0', 0 is an unknown type. It will be ignored.
#WARNING (NRIF-68) Option 'OnGridOnly 0' did not specify a correct type. It will be ignored.
#WARNING (NRDR-157) In option 'PostRouteSwapVia ',  is invalid and will be ignored.
Updating RC Grid density data for preRoute extraction ...
Initializing multi-corner capacitance tables ... 
Initializing multi-corner resistance tables ...
#
#Distribution of nets:
#  
# #pin range           #net       % 
#------------------------------------
#          2             305 ( 45.7%)
#          3              48 (  7.2%)
#          4              86 ( 12.9%)
#          5              19 (  2.8%)
#          6              13 (  1.9%)
#          7               9 (  1.3%)
#          8               1 (  0.1%)
#          9               1 (  0.1%)
#  10  -  19               2 (  0.3%)
#  30  -  39               1 (  0.1%)
#  40  -  49               3 (  0.4%)
#  50  -  59               2 (  0.3%)
#  70  -  79               1 (  0.1%)
#  90  -  99               1 (  0.1%)
#     >=2000               0 (  0.0%)
#
#Total: 667 nets, 492 non-trivial nets
#                                    #net       % 
#-------------------------------------------------
#  Fully global routed                  1 ( 0.2%)
#  Clock                                1
#  Extra space                          1
#  Prefer layer range                 492
#
#Nets in 2 layer ranges:
#  Bottom Pref.Layer    Top Pref.Layer       #net       % 
#---------------------------------------------------------
#           -----------         6 TopMetal1*        491 ( 99.8%)
#           3 Metal3            4 Metal4              1 (  0.2%)
#
#1 net selected.
#
#
#..
#
#Iteration 1.1: cpu:00:00:00, real:00:00:00, mem:3.0 GB, peak:3.2 GB --0.90 [8]--
#Iteration 2.1: cpu:00:00:00, real:00:00:00, mem:3.0 GB, peak:3.2 GB --0.87 [8]--
#Iteration 3.1: cpu:00:00:00, real:00:00:00, mem:3.0 GB, peak:3.2 GB --0.87 [8]--
#
#Line Assignment statistics:
#Cpu time = 00:00:00
#Elapsed time = 00:00:00
#Increased memory = 2.20 (MB)
#Total memory = 3052.35 (MB)
#Peak memory = 3277.11 (MB)
#End Line Assignment: cpu:00:00:00, real:00:00:00, mem:3.0 GB, peak:3.2 GB --0.86 [8]--
#
#Wire/Via statistics after line assignment ...
#Total number of nets with non-default rule or having extra spacing = 1
#
#  Routing Statistics
#
#------------------+-----------+-----+
#  Layer           | Length(um)| Vias|
#------------------+-----------+-----+
#  GatPoly ( 0H)   |          0|    0|
#  Metal1 ( 1H)    |          3|   91|
#  Metal2 ( 2V)    |        198|   92|
#  Metal3 ( 3H)    |        288|   38|
#  Metal4 ( 4V)    |        238|    0|
#  Metal5 ( 5H)    |          0|    0|
#  TopMetal1 ( 6V) |          0|    0|
#  TopMetal2 ( 7H) |          0|    0|
#------------------+-----------+-----+
#  Total           |        727|  221|
#------------------+-----------+-----+
#
# Total half perimeter of net bounding box: 207 um.
#Routing data preparation, pin analysis, line assignment statistics:
#Cpu time = 00:00:05
#Elapsed time = 00:00:04
#Increased memory = 44.99 (MB)
#Total memory = 3041.41 (MB)
#Peak memory = 3277.11 (MB)
#WARNING (NRIF-95) Option setNanoRouteMode -routeTopRoutingLayer has invalid value "0". Reset to max routing layer "7".
#WARNING (NRIF-79) Wrong option value for drouteUseMultiCutViaEffort <>, reset to default.
#WARNING (NRIF-67) In option 'OnGridOnly 0', 0 is an unknown type. It will be ignored.
#WARNING (NRIF-68) Option 'OnGridOnly 0' did not specify a correct type. It will be ignored.
#WARNING (NRDR-157) In option 'PostRouteSwapVia ',  is invalid and will be ignored.
#Skip comparing routing design signature in db-snapshot flow
#WARNING (NRIF-95) Option setNanoRouteMode -routeTopRoutingLayer has invalid value "0". Reset to max routing layer "7".
#WARNING (NRIF-79) Wrong option value for drouteUseMultiCutViaEffort <>, reset to default.
#WARNING (NRIF-67) In option 'OnGridOnly 0', 0 is an unknown type. It will be ignored.
#WARNING (NRIF-68) Option 'OnGridOnly 0' did not specify a correct type. It will be ignored.
#WARNING (NRDR-157) In option 'PostRouteSwapVia ',  is invalid and will be ignored.
#WARNING (NRIF-95) Option setNanoRouteMode -routeTopRoutingLayer has invalid value "0". Reset to max routing layer "7".
#Using multithreading with 8 threads.
#WARNING (NRIF-95) Option setNanoRouteMode -routeTopRoutingLayer has invalid value "0". Reset to max routing layer "7".
#WARNING (NRIF-79) Wrong option value for drouteUseMultiCutViaEffort <>, reset to default.
#WARNING (NRIF-67) In option 'OnGridOnly 0', 0 is an unknown type. It will be ignored.
#WARNING (NRIF-68) Option 'OnGridOnly 0' did not specify a correct type. It will be ignored.
#WARNING (NRDR-157) In option 'PostRouteSwapVia ',  is invalid and will be ignored.
#WARNING (NRIF-95) Option setNanoRouteMode -routeTopRoutingLayer has invalid value "0". Reset to max routing layer "7".
#WARNING (NRIF-79) Wrong option value for drouteUseMultiCutViaEffort <>, reset to default.
#WARNING (NRIF-67) In option 'OnGridOnly 0', 0 is an unknown type. It will be ignored.
#WARNING (NRIF-68) Option 'OnGridOnly 0' did not specify a correct type. It will be ignored.
#WARNING (NRDR-157) In option 'PostRouteSwapVia ',  is invalid and will be ignored.
#WARNING (NRIF-95) Option setNanoRouteMode -routeTopRoutingLayer has invalid value "0". Reset to max routing layer "7".
#WARNING (NRIF-79) Wrong option value for drouteUseMultiCutViaEffort <>, reset to default.
#WARNING (NRIF-67) In option 'OnGridOnly 0', 0 is an unknown type. It will be ignored.
#WARNING (NRIF-68) Option 'OnGridOnly 0' did not specify a correct type. It will be ignored.
#WARNING (NRDR-157) In option 'PostRouteSwapVia ',  is invalid and will be ignored.
#WARNING (NRIF-95) Option setNanoRouteMode -routeTopRoutingLayer has invalid value "0". Reset to max routing layer "7".
#WARNING (NRIF-79) Wrong option value for drouteUseMultiCutViaEffort <>, reset to default.
#WARNING (NRIF-67) In option 'OnGridOnly 0', 0 is an unknown type. It will be ignored.
#WARNING (NRIF-68) Option 'OnGridOnly 0' did not specify a correct type. It will be ignored.
#WARNING (NRDR-157) In option 'PostRouteSwapVia ',  is invalid and will be ignored.
#
#Start Detail Routing..
#start initial detail routing ...
#   number of violations = 0
#cpu time = 00:00:00, elapsed time = 00:00:00, memory = 3062.25 (MB), peak = 3277.11 (MB)
#Complete Detail Routing.
#Total number of nets with non-default rule or having extra spacing = 1
#
#  Routing Statistics
#
#------------------+-----------+-----+
#  Layer           | Length(um)| Vias|
#------------------+-----------+-----+
#  GatPoly ( 0H)   |          0|    0|
#  Metal1 ( 1H)    |          0|   91|
#  Metal2 ( 2V)    |        109|   84|
#  Metal3 ( 3H)    |        378|   54|
#  Metal4 ( 4V)    |        275|    0|
#  Metal5 ( 5H)    |          0|    0|
#  TopMetal1 ( 6V) |          0|    0|
#  TopMetal2 ( 7H) |          0|    0|
#------------------+-----------+-----+
#  Total           |        762|  229|
#------------------+-----------+-----+
#
# Total half perimeter of net bounding box: 207 um.
#Total number of DRC violations = 0
#Cpu time = 00:00:00
#Elapsed time = 00:00:00
#Increased memory = 11.87 (MB)
#Total memory = 3053.28 (MB)
#Peak memory = 3277.11 (MB)
#detailRoute Statistics:
#Cpu time = 00:00:00
#Elapsed time = 00:00:00
#Increased memory = 11.87 (MB)
#Total memory = 3053.28 (MB)
#Peak memory = 3277.11 (MB)
Extracting standard cell pins and blockage ...... 
**WARN: (IMPTR-2104):	Layer M6: Pitch=2280 is less than min width=1640 + min spacing=1640.
**WARN: (IMPTR-2108):	For layer M6, the gaps of 53 out of 53 tracks are narrower than 3.280um (space 1.640 + width 1.640).
Type 'man IMPTR-2108' for more detail.
 As a result, your trialRoute congestion could be incorrect.
Pin and blockage extraction finished
#
#globalDetailRoute statistics:
#Cpu time = 00:00:05
#Elapsed time = 00:00:04
#Increased memory = 65.38 (MB)
#Total memory = 3054.08 (MB)
#Peak memory = 3277.11 (MB)
#Number of warnings = 55
#Total number of warnings = 71
#Number of fails = 0
#Total number of fails = 0
#Complete globalDetailRoute on Thu Aug  7 22:26:43 2025
#
#
#  Scalability Statistics
#
#-------------------------+---------+-------------+------------+
#  globalDetailRoute      | cpu time| elapsed time| scalability|
#-------------------------+---------+-------------+------------+
#  Pre Callback           | 00:00:00|     00:00:00|         1.0|
#  Post Callback          | 00:00:00|     00:00:00|         1.0|
#  Timing Data Generation | 00:00:00|     00:00:00|         1.0|
#  DB Import              | 00:00:00|     00:00:00|         1.0|
#  DB Export              | 00:00:00|     00:00:00|         1.0|
#  Cell Pin Access        | 00:00:01|     00:00:00|         1.0|
#  Data Preparation       | 00:00:04|     00:00:04|         1.0|
#  Line Assignment        | 00:00:00|     00:00:00|         1.0|
#  Detail Routing         | 00:00:00|     00:00:00|         1.0|
#  Entire Command         | 00:00:05|     00:00:04|         1.2|
#-------------------------+---------+-------------+------------+
#
#% End globalDetailRoute (date=08/07 22:26:43, total cpu=0:00:05.2, real=0:00:05.0, peak res=3277.1M, current mem=3047.0M)
        NanoRoute done. (took cpu=0:00:05.2 real=0:00:04.5)
      Clock detailed routing done.
#WARNING (NRIF-67) In option 'OnGridOnly 0', 0 is an unknown type. It will be ignored.
#WARNING (NRIF-68) Option 'OnGridOnly 0' did not specify a correct type. It will be ignored.
Skipping check of guided vs. routed net lengths.
Set FIXED routing status on 1 net(s)
      Route Remaining Unrouted Nets...
Running earlyGlobalRoute to complete any remaining unrouted nets.
[NR-eGR] Started Early Global Route ( Curr Mem: 7.22 MB )
Max route layer is changed from 127 to 7 because there is no routing track above this layer
Max route layer is changed from 127 to 7 because there is no routing track above this layer
[NR-eGR] Started Early Global Route kernel ( Curr Mem: 7.22 MB )
[NR-eGR] Early global route reroute all routable nets
[NR-eGR] Track table information for default rule: 
[NR-eGR] Metal1 has single uniform track structure
[NR-eGR] Metal2 has single uniform track structure
[NR-eGR] Metal3 has single uniform track structure
[NR-eGR] Metal4 has single uniform track structure
[NR-eGR] Metal5 has single uniform track structure
[NR-eGR] TopMetal1 has single uniform track structure
[NR-eGR] TopMetal2 has single uniform track structure
[NR-eGR] Read 474 PG shapes
[NR-eGR] Read 0 clock shapes
[NR-eGR] Read 0 other shapes
[NR-eGR] #Routing Blockages  : 0
[NR-eGR] #Instance Blockages : 0
[NR-eGR] #PG Blockages       : 474
[NR-eGR] #Halo Blockages     : 0
[NR-eGR] #Boundary Blockages : 0
[NR-eGR] #Clock Blockages    : 0
[NR-eGR] #Other Blockages    : 0
[NR-eGR] #prerouted nets         : 1
[NR-eGR] #prerouted special nets : 0
[NR-eGR] #prerouted wires        : 206
[NR-eGR] Read 492 nets ( ignored 1 )
[NR-eGR] ============ Routing rule table ============
[NR-eGR] Rule id: 0  Nets: 491
[NR-eGR] ========================================
[NR-eGR] 
[NR-eGR] Layer group 1: route 491 net(s) in layer range [2, 7]
[NR-eGR] Early Global Route overflow of layer group 1: 0.00% H + 0.00% V. EstWL: 1.041390e+04um
[NR-eGR] Congestion Analysis By layer: (blocked Gcells are excluded) 
[NR-eGR]                        OverCon            
[NR-eGR]                         #Gcell     %Gcell
[NR-eGR]        Layer             (1-0)    OverCon
[NR-eGR] ----------------------------------------------
[NR-eGR]  Metal1 ( 1)         0( 0.00%)   ( 0.00%) 
[NR-eGR]  Metal2 ( 2)         0( 0.00%)   ( 0.00%) 
[NR-eGR]  Metal3 ( 3)         0( 0.00%)   ( 0.00%) 
[NR-eGR]  Metal4 ( 4)         0( 0.00%)   ( 0.00%) 
[NR-eGR]  Metal5 ( 5)         0( 0.00%)   ( 0.00%) 
[NR-eGR] TopMetal1 ( 6)         0( 0.00%)   ( 0.00%) 
[NR-eGR] TopMetal2 ( 7)         0( 0.00%)   ( 0.00%) 
[NR-eGR] ----------------------------------------------
[NR-eGR]        Total         0( 0.00%)   ( 0.00%) 
[NR-eGR] 
[NR-eGR] Overflow after Early Global Route 0.00% H + 0.00% V
[NR-eGR] Connected 0 must-join pins/ports (post-process)
[NR-eGR] Total eGR-routed clock nets wire length: 0um, number of vias: 0
[NR-eGR] --------------------------------------------------------------------------
[NR-eGR]                    Length (um)  Vias 
[NR-eGR] -------------------------------------
[NR-eGR]  Metal1     (1H)             0  1750 
[NR-eGR]  Metal2     (2V)          5318  2524 
[NR-eGR]  Metal3     (3H)          5643   139 
[NR-eGR]  Metal4     (4V)           818    27 
[NR-eGR]  Metal5     (5H)           213     0 
[NR-eGR]  TopMetal1  (6V)             0     0 
[NR-eGR]  TopMetal2  (7H)             0     0 
[NR-eGR] -------------------------------------
[NR-eGR]             Total        11992  4440 
[NR-eGR] --------------------------------------------------------------------------
[NR-eGR] Total half perimeter of net bounding box: 9203um
[NR-eGR] Total length: 11992um, number of vias: 4440
[NR-eGR] --------------------------------------------------------------------------
[NR-eGR] Finished Early Global Route kernel ( CPU: 0.13 sec, Real: 0.05 sec, Curr Mem: 7.22 MB )
[NR-eGR] Finished Early Global Route ( CPU: 0.13 sec, Real: 0.05 sec, Curr Mem: 7.22 MB )
      Route Remaining Unrouted Nets done. (took cpu=0:00:00.1 real=0:00:00.1)
    Routing using NR in eGR->NR Step done.
Net route status summary:
  Clock:         1 (unrouted=0, trialRouted=0, noStatus=0, routed=0, fixed=1, [crossesIlmBoundary=0, tooFewTerms=0, (crossesIlmBoundary AND tooFewTerms=0)])
  Non-clock:   666 (unrouted=175, trialRouted=491, noStatus=0, routed=0, fixed=0, [crossesIlmBoundary=0, tooFewTerms=175, (crossesIlmBoundary AND tooFewTerms=0)])

CCOPT: Done with clock implementation routing.

    Leaving CCOpt scope - Routing Tools done. (took cpu=0:00:05.5 real=0:00:04.7)
  Clock implementation routing done.
  Leaving CCOpt scope - extractRC...
  Updating RC parasitics by calling: "extractRC -noRouteCheck"...
Extraction called for design 'Main' of instances=426 and nets=667 using extraction engine 'preRoute' .
PreRoute RC Extraction called for design Main.
RC Extraction called in multi-corner(2) mode.
RCMode: PreRoute
      RC Corner Indexes            0       1   
Capacitance Scaling Factor   : 1.00000 1.00000 
Resistance Scaling Factor    : 1.00000 1.00000 
Clock Cap. Scaling Factor    : 1.00000 1.00000 
Clock Res. Scaling Factor    : 1.00000 1.00000 
Shrink Factor                : 1.00000
PreRoute extraction is honoring NDR/Shielding/ExtraSpace for clock nets.
Using capacitance table file ...
Updating RC Grid density data for preRoute extraction ...
Initializing multi-corner capacitance tables ... 
Initializing multi-corner resistance tables ...
PreRoute RC Extraction DONE (CPU Time: 0:00:00.0  Real Time: 0:00:00.0  MEM: 7448.918M)
  Updating RC parasitics by calling: "extractRC -noRouteCheck" done.
  Leaving CCOpt scope - extractRC done. (took cpu=0:00:00.0 real=0:00:00.0)
  Clock tree timing engine global stage delay update for MAX_DEALY:setup.late...
  Clock tree timing engine global stage delay update for MAX_DEALY:setup.late done. (took cpu=0:00:00.0 real=0:00:00.0)
  Clock DAG stats after routing clock trees:
    cell counts      : b=0, i=0, icg=0, dcg=0, l=0, total=0
    sink counts      : regular=91, enable_latch=0, load_capacitance=0, antenna=0, node_sink=0, total=91
    misc counts      : r=1, pp=0, mci=0
    cell areas       : b=0.000um^2, i=0.000um^2, icg=0.000um^2, dcg=0.000um^2, l=0.000um^2, total=0.000um^2
    cell capacitance : b=0.000pF, i=0.000pF, icg=0.000pF, dcg=0.000pF, l=0.000pF, total=0.000pF
    sink capacitance : total=0.114pF, avg=0.001pF, sd=0.000pF, min=0.001pF, max=0.001pF
    wire capacitance : top=0.000pF, trunk=0.000pF, leaf=0.116pF, total=0.116pF
    wire lengths     : top=0.000um, trunk=0.000um, leaf=762.300um, total=762.300um
    hp wire lengths  : top=0.000um, trunk=0.000um, leaf=0.000um, total=0.000um
  Clock DAG net violations after routing clock trees: none
  Clock DAG primary half-corner transition distribution after routing clock trees:
    Leaf : target=0.098ns count=1 avg=0.018ns sd=0.000ns min=0.018ns max=0.018ns {1 <= 0.059ns, 0 <= 0.078ns, 0 <= 0.088ns, 0 <= 0.093ns, 0 <= 0.098ns}
  Primary reporting skew groups after routing clock trees:
    skew_group clk/CONSTRAINTS: insertion delay [min=0.004, max=0.012, avg=0.008, sd=0.002, skn=0.517, kur=-0.487], skew [0.008 vs 0.092], 100% {0.004, 0.012} (wid=0.012 ws=0.008) (gid=0.000 gs=0.000)
  Skew group summary after routing clock trees:
    skew_group clk/CONSTRAINTS: insertion delay [min=0.004, max=0.012, avg=0.008, sd=0.002, skn=0.517, kur=-0.487], skew [0.008 vs 0.092], 100% {0.004, 0.012} (wid=0.012 ws=0.008) (gid=0.000 gs=0.000)
  CCOpt::Phase::Routing done. (took cpu=0:00:05.6 real=0:00:04.8)
  CCOpt::Phase::PostConditioning...
**WARN: (IMPSP-105):	'setPlaceMode -maxRouteLayer' will become obsolete from next release. Use 'setRouteMode -earlyGlobalMaxRouteLayer N' to set maximum routing layer.Type 'man IMPSP-105' for more detail.
  Leaving CCOpt scope - Initializing placement interface...
  Leaving CCOpt scope - Initializing placement interface done. (took cpu=0:00:00.0 real=0:00:00.0)
  PostConditioning...
    PostConditioning active optimizations:
     - DRV fixing with initial upsizing, sizing and buffering
     - Skew fixing with sizing
    
    Currently running CTS, using active skew data
    ProEngine running partially connected to DB
    Reset bufferability constraints...
    Resetting previous bufferability status on all nets so that PostConditioning will attempt to fix all clock tree violations.
    Reset bufferability constraints done. (took cpu=0:00:00.0 real=0:00:00.0)
    PostConditioning Upsizing To Fix DRVs...
      Fixing clock tree DRVs with upsizing: ...20% ...40% ...60% ...80% ...100% 
      CCOpt-PostConditioning: considered: 1, tested: 1, violation detected: 0, violation ignored (due to small violation): 0, cannot run: 0, attempted: 0, unsuccessful: 0, sized: 0
      
      Statistics: Fix DRVs (initial upsizing):
      ========================================
      
      Cell changes by Net Type:
      
      -------------------------------------------------------------------------------------------------
      Net Type    Attempted    Upsized     Downsized    Swapped Same Size    Total Changed    Not Sized
      -------------------------------------------------------------------------------------------------
      top                0            0           0            0                    0                0
      trunk              0            0           0            0                    0                0
      leaf               0            0           0            0                    0                0
      -------------------------------------------------------------------------------------------------
      Total              0            0           0            0                    0                0
      -------------------------------------------------------------------------------------------------
      
      Upsized: 0, Downsized: 0, Sized but same area: 0, Unchanged: 0, Area change: 0.000um^2
      Max. move: 0.000um, Min. move: 0.000um, Avg. move: N/A
      
      Clock DAG stats after 'PostConditioning Upsizing To Fix DRVs':
        cell counts      : b=0, i=0, icg=0, dcg=0, l=0, total=0
        sink counts      : regular=91, enable_latch=0, load_capacitance=0, antenna=0, node_sink=0, total=91
        misc counts      : r=1, pp=0, mci=0
        cell areas       : b=0.000um^2, i=0.000um^2, icg=0.000um^2, dcg=0.000um^2, l=0.000um^2, total=0.000um^2
        cell capacitance : b=0.000pF, i=0.000pF, icg=0.000pF, dcg=0.000pF, l=0.000pF, total=0.000pF
        sink capacitance : total=0.114pF, avg=0.001pF, sd=0.000pF, min=0.001pF, max=0.001pF
        wire capacitance : top=0.000pF, trunk=0.000pF, leaf=0.116pF, total=0.116pF
        wire lengths     : top=0.000um, trunk=0.000um, leaf=762.300um, total=762.300um
        hp wire lengths  : top=0.000um, trunk=0.000um, leaf=0.000um, total=0.000um
      Clock DAG net violations after 'PostConditioning Upsizing To Fix DRVs': none
      Clock DAG primary half-corner transition distribution after 'PostConditioning Upsizing To Fix DRVs':
        Leaf : target=0.098ns count=1 avg=0.018ns sd=0.000ns min=0.018ns max=0.018ns {1 <= 0.059ns, 0 <= 0.078ns, 0 <= 0.088ns, 0 <= 0.093ns, 0 <= 0.098ns}
      Primary reporting skew groups after 'PostConditioning Upsizing To Fix DRVs':
        skew_group clk/CONSTRAINTS: insertion delay [min=0.004, max=0.012], skew [0.008 vs 0.092]
      Skew group summary after 'PostConditioning Upsizing To Fix DRVs':
        skew_group clk/CONSTRAINTS: insertion delay [min=0.004, max=0.012], skew [0.008 vs 0.092]
      Legalizer API calls during this step: 0 succeeded with high effort: 0 succeeded with medium effort: 0 succeeded with low effort: 0 succeeded with basic effort: 0 succeeded with basic unbounded effort: 0
    PostConditioning Upsizing To Fix DRVs done. (took cpu=0:00:00.0 real=0:00:00.0)
    Recomputing CTS skew targets...
    Resolving skew group constraints...
      Solving LP: 1 skew groups; 2 fragments, 2 fraglets and 3 vertices; 12 variables and 27 constraints; tolerance 1
    Resolving skew group constraints done.
    Recomputing CTS skew targets done. (took cpu=0:00:00.0 real=0:00:00.0)
    PostConditioning Fixing DRVs...
      Fixing clock tree DRVs: ...20% ...40% ...60% ...80% ...100% 
      CCOpt-PostConditioning: considered: 1, tested: 1, violation detected: 0, violation ignored (due to small violation): 0, cannot run: 0, attempted: 0, unsuccessful: 0, sized: 0
      
      Statistics: Fix DRVs (cell sizing):
      ===================================
      
      Cell changes by Net Type:
      
      -------------------------------------------------------------------------------------------------
      Net Type    Attempted    Upsized     Downsized    Swapped Same Size    Total Changed    Not Sized
      -------------------------------------------------------------------------------------------------
      top                0            0           0            0                    0                0
      trunk              0            0           0            0                    0                0
      leaf               0            0           0            0                    0                0
      -------------------------------------------------------------------------------------------------
      Total              0            0           0            0                    0                0
      -------------------------------------------------------------------------------------------------
      
      Upsized: 0, Downsized: 0, Sized but same area: 0, Unchanged: 0, Area change: 0.000um^2
      Max. move: 0.000um, Min. move: 0.000um, Avg. move: N/A
      
      Clock DAG stats after 'PostConditioning Fixing DRVs':
        cell counts      : b=0, i=0, icg=0, dcg=0, l=0, total=0
        sink counts      : regular=91, enable_latch=0, load_capacitance=0, antenna=0, node_sink=0, total=91
        misc counts      : r=1, pp=0, mci=0
        cell areas       : b=0.000um^2, i=0.000um^2, icg=0.000um^2, dcg=0.000um^2, l=0.000um^2, total=0.000um^2
        cell capacitance : b=0.000pF, i=0.000pF, icg=0.000pF, dcg=0.000pF, l=0.000pF, total=0.000pF
        sink capacitance : total=0.114pF, avg=0.001pF, sd=0.000pF, min=0.001pF, max=0.001pF
        wire capacitance : top=0.000pF, trunk=0.000pF, leaf=0.116pF, total=0.116pF
        wire lengths     : top=0.000um, trunk=0.000um, leaf=762.300um, total=762.300um
        hp wire lengths  : top=0.000um, trunk=0.000um, leaf=0.000um, total=0.000um
      Clock DAG net violations after 'PostConditioning Fixing DRVs': none
      Clock DAG primary half-corner transition distribution after 'PostConditioning Fixing DRVs':
        Leaf : target=0.098ns count=1 avg=0.018ns sd=0.000ns min=0.018ns max=0.018ns {1 <= 0.059ns, 0 <= 0.078ns, 0 <= 0.088ns, 0 <= 0.093ns, 0 <= 0.098ns}
      Primary reporting skew groups after 'PostConditioning Fixing DRVs':
        skew_group clk/CONSTRAINTS: insertion delay [min=0.004, max=0.012], skew [0.008 vs 0.092]
      Skew group summary after 'PostConditioning Fixing DRVs':
        skew_group clk/CONSTRAINTS: insertion delay [min=0.004, max=0.012], skew [0.008 vs 0.092]
      Legalizer API calls during this step: 0 succeeded with high effort: 0 succeeded with medium effort: 0 succeeded with low effort: 0 succeeded with basic effort: 0 succeeded with basic unbounded effort: 0
    PostConditioning Fixing DRVs done. (took cpu=0:00:00.0 real=0:00:00.0)
    Buffering to fix DRVs...
    Fixing DRVs with route buffering pass 1. Quick buffering: enabled
    Rebuffering to fix clock tree DRVs: ...20% ...40% ...60% ...80% ...100% 
    Inserted 0 buffers and inverters.
    success count. Default: 0, QS: 0, QD: 0, FS: 0, MQS: 0
    CCOpt-PostConditioning: nets considered: 1, nets tested: 1, nets violation detected: 0, nets violation ignored (due to small violation): 0, nets cannot run: 0, nets attempted: 0, nets unsuccessful: 0, buffered: 0
    Clock DAG stats PostConditioning after re-buffering DRV fixing:
      cell counts      : b=0, i=0, icg=0, dcg=0, l=0, total=0
      sink counts      : regular=91, enable_latch=0, load_capacitance=0, antenna=0, node_sink=0, total=91
      misc counts      : r=1, pp=0, mci=0
      cell areas       : b=0.000um^2, i=0.000um^2, icg=0.000um^2, dcg=0.000um^2, l=0.000um^2, total=0.000um^2
      cell capacitance : b=0.000pF, i=0.000pF, icg=0.000pF, dcg=0.000pF, l=0.000pF, total=0.000pF
      sink capacitance : total=0.114pF, avg=0.001pF, sd=0.000pF, min=0.001pF, max=0.001pF
      wire capacitance : top=0.000pF, trunk=0.000pF, leaf=0.116pF, total=0.116pF
      wire lengths     : top=0.000um, trunk=0.000um, leaf=762.300um, total=762.300um
      hp wire lengths  : top=0.000um, trunk=0.000um, leaf=0.000um, total=0.000um
    Clock DAG net violations PostConditioning after re-buffering DRV fixing: none
    Clock DAG primary half-corner transition distribution PostConditioning after re-buffering DRV fixing:
      Leaf : target=0.098ns count=1 avg=0.018ns sd=0.000ns min=0.018ns max=0.018ns {1 <= 0.059ns, 0 <= 0.078ns, 0 <= 0.088ns, 0 <= 0.093ns, 0 <= 0.098ns}
    Primary reporting skew groups PostConditioning after re-buffering DRV fixing:
      skew_group clk/CONSTRAINTS: insertion delay [min=0.004, max=0.012, avg=0.008, sd=0.002, skn=0.517, kur=-0.487], skew [0.008 vs 0.092], 100% {0.004, 0.012} (wid=0.012 ws=0.008) (gid=0.000 gs=0.000)
    Skew group summary PostConditioning after re-buffering DRV fixing:
      skew_group clk/CONSTRAINTS: insertion delay [min=0.004, max=0.012, avg=0.008, sd=0.002, skn=0.517, kur=-0.487], skew [0.008 vs 0.092], 100% {0.004, 0.012} (wid=0.012 ws=0.008) (gid=0.000 gs=0.000)
    Buffering to fix DRVs done. (took cpu=0:00:00.0 real=0:00:00.0)
    PostConditioning Fixing Skew by cell sizing...
      Resized 0 clock insts to decrease delay.
      Resized 0 clock insts to increase delay.
      
      Statistics: Fix Skew (cell sizing):
      ===================================
      
      Cell changes by Net Type:
      
      -------------------------------------------------------------------------------------------------
      Net Type    Attempted    Upsized     Downsized    Swapped Same Size    Total Changed    Not Sized
      -------------------------------------------------------------------------------------------------
      top                0            0           0            0                    0                0
      trunk              0            0           0            0                    0                0
      leaf               0            0           0            0                    0                0
      -------------------------------------------------------------------------------------------------
      Total              0            0           0            0                    0                0
      -------------------------------------------------------------------------------------------------
      
      Upsized: 0, Downsized: 0, Sized but same area: 0, Unchanged: 0, Area change: 0.000um^2
      Max. move: 0.000um, Min. move: 0.000um, Avg. move: N/A
      
      Clock DAG stats after 'PostConditioning Fixing Skew by cell sizing':
        cell counts      : b=0, i=0, icg=0, dcg=0, l=0, total=0
        sink counts      : regular=91, enable_latch=0, load_capacitance=0, antenna=0, node_sink=0, total=91
        misc counts      : r=1, pp=0, mci=0
        cell areas       : b=0.000um^2, i=0.000um^2, icg=0.000um^2, dcg=0.000um^2, l=0.000um^2, total=0.000um^2
        cell capacitance : b=0.000pF, i=0.000pF, icg=0.000pF, dcg=0.000pF, l=0.000pF, total=0.000pF
        sink capacitance : total=0.114pF, avg=0.001pF, sd=0.000pF, min=0.001pF, max=0.001pF
        wire capacitance : top=0.000pF, trunk=0.000pF, leaf=0.116pF, total=0.116pF
        wire lengths     : top=0.000um, trunk=0.000um, leaf=762.300um, total=762.300um
        hp wire lengths  : top=0.000um, trunk=0.000um, leaf=0.000um, total=0.000um
      Clock DAG net violations after 'PostConditioning Fixing Skew by cell sizing': none
      Clock DAG primary half-corner transition distribution after 'PostConditioning Fixing Skew by cell sizing':
        Leaf : target=0.098ns count=1 avg=0.018ns sd=0.000ns min=0.018ns max=0.018ns {1 <= 0.059ns, 0 <= 0.078ns, 0 <= 0.088ns, 0 <= 0.093ns, 0 <= 0.098ns}
      Primary reporting skew groups after 'PostConditioning Fixing Skew by cell sizing':
        skew_group clk/CONSTRAINTS: insertion delay [min=0.004, max=0.012, avg=0.008, sd=0.002, skn=0.517, kur=-0.487], skew [0.008 vs 0.092], 100% {0.004, 0.012} (wid=0.012 ws=0.008) (gid=0.000 gs=0.000)
      Skew group summary after 'PostConditioning Fixing Skew by cell sizing':
        skew_group clk/CONSTRAINTS: insertion delay [min=0.004, max=0.012, avg=0.008, sd=0.002, skn=0.517, kur=-0.487], skew [0.008 vs 0.092], 100% {0.004, 0.012} (wid=0.012 ws=0.008) (gid=0.000 gs=0.000)
      Legalizer API calls during this step: 0 succeeded with high effort: 0 succeeded with medium effort: 0 succeeded with low effort: 0 succeeded with basic effort: 0 succeeded with basic unbounded effort: 0
    PostConditioning Fixing Skew by cell sizing done. (took cpu=0:00:00.0 real=0:00:00.0)
    Reconnecting optimized routes...
    Reset timing graph...
Ignoring AAE DB Resetting ...
    Reset timing graph done.
    Reconnecting optimized routes done. (took cpu=0:00:00.0 real=0:00:00.0)
Skipping refinePlace: no changes were made during DRV and/or skew fixing steps so it is unnecessary.
    Legalizer API calls during this step: 0 succeeded with high effort: 0 succeeded with medium effort: 0 succeeded with low effort: 0 succeeded with basic effort: 0 succeeded with basic unbounded effort: 0
  PostConditioning done.
Net route status summary:
  Clock:         1 (unrouted=0, trialRouted=0, noStatus=0, routed=0, fixed=1, [crossesIlmBoundary=0, tooFewTerms=0, (crossesIlmBoundary AND tooFewTerms=0)])
  Non-clock:   666 (unrouted=175, trialRouted=491, noStatus=0, routed=0, fixed=0, [crossesIlmBoundary=0, tooFewTerms=175, (crossesIlmBoundary AND tooFewTerms=0)])
  Update timing and DAG stats after post-conditioning...
  Update timing and DAG stats after post-conditioning done. (took cpu=0:00:00.0 real=0:00:00.0)
  Clock tree timing engine global stage delay update for MAX_DEALY:setup.late...
  Clock tree timing engine global stage delay update for MAX_DEALY:setup.late done. (took cpu=0:00:00.0 real=0:00:00.0)
  Clock DAG stats after post-conditioning:
    cell counts      : b=0, i=0, icg=0, dcg=0, l=0, total=0
    sink counts      : regular=91, enable_latch=0, load_capacitance=0, antenna=0, node_sink=0, total=91
    misc counts      : r=1, pp=0, mci=0
    cell areas       : b=0.000um^2, i=0.000um^2, icg=0.000um^2, dcg=0.000um^2, l=0.000um^2, total=0.000um^2
    cell capacitance : b=0.000pF, i=0.000pF, icg=0.000pF, dcg=0.000pF, l=0.000pF, total=0.000pF
    sink capacitance : total=0.114pF, avg=0.001pF, sd=0.000pF, min=0.001pF, max=0.001pF
    wire capacitance : top=0.000pF, trunk=0.000pF, leaf=0.116pF, total=0.116pF
    wire lengths     : top=0.000um, trunk=0.000um, leaf=762.300um, total=762.300um
    hp wire lengths  : top=0.000um, trunk=0.000um, leaf=0.000um, total=0.000um
  Clock DAG net violations after post-conditioning: none
  Clock DAG primary half-corner transition distribution after post-conditioning:
    Leaf : target=0.098ns count=1 avg=0.018ns sd=0.000ns min=0.018ns max=0.018ns {1 <= 0.059ns, 0 <= 0.078ns, 0 <= 0.088ns, 0 <= 0.093ns, 0 <= 0.098ns}
  Primary reporting skew groups after post-conditioning:
    skew_group clk/CONSTRAINTS: insertion delay [min=0.004, max=0.012, avg=0.008, sd=0.002, skn=0.517, kur=-0.487], skew [0.008 vs 0.092], 100% {0.004, 0.012} (wid=0.012 ws=0.008) (gid=0.000 gs=0.000)
  Skew group summary after post-conditioning:
    skew_group clk/CONSTRAINTS: insertion delay [min=0.004, max=0.012, avg=0.008, sd=0.002, skn=0.517, kur=-0.487], skew [0.008 vs 0.092], 100% {0.004, 0.012} (wid=0.012 ws=0.008) (gid=0.000 gs=0.000)
  CCOpt::Phase::PostConditioning done. (took cpu=0:00:00.1 real=0:00:00.1)
  Post-balance tidy up or trial balance steps...
  
  Clock DAG stats at end of CTS:
  ==============================
  
  -------------------------------------------------------
  Cell type                 Count    Area     Capacitance
  -------------------------------------------------------
  Buffers                     0      0.000       0.000
  Inverters                   0      0.000       0.000
  Integrated Clock Gates      0      0.000       0.000
  Discrete Clock Gates        0      0.000       0.000
  Clock Logic                 0      0.000       0.000
  All                         0      0.000       0.000
  -------------------------------------------------------
  
  Clock DAG miscellaneous counts at end of CTS:
  =============================================
  
  ------------------------------
  Type                     Count
  ------------------------------
  Roots                      1
  Preserved Ports            0
  Multiple Clock Inputs      0
  ------------------------------
  
  
  Clock DAG sink counts at end of CTS:
  ====================================
  
  -------------------------
  Sink type           Count
  -------------------------
  Regular              91
  Enable Latch          0
  Load Capacitance      0
  Antenna Diode         0
  Node Sink             0
  Total                91
  -------------------------
  
  
  Clock DAG wire lengths at end of CTS:
  =====================================
  
  --------------------
  Type     Wire Length
  --------------------
  Top          0.000
  Trunk        0.000
  Leaf       762.300
  Total      762.300
  --------------------
  
  
  Clock DAG hp wire lengths at end of CTS:
  ========================================
  
  -----------------------
  Type     hp Wire Length
  -----------------------
  Top          0.000
  Trunk        0.000
  Leaf         0.000
  Total        0.000
  -----------------------
  
  
  Clock DAG capacitances at end of CTS:
  =====================================
  
  --------------------------------
  Type     Gate     Wire     Total
  --------------------------------
  Top      0.000    0.000    0.000
  Trunk    0.000    0.000    0.000
  Leaf     0.114    0.116    0.229
  Total    0.114    0.116    0.229
  --------------------------------
  
  
  Clock DAG sink capacitances at end of CTS:
  ==========================================
  
  -----------------------------------------------
  Total    Average    Std. Dev.    Min      Max
  -----------------------------------------------
  0.114     0.001       0.000      0.001    0.001
  -----------------------------------------------
  
  
  Clock DAG net violations at end of CTS:
  =======================================
  
  None
  
  
  Clock DAG primary half-corner transition distribution at end of CTS:
  ====================================================================
  
  --------------------------------------------------------------------------------------------------------------------------------------------------------------
  Net Type    Target    Count    Average    Std. Dev.    Min      Max      Distribution                                                              Over Target
  --------------------------------------------------------------------------------------------------------------------------------------------------------------
  Leaf        0.098       1       0.018       0.000      0.018    0.018    {1 <= 0.059ns, 0 <= 0.078ns, 0 <= 0.088ns, 0 <= 0.093ns, 0 <= 0.098ns}         -
  --------------------------------------------------------------------------------------------------------------------------------------------------------------
  
  
  Primary reporting skew groups summary at end of CTS:
  ====================================================
  
  ---------------------------------------------------------------------------------------------------------------------------------------------------------------------------------------------
  Half-corner             Skew Group         Min ID    Max ID    Skew     Skew target    Wire skew    Worst sink skew    Average ID    Std.Dev    Skewness    Kurtosis    Skew window occupancy
  ---------------------------------------------------------------------------------------------------------------------------------------------------------------------------------------------
  MAX_DEALY:setup.late    clk/CONSTRAINTS    0.004     0.012     0.008       0.092         0.008           0.008           0.008        0.002      0.517       -0.487     100% {0.004, 0.012}
  ---------------------------------------------------------------------------------------------------------------------------------------------------------------------------------------------
  
  
  Skew group summary at end of CTS:
  =================================
  
  ---------------------------------------------------------------------------------------------------------------------------------------------------------------------------------------------
  Half-corner             Skew Group         Min ID    Max ID    Skew     Skew target    Wire skew    Worst sink skew    Average ID    Std.Dev    Skewness    Kurtosis    Skew window occupancy
  ---------------------------------------------------------------------------------------------------------------------------------------------------------------------------------------------
  MAX_DEALY:setup.late    clk/CONSTRAINTS    0.004     0.012     0.008       0.092         0.008           0.008           0.008        0.002      0.517       -0.487     100% {0.004, 0.012}
  ---------------------------------------------------------------------------------------------------------------------------------------------------------------------------------------------
  
  
  Found a total of 0 clock tree pins with a slew violation.
  
  Post-balance tidy up or trial balance steps done. (took cpu=0:00:00.0 real=0:00:00.0)
Synthesizing clock trees done.
Tidy Up And Update Timing...
External - Set all clocks to propagated mode...
Innovus updating I/O latencies
AAE_INFO: opIsDesignInPostRouteState() is 0
#################################################################################
# Design Stage: PreRoute
# Design Name: Main
# Design Mode: 130nm
# Analysis Mode: MMMC Non-OCV 
# Parasitics Mode: No SPEF/RCDB 
# Signoff Settings: SI Off 
#################################################################################
Start delay calculation (fullDC) (8 T). (MEM=3168.77)
Total number of fetched objects 498
Total number of fetched objects 498
End delay calculation. (MEM=3229.11 CPU=0:00:00.1 REAL=0:00:00.0)
End delay calculation (fullDC). (MEM=3229.11 CPU=0:00:00.2 REAL=0:00:00.0)
	Clock: clk, View: Best_CASE, Ideal Latency: 0, Propagated Latency: 0.00906044
	 Executing: set_clock_latency -source -early -min -rise -0.00906044 [get_pins clk]
	Clock: clk, View: Best_CASE, Ideal Latency: 0, Propagated Latency: 0.00906044
	 Executing: set_clock_latency -source -late -min -rise -0.00906044 [get_pins clk]
	Clock: clk, View: Best_CASE, Ideal Latency: 0, Propagated Latency: 0.00906044
	 Executing: set_clock_latency -source -early -min -fall -0.00906044 [get_pins clk]
	Clock: clk, View: Best_CASE, Ideal Latency: 0, Propagated Latency: 0.00906044
	 Executing: set_clock_latency -source -late -min -fall -0.00906044 [get_pins clk]
	Clock: clk, View: WORST_CASE, Ideal Latency: 0, Propagated Latency: 0.0084
	 Executing: set_clock_latency -source -early -max -rise -0.0084 [get_pins clk]
	Clock: clk, View: WORST_CASE, Ideal Latency: 0, Propagated Latency: 0.0084
	 Executing: set_clock_latency -source -late -max -rise -0.0084 [get_pins clk]
	Clock: clk, View: WORST_CASE, Ideal Latency: 0, Propagated Latency: 0.0084
	 Executing: set_clock_latency -source -early -max -fall -0.0084 [get_pins clk]
	Clock: clk, View: WORST_CASE, Ideal Latency: 0, Propagated Latency: 0.0084
	 Executing: set_clock_latency -source -late -max -fall -0.0084 [get_pins clk]
Setting all clocks to propagated mode.
External - Set all clocks to propagated mode done. (took cpu=0:00:00.7 real=0:00:00.5)
Clock DAG stats after update timingGraph:
  cell counts      : b=0, i=0, icg=0, dcg=0, l=0, total=0
  sink counts      : regular=91, enable_latch=0, load_capacitance=0, antenna=0, node_sink=0, total=91
  misc counts      : r=1, pp=0, mci=0
  cell areas       : b=0.000um^2, i=0.000um^2, icg=0.000um^2, dcg=0.000um^2, l=0.000um^2, total=0.000um^2
  cell capacitance : b=0.000pF, i=0.000pF, icg=0.000pF, dcg=0.000pF, l=0.000pF, total=0.000pF
  sink capacitance : total=0.114pF, avg=0.001pF, sd=0.000pF, min=0.001pF, max=0.001pF
  wire capacitance : top=0.000pF, trunk=0.000pF, leaf=0.116pF, total=0.116pF
  wire lengths     : top=0.000um, trunk=0.000um, leaf=762.300um, total=762.300um
  hp wire lengths  : top=0.000um, trunk=0.000um, leaf=0.000um, total=0.000um
Clock DAG net violations after update timingGraph: none
Clock DAG primary half-corner transition distribution after update timingGraph:
  Leaf : target=0.098ns count=1 avg=0.018ns sd=0.000ns min=0.018ns max=0.018ns {1 <= 0.059ns, 0 <= 0.078ns, 0 <= 0.088ns, 0 <= 0.093ns, 0 <= 0.098ns}
Primary reporting skew groups after update timingGraph:
  skew_group clk/CONSTRAINTS: insertion delay [min=0.004, max=0.012, avg=0.008, sd=0.002, skn=0.517, kur=-0.487], skew [0.008 vs 0.092], 100% {0.004, 0.012} (wid=0.012 ws=0.008) (gid=0.000 gs=0.000)
Skew group summary after update timingGraph:
  skew_group clk/CONSTRAINTS: insertion delay [min=0.004, max=0.012, avg=0.008, sd=0.002, skn=0.517, kur=-0.487], skew [0.008 vs 0.092], 100% {0.004, 0.012} (wid=0.012 ws=0.008) (gid=0.000 gs=0.000)
Logging CTS constraint violations...
  No violations found.
Logging CTS constraint violations done.
Tidy Up And Update Timing done. (took cpu=0:00:00.7 real=0:00:00.5)
Runtime done. (took cpu=0:00:12.7 real=0:00:10.1)
Runtime Summary
===============
Clock Runtime:  (24%) Core CTS           2.49 (Init 1.73, Construction 0.32, Implementation 0.11, eGRPC 0.10, PostConditioning 0.05, Other 0.17)
Clock Runtime:  (50%) CTS services       5.03 (RefinePlace 0.17, EarlyGlobalClock 0.27, NanoRoute 4.52, ExtractRC 0.08, TimingAnalysis 0.00)
Clock Runtime:  (24%) Other CTS          2.50 (Init 0.08, CongRepair/EGR-DP 1.97, TimingUpdate 0.45, Other 0.00)
Clock Runtime: (100%) Total             10.02

Leaving CCOpt scope - Cleaning up placement interface...
Leaving CCOpt scope - Cleaning up placement interface done. (took cpu=0:00:00.0 real=0:00:00.0)
**WARN: (IMPSP-105):	'setPlaceMode -maxRouteLayer' will become obsolete from next release. Use 'setRouteMode -earlyGlobalMaxRouteLayer N' to set maximum routing layer.Type 'man IMPSP-105' for more detail.
*** CTS #1 [finish] (clock_opt_design #1) : cpu/real = 0:00:12.5/0:00:09.9 (1.3), totSession cpu/real = 0:01:07.8/0:03:24.8 (0.3), mem = 7434.1M
Synthesizing clock trees with CCOpt done.
      flow.cputime  flow.realtime  timing.setup.tns  timing.setup.wns  snapshot
UM:*                                                                   cts
Begin: Reorder Scan Chains
*** Scan Trace Summary (runtime: cpu: 0:00:00.0 , real: 0:00:00.0): 
Successfully traced 1 scan chain  (total 91 scan bits).
Start applying DEF ordered sections ...
Successfully applied all DEF ordered sections.
*** Scan Sanity Check Summary:
*** 1 scan chain  passed sanity check.
DBG: sciUnitLenDelay = 0.123450
Set analysis mode to hold.
AAE_INFO: opIsDesignInPostRouteState() is 0
#################################################################################
# Design Stage: PreRoute
# Design Name: Main
# Design Mode: 130nm
# Analysis Mode: MMMC Non-OCV 
# Parasitics Mode: No SPEF/RCDB 
# Signoff Settings: SI Off 
#################################################################################
Calculate delays in BcWc mode...
Start delay calculation (fullDC) (8 T). (MEM=3136.82)
*** Calculating scaling factor for MIN_TIMING libraries using the default operating condition of each library.
Total number of fetched objects 498
End delay calculation. (MEM=3219.14 CPU=0:00:00.2 REAL=0:00:00.0)
End delay calculation (fullDC). (MEM=3219.14 CPU=0:00:00.2 REAL=0:00:00.0)
DBG: scgNrActiveHoldView = 1
*** Scan Trace Summary (runtime: cpu: 0:00:00.0 , real: 0:00:00.0): 
Successfully traced 1 scan chain  (total 91 scan bits).
Start applying DEF ordered sections ...
Successfully applied all DEF ordered sections.
*** Scan Sanity Check Summary:
*** 1 scan chain  passed sanity check.
AAE_INFO: opIsDesignInPostRouteState() is 0
#################################################################################
# Design Stage: PreRoute
# Design Name: Main
# Design Mode: 130nm
# Analysis Mode: MMMC Non-OCV 
# Parasitics Mode: No SPEF/RCDB 
# Signoff Settings: SI Off 
#################################################################################
Calculate delays in BcWc mode...
Start delay calculation (fullDC) (8 T). (MEM=3270.82)
Total number of fetched objects 498
End delay calculation. (MEM=3327.9 CPU=0:00:00.1 REAL=0:00:00.0)
End delay calculation (fullDC). (MEM=3327.9 CPU=0:00:00.2 REAL=0:00:00.0)
Restore timing analysis mode.
*** Summary: Scan Reorder within scan chain
Initial total scan wire length:     1494.780 (floating:     1281.210)
Final   total scan wire length:     1494.780 (floating:     1281.210)
Improvement:        0.000   percent  0.00 (floating improvement:        0.000   percent  0.00)
Initial scan reorder max long connection: not available for -stitchChainsAfterFreeMerging
Final   scan reorder max long connection:       40.110
Total net length = 9.546e+03 (4.898e+03 4.648e+03) (ext = 3.063e+03)
*** End of ScanReorder (cpu=0:00:01.0, real=0:00:01.0, mem=5313.3M) ***
End: Reorder Scan Chains
**optDesign ... cpu = 0:00:00, real = 0:00:00, mem = 3074.2M, totSessionCpu=0:01:09 **
GigaOpt running with 8 threads.
*** InitOpt #1 [begin] (clock_opt_design #1) : totSession cpu/real = 0:01:09.0/0:03:25.6 (0.3), mem = 4761.3M
**INFO: setDesignMode -flowEffort standard -> setting 'setOptMode -allEndPoints true' for the duration of this command.
Need call spDPlaceInit before registerPrioInstLoc.
Info: Using SynthesisEngine executable '/eda/cadence/2024-25/RHELx86/DDIEXPORT_23.31.000/INNOVUS231/bin/innovus_'.
      (normalized executable '/mnt/cae_storage_sw/eda/cadence/2024-25/RHELx86/DDIEXPORT_23.31.000/INNOVUS231/bin/innovus_')
      SynthesisEngine workers will not check out additional licenses.
**INFO: Using Advanced Metric Collection system.
**optDesign ... cpu = 0:00:01, real = 0:00:12, mem = 3174.6M, totSessionCpu=0:01:10 **
#optDebug: { P: 130 W: 0201 FE: standard PE: none LDR: 1}
*** optDesign -postCTS ***
DRC Margin: user margin 0.0; extra margin 0.2
Hold Target Slack: user slack 0
Setup Target Slack: user slack 0; extra slack 0.0
setUsefulSkewMode -opt_skew_eco_route false
Multi-VT timing optimization disabled based on library information.
Start to check current routing status for nets...
All nets are already routed correctly.
End to check current routing status for nets (mem=4864.6M)
	CornerforLayerOpt timing analysis view WORST_CASE has been selected for calibration 
	CornerforLayerOpt timing analysis view WORST_CASE has been selected for calibration 
	CornerforLayerOpt timing analysis view WORST_CASE has been selected for calibration 
	CornerforLayerOpt timing analysis view WORST_CASE has been selected for calibration 
Compute RC Scale Done ...
Starting delay calculation for Setup views
AAE_INFO: opIsDesignInPostRouteState() is 0
#################################################################################
# Design Stage: PreRoute
# Design Name: Main
# Design Mode: 130nm
# Analysis Mode: MMMC Non-OCV 
# Parasitics Mode: No SPEF/RCDB 
# Signoff Settings: SI Off 
#################################################################################
Calculate delays in BcWc mode...
Start delay calculation (fullDC) (8 T). (MEM=3256.25)
*** Calculating scaling factor for MAX_TIMING libraries using the default operating condition of each library.
Total number of fetched objects 498
End delay calculation. (MEM=3306.23 CPU=0:00:00.1 REAL=0:00:00.0)
End delay calculation (fullDC). (MEM=3306.23 CPU=0:00:00.2 REAL=0:00:00.0)
*** Done Building Timing Graph (cpu=0:00:00.7 real=0:00:00.0 totSessionCpu=0:01:11 mem=5344.5M)

------------------------------------------------------------------
             Initial Summary
------------------------------------------------------------------

Setup views included:
 WORST_CASE 

+--------------------+---------+---------+---------+
|     Setup mode     |   all   | reg2reg | default |
+--------------------+---------+---------+---------+
|           WNS (ns):|  0.483  |  0.483  |  1.748  |
|           TNS (ns):|  0.000  |  0.000  |  0.000  |
|    Violating Paths:|    0    |    0    |    0    |
|          All Paths:|   276   |   181   |   148   |
+--------------------+---------+---------+---------+

+----------------+-------------------------------+------------------+
|                |              Real             |       Total      |
|    DRVs        +------------------+------------+------------------|
|                |  Nr nets(terms)  | Worst Vio  |  Nr nets(terms)  |
+----------------+------------------+------------+------------------+
|   max_cap      |      0 (0)       |   0.000    |      0 (0)       |
|   max_tran     |      0 (0)       |   0.000    |      0 (0)       |
|   max_fanout   |      8 (8)       |    -67     |      8 (8)       |
|   max_length   |      0 (0)       |     0      |      0 (0)       |
+----------------+------------------+------------+------------------+

Density: 83.028%
------------------------------------------------------------------
**optDesign ... cpu = 0:00:02, real = 0:00:13, mem = 3275.9M, totSessionCpu=0:01:11 **
*** InitOpt #1 [finish] (clock_opt_design #1) : cpu/real = 0:00:02.5/0:00:13.1 (0.2), totSession cpu/real = 0:01:11.5/0:03:38.7 (0.3), mem = 4973.5M
** INFO : this run is activating low effort ccoptDesign flow
OPTC: m4 20.0 50.0 [ 250.0 20.0 50.0 ]
OPTC: view 50.0:250.0 [ 0.0500 ]
-opt_post_cts_congestion_repair false      # bool, default=false, private
Begin: GigaOpt Route Type Constraints Refinement
*** CongRefineRouteType #1 [begin] (clock_opt_design #1) : totSession cpu/real = 0:01:11.7/0:03:38.8 (0.3), mem = 4943.6M
Updated routing constraints on 0 nets.
Bottom Preferred Layer:
+---------------+------------+----------+
|     Layer     |    CLK     |   Rule   |
+---------------+------------+----------+
| Metal3 (z=3)  |          1 | default  |
+---------------+------------+----------+
Via Pillar Rule:
    None
*** CongRefineRouteType #1 [finish] (clock_opt_design #1) : cpu/real = 0:00:00.0/0:00:00.0 (1.3), totSession cpu/real = 0:01:11.7/0:03:38.8 (0.3), mem = 4975.6M
End: GigaOpt Route Type Constraints Refinement
*** SimplifyNetlist #1 [begin] (clock_opt_design #1) : totSession cpu/real = 0:01:11.8/0:03:38.9 (0.3), mem = 4975.6M
Info: 0 don't touch net , 30 undriven nets excluded from IPO operation.
Info: 1 net with fixed/cover wires excluded.
Info: 1 clock net  excluded from IPO operation.

Netlist preparation processing... 
Removed 0 instance
**WARN: (IMPOPT-7098):	WARNING: A6M/am_result[0][4] is an undriven net with 1 fanouts.
**WARN: (IMPOPT-7098):	WARNING: A6M/am_result[0][3] is an undriven net with 1 fanouts.
**WARN: (IMPOPT-7098):	WARNING: A6M/am_result[0][2] is an undriven net with 1 fanouts.
**WARN: (IMPOPT-7098):	WARNING: A6M/am_result[0][1] is an undriven net with 1 fanouts.
**WARN: (IMPOPT-7098):	WARNING: A6M/am_result[0][0] is an undriven net with 1 fanouts.
**WARN: (IMPOPT-7098):	WARNING: A6M/am_result[1][4] is an undriven net with 1 fanouts.
**WARN: (IMPOPT-7098):	WARNING: A6M/am_result[1][3] is an undriven net with 1 fanouts.
**WARN: (IMPOPT-7098):	WARNING: A6M/am_result[1][2] is an undriven net with 1 fanouts.
**WARN: (IMPOPT-7098):	WARNING: A6M/am_result[1][1] is an undriven net with 1 fanouts.
**WARN: (IMPOPT-7098):	WARNING: A6M/am_result[1][0] is an undriven net with 1 fanouts.
**WARN: (IMPOPT-7098):	WARNING: A6M/am_result[2][4] is an undriven net with 1 fanouts.
**WARN: (IMPOPT-7098):	WARNING: A6M/am_result[2][3] is an undriven net with 1 fanouts.
**WARN: (IMPOPT-7098):	WARNING: A6M/am_result[2][2] is an undriven net with 1 fanouts.
**WARN: (IMPOPT-7098):	WARNING: A6M/am_result[2][1] is an undriven net with 1 fanouts.
**WARN: (IMPOPT-7098):	WARNING: A6M/am_result[2][0] is an undriven net with 1 fanouts.
**WARN: (IMPOPT-7098):	WARNING: A6M/am_result[3][4] is an undriven net with 1 fanouts.
**WARN: (IMPOPT-7098):	WARNING: A6M/am_result[3][3] is an undriven net with 1 fanouts.
**WARN: (IMPOPT-7098):	WARNING: A6M/am_result[3][2] is an undriven net with 1 fanouts.
**WARN: (IMPOPT-7098):	WARNING: A6M/am_result[3][1] is an undriven net with 1 fanouts.
**WARN: (IMPOPT-7098):	WARNING: A6M/am_result[3][0] is an undriven net with 1 fanouts.
**WARN: (EMS-27):	Message (IMPOPT-7098) has exceeded the current message display limit of 20.
To increase the message display limit, refer to the product command reference manual.
*info: Marking 0 isolation instances dont touch
*info: Marking 0 level shifter instances dont touch
*** SimplifyNetlist #1 [finish] (clock_opt_design #1) : cpu/real = 0:00:00.6/0:00:00.6 (1.0), totSession cpu/real = 0:01:12.4/0:03:39.5 (0.3), mem = 4991.4M
*** ExcludedClockNetOpt #1 [begin] (clock_opt_design #1) : totSession cpu/real = 0:01:12.6/0:03:39.7 (0.3), mem = 4991.4M
*** Starting optimizing excluded clock nets MEM= 4991.4M) ***
*info: No excluded clock nets to be optimized.
*** Finished optimizing excluded clock nets (CPU Time= 0:00:00.0  MEM= 4991.4M) ***
*** ExcludedClockNetOpt #1 [finish] (clock_opt_design #1) : cpu/real = 0:00:00.0/0:00:00.0 (24.3), totSession cpu/real = 0:01:12.6/0:03:39.7 (0.3), mem = 4991.4M
*** ExcludedClockNetOpt #2 [begin] (clock_opt_design #1) : totSession cpu/real = 0:01:12.6/0:03:39.7 (0.3), mem = 4991.4M
*** Starting optimizing excluded clock nets MEM= 4991.4M) ***
*info: No excluded clock nets to be optimized.
*** Finished optimizing excluded clock nets (CPU Time= 0:00:00.0  MEM= 4991.4M) ***
*** ExcludedClockNetOpt #2 [finish] (clock_opt_design #1) : cpu/real = 0:00:00.0/0:00:00.0 (0.0), totSession cpu/real = 0:01:12.6/0:03:39.7 (0.3), mem = 4991.4M
Info: Done creating the CCOpt slew target map.
Begin: GigaOpt high fanout net optimization
*** DrvOpt #1 [begin] (clock_opt_design #1) : totSession cpu/real = 0:01:12.8/0:03:39.8 (0.3), mem = 4991.4M
Info: 0 don't touch net , 30 undriven nets excluded from IPO operation.
Info: 1 net with fixed/cover wires excluded.
Info: 1 clock net  excluded from IPO operation.
	CornerforLayerOpt timing analysis view WORST_CASE has been selected for calibration 
	CornerforLayerOpt timing analysis view WORST_CASE has been selected for calibration 
	CornerforLayerOpt timing analysis view WORST_CASE has been selected for calibration 
	CornerforLayerOpt timing analysis view WORST_CASE has been selected for calibration 
	CornerforLayerOpt timing analysis view WORST_CASE has been selected for calibration 
	CornerforLayerOpt timing analysis view WORST_CASE has been selected for calibration 
	CornerforLayerOpt timing analysis view WORST_CASE has been selected for calibration 
	CornerforLayerOpt timing analysis view WORST_CASE has been selected for calibration 
*** DrvOpt #1 [finish] (clock_opt_design #1) : cpu/real = 0:00:00.3/0:00:00.3 (1.0), totSession cpu/real = 0:01:13.1/0:03:40.1 (0.3), mem = 4992.1M
End: GigaOpt high fanout net optimization
Number of setup views: 1
Begin: GigaOpt Global Optimization
*info: use new DP (enabled)
Info: 0 don't touch net , 30 undriven nets excluded from IPO operation.
Info: 1 net with fixed/cover wires excluded.
Info: 1 clock net  excluded from IPO operation.
*** GlobalOpt #1 [begin] (clock_opt_design #1) : totSession cpu/real = 0:01:13.1/0:03:40.2 (0.3), mem = 4992.1M
*info: 1 clock net excluded
*info: 72 no-driver nets excluded.
*info: 1 net with fixed/cover wires excluded.
** GigaOpt Global Opt WNS Slack 0.000  TNS Slack 0.000 
+--------+--------+---------+------------+--------+----------+---------+---------------------------------+
|  WNS   |  TNS   | Density |    Real    |  Mem   |Worst View|Pathgroup|            End Point            |
+--------+--------+---------+------------+--------+----------+---------+---------------------------------+
|   0.000|   0.000|   83.03%|   0:00:00.0| 5462.8M|WORST_CASE|       NA| NA                              |
+--------+--------+---------+------------+--------+----------+---------+---------------------------------+

*** Finish post-CTS Global Setup Fixing (cpu=0:00:00.0 real=0:00:00.0 mem=5462.8M) ***

*** Finish post-CTS Setup Fixing (cpu=0:00:00.0 real=0:00:00.0 mem=5462.8M) ***
Bottom Preferred Layer:
+---------------+------------+----------+
|     Layer     |    CLK     |   Rule   |
+---------------+------------+----------+
| Metal3 (z=3)  |          1 | default  |
+---------------+------------+----------+
Via Pillar Rule:
    None
** GigaOpt Global Opt End WNS Slack 0.000  TNS Slack 0.000 
*** GlobalOpt #1 [finish] (clock_opt_design #1) : cpu/real = 0:00:00.7/0:00:00.7 (1.1), totSession cpu/real = 0:01:13.8/0:03:40.8 (0.3), mem = 5024.8M
End: GigaOpt Global Optimization
*** Timing Is met
*** Check timing (0:00:00.0)
Info: 0 don't touch net , 30 undriven nets excluded from IPO operation.
Info: 1 net with fixed/cover wires excluded.
Info: 1 clock net  excluded from IPO operation.
Begin: Area Reclaim Optimization
*** AreaOpt #1 [begin] (clock_opt_design #1) : totSession cpu/real = 0:01:14.0/0:03:41.0 (0.3), mem = 5414.5M
Reclaim Optimization WNS Slack 0.100  TNS Slack 0.000 Density 83.03
+---------+---------+--------+--------+------------+--------+
| Density | Commits |  WNS   |  TNS   |    Real    |  Mem   |
+---------+---------+--------+--------+------------+--------+
|   83.03%|        -|   0.100|   0.000|   0:00:00.0| 5416.5M|
|   83.03%|        0|   0.100|   0.000|   0:00:00.0| 5416.5M|
|   83.03%|        0|   0.100|   0.000|   0:00:00.0| 5416.5M|
|   83.03%|        0|   0.100|   0.000|   0:00:00.0| 5416.5M|
|   83.03%|        0|   0.100|   0.000|   0:00:00.0| 5416.5M|
|   83.03%|        0|   0.100|   0.000|   0:00:00.0| 5416.5M|
+---------+---------+--------+--------+------------+--------+
Reclaim Optimization End WNS Slack 0.100  TNS Slack 0.000 Density 83.03
Bottom Preferred Layer:
+---------------+------------+----------+
|     Layer     |    CLK     |   Rule   |
+---------------+------------+----------+
| Metal3 (z=3)  |          1 | default  |
+---------------+------------+----------+
Via Pillar Rule:
    None

Number of times islegalLocAvaiable called = 0 skipped = 0, called in commitmove = 0, skipped in commitmove = 0
End: Core Area Reclaim Optimization (cpu = 0:00:00.6) (real = 0:00:00.0) **
*** AreaOpt #1 [finish] (clock_opt_design #1) : cpu/real = 0:00:00.6/0:00:00.5 (1.1), totSession cpu/real = 0:01:14.6/0:03:41.6 (0.3), mem = 5416.5M
Executing incremental physical updates
Executing incremental physical updates
End: Area Reclaim Optimization (cpu=0:00:01, real=0:00:00, mem=5027.47M, totSessionCpu=0:01:15).
Info: 0 don't touch net , 30 undriven nets excluded from IPO operation.
Info: 1 net with fixed/cover wires excluded.
Info: 1 clock net  excluded from IPO operation.
Begin: Area Reclaim Optimization
*** AreaOpt #2 [begin] (clock_opt_design #1) : totSession cpu/real = 0:01:14.9/0:03:41.8 (0.3), mem = 5413.2M
Reclaim Optimization WNS Slack 0.000  TNS Slack 0.000 Density 83.03
+---------+---------+--------+--------+------------+--------+
| Density | Commits |  WNS   |  TNS   |    Real    |  Mem   |
+---------+---------+--------+--------+------------+--------+
|   83.03%|        -|   0.000|   0.000|   0:00:00.0| 5417.2M|
|   82.95%|        1|   0.000|   0.000|   0:00:00.0| 5571.8M|
+---------+---------+--------+--------+------------+--------+
Reclaim Optimization End WNS Slack 0.000  TNS Slack 0.000 Density 82.95
Bottom Preferred Layer:
+---------------+------------+----------+
|     Layer     |    CLK     |   Rule   |
+---------------+------------+----------+
| Metal3 (z=3)  |          1 | default  |
+---------------+------------+----------+
Via Pillar Rule:
    None

Number of times islegalLocAvaiable called = 0 skipped = 0, called in commitmove = 0, skipped in commitmove = 0
End: Core Area Reclaim Optimization (cpu = 0:00:00.7) (real = 0:00:01.0) **
*** AreaOpt #2 [finish] (clock_opt_design #1) : cpu/real = 0:00:00.7/0:00:00.6 (1.1), totSession cpu/real = 0:01:15.6/0:03:42.4 (0.3), mem = 5571.8M
End: Area Reclaim Optimization (cpu=0:00:01, real=0:00:01, mem=5030.81M, totSessionCpu=0:01:16).
Info: 0 don't touch net , 30 undriven nets excluded from IPO operation.
Info: 1 net with fixed/cover wires excluded.
Info: 1 clock net  excluded from IPO operation.
Begin: Area Reclaim Optimization
*** AreaOpt #3 [begin] (clock_opt_design #1) : totSession cpu/real = 0:01:15.8/0:03:42.6 (0.3), mem = 5420.5M
Reclaim Optimization WNS Slack 0.070  TNS Slack 0.000 Density 82.95
+---------+---------+--------+--------+------------+--------+
| Density | Commits |  WNS   |  TNS   |    Real    |  Mem   |
+---------+---------+--------+--------+------------+--------+
|   82.95%|        -|   0.070|   0.000|   0:00:00.0| 5420.5M|
|   82.95%|        0|   0.070|   0.000|   0:00:00.0| 5420.5M|
|   82.95%|        0|   0.070|   0.000|   0:00:00.0| 5420.5M|
|   82.95%|        0|   0.070|   0.000|   0:00:00.0| 5420.5M|
|   82.95%|        0|   0.070|   0.000|   0:00:00.0| 5420.5M|
|   82.95%|        0|   0.070|   0.000|   0:00:00.0| 5420.5M|
+---------+---------+--------+--------+------------+--------+
Reclaim Optimization End WNS Slack 0.070  TNS Slack 0.000 Density 82.95
Bottom Preferred Layer:
+---------------+------------+----------+
|     Layer     |    CLK     |   Rule   |
+---------------+------------+----------+
| Metal3 (z=3)  |          1 | default  |
+---------------+------------+----------+
Via Pillar Rule:
    None

Number of times islegalLocAvaiable called = 0 skipped = 0, called in commitmove = 0, skipped in commitmove = 0
End: Core Area Reclaim Optimization (cpu = 0:00:00.2) (real = 0:00:00.0) **
*** Starting refinePlace (0:01:16 mem=5420.5M) ***
Total net bbox length = 9.146e+03 (4.744e+03 4.402e+03) (ext = 2.309e+03)
Max route layer is changed from 127 to 7 because there is no routing track above this layer
Max route layer is changed from 127 to 7 because there is no routing track above this layer
Max route layer is changed from 127 to 7 because there is no routing track above this layer
Move report: Detail placement moves 0 insts, mean move: 0.00 um, max move: 0.00 um 
	Runtime: CPU: 0:00:00.0 REAL: 0:00:00.0 MEM: 5388.5MB
Summary Report:
Instances move: 0 (out of 425 movable)
Instances flipped: 0
Mean displacement: 0.00 um
Max displacement: 0.00 um 
Physical-only instances move: 0 (out of 0 movable physical-only)
Total net bbox length = 9.146e+03 (4.744e+03 4.402e+03) (ext = 2.309e+03)
Runtime: CPU: 0:00:00.0 REAL: 0:00:00.0 MEM: 5388.5MB
*** Finished refinePlace (0:01:16 mem=5388.5M) ***
*** maximum move = 0.00 um ***
*** Finished re-routing un-routed nets (5388.5M) ***

*** Finish Physical Update (cpu=0:00:00.1 real=0:00:00.0 mem=5420.5M) ***
*** AreaOpt #3 [finish] (clock_opt_design #1) : cpu/real = 0:00:00.2/0:00:00.2 (1.1), totSession cpu/real = 0:01:16.0/0:03:42.8 (0.3), mem = 5420.5M
End: Area Reclaim Optimization (cpu=0:00:00, real=0:00:00, mem=5031.52M, totSessionCpu=0:01:16).
*** LocalWireReclaim #1 [begin] (clock_opt_design #1) : totSession cpu/real = 0:01:16.2/0:03:43.0 (0.3), mem = 5031.5M
Starting local wire reclaim
*** Starting refinePlace (0:01:16 mem=5031.5M) ***
Max route layer is changed from 127 to 7 because there is no routing track above this layer
Max route layer is changed from 127 to 7 because there is no routing track above this layer
Max route layer is changed from 127 to 7 because there is no routing track above this layer
*** Finished SKP initialization (cpu=0:00:00.3, real=0:00:00.0)***
Timing cost in AAE based: 282.6523253925861354
Max route layer is changed from 127 to 7 because there is no routing track above this layer
Max route layer is changed from 127 to 7 because there is no routing track above this layer
Call icdpEval cleanup ...
Move report: Detail placement moves 80 insts, mean move: 3.66 um, max move: 26.04 um 
	Max move on inst (A6M/g3586): (80.22, 37.38) --> (65.52, 48.72)
	Runtime: CPU: 0:00:00.6 REAL: 0:00:00.0 MEM: 4999.5MB
Summary Report:
Instances move: 80 (out of 425 movable)
Instances flipped: 1
Mean displacement: 3.66 um
Max displacement: 26.04 um (Instance: A6M/g3586) (80.22, 37.38) -> (65.52, 48.72)
	Length: 3 sites, height: 1 rows, site name: CoreSite, cell type: INVJIX0
Physical-only instances move: 0 (out of 0 movable physical-only)
Runtime: CPU: 0:00:00.6 REAL: 0:00:00.0 MEM: 4999.5MB
*** Finished refinePlace (0:01:17 mem=4999.5M) ***
*** LocalWireReclaim #1 [finish] (clock_opt_design #1) : cpu/real = 0:00:00.6/0:00:00.4 (1.4), totSession cpu/real = 0:01:16.8/0:03:43.5 (0.3), mem = 4999.5M
AAE_INFO: opIsDesignInPostRouteState() is 0
#################################################################################
# Design Stage: PreRoute
# Design Name: Main
# Design Mode: 130nm
# Analysis Mode: MMMC Non-OCV 
# Parasitics Mode: No SPEF/RCDB 
# Signoff Settings: SI Off 
#################################################################################
Calculate delays in BcWc mode...
Start delay calculation (fullDC) (8 T). (MEM=3308.65)
Total number of fetched objects 497
End delay calculation. (MEM=3331.34 CPU=0:00:00.1 REAL=0:00:00.0)
End delay calculation (fullDC). (MEM=3331.34 CPU=0:00:00.2 REAL=0:00:00.0)
eGR doReRoute: optGuide
Max route layer is changed from 127 to 7 because there is no routing track above this layer
Max route layer is changed from 127 to 7 because there is no routing track above this layer
[NR-eGR] Early global route reroute all routable nets
[NR-eGR] Track table information for default rule: 
[NR-eGR] Metal1 has single uniform track structure
[NR-eGR] Metal2 has single uniform track structure
[NR-eGR] Metal3 has single uniform track structure
[NR-eGR] Metal4 has single uniform track structure
[NR-eGR] Metal5 has single uniform track structure
[NR-eGR] TopMetal1 has single uniform track structure
[NR-eGR] TopMetal2 has single uniform track structure
[NR-eGR] Read 474 PG shapes
[NR-eGR] Read 0 clock shapes
[NR-eGR] Read 0 other shapes
[NR-eGR] #Routing Blockages  : 0
[NR-eGR] #Instance Blockages : 0
[NR-eGR] #PG Blockages       : 474
[NR-eGR] #Halo Blockages     : 0
[NR-eGR] #Boundary Blockages : 0
[NR-eGR] #Clock Blockages    : 0
[NR-eGR] #Other Blockages    : 0
[NR-eGR] #prerouted nets         : 1
[NR-eGR] #prerouted special nets : 0
[NR-eGR] #prerouted wires        : 206
[NR-eGR] Read 491 nets ( ignored 1 )
[NR-eGR] ============ Routing rule table ============
[NR-eGR] Rule id: 0  Nets: 490
[NR-eGR] ========================================
[NR-eGR] 
[NR-eGR] Layer group 1: route 490 net(s) in layer range [2, 7]
[NR-eGR] Early Global Route overflow of layer group 1: 0.00% H + 0.00% V. EstWL: 1.031940e+04um
[NR-eGR] Congestion Analysis By layer: (blocked Gcells are excluded) 
[NR-eGR]                        OverCon            
[NR-eGR]                         #Gcell     %Gcell
[NR-eGR]        Layer             (1-0)    OverCon
[NR-eGR] ----------------------------------------------
[NR-eGR]  Metal1 ( 1)         0( 0.00%)   ( 0.00%) 
[NR-eGR]  Metal2 ( 2)         0( 0.00%)   ( 0.00%) 
[NR-eGR]  Metal3 ( 3)         0( 0.00%)   ( 0.00%) 
[NR-eGR]  Metal4 ( 4)         0( 0.00%)   ( 0.00%) 
[NR-eGR]  Metal5 ( 5)         0( 0.00%)   ( 0.00%) 
[NR-eGR] TopMetal1 ( 6)         0( 0.00%)   ( 0.00%) 
[NR-eGR] TopMetal2 ( 7)         0( 0.00%)   ( 0.00%) 
[NR-eGR] ----------------------------------------------
[NR-eGR]        Total         0( 0.00%)   ( 0.00%) 
[NR-eGR] 
[NR-eGR] Overflow after Early Global Route 0.00% H + 0.00% V
[NR-eGR] Connected 0 must-join pins/ports (post-process)
[NR-eGR] Total eGR-routed clock nets wire length: 0um, number of vias: 0
[NR-eGR] --------------------------------------------------------------------------
[NR-eGR]                    Length (um)  Vias 
[NR-eGR] -------------------------------------
[NR-eGR]  Metal1     (1H)             0  1748 
[NR-eGR]  Metal2     (2V)          5240  2457 
[NR-eGR]  Metal3     (3H)          5695   142 
[NR-eGR]  Metal4     (4V)           780    27 
[NR-eGR]  Metal5     (5H)           152     0 
[NR-eGR]  TopMetal1  (6V)             0     0 
[NR-eGR]  TopMetal2  (7H)             0     0 
[NR-eGR] -------------------------------------
[NR-eGR]             Total        11867  4374 
[NR-eGR] --------------------------------------------------------------------------
[NR-eGR] Total half perimeter of net bounding box: 9067um
[NR-eGR] Total length: 11867um, number of vias: 4374
[NR-eGR] --------------------------------------------------------------------------
[NR-eGR] Finished Early Global Route kernel ( CPU: 0.18 sec, Real: 0.08 sec, Curr Mem: 4.75 MB )
[NR-eGR] Finished Early Global Route ( CPU: 0.18 sec, Real: 0.09 sec, Curr Mem: 4.75 MB )
Extraction called for design 'Main' of instances=425 and nets=666 using extraction engine 'preRoute' .
PreRoute RC Extraction called for design Main.
RC Extraction called in multi-corner(2) mode.
RCMode: PreRoute
      RC Corner Indexes            0       1   
Capacitance Scaling Factor   : 1.00000 1.00000 
Resistance Scaling Factor    : 1.00000 1.00000 
Clock Cap. Scaling Factor    : 1.00000 1.00000 
Clock Res. Scaling Factor    : 1.00000 1.00000 
Shrink Factor                : 1.00000
PreRoute extraction is honoring NDR/Shielding/ExtraSpace for clock nets.
Using capacitance table file ...
Updating RC Grid density data for preRoute extraction ...
Initializing multi-corner capacitance tables ... 
Initializing multi-corner resistance tables ...
PreRoute RC Extraction DONE (CPU Time: 0:00:00.0  Real Time: 0:00:01.0  MEM: 4952.484M)
Compute RC Scale Done ...
[hotspot] +------------+---------------+---------------+
[hotspot] |            |   max hotspot | total hotspot |
[hotspot] +------------+---------------+---------------+
[hotspot] | normalized |          0.00 |          0.00 |
[hotspot] +------------+---------------+---------------+
Local HotSpot Analysis: normalized max congestion hotspot area = 0.00, normalized total congestion hotspot area = 0.00 (area is in unit of 4 std-cell row bins)
Begin: GigaOpt Route Type Constraints Refinement
*** CongRefineRouteType #2 [begin] (clock_opt_design #1) : totSession cpu/real = 0:01:17.9/0:03:44.2 (0.3), mem = 4952.6M
Updated routing constraints on 0 nets.
Bottom Preferred Layer:
+---------------+------------+----------+
|     Layer     |    CLK     |   Rule   |
+---------------+------------+----------+
| Metal3 (z=3)  |          1 | default  |
+---------------+------------+----------+
Via Pillar Rule:
    None
*** CongRefineRouteType #2 [finish] (clock_opt_design #1) : cpu/real = 0:00:00.0/0:00:00.0 (0.0), totSession cpu/real = 0:01:17.9/0:03:44.2 (0.3), mem = 4952.6M
End: GigaOpt Route Type Constraints Refinement
skip EGR on cluster skew clock nets.
Starting delay calculation for Setup views
AAE_INFO: opIsDesignInPostRouteState() is 0
#################################################################################
# Design Stage: PreRoute
# Design Name: Main
# Design Mode: 130nm
# Analysis Mode: MMMC Non-OCV 
# Parasitics Mode: No SPEF/RCDB 
# Signoff Settings: SI Off 
#################################################################################
Calculate delays in BcWc mode...
Start delay calculation (fullDC) (8 T). (MEM=3306.41)
Total number of fetched objects 497
End delay calculation. (MEM=3347.78 CPU=0:00:00.1 REAL=0:00:00.0)
End delay calculation (fullDC). (MEM=3347.78 CPU=0:00:00.1 REAL=0:00:00.0)
*** Done Building Timing Graph (cpu=0:00:00.4 real=0:00:00.0 totSessionCpu=0:01:18 mem=5428.4M)
Begin: GigaOpt postEco DRV Optimization
*** DrvOpt #2 [begin] (clock_opt_design #1) : totSession cpu/real = 0:01:18.5/0:03:44.6 (0.3), mem = 5428.4M
Info: 0 don't touch net , 30 undriven nets excluded from IPO operation.
Info: 1 net with fixed/cover wires excluded.
Info: 1 clock net  excluded from IPO operation.
	CornerforLayerOpt timing analysis view WORST_CASE has been selected for calibration 
	CornerforLayerOpt timing analysis view WORST_CASE has been selected for calibration 
	CornerforLayerOpt timing analysis view WORST_CASE has been selected for calibration 
	CornerforLayerOpt timing analysis view WORST_CASE has been selected for calibration 
	CornerforLayerOpt timing analysis view WORST_CASE has been selected for calibration 
	CornerforLayerOpt timing analysis view WORST_CASE has been selected for calibration 
	CornerforLayerOpt timing analysis view WORST_CASE has been selected for calibration 
	CornerforLayerOpt timing analysis view WORST_CASE has been selected for calibration 
+-------------------------------------------------------------------------------------------------------------------------------------------------------+
|        max-tran       |        max-cap        |  max-fanout |  max-length |       setup       |        |        |        |       |          |         |
+-------------------------------------------------------------------------------------------------------------------------------------------------------+
| nets | terms|  wViol  | nets | terms|  wViol  | nets | terms| nets | terms|   WNS   |   TNS   |  #Buf  |  #Inv  | #Resize|Density|   Real   |   Mem   |
+-------------------------------------------------------------------------------------------------------------------------------------------------------+
|     0|     0|     0.00|     0|     0|     0.00|     7|     7|     0|     0|     0.53|     0.00|       0|       0|       0| 82.95%|          |         |
|     0|     0|     0.00|     0|     0|     0.00|     8|     8|     0|     0|     0.53|     0.00|       1|       0|       0| 83.03%| 0:00:00.0|  5646.5M|
|     0|     0|     0.00|     0|     0|     0.00|     8|     8|     0|     0|     0.53|     0.00|       0|       0|       0| 83.03%| 0:00:00.0|  5646.5M|
+-------------------------------------------------------------------------------------------------------------------------------------------------------+
Bottom Preferred Layer:
+---------------+------------+----------+
|     Layer     |    CLK     |   Rule   |
+---------------+------------+----------+
| Metal3 (z=3)  |          1 | default  |
+---------------+------------+----------+
Via Pillar Rule:
    None

*** Finish DRV Fixing (cpu=0:00:00.1 real=0:00:00.0 mem=5646.5M) ***

*** DrvOpt #2 [finish] (clock_opt_design #1) : cpu/real = 0:00:00.4/0:00:00.3 (1.2), totSession cpu/real = 0:01:18.9/0:03:45.0 (0.4), mem = 5064.5M
End: GigaOpt postEco DRV Optimization
Running refinePlace -preserveRouting true -hardFence false
*** Starting refinePlace (0:01:19 mem=5064.5M) ***
Max route layer is changed from 127 to 7 because there is no routing track above this layer
Max route layer is changed from 127 to 7 because there is no routing track above this layer

Starting Small incrNP...
Density distribution unevenness ratio = 1.917%
Skipped incrNP (cpu=0:00:00.0, real=0:00:00.0, mem=5064.5M)
End of Small incrNP (cpu=0:00:00.0, real=0:00:00.0)
Max route layer is changed from 127 to 7 because there is no routing track above this layer
Max route layer is changed from 127 to 7 because there is no routing track above this layer
Move report: Detail placement moves 4 insts, mean move: 1.36 um, max move: 1.68 um 
	Max move on inst (A6M/activation_reg_reg[5][5]): (102.90, 94.08) --> (101.22, 94.08)
	Runtime: CPU: 0:00:00.0 REAL: 0:00:00.0 MEM: 5032.5MB
Summary Report:
Instances move: 4 (out of 426 movable)
Instances flipped: 0
Mean displacement: 1.36 um
Max displacement: 1.68 um (Instance: A6M/activation_reg_reg[5][5]) (102.9, 94.08) -> (101.22, 94.08)
	Length: 26 sites, height: 1 rows, site name: CoreSite, cell type: SDFRRQJIX1
Physical-only instances move: 0 (out of 0 movable physical-only)
Runtime: CPU: 0:00:00.1 REAL: 0:00:00.0 MEM: 5032.5MB
*** Finished refinePlace (0:01:19 mem=5032.5M) ***
Register exp ratio and priority group on 0 nets on 528 nets : 

Active setup views:
 WORST_CASE
  Dominating endpoints: 0
  Dominating TNS: -0.000

Extraction called for design 'Main' of instances=426 and nets=667 using extraction engine 'preRoute' .
PreRoute RC Extraction called for design Main.
RC Extraction called in multi-corner(2) mode.
RCMode: PreRoute
      RC Corner Indexes            0       1   
Capacitance Scaling Factor   : 1.00000 1.00000 
Resistance Scaling Factor    : 1.00000 1.00000 
Clock Cap. Scaling Factor    : 1.00000 1.00000 
Clock Res. Scaling Factor    : 1.00000 1.00000 
Shrink Factor                : 1.00000
PreRoute extraction is honoring NDR/Shielding/ExtraSpace for clock nets.
Using capacitance table file ...
Updating RC Grid density data for preRoute extraction ...
Initializing multi-corner capacitance tables ... 
Initializing multi-corner resistance tables ...
PreRoute RC Extraction DONE (CPU Time: 0:00:00.0  Real Time: 0:00:00.0  MEM: 4968.703M)
Starting delay calculation for Setup views
AAE_INFO: opIsDesignInPostRouteState() is 0
#################################################################################
# Design Stage: PreRoute
# Design Name: Main
# Design Mode: 130nm
# Analysis Mode: MMMC Non-OCV 
# Parasitics Mode: No SPEF/RCDB 
# Signoff Settings: SI Off 
#################################################################################
Calculate delays in BcWc mode...
Start delay calculation (fullDC) (8 T). (MEM=3337.66)
Total number of fetched objects 498
End delay calculation. (MEM=3388.15 CPU=0:00:00.1 REAL=0:00:00.0)
End delay calculation (fullDC). (MEM=3388.15 CPU=0:00:00.2 REAL=0:00:00.0)
*** Done Building Timing Graph (cpu=0:00:00.5 real=0:00:00.0 totSessionCpu=0:01:20 mem=5454.7M)
OPTC: user 20.0
Reported timing to dir ./timingReports
**optDesign ... cpu = 0:00:11, real = 0:00:20, mem = 3351.1M, totSessionCpu=0:01:20 **

------------------------------------------------------------------
     optDesign Final Summary
------------------------------------------------------------------

Setup views included:
 WORST_CASE 

+--------------------+---------+---------+---------+
|     Setup mode     |   all   | reg2reg | default |
+--------------------+---------+---------+---------+
|           WNS (ns):|  0.531  |  0.531  |  1.768  |
|           TNS (ns):|  0.000  |  0.000  |  0.000  |
|    Violating Paths:|    0    |    0    |    0    |
|          All Paths:|   276   |   181   |   148   |
+--------------------+---------+---------+---------+

+----------------+-------------------------------+------------------+
|                |              Real             |       Total      |
|    DRVs        +------------------+------------+------------------|
|                |  Nr nets(terms)  | Worst Vio  |  Nr nets(terms)  |
+----------------+------------------+------------+------------------+
|   max_cap      |      0 (0)       |   0.000    |      0 (0)       |
|   max_tran     |      0 (0)       |   0.000    |      0 (0)       |
|   max_fanout   |      8 (8)       |    -67     |      8 (8)       |
|   max_length   |      0 (0)       |     0      |      0 (0)       |
+----------------+------------------+------------+------------------+

Density: 83.028%
Routing Overflow: 0.00% H and 0.00% V
------------------------------------------------------------------
Begin: Collecting metrics
 ------------------------------------------------------------------------------------------------------------------------------------------------------- 
| Snapshot                | WNS                  | TNS                  | Density (%) | Hotspot                   | Resource               | DRVs       |
|                         | HEPG (ns) | ALL (ns) | HEPG (ns) | ALL (ns) |             | Max (bins) | Total (bins) | Real (s) | Memory (MB) | Tran | Cap |
|-------------------------+-----------+----------+-----------+----------+-------------+------------+--------------+----------+-------------+------+-----|
| initial_summary         |     0.483 |    0.483 |           |        0 |       83.03 |            |              | 0:00:01  |        4974 |    0 |   0 |
| route_type_refinement   |           |          |           |          |             |            |              | 0:00:00  |        4976 |      |     |
| simplify_netlist        |           |          |           |          |             |            |              | 0:00:01  |        4991 |      |     |
| excluded_clk_net_fixing |           |          |           |          |             |            |              | 0:00:00  |        4991 |      |     |
| global_opt              |           |    0.483 |           |        0 |       83.03 |            |              | 0:00:00  |        5025 |      |     |
| area_reclaiming         |     0.483 |    0.483 |         0 |        0 |       83.03 |            |              | 0:00:01  |        5027 |      |     |
| area_reclaiming_2       |     0.483 |    0.483 |         0 |        0 |       82.95 |            |              | 0:00:01  |        5031 |      |     |
| area_reclaiming_3       |     0.483 |    0.483 |         0 |        0 |       82.95 |            |              | 0:00:00  |        5032 |      |     |
| local_wire_reclaim      |           |          |           |          |             |            |              | 0:00:00  |        5000 |      |     |
| global_route            |           |          |           |          |             |       0.00 |         0.00 | 0:00:01  |        4953 |      |     |
| route_type_refinement_2 |           |          |           |          |             |            |              | 0:00:00  |        4953 |      |     |
| drv_eco_fixing          |     0.531 |    0.531 |         0 |        0 |       83.03 |            |              | 0:00:01  |        5065 |    0 |   0 |
| final_summary           |     0.531 |    0.531 |           |        0 |       83.03 |            |              | 0:00:07  |        5060 |    0 |   0 |
 ------------------------------------------------------------------------------------------------------------------------------------------------------- 
End: Collecting metrics
**optDesign ... cpu = 0:00:11, real = 0:00:27, mem = 3357.8M, totSessionCpu=0:01:20 **
*** Finished optDesign ***
      flow.cputime  flow.realtime  timing.setup.tns  timing.setup.wns  snapshot
UM:*                                                                   final
      flow.cputime  flow.realtime  timing.setup.tns  timing.setup.wns  snapshot
UM:*                                                                   opt_design_postcts
Info: final physical memory for 9 CRR processes is 844.96MB.
Info: Summary of CRR changes:
      - Timing transform commits:       0
Info: Destroy the CCOpt slew target map.
Set place::cacheFPlanSiteMark to 0
(clock_opt_design): dumping clock statistics to metric
Updating ideal nets and annotations...
Clock tree spec update: Ideal nets, transition and delay annotations were updated to match active timing constraints.
Updating ideal nets and annotations done. (took cpu=0:00:00.0 real=0:00:00.0)
No differences between SDC and CTS ideal net status found.
Clock tree timing engine global stage delay update for MAX_DEALY:setup.early...
Clock tree timing engine global stage delay update for MAX_DEALY:setup.early done. (took cpu=0:00:00.0 real=0:00:00.0)
Clock tree timing engine global stage delay update for MAX_DEALY:setup.late...
Clock tree timing engine global stage delay update for MAX_DEALY:setup.late done. (took cpu=0:00:00.0 real=0:00:00.0)
Clock tree timing engine global stage delay update for MIN_DEALY:hold.early...
Clock tree timing engine global stage delay update for MIN_DEALY:hold.early done. (took cpu=0:00:00.0 real=0:00:00.0)
Clock tree timing engine global stage delay update for MIN_DEALY:hold.late...
Clock tree timing engine global stage delay update for MIN_DEALY:hold.late done. (took cpu=0:00:00.0 real=0:00:00.0)
UM: Running design category ...
      flow.cputime  flow.realtime  timing.setup.tns  timing.setup.wns  snapshot
UM:          31.29            144          0.000 ns          0.531 ns  clock_opt_design

*** Summary of all messages that are not suppressed in this session:
Severity  ID               Count  Summary                                  
WARNING   IMPDBTCL-200         1  %s                                       
WARNING   IMPSP-105           10  'setPlaceMode -maxRouteLayer' will becom...
WARNING   IMPOPT-7098         30  WARNING: %s is an undriven net with %d f...
WARNING   IMPCCOPT-1182        1  The clock_gating_cells property has no u...
WARNING   IMPCCOPT-2441        2  The target_max_trans %s is too low for d...
WARNING   IMPTR-2104           1  Layer %s: Pitch=%d is less than min widt...
WARNING   IMPTR-2108           1  For layer M%d, the gaps of %d out of %d ...
*** Message Summary: 46 warning(s), 0 error(s)

*** clock_opt_design #1 [finish] () : cpu/real = 0:00:26.0/0:00:46.4 (0.6), totSession cpu/real = 0:01:21.1/0:04:01.1 (0.3), mem = 5098.0M
Ending "clock_opt_design" (total cpu=0:00:26.1, real=0:00:47.0, peak res=3406.4M, current mem=3280.4M)
<CMD> timeDesign -postCTS
*** timeDesign #2 [begin] () : totSession cpu/real = 0:01:21.1/0:04:01.1 (0.3), mem = 4998.0M
Start to check current routing status for nets...
All nets are already routed correctly.
End to check current routing status for nets (mem=4998.0M)

------------------------------------------------------------------
          timeDesign Summary
------------------------------------------------------------------

Setup views included:
 WORST_CASE 

+--------------------+---------+---------+---------+
|     Setup mode     |   all   | reg2reg | default |
+--------------------+---------+---------+---------+
|           WNS (ns):|  0.531  |  0.531  |  1.768  |
|           TNS (ns):|  0.000  |  0.000  |  0.000  |
|    Violating Paths:|    0    |    0    |    0    |
|          All Paths:|   276   |   181   |   148   |
+--------------------+---------+---------+---------+

+----------------+-------------------------------+------------------+
|                |              Real             |       Total      |
|    DRVs        +------------------+------------+------------------|
|                |  Nr nets(terms)  | Worst Vio  |  Nr nets(terms)  |
+----------------+------------------+------------+------------------+
|   max_cap      |      0 (0)       |   0.000    |      0 (0)       |
|   max_tran     |      0 (0)       |   0.000    |      0 (0)       |
|   max_fanout   |      8 (8)       |    -67     |      8 (8)       |
|   max_length   |      0 (0)       |     0      |      0 (0)       |
+----------------+------------------+------------+------------------+

Density: 83.028%
Routing Overflow: 0.00% H and 0.00% V
------------------------------------------------------------------
Reported timing to dir ./timingReports
Total CPU time: 0.25 sec
Total Real time: 6.0 sec
Total Memory Usage: 4999.125 Mbytes
*** timeDesign #2 [finish] () : cpu/real = 0:00:00.3/0:00:06.1 (0.0), totSession cpu/real = 0:01:21.4/0:04:07.3 (0.3), mem = 4999.1M
<CMD> optDesign -postCTS
**optDesign ... cpu = 0:00:00, real = 0:00:00, mem = 3282.9M, totSessionCpu=0:01:21 **
*** optDesign #1 [begin] () : totSession cpu/real = 0:01:21.4/0:04:07.3 (0.3), mem = 4999.1M
GigaOpt running with 8 threads.
*** InitOpt #1 [begin] (optDesign #1) : totSession cpu/real = 0:01:21.4/0:04:07.3 (0.3), mem = 4999.1M
**INFO: User settings:
setDesignMode -process                                         130
setExtractRCMode -coupling_c_th                                0.4
setExtractRCMode -engine                                       preRoute
setExtractRCMode -relative_c_th                                1
setExtractRCMode -total_c_th                                   0
setUsefulSkewMode -opt_skew_eco_route                          false
setUsefulSkewMode -opt_skew_max_allowed_delay                  1
setUsefulSkewMode -opt_skew_no_boundary                        false
setDelayCalMode -enable_high_fanout                            true
setDelayCalMode -eng_enablePrePlacedFlow                       false
setDelayCalMode -engine                                        aae
setDelayCalMode -ignoreNetLoad                                 false
setDelayCalMode -socv_accuracy_mode                            low
setOptMode -opt_view_pruning_setup_views_active_list           { WORST_CASE }
setOptMode -opt_view_pruning_setup_views_persistent_list       { WORST_CASE}
setOptMode -opt_view_pruning_tdgr_setup_views_persistent_list  { WORST_CASE}
setOptMode -opt_drv_margin                                     0
setOptMode -opt_drv                                            true
setOptMode -opt_resize_flip_flops                              true
setOptMode -opt_preserve_all_sequential                        false
setOptMode -opt_setup_target_slack                             0
setPlaceMode -maxRouteLayer                                    7
setPlaceMode -place_design_floorplan_mode                      false
setPlaceMode -place_detail_check_route                         false
setPlaceMode -place_detail_preserve_routing                    true
setPlaceMode -place_detail_remove_affected_routing             false
setPlaceMode -place_detail_swap_eeq_cells                      false
setPlaceMode -place_global_clock_gate_aware                    true
setPlaceMode -place_global_cong_effort                         auto
setPlaceMode -place_global_ignore_scan                         true
setPlaceMode -place_global_ignore_spare                        false
setPlaceMode -place_global_module_aware_spare                  false
setPlaceMode -place_global_place_io_pins                       false
setPlaceMode -place_global_reorder_scan                        true
setPlaceMode -powerDriven                                      false
setPlaceMode -timingDriven                                     true
setAnalysisMode -checkType                                     setup
setAnalysisMode -clkSrcPath                                    true
setAnalysisMode -clockPropagation                              sdcControl
setAnalysisMode -skew                                          true
setAnalysisMode -usefulSkew                                    true
setAnalysisMode -virtualIPO                                    false
setRouteMode -earlyGlobalHonorMsvRouteConstraint               false
setRouteMode -earlyGlobalRoutePartitionPinGuide                true

**INFO: setDesignMode -flowEffort standard -> setting 'setOptMode -allEndPoints true' for the duration of this command.
Need call spDPlaceInit before registerPrioInstLoc.
Info: Using SynthesisEngine executable '/eda/cadence/2024-25/RHELx86/DDIEXPORT_23.31.000/INNOVUS231/bin/innovus_'.
      (normalized executable '/mnt/cae_storage_sw/eda/cadence/2024-25/RHELx86/DDIEXPORT_23.31.000/INNOVUS231/bin/innovus_')
      SynthesisEngine workers will not check out additional licenses.
**INFO: Using Advanced Metric Collection system.
**optDesign ... cpu = 0:00:01, real = 0:00:10, mem = 3294.2M, totSessionCpu=0:01:22 **
#optDebug: { P: 130 W: 2201 FE: standard PE: none LDR: 1}
*** optDesign -postCTS ***
DRC Margin: user margin 0.0; extra margin 0.2
Hold Target Slack: user slack 0
Setup Target Slack: user slack 0; extra slack 0.0
setUsefulSkewMode -opt_skew_eco_route false
Multi-VT timing optimization disabled based on library information.
Start to check current routing status for nets...
All nets are already routed correctly.
End to check current routing status for nets (mem=4969.1M)
	CornerforLayerOpt timing analysis view WORST_CASE has been selected for calibration 
	CornerforLayerOpt timing analysis view WORST_CASE has been selected for calibration 
	CornerforLayerOpt timing analysis view WORST_CASE has been selected for calibration 
	CornerforLayerOpt timing analysis view WORST_CASE has been selected for calibration 
Compute RC Scale Done ...

------------------------------------------------------------------
             Initial Summary
------------------------------------------------------------------

Setup views included:
 WORST_CASE 

+--------------------+---------+---------+---------+
|     Setup mode     |   all   | reg2reg | default |
+--------------------+---------+---------+---------+
|           WNS (ns):|  0.531  |  0.531  |  1.768  |
|           TNS (ns):|  0.000  |  0.000  |  0.000  |
|    Violating Paths:|    0    |    0    |    0    |
|          All Paths:|   276   |   181   |   148   |
+--------------------+---------+---------+---------+

+----------------+-------------------------------+------------------+
|                |              Real             |       Total      |
|    DRVs        +------------------+------------+------------------|
|                |  Nr nets(terms)  | Worst Vio  |  Nr nets(terms)  |
+----------------+------------------+------------+------------------+
|   max_cap      |      0 (0)       |   0.000    |      0 (0)       |
|   max_tran     |      0 (0)       |   0.000    |      0 (0)       |
|   max_fanout   |      8 (8)       |    -67     |      8 (8)       |
|   max_length   |      0 (0)       |     0      |      0 (0)       |
+----------------+------------------+------------+------------------+

Density: 83.028%
------------------------------------------------------------------
**optDesign ... cpu = 0:00:02, real = 0:00:11, mem = 3358.9M, totSessionCpu=0:01:23 **
*** InitOpt #1 [finish] (optDesign #1) : cpu/real = 0:00:01.8/0:00:11.6 (0.2), totSession cpu/real = 0:01:23.2/0:04:18.9 (0.3), mem = 5066.1M
** INFO : this run is activating low effort ccoptDesign flow
OPTC: m4 20.0 50.0 [ 250.0 20.0 50.0 ]
OPTC: view 50.0:250.0 [ 0.0500 ]
-opt_post_cts_congestion_repair false      # bool, default=false, private
Begin: GigaOpt Route Type Constraints Refinement
*** CongRefineRouteType #1 [begin] (optDesign #1) : totSession cpu/real = 0:01:23.3/0:04:19.0 (0.3), mem = 5035.1M
Updated routing constraints on 0 nets.
Bottom Preferred Layer:
+---------------+------------+----------+
|     Layer     |    CLK     |   Rule   |
+---------------+------------+----------+
| Metal3 (z=3)  |          1 | default  |
+---------------+------------+----------+
Via Pillar Rule:
    None
*** CongRefineRouteType #1 [finish] (optDesign #1) : cpu/real = 0:00:00.0/0:00:00.0 (1.3), totSession cpu/real = 0:01:23.3/0:04:19.0 (0.3), mem = 5067.1M
End: GigaOpt Route Type Constraints Refinement
*** SimplifyNetlist #1 [begin] (optDesign #1) : totSession cpu/real = 0:01:23.5/0:04:19.2 (0.3), mem = 5067.1M
Info: 0 don't touch net , 30 undriven nets excluded from IPO operation.
Info: 1 net with fixed/cover wires excluded.
Info: 1 clock net  excluded from IPO operation.

Netlist preparation processing... 
Removed 0 instance
**WARN: (IMPOPT-7098):	WARNING: A6M/am_result[0][4] is an undriven net with 1 fanouts.
**WARN: (IMPOPT-7098):	WARNING: A6M/am_result[0][3] is an undriven net with 1 fanouts.
**WARN: (IMPOPT-7098):	WARNING: A6M/am_result[0][2] is an undriven net with 1 fanouts.
**WARN: (IMPOPT-7098):	WARNING: A6M/am_result[0][1] is an undriven net with 1 fanouts.
**WARN: (IMPOPT-7098):	WARNING: A6M/am_result[0][0] is an undriven net with 1 fanouts.
**WARN: (IMPOPT-7098):	WARNING: A6M/am_result[1][4] is an undriven net with 1 fanouts.
**WARN: (IMPOPT-7098):	WARNING: A6M/am_result[1][3] is an undriven net with 1 fanouts.
**WARN: (IMPOPT-7098):	WARNING: A6M/am_result[1][2] is an undriven net with 1 fanouts.
**WARN: (IMPOPT-7098):	WARNING: A6M/am_result[1][1] is an undriven net with 1 fanouts.
**WARN: (IMPOPT-7098):	WARNING: A6M/am_result[1][0] is an undriven net with 1 fanouts.
**WARN: (IMPOPT-7098):	WARNING: A6M/am_result[2][4] is an undriven net with 1 fanouts.
**WARN: (IMPOPT-7098):	WARNING: A6M/am_result[2][3] is an undriven net with 1 fanouts.
**WARN: (IMPOPT-7098):	WARNING: A6M/am_result[2][2] is an undriven net with 1 fanouts.
**WARN: (IMPOPT-7098):	WARNING: A6M/am_result[2][1] is an undriven net with 1 fanouts.
**WARN: (IMPOPT-7098):	WARNING: A6M/am_result[2][0] is an undriven net with 1 fanouts.
**WARN: (IMPOPT-7098):	WARNING: A6M/am_result[3][4] is an undriven net with 1 fanouts.
**WARN: (IMPOPT-7098):	WARNING: A6M/am_result[3][3] is an undriven net with 1 fanouts.
**WARN: (IMPOPT-7098):	WARNING: A6M/am_result[3][2] is an undriven net with 1 fanouts.
**WARN: (IMPOPT-7098):	WARNING: A6M/am_result[3][1] is an undriven net with 1 fanouts.
**WARN: (IMPOPT-7098):	WARNING: A6M/am_result[3][0] is an undriven net with 1 fanouts.
**WARN: (EMS-27):	Message (IMPOPT-7098) has exceeded the current message display limit of 20.
To increase the message display limit, refer to the product command reference manual.
*info: Marking 0 isolation instances dont touch
*info: Marking 0 level shifter instances dont touch
*** SimplifyNetlist #1 [finish] (optDesign #1) : cpu/real = 0:00:00.5/0:00:00.5 (1.0), totSession cpu/real = 0:01:24.0/0:04:19.7 (0.3), mem = 5072.9M
*** ExcludedClockNetOpt #1 [begin] (optDesign #1) : totSession cpu/real = 0:01:24.2/0:04:19.9 (0.3), mem = 5072.9M
*** Starting optimizing excluded clock nets MEM= 5072.9M) ***
*info: No excluded clock nets to be optimized.
*** Finished optimizing excluded clock nets (CPU Time= 0:00:00.0  MEM= 5072.9M) ***
*** ExcludedClockNetOpt #1 [finish] (optDesign #1) : cpu/real = 0:00:00.0/0:00:00.0 (0.0), totSession cpu/real = 0:01:24.2/0:04:19.9 (0.3), mem = 5072.9M
*** ExcludedClockNetOpt #2 [begin] (optDesign #1) : totSession cpu/real = 0:01:24.2/0:04:19.9 (0.3), mem = 5072.9M
*** Starting optimizing excluded clock nets MEM= 5072.9M) ***
*info: No excluded clock nets to be optimized.
*** Finished optimizing excluded clock nets (CPU Time= 0:00:00.0  MEM= 5072.9M) ***
*** ExcludedClockNetOpt #2 [finish] (optDesign #1) : cpu/real = 0:00:00.0/0:00:00.0 (0.0), totSession cpu/real = 0:01:24.2/0:04:19.9 (0.3), mem = 5072.9M
Info: Done creating the CCOpt slew target map.
Begin: GigaOpt high fanout net optimization
*** DrvOpt #1 [begin] (optDesign #1) : totSession cpu/real = 0:01:24.4/0:04:20.0 (0.3), mem = 5072.9M
Info: 0 don't touch net , 30 undriven nets excluded from IPO operation.
Info: 1 net with fixed/cover wires excluded.
Info: 1 clock net  excluded from IPO operation.
	CornerforLayerOpt timing analysis view WORST_CASE has been selected for calibration 
	CornerforLayerOpt timing analysis view WORST_CASE has been selected for calibration 
	CornerforLayerOpt timing analysis view WORST_CASE has been selected for calibration 
	CornerforLayerOpt timing analysis view WORST_CASE has been selected for calibration 
	CornerforLayerOpt timing analysis view WORST_CASE has been selected for calibration 
	CornerforLayerOpt timing analysis view WORST_CASE has been selected for calibration 
	CornerforLayerOpt timing analysis view WORST_CASE has been selected for calibration 
	CornerforLayerOpt timing analysis view WORST_CASE has been selected for calibration 
*** DrvOpt #1 [finish] (optDesign #1) : cpu/real = 0:00:00.3/0:00:00.3 (1.1), totSession cpu/real = 0:01:24.7/0:04:20.3 (0.3), mem = 5073.6M
End: GigaOpt high fanout net optimization
Number of setup views: 1
Begin: GigaOpt Global Optimization
*info: use new DP (enabled)
Info: 0 don't touch net , 30 undriven nets excluded from IPO operation.
Info: 1 net with fixed/cover wires excluded.
Info: 1 clock net  excluded from IPO operation.
*** GlobalOpt #1 [begin] (optDesign #1) : totSession cpu/real = 0:01:24.7/0:04:20.3 (0.3), mem = 5073.6M
*info: 1 clock net excluded
*info: 72 no-driver nets excluded.
*info: 1 net with fixed/cover wires excluded.
** GigaOpt Global Opt WNS Slack 0.000  TNS Slack 0.000 
+--------+--------+---------+------------+--------+----------+---------+---------------------------------+
|  WNS   |  TNS   | Density |    Real    |  Mem   |Worst View|Pathgroup|            End Point            |
+--------+--------+---------+------------+--------+----------+---------+---------------------------------+
|   0.000|   0.000|   83.03%|   0:00:00.0| 5539.4M|WORST_CASE|       NA| NA                              |
+--------+--------+---------+------------+--------+----------+---------+---------------------------------+

*** Finish post-CTS Global Setup Fixing (cpu=0:00:00.0 real=0:00:00.0 mem=5539.4M) ***

*** Finish post-CTS Setup Fixing (cpu=0:00:00.0 real=0:00:00.0 mem=5539.4M) ***
Bottom Preferred Layer:
+---------------+------------+----------+
|     Layer     |    CLK     |   Rule   |
+---------------+------------+----------+
| Metal3 (z=3)  |          1 | default  |
+---------------+------------+----------+
Via Pillar Rule:
    None
** GigaOpt Global Opt End WNS Slack 0.000  TNS Slack 0.000 
*** GlobalOpt #1 [finish] (optDesign #1) : cpu/real = 0:00:00.7/0:00:00.6 (1.1), totSession cpu/real = 0:01:25.4/0:04:21.0 (0.3), mem = 5112.4M
End: GigaOpt Global Optimization
*** Timing Is met
*** Check timing (0:00:00.0)
Info: 0 don't touch net , 30 undriven nets excluded from IPO operation.
Info: 1 net with fixed/cover wires excluded.
Info: 1 clock net  excluded from IPO operation.
Begin: Area Reclaim Optimization
*** AreaOpt #1 [begin] (optDesign #1) : totSession cpu/real = 0:01:25.6/0:04:21.2 (0.3), mem = 5498.1M
Reclaim Optimization WNS Slack 0.100  TNS Slack 0.000 Density 83.03
+---------+---------+--------+--------+------------+--------+
| Density | Commits |  WNS   |  TNS   |    Real    |  Mem   |
+---------+---------+--------+--------+------------+--------+
|   83.03%|        -|   0.100|   0.000|   0:00:00.0| 5500.1M|
|   83.03%|        0|   0.100|   0.000|   0:00:00.0| 5500.1M|
|   83.03%|        0|   0.100|   0.000|   0:00:00.0| 5500.1M|
|   83.03%|        0|   0.100|   0.000|   0:00:00.0| 5500.1M|
|   83.03%|        0|   0.100|   0.000|   0:00:00.0| 5500.1M|
|   83.03%|        0|   0.100|   0.000|   0:00:00.0| 5500.1M|
+---------+---------+--------+--------+------------+--------+
Reclaim Optimization End WNS Slack 0.100  TNS Slack 0.000 Density 83.03
Bottom Preferred Layer:
+---------------+------------+----------+
|     Layer     |    CLK     |   Rule   |
+---------------+------------+----------+
| Metal3 (z=3)  |          1 | default  |
+---------------+------------+----------+
Via Pillar Rule:
    None

Number of times islegalLocAvaiable called = 0 skipped = 0, called in commitmove = 0, skipped in commitmove = 0
End: Core Area Reclaim Optimization (cpu = 0:00:00.6) (real = 0:00:00.0) **
*** AreaOpt #1 [finish] (optDesign #1) : cpu/real = 0:00:00.6/0:00:00.5 (1.1), totSession cpu/real = 0:01:26.2/0:04:21.7 (0.3), mem = 5500.1M
Executing incremental physical updates
Executing incremental physical updates
End: Area Reclaim Optimization (cpu=0:00:01, real=0:00:00, mem=5111.06M, totSessionCpu=0:01:26).
Info: 0 don't touch net , 30 undriven nets excluded from IPO operation.
Info: 1 net with fixed/cover wires excluded.
Info: 1 clock net  excluded from IPO operation.
Begin: Area Reclaim Optimization
*** AreaOpt #2 [begin] (optDesign #1) : totSession cpu/real = 0:01:26.4/0:04:22.0 (0.3), mem = 5496.8M
Reclaim Optimization WNS Slack 0.000  TNS Slack 0.000 Density 83.03
+---------+---------+--------+--------+------------+--------+
| Density | Commits |  WNS   |  TNS   |    Real    |  Mem   |
+---------+---------+--------+--------+------------+--------+
|   83.03%|        -|   0.000|   0.000|   0:00:00.0| 5500.8M|
|   82.95%|        1|   0.000|   0.000|   0:00:00.0| 5655.4M|
+---------+---------+--------+--------+------------+--------+
Reclaim Optimization End WNS Slack 0.000  TNS Slack 0.000 Density 82.95
Bottom Preferred Layer:
+---------------+------------+----------+
|     Layer     |    CLK     |   Rule   |
+---------------+------------+----------+
| Metal3 (z=3)  |          1 | default  |
+---------------+------------+----------+
Via Pillar Rule:
    None

Number of times islegalLocAvaiable called = 0 skipped = 0, called in commitmove = 0, skipped in commitmove = 0
End: Core Area Reclaim Optimization (cpu = 0:00:00.7) (real = 0:00:01.0) **
*** AreaOpt #2 [finish] (optDesign #1) : cpu/real = 0:00:00.7/0:00:00.6 (1.1), totSession cpu/real = 0:01:27.1/0:04:22.6 (0.3), mem = 5655.4M
End: Area Reclaim Optimization (cpu=0:00:01, real=0:00:01, mem=5113.41M, totSessionCpu=0:01:27).
Info: 0 don't touch net , 30 undriven nets excluded from IPO operation.
Info: 1 net with fixed/cover wires excluded.
Info: 1 clock net  excluded from IPO operation.
Begin: Area Reclaim Optimization
*** AreaOpt #3 [begin] (optDesign #1) : totSession cpu/real = 0:01:27.3/0:04:22.8 (0.3), mem = 5503.1M
Reclaim Optimization WNS Slack 0.070  TNS Slack 0.000 Density 82.95
+---------+---------+--------+--------+------------+--------+
| Density | Commits |  WNS   |  TNS   |    Real    |  Mem   |
+---------+---------+--------+--------+------------+--------+
|   82.95%|        -|   0.070|   0.000|   0:00:00.0| 5503.1M|
|   82.95%|        0|   0.070|   0.000|   0:00:00.0| 5503.1M|
|   82.95%|        0|   0.070|   0.000|   0:00:00.0| 5503.1M|
|   82.95%|        0|   0.070|   0.000|   0:00:00.0| 5503.1M|
|   82.95%|        0|   0.070|   0.000|   0:00:00.0| 5503.1M|
|   82.95%|        0|   0.070|   0.000|   0:00:00.0| 5503.1M|
+---------+---------+--------+--------+------------+--------+
Reclaim Optimization End WNS Slack 0.070  TNS Slack 0.000 Density 82.95
Bottom Preferred Layer:
+---------------+------------+----------+
|     Layer     |    CLK     |   Rule   |
+---------------+------------+----------+
| Metal3 (z=3)  |          1 | default  |
+---------------+------------+----------+
Via Pillar Rule:
    None

Number of times islegalLocAvaiable called = 0 skipped = 0, called in commitmove = 0, skipped in commitmove = 0
End: Core Area Reclaim Optimization (cpu = 0:00:00.2) (real = 0:00:00.0) **
*** Starting refinePlace (0:01:28 mem=5503.1M) ***
Total net bbox length = 9.067e+03 (4.678e+03 4.389e+03) (ext = 2.294e+03)
Max route layer is changed from 127 to 7 because there is no routing track above this layer
Max route layer is changed from 127 to 7 because there is no routing track above this layer
Max route layer is changed from 127 to 7 because there is no routing track above this layer
Move report: Detail placement moves 0 insts, mean move: 0.00 um, max move: 0.00 um 
	Runtime: CPU: 0:00:00.0 REAL: 0:00:00.0 MEM: 5471.1MB
Summary Report:
Instances move: 0 (out of 425 movable)
Instances flipped: 0
Mean displacement: 0.00 um
Max displacement: 0.00 um 
Physical-only instances move: 0 (out of 0 movable physical-only)
Total net bbox length = 9.067e+03 (4.678e+03 4.389e+03) (ext = 2.294e+03)
Runtime: CPU: 0:00:00.0 REAL: 0:00:00.0 MEM: 5471.1MB
*** Finished refinePlace (0:01:28 mem=5471.1M) ***
*** maximum move = 0.00 um ***
*** Finished re-routing un-routed nets (5471.1M) ***

*** Finish Physical Update (cpu=0:00:00.1 real=0:00:00.0 mem=5503.1M) ***
*** AreaOpt #3 [finish] (optDesign #1) : cpu/real = 0:00:00.2/0:00:00.2 (1.3), totSession cpu/real = 0:01:27.6/0:04:23.0 (0.3), mem = 5503.1M
End: Area Reclaim Optimization (cpu=0:00:00, real=0:00:00, mem=5114.11M, totSessionCpu=0:01:28).
*** LocalWireReclaim #1 [begin] (optDesign #1) : totSession cpu/real = 0:01:27.8/0:04:23.2 (0.3), mem = 5114.1M
Starting local wire reclaim
*** Starting refinePlace (0:01:28 mem=5114.1M) ***
Max route layer is changed from 127 to 7 because there is no routing track above this layer
Max route layer is changed from 127 to 7 because there is no routing track above this layer
Max route layer is changed from 127 to 7 because there is no routing track above this layer
*** Finished SKP initialization (cpu=0:00:00.3, real=0:00:00.0)***
Timing cost in AAE based: 263.4117034771143153
Max route layer is changed from 127 to 7 because there is no routing track above this layer
Max route layer is changed from 127 to 7 because there is no routing track above this layer
Call icdpEval cleanup ...
Move report: Detail placement moves 11 insts, mean move: 4.09 um, max move: 8.82 um 
	Max move on inst (OGF/g271): (100.38, 48.72) --> (99.12, 56.28)
	Runtime: CPU: 0:00:00.5 REAL: 0:00:00.0 MEM: 5082.1MB
Summary Report:
Instances move: 11 (out of 425 movable)
Instances flipped: 0
Mean displacement: 4.09 um
Max displacement: 8.82 um (Instance: OGF/g271) (100.38, 48.72) -> (99.12, 56.28)
	Length: 3 sites, height: 1 rows, site name: CoreSite, cell type: INVJIX0
Physical-only instances move: 0 (out of 0 movable physical-only)
Runtime: CPU: 0:00:00.5 REAL: 0:00:00.0 MEM: 5082.1MB
*** Finished refinePlace (0:01:28 mem=5082.1M) ***
*** LocalWireReclaim #1 [finish] (optDesign #1) : cpu/real = 0:00:00.5/0:00:00.4 (1.5), totSession cpu/real = 0:01:28.3/0:04:23.5 (0.3), mem = 5082.1M
AAE_INFO: opIsDesignInPostRouteState() is 0
#################################################################################
# Design Stage: PreRoute
# Design Name: Main
# Design Mode: 130nm
# Analysis Mode: MMMC Non-OCV 
# Parasitics Mode: No SPEF/RCDB 
# Signoff Settings: SI Off 
#################################################################################
Calculate delays in BcWc mode...
Start delay calculation (fullDC) (8 T). (MEM=3381.64)
Total number of fetched objects 497
End delay calculation. (MEM=3420.16 CPU=0:00:00.1 REAL=0:00:00.0)
End delay calculation (fullDC). (MEM=3420.16 CPU=0:00:00.2 REAL=0:00:00.0)
eGR doReRoute: optGuide
Max route layer is changed from 127 to 7 because there is no routing track above this layer
Max route layer is changed from 127 to 7 because there is no routing track above this layer
[NR-eGR] Early global route reroute all routable nets
[NR-eGR] Track table information for default rule: 
[NR-eGR] Metal1 has single uniform track structure
[NR-eGR] Metal2 has single uniform track structure
[NR-eGR] Metal3 has single uniform track structure
[NR-eGR] Metal4 has single uniform track structure
[NR-eGR] Metal5 has single uniform track structure
[NR-eGR] TopMetal1 has single uniform track structure
[NR-eGR] TopMetal2 has single uniform track structure
[NR-eGR] Read 474 PG shapes
[NR-eGR] Read 0 clock shapes
[NR-eGR] Read 0 other shapes
[NR-eGR] #Routing Blockages  : 0
[NR-eGR] #Instance Blockages : 0
[NR-eGR] #PG Blockages       : 474
[NR-eGR] #Halo Blockages     : 0
[NR-eGR] #Boundary Blockages : 0
[NR-eGR] #Clock Blockages    : 0
[NR-eGR] #Other Blockages    : 0
[NR-eGR] #prerouted nets         : 1
[NR-eGR] #prerouted special nets : 0
[NR-eGR] #prerouted wires        : 206
[NR-eGR] Read 491 nets ( ignored 1 )
[NR-eGR] ============ Routing rule table ============
[NR-eGR] Rule id: 0  Nets: 490
[NR-eGR] ========================================
[NR-eGR] 
[NR-eGR] Layer group 1: route 490 net(s) in layer range [2, 7]
[NR-eGR] Early Global Route overflow of layer group 1: 0.00% H + 0.00% V. EstWL: 1.030428e+04um
[NR-eGR] Congestion Analysis By layer: (blocked Gcells are excluded) 
[NR-eGR]                        OverCon            
[NR-eGR]                         #Gcell     %Gcell
[NR-eGR]        Layer             (1-0)    OverCon
[NR-eGR] ----------------------------------------------
[NR-eGR]  Metal1 ( 1)         0( 0.00%)   ( 0.00%) 
[NR-eGR]  Metal2 ( 2)         0( 0.00%)   ( 0.00%) 
[NR-eGR]  Metal3 ( 3)         0( 0.00%)   ( 0.00%) 
[NR-eGR]  Metal4 ( 4)         0( 0.00%)   ( 0.00%) 
[NR-eGR]  Metal5 ( 5)         0( 0.00%)   ( 0.00%) 
[NR-eGR] TopMetal1 ( 6)         0( 0.00%)   ( 0.00%) 
[NR-eGR] TopMetal2 ( 7)         0( 0.00%)   ( 0.00%) 
[NR-eGR] ----------------------------------------------
[NR-eGR]        Total         0( 0.00%)   ( 0.00%) 
[NR-eGR] 
[NR-eGR] Overflow after Early Global Route 0.00% H + 0.00% V
[NR-eGR] Connected 0 must-join pins/ports (post-process)
[NR-eGR] Total eGR-routed clock nets wire length: 0um, number of vias: 0
[NR-eGR] --------------------------------------------------------------------------
[NR-eGR]                    Length (um)  Vias 
[NR-eGR] -------------------------------------
[NR-eGR]  Metal1     (1H)             0  1748 
[NR-eGR]  Metal2     (2V)          5245  2470 
[NR-eGR]  Metal3     (3H)          5681   140 
[NR-eGR]  Metal4     (4V)           799    22 
[NR-eGR]  Metal5     (5H)           131     0 
[NR-eGR]  TopMetal1  (6V)             0     0 
[NR-eGR]  TopMetal2  (7H)             0     0 
[NR-eGR] -------------------------------------
[NR-eGR]             Total        11855  4380 
[NR-eGR] --------------------------------------------------------------------------
[NR-eGR] Total half perimeter of net bounding box: 9060um
[NR-eGR] Total length: 11855um, number of vias: 4380
[NR-eGR] --------------------------------------------------------------------------
[NR-eGR] Finished Early Global Route kernel ( CPU: 0.17 sec, Real: 0.07 sec, Curr Mem: 4.84 MB )
[NR-eGR] Finished Early Global Route ( CPU: 0.17 sec, Real: 0.08 sec, Curr Mem: 4.83 MB )
Extraction called for design 'Main' of instances=425 and nets=666 using extraction engine 'preRoute' .
PreRoute RC Extraction called for design Main.
RC Extraction called in multi-corner(2) mode.
RCMode: PreRoute
      RC Corner Indexes            0       1   
Capacitance Scaling Factor   : 1.00000 1.00000 
Resistance Scaling Factor    : 1.00000 1.00000 
Clock Cap. Scaling Factor    : 1.00000 1.00000 
Clock Res. Scaling Factor    : 1.00000 1.00000 
Shrink Factor                : 1.00000
PreRoute extraction is honoring NDR/Shielding/ExtraSpace for clock nets.
Using capacitance table file ...
Updating RC Grid density data for preRoute extraction ...
Initializing multi-corner capacitance tables ... 
Initializing multi-corner resistance tables ...
PreRoute RC Extraction DONE (CPU Time: 0:00:00.0  Real Time: 0:00:00.0  MEM: 5062.844M)
Compute RC Scale Done ...
[hotspot] +------------+---------------+---------------+
[hotspot] |            |   max hotspot | total hotspot |
[hotspot] +------------+---------------+---------------+
[hotspot] | normalized |          0.00 |          0.00 |
[hotspot] +------------+---------------+---------------+
Local HotSpot Analysis: normalized max congestion hotspot area = 0.00, normalized total congestion hotspot area = 0.00 (area is in unit of 4 std-cell row bins)
Begin: GigaOpt Route Type Constraints Refinement
*** CongRefineRouteType #2 [begin] (optDesign #1) : totSession cpu/real = 0:01:29.4/0:04:24.4 (0.3), mem = 5062.9M
Updated routing constraints on 0 nets.
Bottom Preferred Layer:
+---------------+------------+----------+
|     Layer     |    CLK     |   Rule   |
+---------------+------------+----------+
| Metal3 (z=3)  |          1 | default  |
+---------------+------------+----------+
Via Pillar Rule:
    None
*** CongRefineRouteType #2 [finish] (optDesign #1) : cpu/real = 0:00:00.0/0:00:00.0 (0.0), totSession cpu/real = 0:01:29.4/0:04:24.4 (0.3), mem = 5062.9M
End: GigaOpt Route Type Constraints Refinement
skip EGR on cluster skew clock nets.
Starting delay calculation for Setup views
AAE_INFO: opIsDesignInPostRouteState() is 0
#################################################################################
# Design Stage: PreRoute
# Design Name: Main
# Design Mode: 130nm
# Analysis Mode: MMMC Non-OCV 
# Parasitics Mode: No SPEF/RCDB 
# Signoff Settings: SI Off 
#################################################################################
Calculate delays in BcWc mode...
Start delay calculation (fullDC) (8 T). (MEM=3386.67)
Total number of fetched objects 497
End delay calculation. (MEM=3432.17 CPU=0:00:00.1 REAL=0:00:00.0)
End delay calculation (fullDC). (MEM=3432.17 CPU=0:00:00.2 REAL=0:00:00.0)
*** Done Building Timing Graph (cpu=0:00:00.4 real=0:00:00.0 totSessionCpu=0:01:30 mem=5531.7M)
Begin: GigaOpt postEco DRV Optimization
*** DrvOpt #2 [begin] (optDesign #1) : totSession cpu/real = 0:01:30.1/0:04:24.8 (0.3), mem = 5531.7M
Info: 0 don't touch net , 30 undriven nets excluded from IPO operation.
Info: 1 net with fixed/cover wires excluded.
Info: 1 clock net  excluded from IPO operation.
	CornerforLayerOpt timing analysis view WORST_CASE has been selected for calibration 
	CornerforLayerOpt timing analysis view WORST_CASE has been selected for calibration 
	CornerforLayerOpt timing analysis view WORST_CASE has been selected for calibration 
	CornerforLayerOpt timing analysis view WORST_CASE has been selected for calibration 
	CornerforLayerOpt timing analysis view WORST_CASE has been selected for calibration 
	CornerforLayerOpt timing analysis view WORST_CASE has been selected for calibration 
	CornerforLayerOpt timing analysis view WORST_CASE has been selected for calibration 
	CornerforLayerOpt timing analysis view WORST_CASE has been selected for calibration 
+-------------------------------------------------------------------------------------------------------------------------------------------------------+
|        max-tran       |        max-cap        |  max-fanout |  max-length |       setup       |        |        |        |       |          |         |
+-------------------------------------------------------------------------------------------------------------------------------------------------------+
| nets | terms|  wViol  | nets | terms|  wViol  | nets | terms| nets | terms|   WNS   |   TNS   |  #Buf  |  #Inv  | #Resize|Density|   Real   |   Mem   |
+-------------------------------------------------------------------------------------------------------------------------------------------------------+
|     0|     0|     0.00|     0|     0|     0.00|     7|     7|     0|     0|     0.53|     0.00|       0|       0|       0| 82.95%|          |         |
|     0|     0|     0.00|     0|     0|     0.00|     8|     8|     0|     0|     0.53|     0.00|       1|       0|       0| 83.03%| 0:00:00.0|  5739.8M|
|     0|     0|     0.00|     0|     0|     0.00|     8|     8|     0|     0|     0.53|     0.00|       0|       0|       0| 83.03%| 0:00:00.0|  5739.8M|
+-------------------------------------------------------------------------------------------------------------------------------------------------------+
Bottom Preferred Layer:
+---------------+------------+----------+
|     Layer     |    CLK     |   Rule   |
+---------------+------------+----------+
| Metal3 (z=3)  |          1 | default  |
+---------------+------------+----------+
Via Pillar Rule:
    None

*** Finish DRV Fixing (cpu=0:00:00.1 real=0:00:00.0 mem=5739.8M) ***

*** DrvOpt #2 [finish] (optDesign #1) : cpu/real = 0:00:00.4/0:00:00.3 (1.2), totSession cpu/real = 0:01:30.5/0:04:25.2 (0.3), mem = 5136.8M
End: GigaOpt postEco DRV Optimization
Running refinePlace -preserveRouting true -hardFence false
*** Starting refinePlace (0:01:31 mem=5136.8M) ***
Max route layer is changed from 127 to 7 because there is no routing track above this layer
Max route layer is changed from 127 to 7 because there is no routing track above this layer

Starting Small incrNP...
Density distribution unevenness ratio = 1.917%
Skipped incrNP (cpu=0:00:00.0, real=0:00:00.0, mem=5136.8M)
End of Small incrNP (cpu=0:00:00.0, real=0:00:00.0)
Max route layer is changed from 127 to 7 because there is no routing track above this layer
Max route layer is changed from 127 to 7 because there is no routing track above this layer
Move report: Detail placement moves 4 insts, mean move: 0.73 um, max move: 1.68 um 
	Max move on inst (A6M/FE_OFC4_n_180): (110.04, 94.08) --> (111.72, 94.08)
	Runtime: CPU: 0:00:00.0 REAL: 0:00:00.0 MEM: 5104.8MB
Summary Report:
Instances move: 4 (out of 426 movable)
Instances flipped: 0
Mean displacement: 0.73 um
Max displacement: 1.68 um (Instance: A6M/FE_OFC4_n_180) (110.04, 94.08) -> (111.72, 94.08)
	Length: 4 sites, height: 1 rows, site name: CoreSite, cell type: BUJIX1
Physical-only instances move: 0 (out of 0 movable physical-only)
Runtime: CPU: 0:00:00.0 REAL: 0:00:00.0 MEM: 5104.8MB
*** Finished refinePlace (0:01:31 mem=5104.8M) ***
Register exp ratio and priority group on 0 nets on 528 nets : 

Active setup views:
 WORST_CASE
  Dominating endpoints: 0
  Dominating TNS: -0.000

Extraction called for design 'Main' of instances=426 and nets=667 using extraction engine 'preRoute' .
PreRoute RC Extraction called for design Main.
RC Extraction called in multi-corner(2) mode.
RCMode: PreRoute
      RC Corner Indexes            0       1   
Capacitance Scaling Factor   : 1.00000 1.00000 
Resistance Scaling Factor    : 1.00000 1.00000 
Clock Cap. Scaling Factor    : 1.00000 1.00000 
Clock Res. Scaling Factor    : 1.00000 1.00000 
Shrink Factor                : 1.00000
PreRoute extraction is honoring NDR/Shielding/ExtraSpace for clock nets.
Using capacitance table file ...
Updating RC Grid density data for preRoute extraction ...
Initializing multi-corner capacitance tables ... 
Initializing multi-corner resistance tables ...
PreRoute RC Extraction DONE (CPU Time: 0:00:00.0  Real Time: 0:00:00.0  MEM: 5067.000M)
Starting delay calculation for Setup views
AAE_INFO: opIsDesignInPostRouteState() is 0
#################################################################################
# Design Stage: PreRoute
# Design Name: Main
# Design Mode: 130nm
# Analysis Mode: MMMC Non-OCV 
# Parasitics Mode: No SPEF/RCDB 
# Signoff Settings: SI Off 
#################################################################################
Calculate delays in BcWc mode...
Start delay calculation (fullDC) (8 T). (MEM=3413.82)
Total number of fetched objects 498
End delay calculation. (MEM=3452.59 CPU=0:00:00.1 REAL=0:00:00.0)
End delay calculation (fullDC). (MEM=3452.59 CPU=0:00:00.1 REAL=0:00:00.0)
*** Done Building Timing Graph (cpu=0:00:00.5 real=0:00:00.0 totSessionCpu=0:01:31 mem=5556.2M)
OPTC: user 20.0
Reported timing to dir ./timingReports
**optDesign ... cpu = 0:00:10, real = 0:00:18, mem = 3427.2M, totSessionCpu=0:01:31 **

------------------------------------------------------------------
     optDesign Final Summary
------------------------------------------------------------------

Setup views included:
 WORST_CASE 

+--------------------+---------+---------+---------+
|     Setup mode     |   all   | reg2reg | default |
+--------------------+---------+---------+---------+
|           WNS (ns):|  0.533  |  0.533  |  1.772  |
|           TNS (ns):|  0.000  |  0.000  |  0.000  |
|    Violating Paths:|    0    |    0    |    0    |
|          All Paths:|   276   |   181   |   148   |
+--------------------+---------+---------+---------+

+----------------+-------------------------------+------------------+
|                |              Real             |       Total      |
|    DRVs        +------------------+------------+------------------|
|                |  Nr nets(terms)  | Worst Vio  |  Nr nets(terms)  |
+----------------+------------------+------------+------------------+
|   max_cap      |      0 (0)       |   0.000    |      0 (0)       |
|   max_tran     |      0 (0)       |   0.000    |      0 (0)       |
|   max_fanout   |      8 (8)       |    -67     |      8 (8)       |
|   max_length   |      0 (0)       |     0      |      0 (0)       |
+----------------+------------------+------------+------------------+

Density: 83.028%
Routing Overflow: 0.00% H and 0.00% V
------------------------------------------------------------------
Begin: Collecting metrics
 ------------------------------------------------------------------------------------------------------------------------------------------------------- 
| Snapshot                | WNS                  | TNS                  | Density (%) | Hotspot                   | Resource               | DRVs       |
|                         | HEPG (ns) | ALL (ns) | HEPG (ns) | ALL (ns) |             | Max (bins) | Total (bins) | Real (s) | Memory (MB) | Tran | Cap |
|-------------------------+-----------+----------+-----------+----------+-------------+------------+--------------+----------+-------------+------+-----|
| initial_summary         |     0.531 |    0.531 |           |        0 |       83.03 |            |              | 0:00:00  |        5066 |    0 |   0 |
| route_type_refinement   |           |          |           |          |             |            |              | 0:00:01  |        5067 |      |     |
| simplify_netlist        |           |          |           |          |             |            |              | 0:00:00  |        5073 |      |     |
| excluded_clk_net_fixing |           |          |           |          |             |            |              | 0:00:00  |        5073 |      |     |
| global_opt              |           |    0.531 |           |        0 |       83.03 |            |              | 0:00:01  |        5108 |      |     |
| area_reclaiming         |     0.531 |    0.531 |         0 |        0 |       83.03 |            |              | 0:00:00  |        5111 |      |     |
| area_reclaiming_2       |     0.531 |    0.531 |         0 |        0 |       82.95 |            |              | 0:00:01  |        5113 |      |     |
| area_reclaiming_3       |     0.531 |    0.531 |         0 |        0 |       82.95 |            |              | 0:00:01  |        5114 |      |     |
| local_wire_reclaim      |           |          |           |          |             |            |              | 0:00:00  |        5082 |      |     |
| global_route            |           |          |           |          |             |       0.00 |         0.00 | 0:00:00  |        5063 |      |     |
| route_type_refinement_2 |           |          |           |          |             |            |              | 0:00:00  |        5063 |      |     |
| drv_eco_fixing          |     0.533 |    0.533 |         0 |        0 |       83.03 |            |              | 0:00:01  |        5137 |    0 |   0 |
| final_summary           |     0.533 |    0.533 |           |        0 |       83.03 |            |              | 0:00:07  |        5144 |    0 |   0 |
 ------------------------------------------------------------------------------------------------------------------------------------------------------- 
End: Collecting metrics
**optDesign ... cpu = 0:00:11, real = 0:00:25, mem = 3435.8M, totSessionCpu=0:01:32 **
*** Finished optDesign ***
      flow.cputime  flow.realtime  timing.setup.tns  timing.setup.wns  snapshot
UM:*                                                                   final
      flow.cputime  flow.realtime  timing.setup.tns  timing.setup.wns  snapshot
UM:*                                                                   opt_design_postcts
Info: final physical memory for 9 CRR processes is 841.83MB.
Info: Summary of CRR changes:
      - Timing transform commits:       0
Info: Destroy the CCOpt slew target map.

*** Summary of all messages that are not suppressed in this session:
Severity  ID               Count  Summary                                  
WARNING   IMPOPT-7098         30  WARNING: %s is an undriven net with %d f...
*** Message Summary: 30 warning(s), 0 error(s)

*** optDesign #1 [finish] () : cpu/real = 0:00:11.0/0:00:30.1 (0.4), totSession cpu/real = 0:01:32.4/0:04:37.3 (0.3), mem = 5144.4M
<CMD> setNanoRouteMode -quiet -drouteFixAntenna 1
<CMD> setNanoRouteMode -quiet -routeInsertAntennaDiode 0
<CMD> setNanoRouteMode -quiet -routeWithTimingDriven 0
<CMD> setNanoRouteMode -quiet -routeWithEco 0
<CMD> setNanoRouteMode -quiet -routeWithLithoDriven 0
<CMD> setNanoRouteMode -quiet -droutePostRouteLithoRepair 0
<CMD> setNanoRouteMode -quiet -routeWithSiDriven 0
<CMD> setNanoRouteMode -quiet -drouteAutoStop 1
<CMD> setNanoRouteMode -quiet -routeSelectedNetOnly 0
<CMD> setNanoRouteMode -quiet -routeTopRoutingLayer 5
#WARNING (NRIF-91) Option setNanoRouteMode -route_top_routing_layer is obsolete. It will continue to work for the current release. To ensure compatibility with future releases, use option setDesignMode -topRoutingLayer instead.
<CMD> setNanoRouteMode -quiet -routeBottomRoutingLayer 1
#WARNING (NRIF-90) Option setNanoRouteMode -route_bottom_routing_layer is obsolete. It will continue to work for the current release. To ensure compatibility with future releases, use option setDesignMode -bottomRoutingLayer instead.
<CMD> setNanoRouteMode -quiet -drouteEndIteration 1
<CMD> setNanoRouteMode -quiet -routeWithTimingDriven false
<CMD> setNanoRouteMode -quiet -routeWithSiDriven false
<CMD> routeDesign -globalDetail
#% Begin routeDesign (date=08/07 22:28:17, mem=3359.2M)
#routeDesign: cpu time = 00:00:00, elapsed time = 00:00:00, memory = 3359.27 (MB), peak = 3483.41 (MB)
AAE_INFO: Pre Route call back at the beginning of routeDesign
#**INFO: setDesignMode -flowEffort standard
#**INFO: setDesignMode -powerEffort none
#WARNING (NRIG-96) Selected single pass global detail route "-globalDetail". Clock eco and post optimizations will not be run. See "man NRIG-96" for more details.
**INFO: User settings:
setNanoRouteMode -route_detail_auto_stop                    true
setNanoRouteMode -route_detail_end_iteration                1
setNanoRouteMode -route_detail_fix_antenna                  true
setNanoRouteMode -route_detail_on_grid_only                 0
setNanoRouteMode -route_detail_post_route_litho_repair      false
setNanoRouteMode -route_detail_post_route_spread_wire       1
setNanoRouteMode -route_detail_post_route_swap_via          {}
setNanoRouteMode -route_detail_use_multi_cut_via_effort     {}
setNanoRouteMode -route_route_side                          front
setNanoRouteMode -route_extract_third_party_compatible      false
setNanoRouteMode -route_global_exp_timing_driven_std_delay  34.8
setNanoRouteMode -route_bottom_routing_layer                1
setNanoRouteMode -route_ignore_antenna_top_cell_pin         false
setNanoRouteMode -route_antenna_diode_insertion             false
setNanoRouteMode -route_selected_net_only                   false
setNanoRouteMode -route_top_routing_layer                   5
setNanoRouteMode -route_with_eco                            false
setNanoRouteMode -route_with_litho_driven                   false
setNanoRouteMode -route_with_si_driven                      false
setNanoRouteMode -route_with_timing_driven                  false
setNanoRouteMode -timingEngine                              {}
setDesignMode -process                                      130
setExtractRCMode -coupling_c_th                             0.4
setExtractRCMode -engine                                    preRoute
setExtractRCMode -relative_c_th                             1
setExtractRCMode -total_c_th                                0
setDelayCalMode -enable_high_fanout                         true
setDelayCalMode -eng_enablePrePlacedFlow                    false
setDelayCalMode -engine                                     aae
setDelayCalMode -ignoreNetLoad                              false
setDelayCalMode -socv_accuracy_mode                         low
setSIMode -separate_delta_delay_on_data                     true

#**INFO: multi-cut via swapping will not be performed after routing.
#**INFO: All auto set options tuned by routeDesign will be restored to their original settings on command completion.
Begin checking placement ... (start mem=5086.4M, init mem=5086.4M)
*info: Placed = 426           
*info: Unplaced = 0           
Placement Density:83.02%(6896/8306)
Placement Density (including fixed std cells):83.02%(6896/8306)
Finished checkPlace (total: cpu=0:00:00.0, real=0:00:00.0; vio checks: cpu=0:00:00.0, real=0:00:00.0; mem=5054.4M)

changeUseClockNetStatus Option :  -noFixedNetWires 
*** Changed status on (1) nets in Clock.
*** End changeUseClockNetStatus (cpu=0:00:00.0, real=0:00:00.0, mem=5054.4M) ***
% Begin globalDetailRoute (date=08/07 22:28:17, mem=3358.6M)

globalDetailRoute

#Start globalDetailRoute on Thu Aug  7 22:28:17 2025
#
#WARNING (NRIG-1303) The congestion map does not match the GCELL grid. Clearing the congestion map.
#NanoRoute Version 23.31-s109_1 NR240401-0735/23_11-UB
#WARNING (NRIF-79) Wrong option value for drouteUseMultiCutViaEffort <>, reset to default.
#WARNING (NRIF-67) In option 'OnGridOnly 0', 0 is an unknown type. It will be ignored.
#WARNING (NRIF-68) Option 'OnGridOnly 0' did not specify a correct type. It will be ignored.
#WARNING (NRDR-157) In option 'PostRouteSwapVia ',  is invalid and will be ignored.
#WARNING (NRIF-79) Wrong option value for drouteUseMultiCutViaEffort <>, reset to default.
#WARNING (NRIF-67) In option 'OnGridOnly 0', 0 is an unknown type. It will be ignored.
#WARNING (NRIF-68) Option 'OnGridOnly 0' did not specify a correct type. It will be ignored.
#WARNING (NRDR-157) In option 'PostRouteSwapVia ',  is invalid and will be ignored.
#WARNING (NRIF-79) Wrong option value for drouteUseMultiCutViaEffort <>, reset to default.
#WARNING (NRIF-67) In option 'OnGridOnly 0', 0 is an unknown type. It will be ignored.
#WARNING (NRIF-68) Option 'OnGridOnly 0' did not specify a correct type. It will be ignored.
#WARNING (NRDR-157) In option 'PostRouteSwapVia ',  is invalid and will be ignored.
#Total number of trivial nets (e.g. < 2 pins) = 175 (skipped).
#Total number of routable nets = 492.
#Total number of nets in the design = 667.
#492 routable nets do not have any wires.
#492 nets will be global routed.
#1 global routed or unrouted (routable) net has been constrained (e.g. have preferred extra spacing, require shielding etc.)
#Using multithreading with 8 threads.
#WARNING (NRIF-79) Wrong option value for drouteUseMultiCutViaEffort <>, reset to default.
#WARNING (NRIF-67) In option 'OnGridOnly 0', 0 is an unknown type. It will be ignored.
#WARNING (NRIF-68) Option 'OnGridOnly 0' did not specify a correct type. It will be ignored.
#WARNING (NRDR-157) In option 'PostRouteSwapVia ',  is invalid and will be ignored.
#Start routing data preparation on Thu Aug  7 22:28:17 2025
#
#WARNING (NRIF-79) Wrong option value for drouteUseMultiCutViaEffort <>, reset to default.
#WARNING (NRIF-67) In option 'OnGridOnly 0', 0 is an unknown type. It will be ignored.
#WARNING (NRIF-68) Option 'OnGridOnly 0' did not specify a correct type. It will be ignored.
#WARNING (NRDR-157) In option 'PostRouteSwapVia ',  is invalid and will be ignored.
#Rebuild pin access data for design.
#Initial pin access analysis.
#Detail pin access analysis.
# Metal1       H   Track-Pitch = 0.4200    Line-2-Via Pitch = 0.3650
# Metal2       V   Track-Pitch = 0.4200    Line-2-Via Pitch = 0.4100
# Metal3       H   Track-Pitch = 0.4200    Line-2-Via Pitch = 0.4100
# Metal4       V   Track-Pitch = 0.4200    Line-2-Via Pitch = 0.4100
# Metal5       H   Track-Pitch = 0.4200    Line-2-Via Pitch = 0.4100
# TopMetal1    V   Track-Pitch = 2.5200    Line-2-Via Pitch = 3.2800
#WARNING (NRAG-44) Track pitch is too small compared with line-2-via pitch.
# TopMetal2    H   Track-Pitch = 4.0000    Line-2-Via Pitch = 4.0000
#Bottom routing layer index=1(Metal1), bottom routing layer for shielding=1(Metal1), bottom shield layer=1(Metal1)
#shield_bottom_stripe_layer=1(Metal1), shield_top_stripe_layer=5(Metal5)
#pin_access_rlayer=2(Metal2)
#shield_top_dpt_rlayer=-1 top_rlayer=5 top_trim_metal_rlayer=-1 rlayer_lowest=1 bottom_rlayer=1
#enable_trim_layer_shield=F enable_dpt_layer_shield=F has_line_end_grid=F
#enable_dpt_layer_shield=F
#has_line_end_grid=F
#cpu time = 00:00:00, elapsed time = 00:00:00, memory = 3365.84 (MB), peak = 3635.13 (MB)
#Regenerating Ggrids automatically.
#Auto generating G-grids with size=15 tracks, using layer Metal3's pitch = 0.4200.
#Using automatically generated G-grids.
#Done routing data preparation.
#cpu time = 00:00:04, elapsed time = 00:00:03, memory = 3374.20 (MB), peak = 3635.13 (MB)
#WARNING (NRIF-79) Wrong option value for drouteUseMultiCutViaEffort <>, reset to default.
#WARNING (NRIF-67) In option 'OnGridOnly 0', 0 is an unknown type. It will be ignored.
#WARNING (NRIF-68) Option 'OnGridOnly 0' did not specify a correct type. It will be ignored.
#WARNING (NRDR-157) In option 'PostRouteSwapVia ',  is invalid and will be ignored.
#
#Finished routing data preparation on Thu Aug  7 22:28:20 2025
#
#Cpu time = 00:00:04
#Elapsed time = 00:00:03
#Increased memory = 13.14 (MB)
#Total memory = 3374.20 (MB)
#Peak memory = 3635.13 (MB)
#
#
#Start global routing on Thu Aug  7 22:28:20 2025
#
#
#Start global routing initialization on Thu Aug  7 22:28:20 2025
#
#Number of eco nets is 1
#
#Start global routing data preparation on Thu Aug  7 22:28:20 2025
#
#Start routing resource analysis on Thu Aug  7 22:28:20 2025
#
#Routing resource analysis is done on Thu Aug  7 22:28:20 2025
#
#  Resource Analysis:
#
#               Routing  #Avail      #Track     #Total     %Gcell
#  Layer      Direction   Track     Blocked      Gcell    Blocked
#  --------------------------------------------------------------
#  Metal1         H         173         149         462    13.85%
#  Metal2         V         261          63         462     5.41%
#  Metal3         H         310          12         462     0.00%
#  Metal4         V         275          49         462     5.41%
#  Metal5         H         299          23         462     0.00%
#  --------------------------------------------------------------
#  Total                   1319      18.28%        2310     4.94%
#
#  1 nets (0.15%) with 1 preferred extra spacing.
#
#
#
#Global routing data preparation is done on Thu Aug  7 22:28:20 2025
#
#cpu time = 00:00:00, elapsed time = 00:00:00, memory = 3377.77 (MB), peak = 3635.13 (MB)
#
#
#Global routing initialization is done on Thu Aug  7 22:28:20 2025
#
#cpu time = 00:00:00, elapsed time = 00:00:00, memory = 3377.77 (MB), peak = 3635.13 (MB)
#
#start global routing iteration 1...
#cpu time = 00:00:00, elapsed time = 00:00:00, memory = 3379.31 (MB), peak = 3635.13 (MB)
#
#start global routing iteration 2...
#cpu time = 00:00:00, elapsed time = 00:00:00, memory = 3379.31 (MB), peak = 3635.13 (MB)
#
#
#Total number of trivial nets (e.g. < 2 pins) = 175 (skipped).
#Total number of routable nets = 492.
#Total number of nets in the design = 667.
#
#492 routable nets have routed wires.
#1 global routed or unrouted (routable) net has been constrained (e.g. have preferred extra spacing, require shielding etc.)
#
#Routed nets constraints summary:
#------------------------------------------------
#        Rules   Pref Extra Space   Unconstrained  
#------------------------------------------------
#      Default                  1             491  
#------------------------------------------------
#        Total                  1             491  
#------------------------------------------------
#
#Routing constraints summary of the whole design:
#------------------------------------------------
#        Rules   Pref Extra Space   Unconstrained  
#------------------------------------------------
#      Default                  1             491  
#------------------------------------------------
#        Total                  1             491  
#------------------------------------------------
#
#
#  Congestion Analysis: (blocked Gcells are excluded)
#
#                 OverCon          
#                  #Gcell    %Gcell
#     Layer           (1)   OverCon
#  --------------------------------
#  Metal1        0(0.00%)   (0.00%)
#  Metal2        0(0.00%)   (0.00%)
#  Metal3        0(0.00%)   (0.00%)
#  Metal4        0(0.00%)   (0.00%)
#  Metal5        0(0.00%)   (0.00%)
#  --------------------------------
#     Total      0(0.00%)   (0.00%)
#
#  The worst congested Gcell overcon (routing demand over resource in number of tracks) = 1
#  Overflow after GR: 0.00% H + 0.00% V
#
#Hotspot report including placement blocked areas
[hotspot] +----------------+-------------------+-------------------+-------------------------------------+
[hotspot] |      layer     |    max hotspot    |   total hotspot   |            hotspot bbox             |
[hotspot] +----------------+-------------------+-------------------+-------------------------------------+
[hotspot] |   Metal1(H)    |              0.00 |              0.00 |   (none)                            |
[hotspot] |   Metal2(V)    |              0.00 |              0.00 |   (none)                            |
[hotspot] |   Metal3(H)    |              0.00 |              0.00 |   (none)                            |
[hotspot] |   Metal4(V)    |              0.00 |              0.00 |   (none)                            |
[hotspot] |   Metal5(H)    |              0.00 |              0.00 |   (none)                            |
[hotspot] +----------------+-------------------+-------------------+-------------------------------------+
[hotspot] |      worst     |              0.00 |              0.00 |                                     |
[hotspot] +----------------+-------------------+-------------------+-------------------------------------+
[hotspot] |   all layers   |              0.00 |              0.00 |                                     |
[hotspot] +----------------+-------------------+-------------------+-------------------------------------+
Local HotSpot Analysis (blockage included) (3d): normalized congestion max/total hotspot area = 0.00/0.00 (area is in unit of 4 std-cell row bins)
#Complete Global Routing.
#Total number of nets with non-default rule or having extra spacing = 1
#
#  Routing Statistics
#
#------------------+-----------+-----+
#  Layer           | Length(um)| Vias|
#------------------+-----------+-----+
#  GatPoly ( 0H)   |          0|    0|
#  Metal1 ( 1H)    |        508| 1714|
#  Metal2 ( 2V)    |       5077|  925|
#  Metal3 ( 3H)    |       4708|   56|
#  Metal4 ( 4V)    |        344|    0|
#  Metal5 ( 5H)    |          0|    0|
#  TopMetal1 ( 6V) |          0|    0|
#  TopMetal2 ( 7H) |          0|    0|
#------------------+-----------+-----+
#  Total           |      10637| 2695|
#------------------+-----------+-----+
#
# Total half perimeter of net bounding box: 9787 um.
#Max overcon = 0 track.
#Total overcon = 0.00%.
#Worst layer Gcell overcon rate = 0.00%.
#
#Global routing statistics:
#Cpu time = 00:00:00
#Elapsed time = 00:00:00
#Increased memory = 3.87 (MB)
#Total memory = 3378.07 (MB)
#Peak memory = 3635.13 (MB)
#
#Finished global routing on Thu Aug  7 22:28:21 2025
#
#
#WARNING (NRIF-79) Wrong option value for drouteUseMultiCutViaEffort <>, reset to default.
#WARNING (NRIF-67) In option 'OnGridOnly 0', 0 is an unknown type. It will be ignored.
#WARNING (NRIF-68) Option 'OnGridOnly 0' did not specify a correct type. It will be ignored.
#WARNING (NRDR-157) In option 'PostRouteSwapVia ',  is invalid and will be ignored.
#WARNING (NRIF-79) Wrong option value for drouteUseMultiCutViaEffort <>, reset to default.
#WARNING (NRIF-67) In option 'OnGridOnly 0', 0 is an unknown type. It will be ignored.
#WARNING (NRIF-68) Option 'OnGridOnly 0' did not specify a correct type. It will be ignored.
#WARNING (NRDR-157) In option 'PostRouteSwapVia ',  is invalid and will be ignored.
#cpu time = 00:00:00, elapsed time = 00:00:00, memory = 3378.07 (MB), peak = 3635.13 (MB)
#WARNING (NRIF-79) Wrong option value for drouteUseMultiCutViaEffort <>, reset to default.
#WARNING (NRIF-67) In option 'OnGridOnly 0', 0 is an unknown type. It will be ignored.
#WARNING (NRIF-68) Option 'OnGridOnly 0' did not specify a correct type. It will be ignored.
#WARNING (NRDR-157) In option 'PostRouteSwapVia ',  is invalid and will be ignored.
#Start Track Assignment.
#Done with 601 horizontal wires in 1 hboxes and 618 vertical wires in 1 hboxes.
#Done with 132 horizontal wires in 1 hboxes and 138 vertical wires in 1 hboxes.
#Done with 1 horizontal wires in 1 hboxes and 1 vertical wires in 1 hboxes.
#
#Track assignment summary:
# layer   (wire length)   (overlap)     (long ovlp)	(with obs/pg/clk)  
#------------------------------------------------------------------------
# Metal1       510.88 	  0.00%  	  0.00% 	  0.00%
# Metal2      4988.36 	  0.03%  	  0.00% 	  0.00%
# Metal3      4231.46 	  0.15%  	  0.00% 	  0.00%
# Metal4        69.92 	  0.00%  	  0.00% 	  0.00%
# Metal5         0.00 	  0.00%  	  0.00% 	  0.00%
#------------------------------------------------------------------------
# All        9800.61  	  0.08% 	  0.00% 	  0.00%
#Complete Track Assignment.
#Total number of nets with non-default rule or having extra spacing = 1
#
#  Routing Statistics
#
#------------------+-----------+-----+
#  Layer           | Length(um)| Vias|
#------------------+-----------+-----+
#  GatPoly ( 0H)   |          0|    0|
#  Metal1 ( 1H)    |        507| 1714|
#  Metal2 ( 2V)    |       5033|  925|
#  Metal3 ( 3H)    |       4550|   56|
#  Metal4 ( 4V)    |        344|    0|
#  Metal5 ( 5H)    |          0|    0|
#  TopMetal1 ( 6V) |          0|    0|
#  TopMetal2 ( 7H) |          0|    0|
#------------------+-----------+-----+
#  Total           |      10434| 2695|
#------------------+-----------+-----+
#
# Total half perimeter of net bounding box: 9787 um.
#cpu time = 00:00:00, elapsed time = 00:00:00, memory = 3379.25 (MB), peak = 3635.13 (MB)
#
#number of short segments in preferred routing layers
#	
#	
#
#Routing data preparation, pin analysis, global routing and track assignment statistics:
#Cpu time = 00:00:04
#Elapsed time = 00:00:04
#Increased memory = 18.35 (MB)
#Total memory = 3379.25 (MB)
#Peak memory = 3635.13 (MB)
#Using multithreading with 8 threads.
#WARNING (NRIF-79) Wrong option value for drouteUseMultiCutViaEffort <>, reset to default.
#WARNING (NRIF-67) In option 'OnGridOnly 0', 0 is an unknown type. It will be ignored.
#WARNING (NRIF-68) Option 'OnGridOnly 0' did not specify a correct type. It will be ignored.
#WARNING (NRDR-157) In option 'PostRouteSwapVia ',  is invalid and will be ignored.
#WARNING (NRIF-79) Wrong option value for drouteUseMultiCutViaEffort <>, reset to default.
#WARNING (NRIF-67) In option 'OnGridOnly 0', 0 is an unknown type. It will be ignored.
#WARNING (NRIF-68) Option 'OnGridOnly 0' did not specify a correct type. It will be ignored.
#WARNING (NRDR-157) In option 'PostRouteSwapVia ',  is invalid and will be ignored.
#WARNING (NRIF-79) Wrong option value for drouteUseMultiCutViaEffort <>, reset to default.
#WARNING (NRIF-67) In option 'OnGridOnly 0', 0 is an unknown type. It will be ignored.
#WARNING (NRIF-68) Option 'OnGridOnly 0' did not specify a correct type. It will be ignored.
#WARNING (NRDR-157) In option 'PostRouteSwapVia ',  is invalid and will be ignored.
#WARNING (NRIF-79) Wrong option value for drouteUseMultiCutViaEffort <>, reset to default.
#WARNING (NRIF-67) In option 'OnGridOnly 0', 0 is an unknown type. It will be ignored.
#WARNING (NRIF-68) Option 'OnGridOnly 0' did not specify a correct type. It will be ignored.
#WARNING (NRDR-157) In option 'PostRouteSwapVia ',  is invalid and will be ignored.
#
#Start Detail Routing..
#start initial detail routing ...
#   number of violations = 1
#
#  By Layer and Type:
#
#---------+------+-------+
#  -      | Short| Totals|
#---------+------+-------+
#  Metal1 |     0|      0|
#  Metal2 |     1|      1|
#  Totals |     1|      1|
#---------+------+-------+
#
#89 out of 426 instances (20.9%) need to be verified(marked ipoed), dirty area = 5.7%.
#82.82% of the total area is being checked for drcs
#82.8% of the total area was checked
#   number of violations = 1
#
#  By Layer and Type:
#
#---------+------+-------+
#  -      | Short| Totals|
#---------+------+-------+
#  Metal1 |     0|      0|
#  Metal2 |     1|      1|
#  Totals |     1|      1|
#---------+------+-------+
#
#cpu time = 00:00:01, elapsed time = 00:00:01, memory = 3412.64 (MB), peak = 3635.13 (MB)
#start 1st optimization iteration ...
#   number of violations = 1
#
#  By Layer and Type:
#
#---------+------+-------+
#  -      | Short| Totals|
#---------+------+-------+
#  Metal1 |     0|      0|
#  Metal2 |     1|      1|
#  Totals |     1|      1|
#---------+------+-------+
#
#cpu time = 00:00:00, elapsed time = 00:00:00, memory = 3418.73 (MB), peak = 3635.13 (MB)
#Complete Detail Routing.
#Total number of nets with non-default rule or having extra spacing = 1
#
#  Routing Statistics
#
#------------------+-----------+-----+
#  Layer           | Length(um)| Vias|
#------------------+-----------+-----+
#  GatPoly ( 0H)   |          0|    0|
#  Metal1 ( 1H)    |       2063| 1644|
#  Metal2 ( 2V)    |       5540|  806|
#  Metal3 ( 3H)    |       3892|   84|
#  Metal4 ( 4V)    |        550|    0|
#  Metal5 ( 5H)    |          0|    0|
#  TopMetal1 ( 6V) |          0|    0|
#  TopMetal2 ( 7H) |          0|    0|
#------------------+-----------+-----+
#  Total           |      12044| 2534|
#------------------+-----------+-----+
#
# Total half perimeter of net bounding box: 9787 um.
#Total number of DRC violations = 1
#Cpu time = 00:00:01
#Elapsed time = 00:00:01
#Increased memory = 28.18 (MB)
#Total memory = 3407.42 (MB)
#Peak memory = 3635.13 (MB)
#
#start routing for process antenna violation fix ...
#WARNING (NRIF-79) Wrong option value for drouteUseMultiCutViaEffort <>, reset to default.
#WARNING (NRIF-67) In option 'OnGridOnly 0', 0 is an unknown type. It will be ignored.
#WARNING (NRIF-68) Option 'OnGridOnly 0' did not specify a correct type. It will be ignored.
#WARNING (NRDR-157) In option 'PostRouteSwapVia ',  is invalid and will be ignored.
#WARNING (NRIF-79) Wrong option value for drouteUseMultiCutViaEffort <>, reset to default.
#WARNING (NRIF-67) In option 'OnGridOnly 0', 0 is an unknown type. It will be ignored.
#WARNING (NRIF-68) Option 'OnGridOnly 0' did not specify a correct type. It will be ignored.
#WARNING (NRDR-157) In option 'PostRouteSwapVia ',  is invalid and will be ignored.
#
#  By Layer and Type:
#
#---------+------+-------+
#  -      | Short| Totals|
#---------+------+-------+
#  Metal1 |     0|      0|
#  Metal2 |     1|      1|
#  Totals |     1|      1|
#---------+------+-------+
#
#cpu time = 00:00:00, elapsed time = 00:00:00, memory = 3408.27 (MB), peak = 3635.13 (MB)
#
#Total number of nets with non-default rule or having extra spacing = 1
#
#  Routing Statistics
#
#------------------+-----------+-----+
#  Layer           | Length(um)| Vias|
#------------------+-----------+-----+
#  GatPoly ( 0H)   |          0|    0|
#  Metal1 ( 1H)    |       2063| 1644|
#  Metal2 ( 2V)    |       5540|  806|
#  Metal3 ( 3H)    |       3892|   84|
#  Metal4 ( 4V)    |        550|    0|
#  Metal5 ( 5H)    |          0|    0|
#  TopMetal1 ( 6V) |          0|    0|
#  TopMetal2 ( 7H) |          0|    0|
#------------------+-----------+-----+
#  Total           |      12044| 2534|
#------------------+-----------+-----+
#
# Total half perimeter of net bounding box: 9787 um.
#Total number of DRC violations = 1
#Total number of process antenna violations = 0
#Total number of net violated process antenna rule = 0
#
#
#Total number of nets with non-default rule or having extra spacing = 1
#
#  Routing Statistics
#
#------------------+-----------+-----+
#  Layer           | Length(um)| Vias|
#------------------+-----------+-----+
#  GatPoly ( 0H)   |          0|    0|
#  Metal1 ( 1H)    |       2063| 1644|
#  Metal2 ( 2V)    |       5540|  806|
#  Metal3 ( 3H)    |       3892|   84|
#  Metal4 ( 4V)    |        550|    0|
#  Metal5 ( 5H)    |          0|    0|
#  TopMetal1 ( 6V) |          0|    0|
#  TopMetal2 ( 7H) |          0|    0|
#------------------+-----------+-----+
#  Total           |      12044| 2534|
#------------------+-----------+-----+
#
# Total half perimeter of net bounding box: 9787 um.
#Total number of DRC violations = 1
#Total number of process antenna violations = 0
#Total number of net violated process antenna rule = 0
#
#WARNING (NRIF-79) Wrong option value for drouteUseMultiCutViaEffort <>, reset to default.
#WARNING (NRIF-67) In option 'OnGridOnly 0', 0 is an unknown type. It will be ignored.
#WARNING (NRIF-68) Option 'OnGridOnly 0' did not specify a correct type. It will be ignored.
#WARNING (NRDR-157) In option 'PostRouteSwapVia ',  is invalid and will be ignored.
#WARNING (NRIF-79) Wrong option value for drouteUseMultiCutViaEffort <>, reset to default.
#WARNING (NRIF-67) In option 'OnGridOnly 0', 0 is an unknown type. It will be ignored.
#WARNING (NRIF-68) Option 'OnGridOnly 0' did not specify a correct type. It will be ignored.
#WARNING (NRDR-157) In option 'PostRouteSwapVia ',  is invalid and will be ignored.
#
#Start Post Route wire spreading..
#WARNING (NRIF-79) Wrong option value for drouteUseMultiCutViaEffort <>, reset to default.
#WARNING (NRIF-67) In option 'OnGridOnly 0', 0 is an unknown type. It will be ignored.
#WARNING (NRIF-68) Option 'OnGridOnly 0' did not specify a correct type. It will be ignored.
#WARNING (NRDR-157) In option 'PostRouteSwapVia ',  is invalid and will be ignored.
#WARNING (NRIF-79) Wrong option value for drouteUseMultiCutViaEffort <>, reset to default.
#WARNING (NRIF-67) In option 'OnGridOnly 0', 0 is an unknown type. It will be ignored.
#WARNING (NRIF-68) Option 'OnGridOnly 0' did not specify a correct type. It will be ignored.
#WARNING (NRDR-157) In option 'PostRouteSwapVia ',  is invalid and will be ignored.
#
#Start DRC checking..
#   number of violations = 1
#
#  By Layer and Type:
#
#---------+------+-------+
#  -      | Short| Totals|
#---------+------+-------+
#  Metal1 |     0|      0|
#  Metal2 |     1|      1|
#  Totals |     1|      1|
#---------+------+-------+
#
#cpu time = 00:00:00, elapsed time = 00:00:00, memory = 3419.60 (MB), peak = 3635.13 (MB)
#CELL_VIEW Main,init has 1 DRC violations
#Total number of DRC violations = 1
#Total number of process antenna violations = 0
#Total number of net violated process antenna rule = 0
#WARNING (NRIF-79) Wrong option value for drouteUseMultiCutViaEffort <>, reset to default.
#WARNING (NRIF-67) In option 'OnGridOnly 0', 0 is an unknown type. It will be ignored.
#WARNING (NRIF-68) Option 'OnGridOnly 0' did not specify a correct type. It will be ignored.
#WARNING (NRDR-157) In option 'PostRouteSwapVia ',  is invalid and will be ignored.
#WARNING (EMS-27) Message (NRIF-79) has exceeded the current message display limit of 20.
#To increase the message display limit, refer to the product command reference manual.
#WARNING (EMS-27) Message (NRIF-67) has exceeded the current message display limit of 20.
#To increase the message display limit, refer to the product command reference manual.
#WARNING (EMS-27) Message (NRIF-68) has exceeded the current message display limit of 20.
#To increase the message display limit, refer to the product command reference manual.
#WARNING (EMS-27) Message (NRDR-157) has exceeded the current message display limit of 20.
#To increase the message display limit, refer to the product command reference manual.
#
#Start data preparation for wire spreading...
#
#Data preparation is done on Thu Aug  7 22:28:22 2025
#
#
#Start Post Route Wire Spread.
#Done with 97 horizontal wires in 1 hboxes and 72 vertical wires in 2 hboxes.
#Complete Post Route Wire Spread.
#
#Total number of nets with non-default rule or having extra spacing = 1
#
#  Routing Statistics
#
#------------------+-----------+-----+
#  Layer           | Length(um)| Vias|
#------------------+-----------+-----+
#  GatPoly ( 0H)   |          0|    0|
#  Metal1 ( 1H)    |       2079| 1644|
#  Metal2 ( 2V)    |       5584|  806|
#  Metal3 ( 3H)    |       3953|   84|
#  Metal4 ( 4V)    |        551|    0|
#  Metal5 ( 5H)    |          0|    0|
#  TopMetal1 ( 6V) |          0|    0|
#  TopMetal2 ( 7H) |          0|    0|
#------------------+-----------+-----+
#  Total           |      12167| 2534|
#------------------+-----------+-----+
#
# Total half perimeter of net bounding box: 9787 um.
#
#Start DRC checking..
#   number of violations = 1
#
#  By Layer and Type:
#
#---------+------+-------+
#  -      | Short| Totals|
#---------+------+-------+
#  Metal1 |     0|      0|
#  Metal2 |     1|      1|
#  Totals |     1|      1|
#---------+------+-------+
#
#cpu time = 00:00:00, elapsed time = 00:00:00, memory = 3416.20 (MB), peak = 3635.13 (MB)
#CELL_VIEW Main,init has 1 DRC violations
#Total number of DRC violations = 1
#Total number of process antenna violations = 0
#Total number of net violated process antenna rule = 0
#   number of violations = 1
#
#  By Layer and Type:
#
#---------+------+-------+
#  -      | Short| Totals|
#---------+------+-------+
#  Metal1 |     0|      0|
#  Metal2 |     1|      1|
#  Totals |     1|      1|
#---------+------+-------+
#
#cpu time = 00:00:00, elapsed time = 00:00:00, memory = 3409.72 (MB), peak = 3635.13 (MB)
#CELL_VIEW Main,init has 1 DRC violations
#Total number of DRC violations = 1
#Total number of process antenna violations = 0
#Total number of net violated process antenna rule = 0
#Post Route wire spread is done.
#Total number of nets with non-default rule or having extra spacing = 1
#
#  Routing Statistics
#
#------------------+-----------+-----+
#  Layer           | Length(um)| Vias|
#------------------+-----------+-----+
#  GatPoly ( 0H)   |          0|    0|
#  Metal1 ( 1H)    |       2079| 1644|
#  Metal2 ( 2V)    |       5584|  806|
#  Metal3 ( 3H)    |       3953|   84|
#  Metal4 ( 4V)    |        551|    0|
#  Metal5 ( 5H)    |          0|    0|
#  TopMetal1 ( 6V) |          0|    0|
#  TopMetal2 ( 7H) |          0|    0|
#------------------+-----------+-----+
#  Total           |      12167| 2534|
#------------------+-----------+-----+
#
# Total half perimeter of net bounding box: 9787 um.
#detailRoute Statistics:
#Cpu time = 00:00:02
#Elapsed time = 00:00:01
#Increased memory = 30.48 (MB)
#Total memory = 3409.72 (MB)
#Peak memory = 3635.13 (MB)
#
#globalDetailRoute statistics:
#Cpu time = 00:00:07
#Elapsed time = 00:00:05
#Increased memory = -59.23 (MB)
#Total memory = 3299.37 (MB)
#Peak memory = 3635.13 (MB)
#Number of warnings = 86
#Total number of warnings = 163
#Number of fails = 0
#Total number of fails = 0
#Complete globalDetailRoute on Thu Aug  7 22:28:22 2025
#
% End globalDetailRoute (date=08/07 22:28:22, total cpu=0:00:06.6, real=0:00:05.0, peak res=3635.1M, current mem=3293.7M)
#Default setup view is reset to WORST_CASE.
#Default setup view is reset to WORST_CASE.
AAE_INFO: Post Route call back at the end of routeDesign
#routeDesign: cpu time = 00:00:07, elapsed time = 00:00:05, memory = 3277.38 (MB), peak = 3635.13 (MB)
#
#  Scalability Statistics
#
#----------------------------+---------+-------------+------------+
#  routeDesign               | cpu time| elapsed time| scalability|
#----------------------------+---------+-------------+------------+
#  Pre Callback              | 00:00:00|     00:00:00|         1.0|
#  Post Callback             | 00:00:00|     00:00:00|         1.0|
#  Timing Data Generation    | 00:00:00|     00:00:00|         1.0|
#  DB Import                 | 00:00:00|     00:00:00|         1.0|
#  DB Export                 | 00:00:00|     00:00:00|         1.0|
#  Cell Pin Access           | 00:00:01|     00:00:00|         1.0|
#  Data Preparation          | 00:00:03|     00:00:03|         1.0|
#  Global Routing            | 00:00:00|     00:00:00|         1.0|
#  Track Assignment          | 00:00:00|     00:00:00|         1.0|
#  Detail Routing            | 00:00:01|     00:00:01|         1.0|
#  Antenna Fixing            | 00:00:00|     00:00:00|         1.0|
#  Post Route Wire Spreading | 00:00:00|     00:00:00|         1.0|
#  Entire Command            | 00:00:07|     00:00:05|         1.3|
#----------------------------+---------+-------------+------------+
#

*** Summary of all messages that are not suppressed in this session:
Severity  ID               Count  Summary                                  
WARNING   NRAG-44              1  Track pitch is too small compared with l...
WARNING   NRDR-157            25  In option '%s %s', %s is invalid and wil...
WARNING   NRIG-1303            1  The congestion map does not match the GC...
WARNING   NRIF-67             25  In option '%s %s', %s is an unknown type...
WARNING   NRIF-68             25  Option '%s %s' did not specify a correct...
WARNING   NRIF-79             25  Wrong option value for %s <%s>, reset to...
*** Message Summary: 102 warning(s), 0 error(s)

#% End routeDesign (date=08/07 22:28:22, total cpu=0:00:06.9, real=0:00:05.0, peak res=3635.1M, current mem=3277.4M)
<CMD> setDelayCalMode -SIAware false
<CMD> setAnalysisMode -analysisType onChipVariation
<CMD> timeDesign -postRoute
*** timeDesign #3 [begin] () : totSession cpu/real = 0:01:40.3/0:05:03.7 (0.3), mem = 4049.1M
**WARN: (IMPOPT-7139):	'setExtractRCMode -coupled false' has been implicitly activated since current delay calulation is under SIAware false mode.
Extraction called for design 'Main' of instances=426 and nets=667 using extraction engine 'postRoute' at effort level 'low' .
PostRoute (effortLevel low) RC Extraction called for design Main.
RC Extraction called in multi-corner(2) mode.
Process corner(s) are loaded.
 Corner: RC_BEST
 Corner: RC_WORST
extractDetailRC Option : -outfile /tmp/innovus_temp_1548662_9d79b53a-790c-43d0-b024-c64704ca8999_ei-vm-018.othr.de_bas33767_4gN3oL/Main_1548662_8Zq0aC.rcdb.d  -extended
RC Mode: PostRoute -effortLevel low [Extended CapTable, RC Table Resistances]
      RC Corner Indexes            0       1   
Capacitance Scaling Factor   : 1.00000 1.00000 
Coupling Cap. Scaling Factor : 1.00000 1.00000 
Resistance Scaling Factor    : 1.00000 1.00000 
Clock Cap. Scaling Factor    : 1.00000 1.00000 
Clock Res. Scaling Factor    : 1.00000 1.00000 
Shrink Factor                : 1.00000
Initializing multi-corner capacitance tables ... 
Initializing multi-corner resistance tables ...
Checking LVS Completed (CPU Time= 0:00:00.0  MEM= 4049.1M)
Extracted 10.0344% (CPU Time= 0:00:00.0  MEM= 4061.1M)
Extracted 20.0458% (CPU Time= 0:00:00.0  MEM= 4061.1M)
Extracted 30.0344% (CPU Time= 0:00:00.0  MEM= 4089.1M)
Extracted 40.0458% (CPU Time= 0:00:00.0  MEM= 4089.1M)
Extracted 50.0344% (CPU Time= 0:00:00.0  MEM= 4089.1M)
Extracted 60.0458% (CPU Time= 0:00:00.0  MEM= 4089.1M)
Extracted 70.0344% (CPU Time= 0:00:00.0  MEM= 4089.1M)
Extracted 80.0458% (CPU Time= 0:00:00.0  MEM= 4089.1M)
Extracted 90.0344% (CPU Time= 0:00:00.0  MEM= 4089.1M)
Extracted 100% (CPU Time= 0:00:00.0  MEM= 4089.1M)
Number of Extracted Resistors     : 7197
Number of Extracted Ground Cap.   : 7381
Number of Extracted Coupling Cap. : 0
PostRoute (effortLevel low) RC Extraction DONE (CPU Time: 0:00:00.1  Real Time: 0:00:00.0  MEM: 4073.070M)
Starting delay calculation for Setup views
AAE_INFO: opIsDesignInPostRouteState() is 1
AAE_INFO: deleting AAE DB due to opIsDesignInPostRouteState() is changed ...
AAE DB initialization (MEM=4103.27 CPU=0:00:00.0 REAL=0:00:00.0) 
#################################################################################
# Design Stage: PostRoute
# Design Name: Main
# Design Mode: 130nm
# Analysis Mode: MMMC OCV 
# Parasitics Mode: SPEF/RCDB 
# Signoff Settings: SI Off 
#################################################################################
Start delay calculation (fullDC) (8 T). (MEM=3392.27)
Initializing multi-corner capacitance tables ... 
Initializing multi-corner resistance tables ...
AAE_INFO: 8 threads acquired from CTE.
Total number of fetched objects 498
End delay calculation. (MEM=3453.61 CPU=0:00:00.1 REAL=0:00:00.0)
End delay calculation (fullDC). (MEM=3435.66 CPU=0:00:00.6 REAL=0:00:01.0)
*** Done Building Timing Graph (cpu=0:00:00.8 real=0:00:01.0 totSessionCpu=0:01:41 mem=5116.6M)

------------------------------------------------------------------
          timeDesign Summary
------------------------------------------------------------------

Setup views included:
 WORST_CASE 

+--------------------+---------+---------+---------+
|     Setup mode     |   all   | reg2reg | default |
+--------------------+---------+---------+---------+
|           WNS (ns):|  0.509  |  0.509  |  1.772  |
|           TNS (ns):|  0.000  |  0.000  |  0.000  |
|    Violating Paths:|    0    |    0    |    0    |
|          All Paths:|   276   |   181   |   148   |
+--------------------+---------+---------+---------+

+----------------+-------------------------------+------------------+
|                |              Real             |       Total      |
|    DRVs        +------------------+------------+------------------|
|                |  Nr nets(terms)  | Worst Vio  |  Nr nets(terms)  |
+----------------+------------------+------------+------------------+
|   max_cap      |      0 (0)       |   0.000    |      0 (0)       |
|   max_tran     |      0 (0)       |   0.000    |      0 (0)       |
|   max_fanout   |      8 (8)       |    -67     |      8 (8)       |
|   max_length   |      0 (0)       |     0      |      0 (0)       |
+----------------+------------------+------------+------------------+

Density: 83.028%
------------------------------------------------------------------
Reported timing to dir ./timingReports
Total CPU time: 1.14 sec
Total Real time: 7.0 sec
Total Memory Usage: 5149.710938 Mbytes
*** timeDesign #3 [finish] () : cpu/real = 0:00:01.1/0:00:07.2 (0.2), totSession cpu/real = 0:01:41.5/0:05:10.9 (0.3), mem = 5149.7M
<CMD> optDesign -postRoute
**optDesign ... cpu = 0:00:00, real = 0:00:00, mem = 3412.1M, totSessionCpu=0:01:42 **
*** optDesign #2 [begin] () : totSession cpu/real = 0:01:41.5/0:05:10.9 (0.3), mem = 5149.7M
GigaOpt running with 8 threads.
*** InitOpt #1 [begin] (optDesign #2) : totSession cpu/real = 0:01:41.5/0:05:10.9 (0.3), mem = 5661.7M
**INFO: User settings:
setNanoRouteMode -route_detail_auto_stop                                                  true
setNanoRouteMode -route_detail_end_iteration                                              1
setNanoRouteMode -route_detail_fix_antenna                                                true
setNanoRouteMode -route_detail_on_grid_only                                               0
setNanoRouteMode -route_detail_post_route_litho_repair                                    false
setNanoRouteMode -route_detail_post_route_spread_wire                                     1
setNanoRouteMode -route_detail_post_route_swap_via                                        {}
setNanoRouteMode -route_detail_use_multi_cut_via_effort                                   {}
setNanoRouteMode -route_extract_third_party_compatible                                    false
setNanoRouteMode -route_global_exp_timing_driven_std_delay                                34.8
setNanoRouteMode -route_global_exp_timing_driven_use_tif_timing_engine_for_import_design  false
setNanoRouteMode -route_bottom_routing_layer                                              1
setNanoRouteMode -route_ignore_antenna_top_cell_pin                                       false
setNanoRouteMode -route_antenna_diode_insertion                                           false
setNanoRouteMode -route_selected_net_only                                                 false
setNanoRouteMode -route_top_routing_layer                                                 5
setNanoRouteMode -route_with_eco                                                          false
setNanoRouteMode -route_with_litho_driven                                                 false
setNanoRouteMode -route_with_si_driven                                                    false
setNanoRouteMode -route_with_timing_driven                                                false
setNanoRouteMode -timingEngine                                                            {}
setDesignMode -process                                                                    130
setExtractRCMode -coupled                                                                 false
setExtractRCMode -coupling_c_th                                                           0.4
setExtractRCMode -engine                                                                  postRoute
setExtractRCMode -relative_c_th                                                           1
setExtractRCMode -total_c_th                                                              0
setUsefulSkewMode -opt_skew_eco_route                                                     false
setUsefulSkewMode -opt_skew_max_allowed_delay                                             1
setUsefulSkewMode -opt_skew_no_boundary                                                   false
setDelayCalMode -enable_high_fanout                                                       true
setDelayCalMode -eng_enablePrePlacedFlow                                                  false
setDelayCalMode -engine                                                                   aae
setDelayCalMode -ignoreNetLoad                                                            false
setDelayCalMode -SIAware                                                                  false
setDelayCalMode -socv_accuracy_mode                                                       low
setOptMode -opt_view_pruning_setup_views_active_list                                      { WORST_CASE }
setOptMode -opt_view_pruning_setup_views_persistent_list                                  { WORST_CASE}
setOptMode -opt_view_pruning_tdgr_setup_views_persistent_list                             { WORST_CASE}
setOptMode -opt_drv_margin                                                                0
setOptMode -opt_drv                                                                       true
setOptMode -opt_resize_flip_flops                                                         true
setOptMode -opt_preserve_all_sequential                                                   false
setOptMode -opt_setup_target_slack                                                        0
setSIMode -separate_delta_delay_on_data                                                   true
setPlaceMode -maxRouteLayer                                                               7
setPlaceMode -place_design_floorplan_mode                                                 false
setPlaceMode -place_detail_check_route                                                    false
setPlaceMode -place_detail_preserve_routing                                               true
setPlaceMode -place_detail_remove_affected_routing                                        false
setPlaceMode -place_detail_swap_eeq_cells                                                 false
setPlaceMode -place_global_clock_gate_aware                                               true
setPlaceMode -place_global_cong_effort                                                    auto
setPlaceMode -place_global_ignore_scan                                                    true
setPlaceMode -place_global_ignore_spare                                                   false
setPlaceMode -place_global_module_aware_spare                                             false
setPlaceMode -place_global_place_io_pins                                                  false
setPlaceMode -place_global_reorder_scan                                                   true
setPlaceMode -powerDriven                                                                 false
setPlaceMode -timingDriven                                                                true
setAnalysisMode -analysisType                                                             onChipVariation
setAnalysisMode -checkType                                                                setup
setAnalysisMode -clkSrcPath                                                               true
setAnalysisMode -clockPropagation                                                         sdcControl
setAnalysisMode -skew                                                                     true
setAnalysisMode -usefulSkew                                                               true
setAnalysisMode -virtualIPO                                                               false

**INFO: setDesignMode -flowEffort standard -> setting 'setOptMode -allEndPoints true' for the duration of this command.
Disable merging buffers from different footprints for postRoute code for non-MSV designs
Need call spDPlaceInit before registerPrioInstLoc.
**WARN: (IMPOPT-7077):	Some of the LEF equivalent cells have different ANTENNAGATEAREA/ANTENNADIFFAREA/PINS etc... attributes. They will not be swapped for fixed instances and for lefsafe operations like optLeakagePower in postroute mode. To find out what cells are LEF equivalent use the findLefEquivalentCells command.
Type 'man IMPOPT-7077' for more detail.
Info: Using SynthesisEngine executable '/eda/cadence/2024-25/RHELx86/DDIEXPORT_23.31.000/INNOVUS231/bin/innovus_'.
      (normalized executable '/mnt/cae_storage_sw/eda/cadence/2024-25/RHELx86/DDIEXPORT_23.31.000/INNOVUS231/bin/innovus_')
      SynthesisEngine workers will not check out additional licenses.
**INFO: Using Advanced Metric Collection system.
**optDesign ... cpu = 0:00:01, real = 0:00:12, mem = 3435.3M, totSessionCpu=0:01:42 **
Existing Dirty Nets : 0
New Signature Flow (optDesignCheckOptions) ....
#Taking db snapshot
#Taking db snapshot ... done
Begin checking placement ... (start mem=5655.8M, init mem=5687.8M)
*info: Placed = 426           
*info: Unplaced = 0           
Placement Density:83.02%(6896/8306)
Placement Density (including fixed std cells):83.02%(6896/8306)
Finished checkPlace (total: cpu=0:00:00.1, real=0:00:00.0; vio checks: cpu=0:00:00.0, real=0:00:00.0; mem=5655.8M)
#optDebug: { P: 130 W: 2201 FE: standard PE: none LDR: 1}
**WARN: (IMPOPT-7139):	'setExtractRCMode -coupled false' has been implicitly activated since current delay calulation is under SIAware false mode.
*** optDesign -postRoute ***
DRC Margin: user margin 0.0; extra margin 0
Setup Target Slack: user slack 0
Hold Target Slack: user slack 0
Multi-VT timing optimization disabled based on library information.
*** InitOpt #1 [finish] (optDesign #2) : cpu/real = 0:00:00.7/0:00:11.6 (0.1), totSession cpu/real = 0:01:42.2/0:05:22.5 (0.3), mem = 5687.8M
** INFO : this run is activating 'postRoute' automaton
**INFO: flowCheckPoint #1 InitialSummary
Extraction called for design 'Main' of instances=426 and nets=667 using extraction engine 'postRoute' at effort level 'low' .
PostRoute (effortLevel low) RC Extraction called for design Main.
RC Extraction called in multi-corner(2) mode.
Process corner(s) are loaded.
 Corner: RC_BEST
 Corner: RC_WORST
extractDetailRC Option : -outfile /tmp/innovus_temp_1548662_9d79b53a-790c-43d0-b024-c64704ca8999_ei-vm-018.othr.de_bas33767_4gN3oL/Main_1548662_8Zq0aC.rcdb.d -maxResLength 200  -extended
RC Mode: PostRoute -effortLevel low [Extended CapTable, RC Table Resistances]
      RC Corner Indexes            0       1   
Capacitance Scaling Factor   : 1.00000 1.00000 
Coupling Cap. Scaling Factor : 1.00000 1.00000 
Resistance Scaling Factor    : 1.00000 1.00000 
Clock Cap. Scaling Factor    : 1.00000 1.00000 
Clock Res. Scaling Factor    : 1.00000 1.00000 
Shrink Factor                : 1.00000
Initializing multi-corner capacitance tables ... 
Initializing multi-corner resistance tables ...
Checking LVS Completed (CPU Time= 0:00:00.0  MEM= 5678.8M)
Extracted 10.0344% (CPU Time= 0:00:00.0  MEM= 5690.8M)
Extracted 20.0458% (CPU Time= 0:00:00.0  MEM= 5690.8M)
Extracted 30.0344% (CPU Time= 0:00:00.0  MEM= 5718.8M)
Extracted 40.0458% (CPU Time= 0:00:00.0  MEM= 5718.8M)
Extracted 50.0344% (CPU Time= 0:00:00.0  MEM= 5718.8M)
Extracted 60.0458% (CPU Time= 0:00:00.0  MEM= 5718.8M)
Extracted 70.0344% (CPU Time= 0:00:00.0  MEM= 5718.8M)
Extracted 80.0458% (CPU Time= 0:00:00.0  MEM= 5718.8M)
Extracted 90.0344% (CPU Time= 0:00:00.0  MEM= 5718.8M)
Extracted 100% (CPU Time= 0:00:00.0  MEM= 5718.8M)
Number of Extracted Resistors     : 7197
Number of Extracted Ground Cap.   : 7381
Number of Extracted Coupling Cap. : 0
PostRoute (effortLevel low) RC Extraction DONE (CPU Time: 0:00:00.1  Real Time: 0:00:00.0  MEM: 5702.758M)
*** BuildHoldData #1 [begin] (optDesign #2) : totSession cpu/real = 0:01:42.4/0:05:22.8 (0.3), mem = 5685.0M
Starting delay calculation for Hold views
AAE_INFO: opIsDesignInPostRouteState() is 1
#################################################################################
# Design Stage: PostRoute
# Design Name: Main
# Design Mode: 130nm
# Analysis Mode: MMMC OCV 
# Parasitics Mode: SPEF/RCDB 
# Signoff Settings: SI Off 
#################################################################################
Start delay calculation (fullDC) (8 T). (MEM=3432.95)
*** Calculating scaling factor for MIN_TIMING libraries using the default operating condition of each library.
Initializing multi-corner capacitance tables ... 
Initializing multi-corner resistance tables ...
AAE_INFO: 8 threads acquired from CTE.
Total number of fetched objects 498
End delay calculation. (MEM=3470.07 CPU=0:00:00.1 REAL=0:00:00.0)
End delay calculation (fullDC). (MEM=3470.07 CPU=0:00:00.2 REAL=0:00:00.0)
*** Done Building Timing Graph (cpu=0:00:00.3 real=0:00:00.0 totSessionCpu=0:01:43 mem=5126.2M)

Active hold views:
 Best_CASE
  Dominating endpoints: 0
  Dominating TNS: -0.000

Done building cte hold timing graph (HoldAware) cpu=0:00:00.5 real=0:00:01.0 totSessionCpu=0:01:43 mem=5419.9M ***
Warning: No proper clock gate cell delay was found for clock standard delay computation.
Starting delay calculation for Setup views
AAE_INFO: opIsDesignInPostRouteState() is 1
#################################################################################
# Design Stage: PostRoute
# Design Name: Main
# Design Mode: 130nm
# Analysis Mode: MMMC OCV 
# Parasitics Mode: SPEF/RCDB 
# Signoff Settings: SI Off 
#################################################################################
Start delay calculation (fullDC) (8 T). (MEM=3417.03)
*** Calculating scaling factor for MAX_TIMING libraries using the default operating condition of each library.
Total number of fetched objects 498
End delay calculation. (MEM=3462.62 CPU=0:00:00.2 REAL=0:00:00.0)
End delay calculation (fullDC). (MEM=3462.62 CPU=0:00:00.3 REAL=0:00:00.0)
*** Done Building Timing Graph (cpu=0:00:00.8 real=0:00:00.0 totSessionCpu=0:01:44 mem=5140.7M)

------------------------------------------------------------------
     Initial Non-SI Timing Summary
------------------------------------------------------------------

Setup views included:
 WORST_CASE 

+--------------------+---------+---------+---------+
|     Setup mode     |   all   | reg2reg | default |
+--------------------+---------+---------+---------+
|           WNS (ns):|  0.509  |  0.509  |  1.772  |
|           TNS (ns):|  0.000  |  0.000  |  0.000  |
|    Violating Paths:|    0    |    0    |    0    |
|          All Paths:|   276   |   181   |   148   |
+--------------------+---------+---------+---------+

+----------------+-------------------------------+------------------+
|                |              Real             |       Total      |
|    DRVs        +------------------+------------+------------------|
|                |  Nr nets(terms)  | Worst Vio  |  Nr nets(terms)  |
+----------------+------------------+------------+------------------+
|   max_cap      |      0 (0)       |   0.000    |      0 (0)       |
|   max_tran     |      0 (0)       |   0.000    |      0 (0)       |
|   max_fanout   |      8 (8)       |    -67     |      8 (8)       |
|   max_length   |      0 (0)       |     0      |      0 (0)       |
+----------------+------------------+------------+------------------+

Density: 83.028%
------------------------------------------------------------------
*** BuildHoldData #1 [finish] (optDesign #2) : cpu/real = 0:00:01.4/0:00:00.9 (1.5), totSession cpu/real = 0:01:43.8/0:05:23.7 (0.3), mem = 5459.7M
**optDesign ... cpu = 0:00:02, real = 0:00:13, mem = 3437.9M, totSessionCpu=0:01:44 **
OPTC: m4 20.0 50.0 [ 250.0 20.0 50.0 ]
OPTC: view 50.0:250.0 [ 0.0500 ]
Info: Done creating the CCOpt slew target map.
**INFO: flowCheckPoint #2 OptimizationPass1
*** ClockDrv #1 [begin] (optDesign #2) : totSession cpu/real = 0:01:44.1/0:05:23.9 (0.3), mem = 5142.7M
Running CCOpt-PRO on entire clock network
Leaving CCOpt scope - Initializing power interface...
Leaving CCOpt scope - Initializing power interface done. (took cpu=0:00:00.0 real=0:00:00.0)
Net route status summary:
  Clock:         1 (unrouted=0, trialRouted=0, noStatus=0, routed=1, fixed=0, [crossesIlmBoundary=0, tooFewTerms=0, (crossesIlmBoundary AND tooFewTerms=0)])
  Non-clock:   666 (unrouted=175, trialRouted=0, noStatus=0, routed=491, fixed=0, [crossesIlmBoundary=0, tooFewTerms=175, (crossesIlmBoundary AND tooFewTerms=0)])
-effortLevel low                           # enums={low medium high signoff}, default=undefined
Clock tree cells fixed by user: 0 out of 0
PRO...
Relaxing adjacent_rows_legal and cell_density for the duration of PRO. To stop this set pro_respect_cell_density_and_adjacent_row_legal to true.
Initializing clock structures...
  Creating own balancer
  Permitting the movement of (non-FIXED) datapath insts as required for sized/new clock tree insts
  Initializing legalizer
  Using cell based legalization.
**WARN: (IMPSP-105):	'setPlaceMode -maxRouteLayer' will become obsolete from next release. Use 'setRouteMode -earlyGlobalMaxRouteLayer N' to set maximum routing layer.Type 'man IMPSP-105' for more detail.
  Leaving CCOpt scope - Initializing placement interface...
  Leaving CCOpt scope - Initializing placement interface done. (took cpu=0:00:00.0 real=0:00:00.0)
[PSP]    Load db... (mem=5.0M)
[PSP]    Read data from FE... (mem=5.0M)
[PSP]    Done Read data from FE (cpu=0.001s, mem=5.0M)

[PSP]    Done Load db (cpu=0.001s, mem=5.0M)

[PSP]    Constructing placeable region... (mem=5.0M)
[PSP]    Compute region effective width... (mem=5.0M)
[PSP]    Done Compute region effective width (cpu=0.000s, mem=5.0M)

[PSP]    Done Constructing placeable region (cpu=0.000s, mem=5.0M)

  Reconstructing clock tree datastructures, skew aware...
    Validating CTS configuration...
    Checking module port directions...
    Checking module port directions done. (took cpu=0:00:00.0 real=0:00:00.0)
    Non-default CCOpt properties:
      Public non-default CCOpt properties:
        adjacent_rows_legal: true (default: false)
        buffer_cells is set for at least one object
        cell_density is set for at least one object
        cell_halo_rows: 0 (default: 1)
        cell_halo_sites: 0 (default: 4)
        delay_cells is set for at least one object
        inverter_cells is set for at least one object
        route_type is set for at least one object
        target_insertion_delay is set for at least one object
        target_max_trans_sdc is set for at least one object
        target_skew is set for at least one object
      Private non-default CCOpt properties:
        allow_non_fterm_identical_swaps: 0 (default: true)
        clock_nets_detailed_routed: 1 (default: false)
        force_design_routing_status: 1 (default: auto)
        last_virtual_delay_scaling_factor is set for at least one object
        pro_enable_post_commit_delay_update: 1 (default: false)
        use_accurate_downstream_capacitance_in_optimization: 1 (default: false)
    Route type trimming info:
      No route type modifications were made.
    Library trimming buffers in power domain auto-default and half-corner MAX_DEALY:setup.late removed 2 of 14 cells
    Original list had 14 cells:
    BUFJIX20 BUJIX20 BUFJIX16 BUJIX16 BUFJIX12 BUJIX12 BUFJIX8 BUJIX8 BUFJIX4 BUJIX4 BUFJIX2 BUJIX2 BUFJIX1 BUJIX1 
    New trimmed list has 12 cells:
    BUFJIX20 BUJIX20 BUFJIX16 BUJIX16 BUFJIX12 BUJIX12 BUFJIX8 BUJIX8 BUFJIX4 BUFJIX2 BUFJIX1 BUJIX1 
    Library trimming inverters in power domain auto-default and half-corner MAX_DEALY:setup.late removed 4 of 16 cells
    Original list had 16 cells:
    INVJIX20 INJIX20 INVJIX16 INJIX16 INVJIX12 INJIX12 INVJIX8 INJIX8 INVJIX4 INJIX4 INVJIX2 INJIX2 INVJIX1 INJIX1 INVJIX0 INJIX0 
    New trimmed list has 12 cells:
    INVJIX20 INJIX20 INVJIX16 INJIX16 INVJIX12 INJIX12 INVJIX8 INJIX8 INVJIX4 INVJIX2 INVJIX1 INJIX0 
**WARN: (IMPCCOPT-1182):	The clock_gating_cells property has no usable full-cycle clock gates for power domain auto-default. Gating limited for clock tree clk. You may be able to solve this problem by specifying a list of lib_cells to use with the clock_gating_cells property.
**WARN: (IMPCCOPT-2441):	The target_max_trans 0.020ns is too low for delay_corner MAX_DEALY and delay_type late for clock_tree clk and net_type leaf. CTS will proceed using 0.099ns.
**WARN: (IMPCCOPT-2441):	The target_max_trans 0.020ns is too low for delay_corner MAX_DEALY and delay_type late for clock_tree clk and net_type trunk. CTS will proceed using 0.099ns.
    Clock tree balancer configuration for clock_tree clk:
    Non-default CCOpt properties:
      Public non-default CCOpt properties:
        cell_density: 1 (default: 0.75)
        route_type (leaf): default_route_type_leaf (default: default)
        route_type (top): default_route_type_nonleaf (default: default)
        route_type (trunk): default_route_type_nonleaf (default: default)
      No private non-default CCOpt properties
    For power domain auto-default:
      Buffers:     BUFJIX20 BUJIX20 BUFJIX16 BUJIX16 BUFJIX12 BUJIX12 BUFJIX8 BUJIX8 BUFJIX4 BUFJIX2 BUFJIX1 BUJIX1
      Inverters:   INVJIX20 INJIX20 INVJIX16 INJIX16 INVJIX12 INJIX12 INVJIX8 INJIX8 INVJIX4 INVJIX2 INVJIX1 INJIX0
      Delay buffers: DLY1JIX1 DLY2JIX1 DLY4JIX1 DLY8JIX1
      Unblocked area available for placement of any clock cells in power_domain auto-default: 8306.323um^2
    Top Routing info:
      Route-type name: default_route_type_nonleaf; Top/bottom preferred layer name: Metal4/Metal3; 
      Unshielded; Mask Constraint: 0; Source: route_type.
    Trunk Routing info:
      Route-type name: default_route_type_nonleaf; Top/bottom preferred layer name: Metal4/Metal3; 
      Unshielded; Preferred extra space: 1; Mask Constraint: 0; Source: route_type.
    Leaf Routing info:
      Route-type name: default_route_type_leaf; Top/bottom preferred layer name: Metal4/Metal3; 
      Unshielded; Preferred extra space: 1; Mask Constraint: 0; Source: route_type.
    For timing_corner MAX_DEALY:setup, late and power domain auto-default:
      Slew time target (leaf):    0.098ns
      Slew time target (trunk):   0.098ns
      Slew time target (top):     0.020ns (Note: no nets are considered top nets in this clock tree)
      Buffer unit delay: 0.091ns
      Buffer max distance: 820.800um
    Fastest wire driving cells and distances:
      Buffer    : {lib_cell:BUFJIX20, fastest_considered_half_corner=MAX_DEALY:setup.late, optimalDrivingDistance=820.800um, saturatedSlew=0.088ns, speed=4485.246um per ns, cellArea=63.829um^2 per 1000um}
      Inverter  : {lib_cell:INVJIX20, fastest_considered_half_corner=MAX_DEALY:setup.late, optimalDrivingDistance=665.834um, saturatedSlew=0.089ns, speed=6625.214um per ns, cellArea=57.225um^2 per 1000um}
    
    
    Logic Sizing Table:
    
    ----------------------------------------------------------
    Cell    Instance count    Source    Eligible library cells
    ----------------------------------------------------------
      (empty table)
    ----------------------------------------------------------
    
    
    Clock tree balancer configuration for skew_group clk/CONSTRAINTS:
     Created from constraint modes: {[CONSTRAINTS]}
      Sources:                     pin clk
      Total number of sinks:       91
      Delay constrained sinks:     91
      Constrains:                  default
      Non-leaf sinks:              0
      Ignore pins:                 0
     Timing corner MAX_DEALY:setup.late:
      Skew target:                 0.091ns
    Primary reporting skew groups are:
    skew_group clk/CONSTRAINTS with 91 clock sinks
    
    
    Constraint summary
    ==================
    
    Transition constraints are active in the following delay corners:
    
    MAX_DEALY:setup.late
    
    Cap constraints are active in the following delay corners:
    
    MAX_DEALY:setup.late
    
    Transition constraint summary:
    
    -------------------------------------------------------------------------------------------
    Delay corner                      Target (ns)    Num pins    Target source    Clock tree(s)
    -------------------------------------------------------------------------------------------
    MAX_DEALY:setup.late (primary)         -            -              -                -
                  -                      0.098          93       tool modified    all
    -------------------------------------------------------------------------------------------
    
    Capacitance constraint summary:
    
    ------------------------------------------------------------------------------------------------------
    Delay corner                      Limit (pF)    Num nets    Target source                Clock tree(s)
    ------------------------------------------------------------------------------------------------------
    MAX_DEALY:setup.late (primary)        -            -                    -                      -
                  -                     0.862          1        library_or_sdc_constraint    all
    ------------------------------------------------------------------------------------------------------
    
    
    Clock DAG stats initial state:
      cell counts      : b=0, i=0, icg=0, dcg=0, l=0, total=0
      sink counts      : regular=91, enable_latch=0, load_capacitance=0, antenna=0, node_sink=0, total=91
      misc counts      : r=1, pp=0, mci=0
      cell areas       : b=0.000um^2, i=0.000um^2, icg=0.000um^2, dcg=0.000um^2, l=0.000um^2, total=0.000um^2
      hp wire lengths  : top=0.000um, trunk=0.000um, leaf=0.000um, total=0.000um
      flow.cputime  flow.realtime  timing.setup.tns  timing.setup.wns  snapshot
UM:*                                                                   InitialState
    Have 8 CPUs available for CTS. Selected algorithms will run multithreaded.
    No ideal or dont_touch nets found in the clock tree
    No dont_touch hnets found in the clock tree
    No dont_touch hpins found in the clock network.
    Checking for illegal sizes of clock logic instances...
    Checking for illegal sizes of clock logic instances done. (took cpu=0:00:00.0 real=0:00:00.0)
    Validating CTS configuration done. (took cpu=0:00:02.8 real=0:00:01.8)
    CCOpt configuration status: all checks passed.
  Reconstructing clock tree datastructures, skew aware done.
Initializing clock structures done.
PRO...
  PRO active optimizations:
   - DRV fixing with sizing
  
  Detected clock skew data from CTS
  ProEngine running partially connected to DB
  Clock tree timing engine global stage delay update for MAX_DEALY:setup.late...
  Clock tree timing engine global stage delay update for MAX_DEALY:setup.late done. (took cpu=0:00:00.0 real=0:00:00.0)
  Clock DAG stats PRO initial state:
    cell counts      : b=0, i=0, icg=0, dcg=0, l=0, total=0
    sink counts      : regular=91, enable_latch=0, load_capacitance=0, antenna=0, node_sink=0, total=91
    misc counts      : r=1, pp=0, mci=0
    cell areas       : b=0.000um^2, i=0.000um^2, icg=0.000um^2, dcg=0.000um^2, l=0.000um^2, total=0.000um^2
    cell capacitance : b=0.000pF, i=0.000pF, icg=0.000pF, dcg=0.000pF, l=0.000pF, total=0.000pF
    sink capacitance : total=0.114pF, avg=0.001pF, sd=0.000pF, min=0.001pF, max=0.001pF
    wire capacitance : top=0.000pF, trunk=0.000pF, leaf=0.112pF, total=0.112pF
    wire lengths     : top=0.000um, trunk=0.000um, leaf=761.880um, total=761.880um
    hp wire lengths  : top=0.000um, trunk=0.000um, leaf=0.000um, total=0.000um
  Clock DAG net violations PRO initial state: none
  Clock DAG primary half-corner transition distribution PRO initial state:
    Leaf : target=0.098ns count=1 avg=0.018ns sd=0.000ns min=0.018ns max=0.018ns {1 <= 0.059ns, 0 <= 0.078ns, 0 <= 0.088ns, 0 <= 0.093ns, 0 <= 0.098ns}
  Primary reporting skew groups PRO initial state:
  Skew group summary PRO initial state:
    skew_group clk/CONSTRAINTS: insertion delay [min=0.004, max=0.012, avg=0.008, sd=0.002, skn=0.439, kur=-0.530], skew [0.008 vs 0.092], 100% {0.004, 0.012} (wid=0.012 ws=0.008) (gid=0.000 gs=0.000)
  Recomputing CTS skew targets...
  Resolving skew group constraints...
    Solving LP: 1 skew groups; 2 fragments, 2 fraglets and 3 vertices; 12 variables and 27 constraints; tolerance 1
  Resolving skew group constraints done.
  Recomputing CTS skew targets done. (took cpu=0:00:00.0 real=0:00:00.0)
  PRO Fixing DRVs...
    Fixing clock tree DRVs: ...20% ...40% ...60% ...80% ...100% 
    CCOpt-PRO: considered: 1, tested: 1, violation detected: 0, violation ignored (due to small violation): 0, cannot run: 0, attempted: 0, unsuccessful: 0, sized: 0
    
    Statistics: Fix DRVs (cell sizing):
    ===================================
    
    Cell changes by Net Type:
    
    -------------------------------------------------------------------------------------------------
    Net Type    Attempted    Upsized     Downsized    Swapped Same Size    Total Changed    Not Sized
    -------------------------------------------------------------------------------------------------
    top                0            0           0            0                    0                0
    trunk              0            0           0            0                    0                0
    leaf               0            0           0            0                    0                0
    -------------------------------------------------------------------------------------------------
    Total              0            0           0            0                    0                0
    -------------------------------------------------------------------------------------------------
    
    Upsized: 0, Downsized: 0, Sized but same area: 0, Unchanged: 0, Area change: 0.000um^2
    Max. move: 0.000um, Min. move: 0.000um, Avg. move: N/A
    
    Clock DAG stats after 'PRO Fixing DRVs':
      cell counts      : b=0, i=0, icg=0, dcg=0, l=0, total=0
      sink counts      : regular=91, enable_latch=0, load_capacitance=0, antenna=0, node_sink=0, total=91
      misc counts      : r=1, pp=0, mci=0
      cell areas       : b=0.000um^2, i=0.000um^2, icg=0.000um^2, dcg=0.000um^2, l=0.000um^2, total=0.000um^2
      cell capacitance : b=0.000pF, i=0.000pF, icg=0.000pF, dcg=0.000pF, l=0.000pF, total=0.000pF
      sink capacitance : total=0.114pF, avg=0.001pF, sd=0.000pF, min=0.001pF, max=0.001pF
      wire capacitance : top=0.000pF, trunk=0.000pF, leaf=0.112pF, total=0.112pF
      wire lengths     : top=0.000um, trunk=0.000um, leaf=761.880um, total=761.880um
      hp wire lengths  : top=0.000um, trunk=0.000um, leaf=0.000um, total=0.000um
    Clock DAG net violations after 'PRO Fixing DRVs': none
    Clock DAG primary half-corner transition distribution after 'PRO Fixing DRVs':
      Leaf : target=0.098ns count=1 avg=0.018ns sd=0.000ns min=0.018ns max=0.018ns {1 <= 0.059ns, 0 <= 0.078ns, 0 <= 0.088ns, 0 <= 0.093ns, 0 <= 0.098ns}
    Primary reporting skew groups after 'PRO Fixing DRVs':
    Skew group summary after 'PRO Fixing DRVs':
      skew_group clk/CONSTRAINTS: insertion delay [min=0.004, max=0.012], skew [0.008 vs 0.091]
    Legalizer API calls during this step: 0 succeeded with high effort: 0 succeeded with medium effort: 0 succeeded with low effort: 0 succeeded with basic effort: 0 succeeded with basic unbounded effort: 0
  PRO Fixing DRVs done. (took cpu=0:00:00.0 real=0:00:00.0)
  Reconnecting optimized routes...
  Reconnecting optimized routes done. (took cpu=0:00:00.0 real=0:00:00.0)
  Clock tree timing engine global stage delay update for MAX_DEALY:setup.late...
  Clock tree timing engine global stage delay update for MAX_DEALY:setup.late done. (took cpu=0:00:00.0 real=0:00:00.0)
  Clock DAG stats PRO final:
    cell counts      : b=0, i=0, icg=0, dcg=0, l=0, total=0
    sink counts      : regular=91, enable_latch=0, load_capacitance=0, antenna=0, node_sink=0, total=91
    misc counts      : r=1, pp=0, mci=0
    cell areas       : b=0.000um^2, i=0.000um^2, icg=0.000um^2, dcg=0.000um^2, l=0.000um^2, total=0.000um^2
    cell capacitance : b=0.000pF, i=0.000pF, icg=0.000pF, dcg=0.000pF, l=0.000pF, total=0.000pF
    sink capacitance : total=0.114pF, avg=0.001pF, sd=0.000pF, min=0.001pF, max=0.001pF
    wire capacitance : top=0.000pF, trunk=0.000pF, leaf=0.112pF, total=0.112pF
    wire lengths     : top=0.000um, trunk=0.000um, leaf=761.880um, total=761.880um
    hp wire lengths  : top=0.000um, trunk=0.000um, leaf=0.000um, total=0.000um
  Clock DAG net violations PRO final: none
  Clock DAG primary half-corner transition distribution PRO final:
    Leaf : target=0.098ns count=1 avg=0.018ns sd=0.000ns min=0.018ns max=0.018ns {1 <= 0.059ns, 0 <= 0.078ns, 0 <= 0.088ns, 0 <= 0.093ns, 0 <= 0.098ns}
  Primary reporting skew groups PRO final:
  Skew group summary PRO final:
    skew_group clk/CONSTRAINTS: insertion delay [min=0.004, max=0.012, avg=0.008, sd=0.002, skn=0.439, kur=-0.530], skew [0.008 vs 0.091], 100% {0.004, 0.012} (wid=0.012 ws=0.008) (gid=0.000 gs=0.000)
  Legalizer API calls during this step: 0 succeeded with high effort: 0 succeeded with medium effort: 0 succeeded with low effort: 0 succeeded with basic effort: 0 succeeded with basic unbounded effort: 0
PRO done.
Net route status summary:
  Clock:         1 (unrouted=0, trialRouted=0, noStatus=0, routed=1, fixed=0, [crossesIlmBoundary=0, tooFewTerms=0, (crossesIlmBoundary AND tooFewTerms=0)])
  Non-clock:   666 (unrouted=175, trialRouted=0, noStatus=0, routed=491, fixed=0, [crossesIlmBoundary=0, tooFewTerms=175, (crossesIlmBoundary AND tooFewTerms=0)])
Updating delays...
Updating delays done.
PRO done. (took cpu=0:00:02.8 real=0:00:01.8)
Leaving CCOpt scope - Cleaning up placement interface...
Leaving CCOpt scope - Cleaning up placement interface done. (took cpu=0:00:00.0 real=0:00:00.0)
**WARN: (IMPSP-105):	'setPlaceMode -maxRouteLayer' will become obsolete from next release. Use 'setRouteMode -earlyGlobalMaxRouteLayer N' to set maximum routing layer.Type 'man IMPSP-105' for more detail.
*** ClockDrv #1 [finish] (optDesign #2) : cpu/real = 0:00:02.8/0:00:01.9 (1.5), totSession cpu/real = 0:01:46.9/0:05:25.8 (0.3), mem = 8396.7M
**INFO: Start fixing DRV (Mem = 6044.69M) ...
Begin: GigaOpt DRV Optimization
*** DrvOpt #1 [begin] (optDesign #2) : totSession cpu/real = 0:01:47.2/0:05:26.0 (0.3), mem = 6044.7M
Info: 0 don't touch net , 30 undriven nets excluded from IPO operation.
Info: 1 clock net  excluded from IPO operation.
	CornerforLayerOpt timing analysis view WORST_CASE has been selected for calibration 
	CornerforLayerOpt timing analysis view WORST_CASE has been selected for calibration 
	CornerforLayerOpt timing analysis view WORST_CASE has been selected for calibration 
	CornerforLayerOpt timing analysis view WORST_CASE has been selected for calibration 
	CornerforLayerOpt timing analysis view WORST_CASE has been selected for calibration 
	CornerforLayerOpt timing analysis view WORST_CASE has been selected for calibration 
	CornerforLayerOpt timing analysis view WORST_CASE has been selected for calibration 
	CornerforLayerOpt timing analysis view WORST_CASE has been selected for calibration 
	CornerforLayerOpt timing analysis view WORST_CASE has been selected for calibration 
	CornerforLayerOpt timing analysis view WORST_CASE has been selected for calibration 
	CornerforLayerOpt timing analysis view WORST_CASE has been selected for calibration 
	CornerforLayerOpt timing analysis view WORST_CASE has been selected for calibration 
DRV pessimism of 2.00% is used for tran, 2.00% for cap, 2.00% for fanout, on top of margin 0.00%
+-------------------------------------------------------------------------------------------------------------------------------------------------------+
|        max-tran       |        max-cap        |  max-fanout |  max-length |       setup       |        |        |        |       |          |         |
+-------------------------------------------------------------------------------------------------------------------------------------------------------+
| nets | terms|  wViol  | nets | terms|  wViol  | nets | terms| nets | terms|   WNS   |   TNS   |  #Buf  |  #Inv  | #Resize|Density|   Real   |   Mem   |
+-------------------------------------------------------------------------------------------------------------------------------------------------------+
|     0|     0|     0.00|     0|     0|     0.00|     8|     8|     0|     0|     0.51|     0.00|       0|       0|       0| 83.03%|          |         |
|     0|     0|     0.00|     0|     0|     0.00|     8|     8|     0|     0|     0.51|     0.00|       0|       0|       0| 83.03%| 0:00:00.0|  6146.0M|
+-------------------------------------------------------------------------------------------------------------------------------------------------------+

*** Finish DRV Fixing (cpu=0:00:00.0 real=0:00:00.0 mem=6146.0M) ***

*** DrvOpt #1 [finish] (optDesign #2) : cpu/real = 0:00:00.8/0:00:00.8 (1.1), totSession cpu/real = 0:01:48.0/0:05:26.8 (0.3), mem = 5741.0M
drv optimizer changes nothing and skips refinePlace
End: GigaOpt DRV Optimization
*info:
**INFO: Completed fixing DRV (CPU Time = 0:00:01, Mem = 5740.95M).

------------------------------------------------------------------
     Non-SI Timing Summary (cpu=0.01min real=0.02min mem=5741.0M)
------------------------------------------------------------------

Setup views included:
 WORST_CASE 

+--------------------+---------+---------+---------+
|     Setup mode     |   all   | reg2reg | default |
+--------------------+---------+---------+---------+
|           WNS (ns):|  0.510  |  0.510  |  1.772  |
|           TNS (ns):|  0.000  |  0.000  |  0.000  |
|    Violating Paths:|    0    |    0    |    0    |
|          All Paths:|   276   |   181   |   148   |
+--------------------+---------+---------+---------+

+----------------+-------------------------------+------------------+
|                |              Real             |       Total      |
|    DRVs        +------------------+------------+------------------|
|                |  Nr nets(terms)  | Worst Vio  |  Nr nets(terms)  |
+----------------+------------------+------------+------------------+
|   max_cap      |      0 (0)       |   0.000    |      0 (0)       |
|   max_tran     |      0 (0)       |   0.000    |      0 (0)       |
|   max_fanout   |      8 (8)       |    -67     |      8 (8)       |
|   max_length   |      0 (0)       |     0      |      0 (0)       |
+----------------+------------------+------------+------------------+

Density: 83.028%
------------------------------------------------------------------
**optDesign ... cpu = 0:00:07, real = 0:00:16, mem = 3505.2M, totSessionCpu=0:01:48 **
*** Timing Is met
*** Check timing (0:00:00.0)
*** Setup timing is met (target slack 0ns)
**INFO: flowCheckPoint #3 OptimizationPreEco
Running postRoute recovery in preEcoRoute mode
**optDesign ... cpu = 0:00:07, real = 0:00:16, mem = 3505.3M, totSessionCpu=0:01:48 **
Checking DRV degradation...
**INFO: Skipping DRV recovery as drv did not degrade beyond margin
Finish postRoute recovery in preEcoRoute mode (cpu=0:00:00, real=0:00:00, mem=5745.41M, totSessionCpu=0:01:48).
**optDesign ... cpu = 0:00:07, real = 0:00:16, mem = 3505.3M, totSessionCpu=0:01:48 **

Skipping pre eco harden opt
Running refinePlace -preserveRouting true -hardFence false
*** Starting refinePlace (0:01:48 mem=6007.1M) ***
Move report: Detail placement moves 0 insts, mean move: 0.00 um, max move: 0.00 um 
	Runtime: CPU: 0:00:00.0 REAL: 0:00:00.0 MEM: 5975.1MB
Summary Report:
Instances move: 0 (out of 426 movable)
Instances flipped: 0
Mean displacement: 0.00 um
Max displacement: 0.00 um 
Physical-only instances move: 0 (out of 0 movable physical-only)
Runtime: CPU: 0:00:00.0 REAL: 0:00:00.0 MEM: 5975.1MB
*** Finished refinePlace (0:01:48 mem=5975.1M) ***
Default Rule : ""
Non Default Rules :
Worst Slack : 0.510 ns

Start Layer Assignment ...
WNS(0.510ns) Target(0.000ns) MaxAssign(0%) MaxCong(20%) MinLen(100um) MinCap(0.050pf) layerBucket(0)

Select 0 cadidates out of 667.
No critical nets selected. Skipped !

Start Assign Priority Nets ...
TargetSlk(0.200ns) MaxAssign(3%) minLen(50um)
Existing Priority Nets 0 (0.0%)
Assigned Priority Nets 0 (0.0%)

Set Prefer Layer Routing Effort ...
Total Net(665) IPOed(0) PreferLayer(0) -> MediumEffort(0)

Default Rule : ""
Non Default Rules :
Worst Slack : 0.510 ns

Start Layer Assignment ...
WNS(0.510ns) Target(0.000ns) MaxAssign(0%) MaxCong(20%) MinLen(100um) MinCap(0.050pf) layerBucket(0)

Select 0 cadidates out of 667.
No critical nets selected. Skipped !

Start Assign Priority Nets ...
TargetSlk(0.200ns) MaxAssign(3%) minLen(50um)
Existing Priority Nets 0 (0.0%)
Assigned Priority Nets 0 (0.0%)

------------------------------------------------------------------
        Pre-ecoRoute Summary
------------------------------------------------------------------

Setup views included:
 WORST_CASE 

+--------------------+---------+---------+---------+
|     Setup mode     |   all   | reg2reg | default |
+--------------------+---------+---------+---------+
|           WNS (ns):|  0.510  |  0.510  |  1.772  |
|           TNS (ns):|  0.000  |  0.000  |  0.000  |
|    Violating Paths:|    0    |    0    |    0    |
|          All Paths:|   276   |   181   |   148   |
+--------------------+---------+---------+---------+

+----------------+-------------------------------+------------------+
|                |              Real             |       Total      |
|    DRVs        +------------------+------------+------------------|
|                |  Nr nets(terms)  | Worst Vio  |  Nr nets(terms)  |
+----------------+------------------+------------+------------------+
|   max_cap      |      0 (0)       |   0.000    |      0 (0)       |
|   max_tran     |      0 (0)       |   0.000    |      0 (0)       |
|   max_fanout   |      8 (8)       |    -67     |      8 (8)       |
|   max_length   |      0 (0)       |     0      |      0 (0)       |
+----------------+------------------+------------+------------------+

Density: 83.028%
------------------------------------------------------------------
**optDesign ... cpu = 0:00:07, real = 0:00:17, mem = 3506.3M, totSessionCpu=0:01:48 **
**INFO: flowCheckPoint #4 GlobalDetailRoute
-route_with_eco false                     # bool, default=false, user setting
-route_selected_net_only false            # bool, default=false, user setting
-route_with_timing_driven false           # bool, default=false, user setting
-route_with_si_driven false               # bool, default=false, user setting
Existing Dirty Nets : 0
New Signature Flow (saveAndSetNanoRouteOptions) ....
Reset Dirty Nets : 0
*** EcoRoute #1 [begin] (optDesign #2) : totSession cpu/real = 0:01:48.6/0:05:27.3 (0.3), mem = 5747.2M

globalDetailRoute

#Start globalDetailRoute on Thu Aug  7 22:28:46 2025
#
#NanoRoute Version 23.31-s109_1 NR240401-0735/23_11-UB
#WARNING (NRIF-79) Wrong option value for drouteUseMultiCutViaEffort <>, reset to default.
#WARNING (NRIF-67) In option 'OnGridOnly 0', 0 is an unknown type. It will be ignored.
#WARNING (NRIF-68) Option 'OnGridOnly 0' did not specify a correct type. It will be ignored.
#WARNING (NRDR-157) In option 'PostRouteSwapVia ',  is invalid and will be ignored.
#Skip comparing routing design signature in db-snapshot flow
#WARNING (NRIF-79) Wrong option value for drouteUseMultiCutViaEffort <>, reset to default.
#WARNING (NRIF-67) In option 'OnGridOnly 0', 0 is an unknown type. It will be ignored.
#WARNING (NRIF-68) Option 'OnGridOnly 0' did not specify a correct type. It will be ignored.
#WARNING (NRDR-157) In option 'PostRouteSwapVia ',  is invalid and will be ignored.
#WARNING (NRIF-79) Wrong option value for drouteUseMultiCutViaEffort <>, reset to default.
#WARNING (NRIF-67) In option 'OnGridOnly 0', 0 is an unknown type. It will be ignored.
#WARNING (NRIF-68) Option 'OnGridOnly 0' did not specify a correct type. It will be ignored.
#WARNING (NRDR-157) In option 'PostRouteSwapVia ',  is invalid and will be ignored.
#Total number of trivial nets (e.g. < 2 pins) = 175 (skipped).
#Total number of routable nets = 492.
#Total number of nets in the design = 667.
#492 routable nets have routed wires.
#1 detail routed (routable) net has been constrained (e.g. have preferred extra spacing, require shielding etc.)
#No nets have been global routed.
#Using multithreading with 8 threads.
#WARNING (NRIF-79) Wrong option value for drouteUseMultiCutViaEffort <>, reset to default.
#WARNING (NRIF-67) In option 'OnGridOnly 0', 0 is an unknown type. It will be ignored.
#WARNING (NRIF-68) Option 'OnGridOnly 0' did not specify a correct type. It will be ignored.
#WARNING (NRDR-157) In option 'PostRouteSwapVia ',  is invalid and will be ignored.
#Start routing data preparation on Thu Aug  7 22:28:46 2025
#
#WARNING (NRIF-79) Wrong option value for drouteUseMultiCutViaEffort <>, reset to default.
#WARNING (NRIF-67) In option 'OnGridOnly 0', 0 is an unknown type. It will be ignored.
#WARNING (NRIF-68) Option 'OnGridOnly 0' did not specify a correct type. It will be ignored.
#WARNING (NRDR-157) In option 'PostRouteSwapVia ',  is invalid and will be ignored.
#Initial pin access analysis.
#Detail pin access analysis.
# Metal1       H   Track-Pitch = 0.4200    Line-2-Via Pitch = 0.3650
# Metal2       V   Track-Pitch = 0.4200    Line-2-Via Pitch = 0.4100
# Metal3       H   Track-Pitch = 0.4200    Line-2-Via Pitch = 0.4100
# Metal4       V   Track-Pitch = 0.4200    Line-2-Via Pitch = 0.4100
# Metal5       H   Track-Pitch = 0.4200    Line-2-Via Pitch = 0.4100
# TopMetal1    V   Track-Pitch = 2.5200    Line-2-Via Pitch = 3.2800
#WARNING (NRAG-44) Track pitch is too small compared with line-2-via pitch.
# TopMetal2    H   Track-Pitch = 4.0000    Line-2-Via Pitch = 4.0000
#Bottom routing layer index=1(Metal1), bottom routing layer for shielding=1(Metal1), bottom shield layer=1(Metal1)
#shield_bottom_stripe_layer=1(Metal1), shield_top_stripe_layer=5(Metal5)
#pin_access_rlayer=2(Metal2)
#shield_top_dpt_rlayer=-1 top_rlayer=5 top_trim_metal_rlayer=-1 rlayer_lowest=1 bottom_rlayer=1
#enable_trim_layer_shield=F enable_dpt_layer_shield=F has_line_end_grid=F
#enable_dpt_layer_shield=F
#has_line_end_grid=F
#Processed 0/0 dirty instances, 0/0 dirty terms, 0/0 dirty fterms, 0/0 dirty pgterms, 0/0 misc dirty regions(0 insts marked dirty, reset pre-exisiting dirty flag on 0 insts, 0 nets marked need extraction)
#cpu time = 00:00:00, elapsed time = 00:00:00, memory = 3514.73 (MB), peak = 3635.13 (MB)
#Regenerating Ggrids automatically.
#Auto generating G-grids with size=15 tracks, using layer Metal3's pitch = 0.4200.
#Using automatically generated G-grids.
#Done routing data preparation.
#cpu time = 00:00:03, elapsed time = 00:00:03, memory = 3521.91 (MB), peak = 3635.13 (MB)
#WARNING (NRIF-79) Wrong option value for drouteUseMultiCutViaEffort <>, reset to default.
#WARNING (NRIF-67) In option 'OnGridOnly 0', 0 is an unknown type. It will be ignored.
#WARNING (NRIF-68) Option 'OnGridOnly 0' did not specify a correct type. It will be ignored.
#WARNING (NRDR-157) In option 'PostRouteSwapVia ',  is invalid and will be ignored.
#
#Finished routing data preparation on Thu Aug  7 22:28:49 2025
#
#Cpu time = 00:00:03
#Elapsed time = 00:00:03
#Increased memory = 11.05 (MB)
#Total memory = 3521.91 (MB)
#Peak memory = 3635.13 (MB)
#
#
#Start global routing on Thu Aug  7 22:28:49 2025
#
#
#Start global routing initialization on Thu Aug  7 22:28:49 2025
#
#WARNING (NRGR-22) Design is already detail routed.
#WARNING (NRIF-79) Wrong option value for drouteUseMultiCutViaEffort <>, reset to default.
#WARNING (NRIF-67) In option 'OnGridOnly 0', 0 is an unknown type. It will be ignored.
#WARNING (NRIF-68) Option 'OnGridOnly 0' did not specify a correct type. It will be ignored.
#WARNING (NRDR-157) In option 'PostRouteSwapVia ',  is invalid and will be ignored.
#WARNING (NRIF-79) Wrong option value for drouteUseMultiCutViaEffort <>, reset to default.
#WARNING (NRIF-67) In option 'OnGridOnly 0', 0 is an unknown type. It will be ignored.
#WARNING (NRIF-68) Option 'OnGridOnly 0' did not specify a correct type. It will be ignored.
#WARNING (NRDR-157) In option 'PostRouteSwapVia ',  is invalid and will be ignored.
#Routing data preparation, pin analysis, global routing and track assignment statistics:
#Cpu time = 00:00:03
#Elapsed time = 00:00:03
#Increased memory = 11.05 (MB)
#Total memory = 3521.91 (MB)
#Peak memory = 3635.13 (MB)
#Using multithreading with 8 threads.
#WARNING (NRIF-79) Wrong option value for drouteUseMultiCutViaEffort <>, reset to default.
#WARNING (NRIF-67) In option 'OnGridOnly 0', 0 is an unknown type. It will be ignored.
#WARNING (NRIF-68) Option 'OnGridOnly 0' did not specify a correct type. It will be ignored.
#WARNING (NRDR-157) In option 'PostRouteSwapVia ',  is invalid and will be ignored.
#WARNING (NRIF-79) Wrong option value for drouteUseMultiCutViaEffort <>, reset to default.
#WARNING (NRIF-67) In option 'OnGridOnly 0', 0 is an unknown type. It will be ignored.
#WARNING (NRIF-68) Option 'OnGridOnly 0' did not specify a correct type. It will be ignored.
#WARNING (NRDR-157) In option 'PostRouteSwapVia ',  is invalid and will be ignored.
#WARNING (NRIF-79) Wrong option value for drouteUseMultiCutViaEffort <>, reset to default.
#WARNING (NRIF-67) In option 'OnGridOnly 0', 0 is an unknown type. It will be ignored.
#WARNING (NRIF-68) Option 'OnGridOnly 0' did not specify a correct type. It will be ignored.
#WARNING (NRDR-157) In option 'PostRouteSwapVia ',  is invalid and will be ignored.
#WARNING (NRIF-79) Wrong option value for drouteUseMultiCutViaEffort <>, reset to default.
#WARNING (NRIF-67) In option 'OnGridOnly 0', 0 is an unknown type. It will be ignored.
#WARNING (NRIF-68) Option 'OnGridOnly 0' did not specify a correct type. It will be ignored.
#WARNING (NRDR-157) In option 'PostRouteSwapVia ',  is invalid and will be ignored.
#
#Start Detail Routing..
#start initial detail routing ...
#   number of violations = 1
#
#  By Layer and Type:
#
#---------+------+-------+
#  -      | Short| Totals|
#---------+------+-------+
#  Metal1 |     0|      0|
#  Metal2 |     1|      1|
#  Totals |     1|      1|
#---------+------+-------+
#
#cpu time = 00:00:00, elapsed time = 00:00:00, memory = 3525.39 (MB), peak = 3635.13 (MB)
#start 1st optimization iteration ...
#   number of violations = 1
#
#  By Layer and Type:
#
#---------+------+-------+
#  -      | Short| Totals|
#---------+------+-------+
#  Metal1 |     0|      0|
#  Metal2 |     1|      1|
#  Totals |     1|      1|
#---------+------+-------+
#
#cpu time = 00:00:00, elapsed time = 00:00:00, memory = 3548.00 (MB), peak = 3635.13 (MB)
#Complete Detail Routing.
#Total number of nets with non-default rule or having extra spacing = 1
#
#  Routing Statistics
#
#------------------+-----------+-----+
#  Layer           | Length(um)| Vias|
#------------------+-----------+-----+
#  GatPoly ( 0H)   |          0|    0|
#  Metal1 ( 1H)    |       2079| 1644|
#  Metal2 ( 2V)    |       5566|  807|
#  Metal3 ( 3H)    |       3954|   87|
#  Metal4 ( 4V)    |        567|    0|
#  Metal5 ( 5H)    |          0|    0|
#  TopMetal1 ( 6V) |          0|    0|
#  TopMetal2 ( 7H) |          0|    0|
#------------------+-----------+-----+
#  Total           |      12167| 2538|
#------------------+-----------+-----+
#
# Total half perimeter of net bounding box: 9787 um.
#Total number of DRC violations = 1
#Cpu time = 00:00:00
#Elapsed time = 00:00:00
#Increased memory = 23.30 (MB)
#Total memory = 3545.21 (MB)
#Peak memory = 3635.13 (MB)
#
#start routing for process antenna violation fix ...
#WARNING (NRIF-79) Wrong option value for drouteUseMultiCutViaEffort <>, reset to default.
#WARNING (NRIF-67) In option 'OnGridOnly 0', 0 is an unknown type. It will be ignored.
#WARNING (NRIF-68) Option 'OnGridOnly 0' did not specify a correct type. It will be ignored.
#WARNING (NRDR-157) In option 'PostRouteSwapVia ',  is invalid and will be ignored.
#WARNING (NRIF-79) Wrong option value for drouteUseMultiCutViaEffort <>, reset to default.
#WARNING (NRIF-67) In option 'OnGridOnly 0', 0 is an unknown type. It will be ignored.
#WARNING (NRIF-68) Option 'OnGridOnly 0' did not specify a correct type. It will be ignored.
#WARNING (NRDR-157) In option 'PostRouteSwapVia ',  is invalid and will be ignored.
#
#  By Layer and Type:
#
#---------+------+-------+
#  -      | Short| Totals|
#---------+------+-------+
#  Metal1 |     0|      0|
#  Metal2 |     1|      1|
#  Totals |     1|      1|
#---------+------+-------+
#
#cpu time = 00:00:00, elapsed time = 00:00:00, memory = 3550.52 (MB), peak = 3635.13 (MB)
#
#Total number of nets with non-default rule or having extra spacing = 1
#
#  Routing Statistics
#
#------------------+-----------+-----+
#  Layer           | Length(um)| Vias|
#------------------+-----------+-----+
#  GatPoly ( 0H)   |          0|    0|
#  Metal1 ( 1H)    |       2079| 1644|
#  Metal2 ( 2V)    |       5566|  807|
#  Metal3 ( 3H)    |       3954|   87|
#  Metal4 ( 4V)    |        567|    0|
#  Metal5 ( 5H)    |          0|    0|
#  TopMetal1 ( 6V) |          0|    0|
#  TopMetal2 ( 7H) |          0|    0|
#------------------+-----------+-----+
#  Total           |      12167| 2538|
#------------------+-----------+-----+
#
# Total half perimeter of net bounding box: 9787 um.
#Total number of DRC violations = 1
#Total number of process antenna violations = 0
#Total number of net violated process antenna rule = 0
#
#
#Total number of nets with non-default rule or having extra spacing = 1
#
#  Routing Statistics
#
#------------------+-----------+-----+
#  Layer           | Length(um)| Vias|
#------------------+-----------+-----+
#  GatPoly ( 0H)   |          0|    0|
#  Metal1 ( 1H)    |       2079| 1644|
#  Metal2 ( 2V)    |       5566|  807|
#  Metal3 ( 3H)    |       3954|   87|
#  Metal4 ( 4V)    |        567|    0|
#  Metal5 ( 5H)    |          0|    0|
#  TopMetal1 ( 6V) |          0|    0|
#  TopMetal2 ( 7H) |          0|    0|
#------------------+-----------+-----+
#  Total           |      12167| 2538|
#------------------+-----------+-----+
#
# Total half perimeter of net bounding box: 9787 um.
#Total number of DRC violations = 1
#Total number of process antenna violations = 0
#Total number of net violated process antenna rule = 0
#
#WARNING (NRIF-79) Wrong option value for drouteUseMultiCutViaEffort <>, reset to default.
#WARNING (NRIF-67) In option 'OnGridOnly 0', 0 is an unknown type. It will be ignored.
#WARNING (NRIF-68) Option 'OnGridOnly 0' did not specify a correct type. It will be ignored.
#WARNING (NRDR-157) In option 'PostRouteSwapVia ',  is invalid and will be ignored.
#WARNING (NRIF-79) Wrong option value for drouteUseMultiCutViaEffort <>, reset to default.
#WARNING (NRIF-67) In option 'OnGridOnly 0', 0 is an unknown type. It will be ignored.
#WARNING (NRIF-68) Option 'OnGridOnly 0' did not specify a correct type. It will be ignored.
#WARNING (NRDR-157) In option 'PostRouteSwapVia ',  is invalid and will be ignored.
#
#Start Post Route wire spreading..
#WARNING (NRIF-79) Wrong option value for drouteUseMultiCutViaEffort <>, reset to default.
#WARNING (NRIF-67) In option 'OnGridOnly 0', 0 is an unknown type. It will be ignored.
#WARNING (NRIF-68) Option 'OnGridOnly 0' did not specify a correct type. It will be ignored.
#WARNING (NRDR-157) In option 'PostRouteSwapVia ',  is invalid and will be ignored.
#WARNING (NRIF-79) Wrong option value for drouteUseMultiCutViaEffort <>, reset to default.
#WARNING (NRIF-67) In option 'OnGridOnly 0', 0 is an unknown type. It will be ignored.
#WARNING (NRIF-68) Option 'OnGridOnly 0' did not specify a correct type. It will be ignored.
#WARNING (NRDR-157) In option 'PostRouteSwapVia ',  is invalid and will be ignored.
#WARNING (NRIF-79) Wrong option value for drouteUseMultiCutViaEffort <>, reset to default.
#WARNING (NRIF-67) In option 'OnGridOnly 0', 0 is an unknown type. It will be ignored.
#WARNING (NRIF-68) Option 'OnGridOnly 0' did not specify a correct type. It will be ignored.
#WARNING (NRDR-157) In option 'PostRouteSwapVia ',  is invalid and will be ignored.
#
#Start data preparation for wire spreading...
#
#Data preparation is done on Thu Aug  7 22:28:49 2025
#
#WARNING (NRIF-79) Wrong option value for drouteUseMultiCutViaEffort <>, reset to default.
#WARNING (NRIF-67) In option 'OnGridOnly 0', 0 is an unknown type. It will be ignored.
#WARNING (NRIF-68) Option 'OnGridOnly 0' did not specify a correct type. It will be ignored.
#WARNING (NRDR-157) In option 'PostRouteSwapVia ',  is invalid and will be ignored.
#
#Start Post Route Wire Spread.
#Done with 11 horizontal wires in 1 hboxes and 13 vertical wires in 2 hboxes.
#Complete Post Route Wire Spread.
#
#Total number of nets with non-default rule or having extra spacing = 1
#
#  Routing Statistics
#
#------------------+-----------+-----+
#  Layer           | Length(um)| Vias|
#------------------+-----------+-----+
#  GatPoly ( 0H)   |          0|    0|
#  Metal1 ( 1H)    |       2079| 1644|
#  Metal2 ( 2V)    |       5571|  807|
#  Metal3 ( 3H)    |       3956|   87|
#  Metal4 ( 4V)    |        567|    0|
#  Metal5 ( 5H)    |          0|    0|
#  TopMetal1 ( 6V) |          0|    0|
#  TopMetal2 ( 7H) |          0|    0|
#------------------+-----------+-----+
#  Total           |      12173| 2538|
#------------------+-----------+-----+
#
# Total half perimeter of net bounding box: 9787 um.
#   number of violations = 1
#
#  By Layer and Type:
#
#---------+------+-------+
#  -      | Short| Totals|
#---------+------+-------+
#  Metal1 |     0|      0|
#  Metal2 |     1|      1|
#  Totals |     1|      1|
#---------+------+-------+
#
#cpu time = 00:00:00, elapsed time = 00:00:00, memory = 3553.01 (MB), peak = 3635.13 (MB)
#CELL_VIEW Main,init has 1 DRC violations
#Total number of DRC violations = 1
#Total number of process antenna violations = 0
#Total number of net violated process antenna rule = 0
#Post Route wire spread is done.
#Total number of nets with non-default rule or having extra spacing = 1
#
#  Routing Statistics
#
#------------------+-----------+-----+
#  Layer           | Length(um)| Vias|
#------------------+-----------+-----+
#  GatPoly ( 0H)   |          0|    0|
#  Metal1 ( 1H)    |       2079| 1644|
#  Metal2 ( 2V)    |       5571|  807|
#  Metal3 ( 3H)    |       3956|   87|
#  Metal4 ( 4V)    |        567|    0|
#  Metal5 ( 5H)    |          0|    0|
#  TopMetal1 ( 6V) |          0|    0|
#  TopMetal2 ( 7H) |          0|    0|
#------------------+-----------+-----+
#  Total           |      12173| 2538|
#------------------+-----------+-----+
#
# Total half perimeter of net bounding box: 9787 um.
#detailRoute Statistics:
#Cpu time = 00:00:00
#Elapsed time = 00:00:00
#Increased memory = 31.10 (MB)
#Total memory = 3553.01 (MB)
#Peak memory = 3635.13 (MB)
#
#globalDetailRoute statistics:
#Cpu time = 00:00:04
#Elapsed time = 00:00:04
#Increased memory = -85.25 (MB)
#Total memory = 3421.08 (MB)
#Peak memory = 3635.13 (MB)
#Number of warnings = 82
#Total number of warnings = 245
#Number of fails = 0
#Total number of fails = 0
#Complete globalDetailRoute on Thu Aug  7 22:28:49 2025
#
#
#  Scalability Statistics
#
#----------------------------+---------+-------------+------------+
#  globalDetailRoute         | cpu time| elapsed time| scalability|
#----------------------------+---------+-------------+------------+
#  Pre Callback              | 00:00:00|     00:00:00|         1.0|
#  Post Callback             | 00:00:00|     00:00:00|         1.0|
#  Timing Data Generation    | 00:00:00|     00:00:00|         1.0|
#  DB Import                 | 00:00:00|     00:00:00|         1.0|
#  DB Export                 | 00:00:00|     00:00:00|         1.0|
#  Cell Pin Access           | 00:00:00|     00:00:00|         1.0|
#  Data Preparation          | 00:00:03|     00:00:03|         1.0|
#  Global Routing            | 00:00:00|     00:00:00|         1.0|
#  Track Assignment          | 00:00:00|     00:00:00|         1.0|
#  Detail Routing            | 00:00:00|     00:00:00|         1.0|
#  Antenna Fixing            | 00:00:00|     00:00:00|         1.0|
#  Post Route Wire Spreading | 00:00:00|     00:00:00|         1.0|
#  Entire Command            | 00:00:04|     00:00:04|         1.1|
#----------------------------+---------+-------------+------------+
#
*** EcoRoute #1 [finish] (optDesign #2) : cpu/real = 0:00:03.8/0:00:03.6 (1.1), totSession cpu/real = 0:01:52.4/0:05:30.9 (0.3), mem = 5848.8M
**optDesign ... cpu = 0:00:11, real = 0:00:20, mem = 3414.4M, totSessionCpu=0:01:52 **
New Signature Flow (restoreNanoRouteOptions) ....
**INFO: flowCheckPoint #5 PostEcoSummary
Extraction called for design 'Main' of instances=426 and nets=667 using extraction engine 'postRoute' at effort level 'low' .
PostRoute (effortLevel low) RC Extraction called for design Main.
RC Extraction called in multi-corner(2) mode.
Process corner(s) are loaded.
 Corner: RC_BEST
 Corner: RC_WORST
extractDetailRC Option : -outfile /tmp/innovus_temp_1548662_9d79b53a-790c-43d0-b024-c64704ca8999_ei-vm-018.othr.de_bas33767_4gN3oL/Main_1548662_8Zq0aC.rcdb.d -maxResLength 200  -extended
RC Mode: PostRoute -effortLevel low [Extended CapTable, RC Table Resistances]
      RC Corner Indexes            0       1   
Capacitance Scaling Factor   : 1.00000 1.00000 
Coupling Cap. Scaling Factor : 1.00000 1.00000 
Resistance Scaling Factor    : 1.00000 1.00000 
Clock Cap. Scaling Factor    : 1.00000 1.00000 
Clock Res. Scaling Factor    : 1.00000 1.00000 
Shrink Factor                : 1.00000
Initializing multi-corner capacitance tables ... 
Initializing multi-corner resistance tables ...
Checking LVS Completed (CPU Time= 0:00:00.0  MEM= 5720.8M)
Extracted 10.0455% (CPU Time= 0:00:00.0  MEM= 5732.8M)
Extracted 20.0455% (CPU Time= 0:00:00.0  MEM= 5732.8M)
Extracted 30.0455% (CPU Time= 0:00:00.0  MEM= 5760.8M)
Extracted 40.0455% (CPU Time= 0:00:00.0  MEM= 5760.8M)
Extracted 50.0455% (CPU Time= 0:00:00.0  MEM= 5760.8M)
Extracted 60.0455% (CPU Time= 0:00:00.0  MEM= 5760.8M)
Extracted 70.0455% (CPU Time= 0:00:00.0  MEM= 5760.8M)
Extracted 80.0455% (CPU Time= 0:00:00.0  MEM= 5760.8M)
Extracted 90.0455% (CPU Time= 0:00:00.0  MEM= 5760.8M)
Extracted 100% (CPU Time= 0:00:00.0  MEM= 5760.8M)
Number of Extracted Resistors     : 7237
Number of Extracted Ground Cap.   : 7420
Number of Extracted Coupling Cap. : 0
PostRoute (effortLevel low) RC Extraction DONE (CPU Time: 0:00:00.1  Real Time: 0:00:00.0  MEM: 5744.828M)
Starting delay calculation for Setup views
AAE_INFO: opIsDesignInPostRouteState() is 1
#################################################################################
# Design Stage: PostRoute
# Design Name: Main
# Design Mode: 130nm
# Analysis Mode: MMMC OCV 
# Parasitics Mode: SPEF/RCDB 
# Signoff Settings: SI Off 
#################################################################################
Start delay calculation (fullDC) (8 T). (MEM=3529.8)
Initializing multi-corner capacitance tables ... 
Initializing multi-corner resistance tables ...
AAE_INFO: 8 threads acquired from CTE.
Total number of fetched objects 498
End delay calculation. (MEM=3584.42 CPU=0:00:00.1 REAL=0:00:00.0)
End delay calculation (fullDC). (MEM=3584.42 CPU=0:00:00.2 REAL=0:00:00.0)
*** Done Building Timing Graph (cpu=0:00:00.5 real=0:00:00.0 totSessionCpu=0:01:53 mem=5244.3M)

------------------------------------------------------------------
       Post-ecoRoute Summary
------------------------------------------------------------------

Setup views included:
 WORST_CASE 

+--------------------+---------+---------+---------+
|     Setup mode     |   all   | reg2reg | default |
+--------------------+---------+---------+---------+
|           WNS (ns):|  0.515  |  0.515  |  1.772  |
|           TNS (ns):|  0.000  |  0.000  |  0.000  |
|    Violating Paths:|    0    |    0    |    0    |
|          All Paths:|   276   |   181   |   148   |
+--------------------+---------+---------+---------+

+----------------+-------------------------------+------------------+
|                |              Real             |       Total      |
|    DRVs        +------------------+------------+------------------|
|                |  Nr nets(terms)  | Worst Vio  |  Nr nets(terms)  |
+----------------+------------------+------------+------------------+
|   max_cap      |      0 (0)       |   0.000    |      0 (0)       |
|   max_tran     |      0 (0)       |   0.000    |      0 (0)       |
|   max_fanout   |      8 (8)       |    -67     |      8 (8)       |
|   max_length   |      0 (0)       |     0      |      0 (0)       |
+----------------+------------------+------------+------------------+

Density: 83.028%
------------------------------------------------------------------
**optDesign ... cpu = 0:00:12, real = 0:00:21, mem = 3532.0M, totSessionCpu=0:01:53 **
Executing marking Critical Nets1
**INFO: flowCheckPoint #6 OptimizationRecovery
*** Timing Is met
*** Check timing (0:00:00.0)
**INFO: flowCheckPoint #7 FinalSummary
OPTC: user 20.0
Reported timing to dir ./timingReports
**optDesign ... cpu = 0:00:12, real = 0:00:21, mem = 3529.5M, totSessionCpu=0:01:54 **

------------------------------------------------------------------
     optDesign Final Non-SI Timing Summary
------------------------------------------------------------------

Setup views included:
 WORST_CASE 

+--------------------+---------+---------+---------+
|     Setup mode     |   all   | reg2reg | default |
+--------------------+---------+---------+---------+
|           WNS (ns):|  0.515  |  0.515  |  1.772  |
|           TNS (ns):|  0.000  |  0.000  |  0.000  |
|    Violating Paths:|    0    |    0    |    0    |
|          All Paths:|   276   |   181   |   148   |
+--------------------+---------+---------+---------+

+----------------+-------------------------------+------------------+
|                |              Real             |       Total      |
|    DRVs        +------------------+------------+------------------|
|                |  Nr nets(terms)  | Worst Vio  |  Nr nets(terms)  |
+----------------+------------------+------------+------------------+
|   max_cap      |      0 (0)       |   0.000    |      0 (0)       |
|   max_tran     |      0 (0)       |   0.000    |      0 (0)       |
|   max_fanout   |      8 (8)       |    -67     |      8 (8)       |
|   max_length   |      0 (0)       |     0      |      0 (0)       |
+----------------+------------------+------------+------------------+

Density: 83.028%
------------------------------------------------------------------
Begin: Collecting metrics
 -------------------------------------------------------------------------------------------------- 
| Snapshot           | WNS               | TNS | Density (%) | Resource               | DRVs       |
|                    | HEPG (ns) | ALL (ns)    |             | Real (s) | Memory (MB) | Tran | Cap |
|--------------------+-----------+-------+-----+-------------+----------+-------------+------+-----|
| initial_summary    |     0.509 | 0.509 |   0 |       83.03 | 0:00:01  |        5175 |    0 |   0 |
| ccopt_pro          |           |       |     |             | 0:00:02  |        8413 |      |     |
| route_type_fixing  |           |       |     |             | 0:00:00  |        5713 |      |     |
| pre_route_summary  |     0.510 | 0.510 |   0 |       83.03 | 0:00:00  |        5747 |    0 |   0 |
| eco_route          |           |       |     |             | 0:00:04  |        5721 |      |     |
| post_route_summary |     0.515 | 0.515 |   0 |       83.03 | 0:00:00  |        5278 |    0 |   0 |
| final_summary      |     0.515 | 0.515 |   0 |       83.03 | 0:00:07  |        5279 |    0 |   0 |
 -------------------------------------------------------------------------------------------------- 
End: Collecting metrics
**optDesign ... cpu = 0:00:12, real = 0:00:28, mem = 3535.3M, totSessionCpu=0:01:54 **
*** Finished optDesign ***
      flow.cputime  flow.realtime  timing.setup.tns  timing.setup.wns  snapshot
UM:*                                                                   final
      flow.cputime  flow.realtime  timing.setup.tns  timing.setup.wns  snapshot
UM:*                                                                   opt_design_postroute
Info: final physical memory for 9 CRR processes is 845.99MB.
Info: Summary of CRR changes:
      - Timing transform commits:       0
Info: Destroy the CCOpt slew target map.

*** Summary of all messages that are not suppressed in this session:
Severity  ID               Count  Summary                                  
WARNING   IMPSP-105            2  'setPlaceMode -maxRouteLayer' will becom...
WARNING   IMPOPT-7077          1  Some of the LEF equivalent cells have di...
WARNING   IMPOPT-7139          1  'setExtractRCMode -coupled false' has be...
WARNING   IMPCCOPT-1182        1  The clock_gating_cells property has no u...
WARNING   IMPCCOPT-2441        2  The target_max_trans %s is too low for d...
WARNING   NRAG-44              1  Track pitch is too small compared with l...
WARNING   NRDR-157            20  In option '%s %s', %s is invalid and wil...
WARNING   NRGR-22              1  Design is already detail routed.         
WARNING   NRIF-67             20  In option '%s %s', %s is an unknown type...
WARNING   NRIF-68             20  Option '%s %s' did not specify a correct...
WARNING   NRIF-79             20  Wrong option value for %s <%s>, reset to...
*** Message Summary: 89 warning(s), 0 error(s)

*** optDesign #2 [finish] () : cpu/real = 0:00:13.0/0:00:35.0 (0.4), totSession cpu/real = 0:01:54.5/0:05:45.9 (0.3), mem = 5279.5M
<CMD> saveNetlist pnr_outputs/post_layout_main.v
** NOTE: Created directory path 'pnr_outputs' for file 'pnr_outputs/post_layout_main.v'.
Writing Netlist "pnr_outputs/post_layout_main.v" ...
<CMD> all_hold_analysis_views 
<CMD> all_setup_analysis_views 
<CMD> write_sdf  -ideal_clock_network pnr_outputs/post_layout_main.sdf
**WARN: (SDF-808):	The software is currently operating in a high performance mode which optimizes the handling of multiple timing arcs between input and output pin pairs. With the current settings, the SDF file generated will contain the same delay information for all of these arcs. To have the SDF recalculated with explicit pin pair data, you should use the option '-recompute_delay_calc'. This setting is recommended for generating SDF for functional  simulation applications.
AAE_INFO: opIsDesignInPostRouteState() is 1
#################################################################################
# Design Stage: PostRoute
# Design Name: Main
# Design Mode: 130nm
# Analysis Mode: MMMC OCV 
# Parasitics Mode: SPEF/RCDB 
# Signoff Settings: SI Off 
#################################################################################
Start delay calculation (fullDC) (8 T). (MEM=3518.61)
Total number of fetched objects 498
Total number of fetched objects 498
End delay calculation. (MEM=3594.21 CPU=0:00:00.4 REAL=0:00:00.0)
End delay calculation (fullDC). (MEM=3594.21 CPU=0:00:00.4 REAL=0:00:00.0)
<CMD> rcOut -spef pnr_outputs/main_RC_BEST.spef -rc_corner RC_BEST
RC Out has the following PVT Info:
   RC:RC_BEST, Operating temperature 40 C
Dumping Spef file.....
Printing D_NET...
RC Out from RCDB Completed (CPU Time= 0:00:00.0  MEM= 5226.1M)
<CMD> rcOut -spef pnr_outputs/main_RC_WORST.spef -rc_corner RC_WORST
RC Out has the following PVT Info:
   RC:RC_WORST, Operating temperature 125 C
Dumping Spef file.....
Printing D_NET...
RC Out from RCDB Completed (CPU Time= 0:00:00.0  MEM= 5226.1M)
<CMD_INTERNAL> reportPower > power.rpt
env CDS_WORKAREA is set to /home/bas33767/Desktop/DD_Lab_exercise/UR_Project/PNR

Power Net Detected:
        Voltage	    Name
             0V	    VSS
          1.08V	    VDD
Using Power View: WORST_CASE.
AAE_INFO: opIsDesignInPostRouteState() is 1
#################################################################################
# Design Stage: PostRoute
# Design Name: Main
# Design Mode: 130nm
# Analysis Mode: MMMC OCV 
# Parasitics Mode: SPEF/RCDB 
# Signoff Settings: SI Off 
#################################################################################
Start delay calculation (fullDC) (8 T). (MEM=3508.02)
Total number of fetched objects 498
End delay calculation. (MEM=3555.53 CPU=0:00:00.1 REAL=0:00:00.0)
End delay calculation (fullDC). (MEM=3555.53 CPU=0:00:00.2 REAL=0:00:00.0)

Begin Power Analysis

             0V	    VSS
          1.08V	    VDD

Begin Processing Timing Library for Power Calculation

Ended Processing Timing Library for Power Calculation: (cpu=0:00:00, real=0:00:00, mem(process/total/peak)=3513.78MB/7006.87MB/3535.44MB)



Begin Processing Power Net/Grid for Power Calculation

Ended Processing Power Net/Grid for Power Calculation: (cpu=0:00:00, real=0:00:00, mem(process/total/peak)=3513.78MB/7006.87MB/3535.44MB)

Begin Processing Timing Window Data for Power Calculation

clk(200MHz) Ended Processing Timing Window Data for Power Calculation: (cpu=0:00:00, real=0:00:00, mem(process/total/peak)=3533.77MB/7526.90MB/3535.44MB)

Begin Processing User Attributes

Ended Processing User Attributes: (cpu=0:00:00, real=0:00:00, mem(process/total/peak)=3533.90MB/7526.90MB/3535.44MB)

Begin Processing Signal Activity


Starting Levelizing
2025-Aug-07 22:31:19 (2025-Aug-07 20:31:19 GMT)
2025-Aug-07 22:31:19 (2025-Aug-07 20:31:19 GMT): 10%
2025-Aug-07 22:31:19 (2025-Aug-07 20:31:19 GMT): 20%
2025-Aug-07 22:31:19 (2025-Aug-07 20:31:19 GMT): 30%
2025-Aug-07 22:31:19 (2025-Aug-07 20:31:19 GMT): 40%
2025-Aug-07 22:31:19 (2025-Aug-07 20:31:19 GMT): 50%
2025-Aug-07 22:31:19 (2025-Aug-07 20:31:19 GMT): 60%
2025-Aug-07 22:31:19 (2025-Aug-07 20:31:19 GMT): 70%
2025-Aug-07 22:31:19 (2025-Aug-07 20:31:19 GMT): 80%
2025-Aug-07 22:31:19 (2025-Aug-07 20:31:19 GMT): 90%

Finished Levelizing
2025-Aug-07 22:31:19 (2025-Aug-07 20:31:19 GMT)

Starting Activity Propagation
2025-Aug-07 22:31:19 (2025-Aug-07 20:31:19 GMT)
** INFO:  (VOLTUS_POWR-1356): No default input activity has been set. Defaulting to 0.2.
Use 'set_default_switching_activity -input_activity' command to change the default activity value.

2025-Aug-07 22:31:19 (2025-Aug-07 20:31:19 GMT): 10%
2025-Aug-07 22:31:19 (2025-Aug-07 20:31:19 GMT): 20%

Finished Activity Propagation
2025-Aug-07 22:31:19 (2025-Aug-07 20:31:19 GMT)
Ended Processing Signal Activity: (cpu=0:00:00, real=0:00:00, mem(process/total/peak)=3533.90MB/7526.90MB/3535.44MB)

Begin Power Computation

      ----------------------------------------------------------
      # of cell(s) missing both power/leakage table: 0
      # of cell(s) missing power table: 0
      # of cell(s) missing leakage table: 0
      ----------------------------------------------------------



Starting Calculating power
2025-Aug-07 22:31:19 (2025-Aug-07 20:31:19 GMT)
2025-Aug-07 22:31:19 (2025-Aug-07 20:31:19 GMT): 10%
2025-Aug-07 22:31:19 (2025-Aug-07 20:31:19 GMT): 20%
2025-Aug-07 22:31:19 (2025-Aug-07 20:31:19 GMT): 30%
2025-Aug-07 22:31:19 (2025-Aug-07 20:31:19 GMT): 40%
2025-Aug-07 22:31:19 (2025-Aug-07 20:31:19 GMT): 50%
2025-Aug-07 22:31:19 (2025-Aug-07 20:31:19 GMT): 60%
2025-Aug-07 22:31:19 (2025-Aug-07 20:31:19 GMT): 70%
2025-Aug-07 22:31:19 (2025-Aug-07 20:31:19 GMT): 80%
2025-Aug-07 22:31:19 (2025-Aug-07 20:31:19 GMT): 90%

Finished Calculating power
2025-Aug-07 22:31:19 (2025-Aug-07 20:31:19 GMT)
      # of MSMV cell(s) missing power_level: 0
Ended Power Computation: (cpu=0:00:00, real=0:00:00, mem(process/total/peak)=3544.49MB/7614.94MB/3544.49MB)

Begin Processing User Attributes

Begin Processing set_power
Ended Processing set_power: (cpu=0:00:00, real=0:00:00,
mem(process/total/peak)=3544.74MB/7614.94MB/3544.74MB)
Ended Processing User Attributes: (cpu=0:00:00, real=0:00:00, mem(process/total/peak)=3544.74MB/7614.94MB/3544.74MB)

Ended Power Analysis: (cpu=0:00:00, real=0:00:00, mem(process/total/peak)=3544.74MB/7614.94MB/3544.74MB)

Begin Boundary Leakage Calculation
Ended Boundary Leakage Calculation: (cpu=0:00:00, real=0:00:00,
mem(process/total/peak)=3544.74MB/7614.94MB/3544.74MB)
Begin Static Power Report Generation
*----------------------------------------------------------------------------------------
*	Innovus 23.31-s109_1 (64bit) 04/22/2024 16:02 (Linux 3.10.0-693.el7.x86_64)
*	
*
* 	Date & Time:	2025-Aug-07 22:31:19 (2025-Aug-07 20:31:19 GMT)
*
*----------------------------------------------------------------------------------------
*
*	Design: Main
*
*	Liberty Libraries used:
*	        WORST_CASE: /eda/cadence/pdks/ihp_sg13g2/ixc013g2ng_stdcell/lib/ixc013g2ng_stdcell_slow_1p08V_125C.lib
*
*	Parasitic Files used:
*
*	Power Units = 1mW
*
*	Time Units = 1e-09 secs
*
*       report_power
*
-----------------------------------------------------------------------------------------
*



Total Power
-----------------------------------------------------------------------------------------
Total Internal Power:        0.42941335 	   65.4276%
Total Switching Power:       0.14619867 	   22.2756%
Total Leakage Power:         0.08070650 	   12.2969%
Total Power:                 0.65631852
-----------------------------------------------------------------------------------------


Group                           Internal   Switching     Leakage       Total  Percentage 
                                Power      Power         Power         Power  (%)        
-----------------------------------------------------------------------------------------
Sequential                        0.3324     0.03215     0.08054       0.445       67.81
Macro                                  0           0           0           0           0
IO                                     0           0           0           0           0
Combinational                    0.09706       0.114    0.000168      0.2113       32.19
Clock (Combinational)                  0           0           0           0           0
Clock (Sequential)                     0           0           0           0           0
-----------------------------------------------------------------------------------------
Total                             0.4294      0.1462     0.08071      0.6563         100
-----------------------------------------------------------------------------------------


Rail                  Voltage   Internal   Switching     Leakage       Total  Percentage 
                                Power      Power         Power         Power  (%)        
-----------------------------------------------------------------------------------------
VDD                      1.08     0.4294      0.1462     0.08071      0.6563         100
 
 
-----------------------------------------------------------------------------------------
*	Power Distribution Summary: 
*              Highest Average Power:            OGF/g253__1881 (NA2JIX1):           0.0105
*              Highest Leakage Power:        AT6/sum_out_reg[3] (SDFRQJIX1):          0.00275
*                Total Cap:      4.24268e-12 F
*                Total instances in design:   426
*                Total instances in design with no power:     0
*                Total instances in design with no activty:     0

*                Total Fillers and Decap:     0
-----------------------------------------------------------------------------------------
 
** INFO:  (VOLTUS_POWR-3465): There are 0 decaps and 0 fillers in the design

Ended Static Power Report Generation: (cpu=0:00:00, real=0:00:00,
mem(process/total/peak)=3545.43MB/7614.94MB/3545.43MB)

<CMD> report_area
<CMD> report_area > area.rpt
<CMD> zoomBox -76.75700 -16.23400 87.03000 130.39000
<CMD> zoomBox -136.55400 -56.89900 130.14700 181.85500
<CMD> zoomBox -194.86200 -97.45000 174.27500 233.00600
<CMD> zoomBox -231.94200 -123.23700 202.33700 265.53500
<CMD> zoomBox -126.86400 -80.83200 186.90300 200.05600
<CMD> zoomBox -83.69600 -62.32300 183.00600 176.43200
<CMD> zoomBox -15.71800 -33.21700 176.97500 139.28400
<CMD> streamOut main -mapFile /eda/cadence/pdks/ihp_sg13g2/ixc013g2ng_stdcell/lef/map/SG13G2_streamout.map -libName ur_main -units 1000 -mode ALL
Parse flat map file '/eda/cadence/pdks/ihp_sg13g2/ixc013g2ng_stdcell/lef/map/SG13G2_streamout.map'
Writing GDSII file ...
	****** db unit per micron = 1000 ******
	****** output gds2 file unit per micron = 1000 ******
	****** unit scaling factor = 1 ******
Output for instance
Output for bump
Output for physical terminals
Output for logical terminals
Output for regular nets
Output for special nets and metal fills
Convert 0 swires and 0 svias from compressed groups
Output for via structure generation total number 17
Statistics for GDS generated (version 3)
----------------------------------------
Stream Out Layer Mapping Information:
GDS Layer Number          GDS Layer Name
----------------------------------------
    235                             COMP
    235                          DIEAREA
    135                        TopMetal2
    134                        TopMetal2
    133                          TopVia2
    30                            Metal3
    10                            Metal2
    50                            Metal4
    29                              Via2
    67                            Metal5
    8                             Metal1
    19                              Via1
    125                          TopVia1
    126                        TopMetal1
    49                              Via3
    66                              Via4


Stream Out Information Processed for GDS version 3:
Units: 1000 DBU

Object                             Count
----------------------------------------
Instances                            426

Ports/Pins                           105
    metal layer Metal2               105

Nets                                4699
    metal layer Metal1              1181
    metal layer Metal2              2497
    metal layer Metal3               944
    metal layer Metal4                77

    Via Instances                   2538

Special Nets                          83
    metal layer Metal1                75
    metal layer TopMetal1              4
    metal layer TopMetal2              4

    Via Instances                    258

Metal Fills                            0

    Via Instances                      0

Metal FillOPCs                         0

    Via Instances                      0

Metal FillDRCs                         0

    Via Instances                      0

Text                                 105
    metal layer Metal2               105


Blockages                              0


Custom Text                            0


Custom Box                             0

Trim Metal                             0

######Streamout is finished!
<CMD> streamOut main.gds -mapFile /eda/cadence/pdks/ihp_sg13g2/ixc013g2ng_stdcell/lef/map/SG13G2_streamout.map -libName ur_main -units 1000 -mode ALL
Parse flat map file '/eda/cadence/pdks/ihp_sg13g2/ixc013g2ng_stdcell/lef/map/SG13G2_streamout.map'
Writing GDSII file ...
	****** db unit per micron = 1000 ******
	****** output gds2 file unit per micron = 1000 ******
	****** unit scaling factor = 1 ******
Output for instance
Output for bump
Output for physical terminals
Output for logical terminals
Output for regular nets
Output for special nets and metal fills
Convert 0 swires and 0 svias from compressed groups
Output for via structure generation total number 17
Statistics for GDS generated (version 3)
----------------------------------------
Stream Out Layer Mapping Information:
GDS Layer Number          GDS Layer Name
----------------------------------------
    235                             COMP
    235                          DIEAREA
    135                        TopMetal2
    134                        TopMetal2
    133                          TopVia2
    30                            Metal3
    10                            Metal2
    50                            Metal4
    29                              Via2
    67                            Metal5
    8                             Metal1
    19                              Via1
    125                          TopVia1
    126                        TopMetal1
    49                              Via3
    66                              Via4


Stream Out Information Processed for GDS version 3:
Units: 1000 DBU

Object                             Count
----------------------------------------
Instances                            426

Ports/Pins                           105
    metal layer Metal2               105

Nets                                4699
    metal layer Metal1              1181
    metal layer Metal2              2497
    metal layer Metal3               944
    metal layer Metal4                77

    Via Instances                   2538

Special Nets                          83
    metal layer Metal1                75
    metal layer TopMetal1              4
    metal layer TopMetal2              4

    Via Instances                    258

Metal Fills                            0

    Via Instances                      0

Metal FillOPCs                         0

    Via Instances                      0

Metal FillDRCs                         0

    Via Instances                      0

Text                                 105
    metal layer Metal2               105


Blockages                              0


Custom Text                            0


Custom Box                             0

Trim Metal                             0

######Streamout is finished!
<CMD> is_innovus_plus
<CMD> is_innovus_plus
<CMD> zoomBox 16.21700 -23.59900 134.55500 82.33900
<CMD> zoomBox 25.58600 -19.85600 126.17300 70.19100
<CMD> zoomBox 33.55000 -16.67500 119.04900 59.86500
<CMD> zoomBox 40.31900 -13.97100 112.99300 51.08800
<CMD> zoomBox 54.30300 -7.52700 106.81000 39.47800
<CMD> zoomBox 59.76400 -5.01000 104.39500 34.94400
<CMD> zoomBox 64.40600 -2.87100 102.34200 31.09000
<CMD> zoomBox 68.35100 -1.05300 100.59700 27.81400
<CMD> zoomBox 74.55600 1.80600 97.85400 22.66300
<CMD> zoomBox 64.40400 -2.87300 102.34300 31.09100
<CMD> zoomBox 54.29900 -7.53000 106.81100 39.47900
<CMD> zoomBox 40.31300 -13.97600 112.99500 51.09000
<CMD> zoomBox 31.41900 -18.07400 116.92700 58.47400
<CMD> zoomBox 20.95500 -22.89600 121.55300 67.16100
<CMD> zoomBox 8.64400 -28.56900 126.99600 77.38100
<CMD> zoomBox -5.83800 -35.24300 133.39900 89.40400
<CMD> zoomBox 29.37500 -20.86500 102.05800 44.20200
<CMD> zoomBox 45.77900 -10.39400 83.72100 23.57200
<CMD> zoomBox 50.88600 -7.50700 78.30000 17.03400
<CMD> zoomBox 52.90700 -6.41100 76.20900 14.44900
<CMD> zoomBox 57.32600 -4.01500 71.63700 8.79600
<CMD> zoomBox 60.26900 -2.24500 69.05900 5.62400
<CMD> zoomBox 62.75200 -0.86500 67.34100 3.24300
<CMD> zoomBox 63.55000 -0.53200 66.86600 2.43700
<CMD> zoomBox 64.14600 -0.32300 66.54300 1.82300
<CMD> selectPhyPin 65.5800 0.0000 65.8800 0.8000 2 {weight[4][5]}
<CMD> zoomBox 62.77800 -0.83300 67.37200 3.28000
<CMD> zoomBox 60.98000 -1.50200 68.46200 5.19600
<CMD> zoomBox 58.05300 -2.59200 70.23800 8.31600
<CMD> zoomBox 53.28900 -4.36500 73.13000 13.39700
<CMD> zoomBox 45.53000 -7.25300 77.84000 21.67100
<CMD> zoomBox 41.98200 -8.57400 79.99400 25.45500
<CMD> zoomBox 20.32200 -16.63400 93.14200 48.55500
<CMD> zoomBox -21.17100 -32.07600 118.33000 92.80700
<CMD> zoomBox -100.66000 -61.65800 166.58300 177.58200
<CMD> zoomBox -252.93400 -118.32700 259.02300 339.98400
<CMD> zoomBox -164.53200 -85.42900 205.35700 245.70100
<CMD> zoomBox -130.00800 -72.58100 184.39900 208.88000
<CMD> zoomBox -89.00900 -58.48800 178.23700 180.75400
<CMD> zoomBox -54.16000 -46.50900 172.99900 156.84700
<CMD> zoomBox -5.51300 -29.38600 133.99100 95.50000
<CMD> zoomBox 6.10000 -25.29900 124.67900 80.85500
<CMD> zoomBox 37.55400 -14.22800 99.45500 41.18700
<CMD> deselectAll
<CMD> zoomBox 48.42900 -8.72800 86.44500 25.30400
<CMD> zoomBox 56.70400 -4.54400 76.54800 13.22100
<CMD> zoomBox 60.97600 -2.54400 71.33600 6.73000
<CMD> zoomBox 63.19800 -1.52600 68.60700 3.31600
<CMD> zoomBox 64.13400 -1.09700 67.45700 1.87800
<CMD> zoomBox 64.40600 -0.86600 67.23100 1.66300
<CMD> zoomBox 65.08800 -0.33300 66.56400 0.98800
<CMD> zoomBox 64.61700 -0.70000 67.02200 1.45300
<CMD> zoomBox 63.85100 -1.29800 67.76900 2.20900
<CMD> zoomBox 62.60400 -2.27200 68.98600 3.44100
<CMD> zoomBox 60.57500 -3.85500 70.96800 5.44900
<CMD> zoomBox 57.27100 -6.43200 74.19400 8.71800
<CMD> zoomBox 51.89200 -10.62800 79.44900 14.04100
<CMD> zoomBox 43.13300 -17.46000 88.00500 22.71000
<CMD> zoomBox 28.87200 -28.58500 101.93800 36.82500
<CMD> zoomBox 5.64800 -46.70000 124.62500 59.81000
<CMD> zoomBox -32.16600 -76.19600 161.56900 97.23800
<CMD> zoomBox -69.80400 -105.55600 198.34100 134.49100
<CMD> zoomBox -155.02800 -172.03500 281.60200 218.84200
<CMD> zoomBox -56.51000 -54.77200 211.63600 185.27600
<CMD> zoomBox -32.99100 -26.77800 194.93300 177.26300
<CMD> zoomBox -13.00000 -2.98300 180.73600 170.45200
<CMD> zoomBox -32.99100 -26.77800 194.93300 177.26300
<CMD> zoomBox -56.51000 -54.77200 211.63600 185.27600
<CMD> zoomBox -33.40700 -35.15500 194.51700 168.88600
<CMD> zoomBox 6.27600 -23.45400 170.95200 123.96600
<CMD> zoomBox 57.40800 -7.42600 158.54000 83.10900
<CMD> zoomBox 88.80800 2.41800 150.91700 58.01900
<CMD> zoomBox 96.30400 4.76800 149.09700 52.02900
<CMD> zoomBox 102.67600 6.76600 147.55000 46.93800
<CMD> zoomBox 88.80600 2.41700 150.91700 58.02000
<CMD> zoomBox 79.98600 -0.34800 153.05800 65.06700
<CMD> zoomBox 57.40200 -7.42800 158.54000 83.11200
<CMD> zoomBox 6.26700 -23.46100 170.95500 123.97000
<CMD> zoomBox -44.63000 -39.41700 183.31100 164.63900
<CMD> zoomBox -76.99700 -49.56400 191.16900 190.50200
<CMD> zoomBox -44.63000 -39.41700 183.31100 164.63900
<CMD> zoomBox -17.11800 -30.79200 176.63200 142.65600
<CMD> zoomBox -8.54600 -5.64000 156.14200 141.79100
<CMD> zoomBox -1.26000 15.74000 138.72500 141.05600
<CMD> zoomBox 4.93300 33.91200 123.92100 140.43200
<CMD> zoomBox 14.67200 62.48900 100.64100 139.45000
<CMD> zoomBox 18.47500 73.64900 91.54900 139.06600
<CMD> zoomBox 27.80500 96.85900 72.68200 137.03300
<CMD> zoomBox 35.10200 114.39600 58.52900 135.36800
<CMD> zoomBox 38.82000 121.33100 53.20800 134.21100
<CMD> zoomBox 33.39700 111.22100 60.96400 135.89900
<CMD> zoomBox 23.01300 91.85700 75.82200 139.13200
<CMD> zoomBox 3.11900 54.75900 104.28500 145.32400
<CMD> zoomBox -23.03200 5.99400 141.70200 153.46600
<CMD> zoomBox -65.61400 -73.41200 202.62800 166.72200
<CMD> zoomBox -13.20000 -38.57900 126.82400 86.77200
<CMD> zoomBox 18.64200 -17.41900 80.77200 38.20100
<CMD> zoomBox 28.44200 -10.90600 66.59800 23.25200
<CMD> zoomBox 30.78200 -9.35100 63.21400 19.68300
<CMD> zoomBox 25.68900 -12.73500 70.57900 27.45100
<CMD> selectWire 12.2600 12.2600 123.8200 20.2600 7 VSS
<CMD> deselectAll
<CMD> selectWire 12.2600 12.2600 123.8200 20.2600 7 VSS
<CMD> deselectAll
<CMD> selectWire 49.2500 13.9700 49.4500 25.5100 2 en
<CMD> zoomBox 10.50900 -30.39600 83.60600 35.04100
<CMD> zoomBox -14.20900 -59.15500 104.81800 47.40000
<CMD> deselectAll
<CMD> selectPhyPin 10.1400 0.0000 10.4400 0.8000 2 clk
<CMD> zoomBox -4.34700 -36.34000 68.75200 29.09900
<CMD> zoomBox -1.99200 -30.89300 60.14200 24.73000
<CMD> zoomBox 1.71000 -22.32900 46.60200 17.85900
<CMD> deselectAll
<CMD> selectWire 10.1900 0.9500 29.2900 1.1500 3 clk
<CMD> zoomBox -5.18800 -36.96200 67.91200 28.47800
<CMD> zoomBox -12.05300 -51.52800 89.12400 39.04700
<CMD> zoomBox -7.00800 -43.67500 78.99300 33.31400
<CMD> zoomBox 6.97800 -22.45800 51.87200 17.73200
<CMD> zoomBox 12.87100 -13.51700 40.44200 11.16500
<CMD> zoomBox 16.51700 -8.04100 33.45000 7.11800
<CMD> zoomBox 18.75700 -4.67600 29.15600 4.63300
<CMD> deselectAll
<CMD> selectPhyPin 25.2600 0.0000 25.5600 0.8000 2 {weight[5][5]}
<CMD> zoomBox 14.23600 -8.53300 34.15800 9.30100
<CMD> zoomBox 8.29300 -13.60200 40.73300 15.43900
<CMD> zoomBox -1.38500 -21.85600 51.43900 25.43300
<CMD> zoomBox -17.14500 -35.29700 68.87200 41.70700
<CMD> zoomBox -42.80600 -57.18300 97.26000 68.20600
<CMD> zoomBox -68.34900 -78.96700 125.51500 94.58300
<CMD> zoomBox -126.18200 -128.29000 189.49400 154.30700
<CMD> zoomBox -220.35400 -208.60700 293.67300 251.55700
<CMD> zoomBox -131.22600 -117.44900 240.15900 215.02000
<CMD> zoomBox -96.41800 -81.84800 219.26000 200.75100
<CMD> zoomBox -66.83100 -51.58800 201.49600 188.62200
<CMD> zoomBox 0.54400 -14.21800 165.33100 133.30200
<CMD> zoomBox 41.91900 8.73200 143.12000 99.32800
<CMD> zoomBox 73.39500 26.19000 126.22400 73.48300
<CMD> zoomBox 87.00300 34.47000 119.44700 63.51400
<CMD> zoomBox 90.25200 36.59200 117.82900 61.27900
<CMD> zoomBox 95.35000 39.98700 115.27500 57.82400
<CMD> zoomBox 97.34400 41.36700 114.28100 56.52900
<CMD> zoomBox 102.76700 45.17800 111.61000 53.09400
<CMD> zoomBox 103.65600 45.80300 111.17200 52.53100
<CMD> zoomBox 105.77900 48.10300 109.70300 51.61600
<CMD> zoomBox 106.66900 49.06000 109.08000 51.21800
<CMD> zoomBox 106.88200 49.28500 108.93100 51.11900
<CMD> zoomBox 107.34800 49.76200 108.60700 50.88900
<CMD> zoomBox 107.45900 49.87500 108.53000 50.83400
<CMD> deselectAll
<CMD> selectMarker 108.0500 50.2600 108.2500 50.4600 2 1 6
<CMD> deselectAll
<CMD> selectMarker 108.0500 50.2600 108.2500 50.4600 2 1 6
<CMD> zoomBox 106.82200 49.43300 108.87400 51.27000
<CMD> zoomBox 105.98500 48.85100 109.32600 51.84200
<CMD> zoomBox 104.62100 47.90300 110.06200 52.77400
<CMD> zoomBox 102.39900 46.35800 111.26100 54.29100
<CMD> zoomBox 97.12800 42.69300 114.10600 57.89200
<CMD> zoomBox 90.19800 37.87500 117.84600 62.62600
<CMD> zoomBox 83.30000 33.07900 121.56900 67.33800
<CMD> zoomBox 67.68300 22.22300 129.99900 78.00900
<CMD> zoomBox 60.54100 17.25800 133.85400 82.88900
<CMD> zoomBox 30.62500 -3.54000 150.00400 103.33000
<CMD> zoomBox -18.08800 -37.40600 176.30100 136.61400
<CMD> zoomBox -40.36700 -52.89400 188.32700 151.83600
<CMD> zoomBox -66.57600 -71.11500 202.47600 169.74400
<CMD> zoomBox -40.36700 -52.89400 188.32700 151.83600
<CMD> zoomBox -18.08900 -37.40700 176.30100 136.61400
<CMD> deselectAll
<CMD> zoomBox -10.23000 8.00700 109.15000 114.87800
<CMD> zoomBox -8.00100 28.10700 78.25100 105.32100
<CMD> zoomBox -5.22900 53.12000 39.79700 93.42800
<CMD> zoomBox -4.39000 60.70100 28.14200 89.82400
<CMD> zoomBox -4.06200 63.66200 23.59000 88.41600
<CMD> zoomBox -3.34400 70.13400 13.63800 85.33700
<CMD> zoomBox -4.39200 60.69800 28.14300 89.82400
<CMD> zoomBox -6.39900 42.62100 55.93000 98.41900
<CMD> zoomBox -7.14000 35.94700 66.18900 101.59200
<CMD> zoomBox -9.03500 18.85800 92.45900 109.71700
<CMD> zoomBox -15.28900 -37.53000 179.14400 136.52900
<CMD> zoomBox -23.50800 -111.65400 293.09400 171.77200
<CMD> zoomBox -17.59800 -58.34900 211.14700 146.42700
<CMD> zoomBox -6.35300 142.28400 140.71900 -8.33900
<CMD> zoomBox 5.94300 1.12900 148.95900 129.15900
<CMD> zoomBox 25.39700 9.17700 146.96100 118.00300
<CMD> zoomBox 55.98900 21.83200 143.81900 100.45900
<CMD> zoomBox 78.09100 30.97600 141.54900 87.78400
<CMD> zoomBox 86.73500 34.55800 140.67500 82.84600
<CMD> zoomBox 110.41500 44.09700 138.57300 69.30400
<CMD> zoomBox 120.39400 48.11600 137.68700 63.59700
<CMD> zoomBox 124.77700 49.90400 137.27100 61.08900
<CMD> zoomBox 127.87200 51.29000 136.89900 59.37100
<CMD> zoomBox 129.08100 51.83100 136.75400 58.70000
<CMD> zoomBox 130.10800 52.29100 136.63000 58.13000
<CMD> zoomBox 126.45000 50.65300 137.07000 60.16000
<CMD> zoomBox 120.49300 47.98600 137.78600 63.46700
<CMD> zoomBox 114.56400 45.33000 138.50000 66.75800
<CMD> zoomBox 106.35800 41.65500 139.48800 71.31300
<CMD> zoomBox 87.77600 33.33200 141.72400 81.62700
<CMD> zoomBox 57.51700 19.78100 145.36400 98.42300
<CMD> zoomBox 27.39700 6.29300 148.98600 115.14100
<CMD> zoomBox -71.98700 -38.21600 160.94200 170.30500
<CMD> zoomBox -16.71500 -27.51400 151.57700 123.14300
<CMD> zoomBox 4.64300 -24.15000 147.69100 103.90800
<CMD> zoomBox 38.22700 -18.86200 141.58000 73.66100
<CMD> zoomBox 22.72500 -21.48100 144.31700 87.37000
<CMD> zoomBox 55.63800 -14.54100 143.48800 64.10400
<CMD> zoomBox 68.49000 -11.83100 143.16400 55.01800
<CMD> zoomBox 96.00000 -5.97800 141.86000 35.07600
<CMD> zoomBox 111.97900 -2.18000 140.14400 23.03400
<CMD> zoomBox 115.56900 -1.15800 139.51000 20.27400
<CMD> zoomBox 118.58400 -0.23900 138.93400 17.97900
<CMD> zoomBox 121.09800 0.57400 138.39700 16.06000
<CMD> zoomBox 126.59800 2.35200 137.22200 11.86300
<CMD> zoomBox 130.78200 3.69500 136.32900 8.66100
<CMD> zoomBox 132.54400 4.10700 135.95100 7.15700
<CMD> zoomBox 129.97500 3.50400 136.50400 9.34900
<CMD> zoomBox 126.60000 2.71300 137.23100 12.23000
<CMD> zoomBox 123.23900 1.92500 137.95400 15.09800
<CMD> zoomBox 121.10200 1.42400 138.41400 16.92200
<CMD> zoomBox 118.58800 0.83500 138.95500 19.06800
<CMD> zoomBox 125.13500 4.33200 137.64400 15.53000
<CMD> zoomBox 129.15600 6.47900 136.83900 13.35700
<CMD> zoomBox 125.17100 4.49900 137.68200 15.69900
<CMD> zoomBox 121.20500 2.52800 138.52200 18.03000
<CMD> zoomBox 118.68300 1.27500 139.05600 19.51300
<CMD> zoomBox 108.11800 -3.97500 141.29200 25.72300
<CMD> zoomBox 90.91100 -12.52400 144.93200 35.83600
<CMD> zoomBox 83.04300 -16.43300 146.59700 40.46100
<CMD> zoomBox 36.51800 -51.51600 158.26700 57.47500
<CMD> zoomBox -24.64200 -97.63400 173.60600 79.84000
<CMD> zoomBox -124.23100 -172.72800 198.58300 116.25900
<CMD> pan 12.52900 76.78700
<CMD> zoomBox -25.02100 20.09400 173.22700 197.56800
<CMD> zoomBox 32.37800 61.56000 154.12700 170.55100
<CMD> zoomBox 72.36800 87.93600 147.13800 154.87100
<CMD> zoomBox 96.92600 104.13400 142.84500 145.24100
<CMD> selectPhyPin 135.2800 130.6800 136.0800 130.9800 2 {weight[0][0]}
<CMD> deselectAll
<CMD> selectPhyPin 135.2800 125.6400 136.0800 125.9400 2 {weight[0][1]}
<CMD> zoomBox 61.40600 84.33400 149.37200 163.08200
<CMD> zoomBox 14.71300 58.30500 157.95300 186.53500
<CMD> zoomBox -31.76400 32.39700 166.49400 209.88000
<CMD> zoomBox -96.09100 -3.46100 178.31500 242.19100
<CMD> zoomBox -241.74500 -84.65200 205.08100 315.35300
<CMD> zoomBox -140.48000 -55.87900 133.92800 189.77500
<CMD> zoomBox -78.97600 -37.21800 89.54500 113.64400
<CMD> zoomBox -32.81200 -22.00400 55.15700 56.74700
<CMD> zoomBox -8.71500 -14.06200 37.20600 27.04700
<CMD> zoomBox -0.53900 -9.74400 32.64000 19.95800
<CMD> deselectAll
<CMD> selectPhyPin 10.1400 0.0000 10.4400 0.8000 2 clk
<CMD> zoomBox 4.63000 -4.88300 21.95100 10.62300
<CMD> zoomBox 6.03500 -3.67100 18.54900 7.53200
<CMD> zoomBox 7.98300 -1.75300 14.51800 4.09700
<CMD> zoomBox 8.80400 -0.94800 12.81800 2.64500
<CMD> zoomBox 9.00000 -0.75600 12.41200 2.29800
<CMD> zoomBox 8.30100 -1.44100 13.85700 3.53300
<CMD> zoomBox 7.98100 -1.75400 14.51800 4.09800
<CMD> zoomBox 6.64200 -3.06800 17.28700 6.46200
<CMD> zoomBox 6.02900 -3.66900 18.55300 7.54300
<CMD> zoomBox 3.46300 -6.18500 23.85800 12.07300
<CMD> zoomBox 0.90900 -8.68800 29.13800 16.58300
<CMD> zoomBox 2.57100 -5.05300 19.90800 10.46700
<CMD> zoomBox 3.59200 -2.82100 14.24000 6.71100
<CMD> zoomBox 4.23000 -1.14300 9.78900 3.83300
<CMD> zoomBox 4.42400 -0.63400 8.44000 2.96100
<CMD> zoomBox 4.10700 -1.46700 10.64700 4.38800
<CMD> zoomBox 3.59100 -2.82300 14.24100 6.71100
<CMD> zoomBox 3.07800 -4.17200 17.81900 9.02400
<CMD> zoomBox 2.36700 -6.04000 22.77000 12.22500
<CMD> zoomBox 0.75800 -10.27000 33.98100 19.47200
<CMD> zoomBox -0.84400 -14.48000 45.14000 26.68500
<CMD> zoomBox -1.86200 -17.15700 52.23700 31.27300
<CMD> zoomBox -3.06000 -20.30700 60.58600 36.67000
<CMD> zoomBox -6.12800 -28.37100 81.96400 50.49000
<CMD> zoomBox -8.07900 -33.50000 95.55900 59.27800
<CMD> zoomBox -10.37400 -39.53400 111.55300 69.61700
<CMD> zoomBox -13.07400 -46.63200 130.37000 81.78100
<CMD> zoomBox -16.25100 -54.98300 152.50800 96.09200
<CMD> zoomBox -90.19000 -90.51300 184.60700 155.48900
<CMD> zoomBox -124.00400 -106.76100 199.28700 182.65300
<CMD> zoomBox -11.50000 150.03100 147.42700 -10.98700
<CMD> zoomBox -14.84900 -9.55600 138.03600 127.30900
<CMD> zoomBox -8.79800 -8.34000 121.15500 107.99600
<CMD> zoomBox -3.65500 -7.30600 106.80600 91.58000
<CMD> zoomBox 10.27900 -4.50700 67.94100 47.11300
<CMD> deselectAll
<CMD> selectWire 29.0900 0.9500 29.2900 24.6700 4 clk
<CMD> zoomBox 1.10900 -7.25900 80.92000 64.18900
<CMD> zoomBox -4.72200 -9.00900 89.17400 75.04800
<CMD> deselectAll
<CMD> selectWire 26.5700 1.7900 26.7700 46.0900 2 {activation[0][0]}
<CMD> zoomBox -4.28500 -7.46100 75.52700 63.98800
<CMD> zoomBox -3.91400 -6.14500 63.92700 54.58700
<CMD> zoomBox -3.33000 -4.07600 45.68600 39.80400
<CMD> zoomBox -2.60400 -1.50100 22.98400 21.40600
<CMD> zoomBox -2.22500 -0.15700 11.13300 11.80100
<CMD> zoomBox -1.17700 0.74200 5.79700 6.98500
<CMD> zoomBox -0.62900 1.21200 3.01100 4.47100
<CMD> zoomBox -0.39900 1.40900 1.83700 3.41100
<CMD> zoomBox -0.34400 1.45600 1.55700 3.15800
<CMD> zoomBox -0.54100 1.28700 2.55500 4.05900
<CMD> zoomBox -0.73700 1.11900 3.54900 4.95600
<CMD> zoomBox -1.00800 0.88700 4.92500 6.19800
<CMD> zoomBox -1.62100 0.36000 8.04100 9.01000
<CMD> zoomBox -2.23200 -0.16400 11.14200 11.80900
<CMD> zoomBox -3.07700 -0.88900 15.43500 15.68300
<CMD> zoomBox -4.98900 -2.53000 25.15600 24.45600
<CMD> zoomBox -6.89200 -4.16400 34.83200 33.18800
<CMD> zoomBox -11.19900 -7.86100 56.74100 52.96000
<CMD> zoomBox -18.21400 -13.88100 92.41700 85.15700
<CMD> zoomBox -29.63600 -23.68400 150.51000 137.58500
<CMD> editDelete -regular_wire_with_drc
<CMD> globalDetailRoute
#% Begin globalDetailRoute (date=08/08 17:26:38, mem=3683.6M)

globalDetailRoute

#Start globalDetailRoute on Fri Aug  8 17:26:38 2025
#
#Warning: design is detail-routed. Trial route is skipped!
#NanoRoute Version 23.31-s109_1 NR240401-0735/23_11-UB
#WARNING (NRIF-79) Wrong option value for drouteUseMultiCutViaEffort <>, reset to default.
#WARNING (NRIF-67) In option 'OnGridOnly 0', 0 is an unknown type. It will be ignored.
#WARNING (NRIF-68) Option 'OnGridOnly 0' did not specify a correct type. It will be ignored.
#WARNING (NRDR-157) In option 'PostRouteSwapVia ',  is invalid and will be ignored.
#WARNING (NRIF-79) Wrong option value for drouteUseMultiCutViaEffort <>, reset to default.
#WARNING (NRIF-67) In option 'OnGridOnly 0', 0 is an unknown type. It will be ignored.
#WARNING (NRIF-68) Option 'OnGridOnly 0' did not specify a correct type. It will be ignored.
#WARNING (NRDR-157) In option 'PostRouteSwapVia ',  is invalid and will be ignored.
#WARNING (NRIF-79) Wrong option value for drouteUseMultiCutViaEffort <>, reset to default.
#WARNING (NRIF-67) In option 'OnGridOnly 0', 0 is an unknown type. It will be ignored.
#WARNING (NRIF-68) Option 'OnGridOnly 0' did not specify a correct type. It will be ignored.
#WARNING (NRDR-157) In option 'PostRouteSwapVia ',  is invalid and will be ignored.
#Total number of trivial nets (e.g. < 2 pins) = 175 (skipped).
#Total number of routable nets = 492.
#Total number of nets in the design = 667.
#2 routable nets do not have any wires.
#490 routable nets have routed wires.
#2 nets will be global routed.
#1 global routed or unrouted (routable) net has been constrained (e.g. have preferred extra spacing, require shielding etc.)
#Using multithreading with 8 threads.
#WARNING (NRIF-79) Wrong option value for drouteUseMultiCutViaEffort <>, reset to default.
#WARNING (NRIF-67) In option 'OnGridOnly 0', 0 is an unknown type. It will be ignored.
#WARNING (NRIF-68) Option 'OnGridOnly 0' did not specify a correct type. It will be ignored.
#WARNING (NRDR-157) In option 'PostRouteSwapVia ',  is invalid and will be ignored.
#Start routing data preparation on Fri Aug  8 17:26:38 2025
#
#WARNING (NRIF-79) Wrong option value for drouteUseMultiCutViaEffort <>, reset to default.
#WARNING (NRIF-67) In option 'OnGridOnly 0', 0 is an unknown type. It will be ignored.
#WARNING (NRIF-68) Option 'OnGridOnly 0' did not specify a correct type. It will be ignored.
#WARNING (NRDR-157) In option 'PostRouteSwapVia ',  is invalid and will be ignored.
#Initial pin access analysis.
#Detail pin access analysis.
# Metal1       H   Track-Pitch = 0.4200    Line-2-Via Pitch = 0.3650
# Metal2       V   Track-Pitch = 0.4200    Line-2-Via Pitch = 0.4100
# Metal3       H   Track-Pitch = 0.4200    Line-2-Via Pitch = 0.4100
# Metal4       V   Track-Pitch = 0.4200    Line-2-Via Pitch = 0.4100
# Metal5       H   Track-Pitch = 0.4200    Line-2-Via Pitch = 0.4100
# TopMetal1    V   Track-Pitch = 2.5200    Line-2-Via Pitch = 3.2800
#WARNING (NRAG-44) Track pitch is too small compared with line-2-via pitch.
# TopMetal2    H   Track-Pitch = 4.0000    Line-2-Via Pitch = 4.0000
#Bottom routing layer index=1(Metal1), bottom routing layer for shielding=1(Metal1), bottom shield layer=1(Metal1)
#shield_bottom_stripe_layer=1(Metal1), shield_top_stripe_layer=5(Metal5)
#pin_access_rlayer=2(Metal2)
#shield_top_dpt_rlayer=-1 top_rlayer=5 top_trim_metal_rlayer=-1 rlayer_lowest=1 bottom_rlayer=1
#enable_trim_layer_shield=F enable_dpt_layer_shield=F has_line_end_grid=F
#enable_dpt_layer_shield=F
#has_line_end_grid=F
#cpu time = 00:00:00, elapsed time = 00:00:00, memory = 3692.77 (MB), peak = 3696.77 (MB)
#Regenerating Ggrids automatically.
#Auto generating G-grids with size=15 tracks, using layer Metal3's pitch = 0.4200.
#Using automatically generated G-grids.
#Done routing data preparation.
#cpu time = 00:00:03, elapsed time = 00:00:03, memory = 3702.98 (MB), peak = 3703.24 (MB)
#WARNING (NRIF-79) Wrong option value for drouteUseMultiCutViaEffort <>, reset to default.
#WARNING (NRIF-67) In option 'OnGridOnly 0', 0 is an unknown type. It will be ignored.
#WARNING (NRIF-68) Option 'OnGridOnly 0' did not specify a correct type. It will be ignored.
#WARNING (NRDR-157) In option 'PostRouteSwapVia ',  is invalid and will be ignored.
#
#Finished routing data preparation on Fri Aug  8 17:26:42 2025
#
#Cpu time = 00:00:03
#Elapsed time = 00:00:03
#Increased memory = 14.22 (MB)
#Total memory = 3702.98 (MB)
#Peak memory = 3703.24 (MB)
#
#
#Start global routing on Fri Aug  8 17:26:42 2025
#
#
#Start global routing initialization on Fri Aug  8 17:26:42 2025
#
#Number of eco nets is 0
#
#Start global routing data preparation on Fri Aug  8 17:26:42 2025
#
#Start routing resource analysis on Fri Aug  8 17:26:42 2025
#
#Routing resource analysis is done on Fri Aug  8 17:26:42 2025
#
#  Resource Analysis:
#
#               Routing  #Avail      #Track     #Total     %Gcell
#  Layer      Direction   Track     Blocked      Gcell    Blocked
#  --------------------------------------------------------------
#  Metal1         H         158         164         462    13.85%
#  Metal2         V         165         159         462     5.41%
#  Metal3         H         266          56         462     0.00%
#  Metal4         V         272          52         462     5.41%
#  Metal5         H         299          23         462     0.00%
#  --------------------------------------------------------------
#  Total                   1161      28.03%        2310     4.94%
#
#  1 nets (0.15%) with 1 preferred extra spacing.
#
#
#
#Global routing data preparation is done on Fri Aug  8 17:26:42 2025
#
#cpu time = 00:00:00, elapsed time = 00:00:00, memory = 3699.34 (MB), peak = 3719.42 (MB)
#
#
#Global routing initialization is done on Fri Aug  8 17:26:42 2025
#
#cpu time = 00:00:00, elapsed time = 00:00:00, memory = 3699.34 (MB), peak = 3719.42 (MB)
#
#start global routing iteration 1...
#cpu time = 00:00:00, elapsed time = 00:00:00, memory = 3699.85 (MB), peak = 3719.42 (MB)
#
#start global routing iteration 2...
#cpu time = 00:00:00, elapsed time = 00:00:00, memory = 3699.85 (MB), peak = 3719.42 (MB)
#
#
#Total number of trivial nets (e.g. < 2 pins) = 175 (skipped).
#Total number of routable nets = 492.
#Total number of nets in the design = 667.
#
#492 routable nets have routed wires.
#1 global routed or unrouted (routable) net has been constrained (e.g. have preferred extra spacing, require shielding etc.)
#
#Routed net constraints summary:
#------------------------------------------------
#        Rules   Pref Extra Space   Unconstrained  
#------------------------------------------------
#      Default                  1               1  
#------------------------------------------------
#        Total                  1               1  
#------------------------------------------------
#
#Routing constraints summary of the whole design:
#------------------------------------------------
#        Rules   Pref Extra Space   Unconstrained  
#------------------------------------------------
#      Default                  1             491  
#------------------------------------------------
#        Total                  1             491  
#------------------------------------------------
#
#
#  Congestion Analysis: (blocked Gcells are excluded)
#
#                 OverCon          
#                  #Gcell    %Gcell
#     Layer           (1)   OverCon
#  --------------------------------
#  Metal1        0(0.00%)   (0.00%)
#  Metal2        0(0.00%)   (0.00%)
#  Metal3        0(0.00%)   (0.00%)
#  Metal4        0(0.00%)   (0.00%)
#  Metal5        0(0.00%)   (0.00%)
#  --------------------------------
#     Total      0(0.00%)   (0.00%)
#
#  The worst congested Gcell overcon (routing demand over resource in number of tracks) = 1
#  Overflow after GR: 0.00% H + 0.00% V
#
#Complete Global Routing.
#Total number of nets with non-default rule or having extra spacing = 1
#
#  Routing Statistics
#
#------------------+-----------+-----+
#  Layer           | Length(um)| Vias|
#------------------+-----------+-----+
#  GatPoly ( 0H)   |          0|    0|
#  Metal1 ( 1H)    |       2079| 1646|
#  Metal2 ( 2V)    |       5486|  788|
#  Metal3 ( 3H)    |       4076|   68|
#  Metal4 ( 4V)    |        491|    0|
#  Metal5 ( 5H)    |          0|    0|
#  TopMetal1 ( 6V) |          0|    0|
#  TopMetal2 ( 7H) |          0|    0|
#------------------+-----------+-----+
#  Total           |      12131| 2502|
#------------------+-----------+-----+
#
# Total half perimeter of net bounding box: 9787 um.
#Max overcon = 0 track.
#Total overcon = 0.00%.
#Worst layer Gcell overcon rate = 0.00%.
#
#Global routing statistics:
#Cpu time = 00:00:00
#Elapsed time = 00:00:00
#Increased memory = -2.87 (MB)
#Total memory = 3700.11 (MB)
#Peak memory = 3719.42 (MB)
#
#Finished global routing on Fri Aug  8 17:26:42 2025
#
#
#WARNING (NRIF-79) Wrong option value for drouteUseMultiCutViaEffort <>, reset to default.
#WARNING (NRIF-67) In option 'OnGridOnly 0', 0 is an unknown type. It will be ignored.
#WARNING (NRIF-68) Option 'OnGridOnly 0' did not specify a correct type. It will be ignored.
#WARNING (NRDR-157) In option 'PostRouteSwapVia ',  is invalid and will be ignored.
#WARNING (NRIF-79) Wrong option value for drouteUseMultiCutViaEffort <>, reset to default.
#WARNING (NRIF-67) In option 'OnGridOnly 0', 0 is an unknown type. It will be ignored.
#WARNING (NRIF-68) Option 'OnGridOnly 0' did not specify a correct type. It will be ignored.
#WARNING (NRDR-157) In option 'PostRouteSwapVia ',  is invalid and will be ignored.
#cpu time = 00:00:00, elapsed time = 00:00:00, memory = 3700.11 (MB), peak = 3719.42 (MB)
#WARNING (NRIF-79) Wrong option value for drouteUseMultiCutViaEffort <>, reset to default.
#WARNING (NRIF-67) In option 'OnGridOnly 0', 0 is an unknown type. It will be ignored.
#WARNING (NRIF-68) Option 'OnGridOnly 0' did not specify a correct type. It will be ignored.
#WARNING (NRDR-157) In option 'PostRouteSwapVia ',  is invalid and will be ignored.
#Start Track Assignment.
#Done with 69 horizontal wires in 1 hboxes and 58 vertical wires in 1 hboxes.
#Done with 5 horizontal wires in 1 hboxes and 5 vertical wires in 1 hboxes.
#Done with 1 horizontal wires in 1 hboxes and 1 vertical wires in 1 hboxes.
#
#Track assignment summary:
# layer   (wire length)   (overlap)     (long ovlp)	(with obs/pg/clk)  
#------------------------------------------------------------------------
# Metal1         0.00 	  0.00%  	  0.00% 	  0.00%
# Metal2       174.96 	  0.00%  	  0.00% 	  0.00%
# Metal3       640.06 	  0.00%  	  0.00% 	  0.00%
# Metal4       263.62 	  0.00%  	  0.00% 	  0.00%
# Metal5         0.00 	  0.00%  	  0.00% 	  0.00%
#------------------------------------------------------------------------
# All        1078.64  	  0.00% 	  0.00% 	  0.00%
#Complete Track Assignment.
#Total number of nets with non-default rule or having extra spacing = 1
#
#  Routing Statistics
#
#------------------+-----------+-----+
#  Layer           | Length(um)| Vias|
#------------------+-----------+-----+
#  GatPoly ( 0H)   |          0|    0|
#  Metal1 ( 1H)    |       2079| 1646|
#  Metal2 ( 2V)    |       5486|  788|
#  Metal3 ( 3H)    |       4076|   68|
#  Metal4 ( 4V)    |        496|    0|
#  Metal5 ( 5H)    |          0|    0|
#  TopMetal1 ( 6V) |          0|    0|
#  TopMetal2 ( 7H) |          0|    0|
#------------------+-----------+-----+
#  Total           |      12136| 2502|
#------------------+-----------+-----+
#
# Total half perimeter of net bounding box: 9787 um.
#cpu time = 00:00:00, elapsed time = 00:00:00, memory = 3698.77 (MB), peak = 3719.42 (MB)
#
#number of short segments in preferred routing layers
#	Metal3    Metal4    Total 
#	29        32        61        
#
#Routing data preparation, pin analysis, global routing and track assignment statistics:
#Cpu time = 00:00:03
#Elapsed time = 00:00:03
#Increased memory = 10.01 (MB)
#Total memory = 3698.77 (MB)
#Peak memory = 3719.42 (MB)
#Using multithreading with 8 threads.
#WARNING (NRIF-79) Wrong option value for drouteUseMultiCutViaEffort <>, reset to default.
#WARNING (NRIF-67) In option 'OnGridOnly 0', 0 is an unknown type. It will be ignored.
#WARNING (NRIF-68) Option 'OnGridOnly 0' did not specify a correct type. It will be ignored.
#WARNING (NRDR-157) In option 'PostRouteSwapVia ',  is invalid and will be ignored.
#WARNING (NRIF-79) Wrong option value for drouteUseMultiCutViaEffort <>, reset to default.
#WARNING (NRIF-67) In option 'OnGridOnly 0', 0 is an unknown type. It will be ignored.
#WARNING (NRIF-68) Option 'OnGridOnly 0' did not specify a correct type. It will be ignored.
#WARNING (NRDR-157) In option 'PostRouteSwapVia ',  is invalid and will be ignored.
#WARNING (NRIF-79) Wrong option value for drouteUseMultiCutViaEffort <>, reset to default.
#WARNING (NRIF-67) In option 'OnGridOnly 0', 0 is an unknown type. It will be ignored.
#WARNING (NRIF-68) Option 'OnGridOnly 0' did not specify a correct type. It will be ignored.
#WARNING (NRDR-157) In option 'PostRouteSwapVia ',  is invalid and will be ignored.
#WARNING (NRIF-79) Wrong option value for drouteUseMultiCutViaEffort <>, reset to default.
#WARNING (NRIF-67) In option 'OnGridOnly 0', 0 is an unknown type. It will be ignored.
#WARNING (NRIF-68) Option 'OnGridOnly 0' did not specify a correct type. It will be ignored.
#WARNING (NRDR-157) In option 'PostRouteSwapVia ',  is invalid and will be ignored.
#
#Start Detail Routing..
#start initial detail routing ...
#   number of violations = 0
#cpu time = 00:00:01, elapsed time = 00:00:00, memory = 3724.07 (MB), peak = 3845.96 (MB)
#Complete Detail Routing.
#Total number of nets with non-default rule or having extra spacing = 1
#
#  Routing Statistics
#
#------------------+-----------+-----+
#  Layer           | Length(um)| Vias|
#------------------+-----------+-----+
#  GatPoly ( 0H)   |          0|    0|
#  Metal1 ( 1H)    |       2079| 1644|
#  Metal2 ( 2V)    |       5486|  817|
#  Metal3 ( 3H)    |       4058|  109|
#  Metal4 ( 4V)    |        576|    0|
#  Metal5 ( 5H)    |          0|    0|
#  TopMetal1 ( 6V) |          0|    0|
#  TopMetal2 ( 7H) |          0|    0|
#------------------+-----------+-----+
#  Total           |      12199| 2570|
#------------------+-----------+-----+
#
# Total half perimeter of net bounding box: 9787 um.
#Total number of DRC violations = 0
#Cpu time = 00:00:01
#Elapsed time = 00:00:00
#Increased memory = 18.66 (MB)
#Total memory = 3717.43 (MB)
#Peak memory = 3845.96 (MB)
#
#start routing for process antenna violation fix ...
#WARNING (NRIF-79) Wrong option value for drouteUseMultiCutViaEffort <>, reset to default.
#WARNING (NRIF-67) In option 'OnGridOnly 0', 0 is an unknown type. It will be ignored.
#WARNING (NRIF-68) Option 'OnGridOnly 0' did not specify a correct type. It will be ignored.
#WARNING (NRDR-157) In option 'PostRouteSwapVia ',  is invalid and will be ignored.
#WARNING (NRIF-79) Wrong option value for drouteUseMultiCutViaEffort <>, reset to default.
#WARNING (NRIF-67) In option 'OnGridOnly 0', 0 is an unknown type. It will be ignored.
#WARNING (NRIF-68) Option 'OnGridOnly 0' did not specify a correct type. It will be ignored.
#WARNING (NRDR-157) In option 'PostRouteSwapVia ',  is invalid and will be ignored.
#cpu time = 00:00:00, elapsed time = 00:00:00, memory = 3729.40 (MB), peak = 3845.96 (MB)
#
#Total number of nets with non-default rule or having extra spacing = 1
#
#  Routing Statistics
#
#------------------+-----------+-----+
#  Layer           | Length(um)| Vias|
#------------------+-----------+-----+
#  GatPoly ( 0H)   |          0|    0|
#  Metal1 ( 1H)    |       2079| 1644|
#  Metal2 ( 2V)    |       5486|  817|
#  Metal3 ( 3H)    |       4058|  109|
#  Metal4 ( 4V)    |        576|    0|
#  Metal5 ( 5H)    |          0|    0|
#  TopMetal1 ( 6V) |          0|    0|
#  TopMetal2 ( 7H) |          0|    0|
#------------------+-----------+-----+
#  Total           |      12199| 2570|
#------------------+-----------+-----+
#
# Total half perimeter of net bounding box: 9787 um.
#Total number of DRC violations = 0
#Total number of process antenna violations = 0
#Total number of net violated process antenna rule = 0
#
#
#Total number of nets with non-default rule or having extra spacing = 1
#
#  Routing Statistics
#
#------------------+-----------+-----+
#  Layer           | Length(um)| Vias|
#------------------+-----------+-----+
#  GatPoly ( 0H)   |          0|    0|
#  Metal1 ( 1H)    |       2079| 1644|
#  Metal2 ( 2V)    |       5486|  817|
#  Metal3 ( 3H)    |       4058|  109|
#  Metal4 ( 4V)    |        576|    0|
#  Metal5 ( 5H)    |          0|    0|
#  TopMetal1 ( 6V) |          0|    0|
#  TopMetal2 ( 7H) |          0|    0|
#------------------+-----------+-----+
#  Total           |      12199| 2570|
#------------------+-----------+-----+
#
# Total half perimeter of net bounding box: 9787 um.
#Total number of DRC violations = 0
#Total number of process antenna violations = 0
#Total number of net violated process antenna rule = 0
#
#detailRoute Statistics:
#Cpu time = 00:00:01
#Elapsed time = 00:00:00
#Increased memory = 30.53 (MB)
#Total memory = 3729.30 (MB)
#Peak memory = 3845.96 (MB)
#
#globalDetailRoute statistics:
#Cpu time = 00:00:05
#Elapsed time = 00:00:04
#Increased memory = -90.87 (MB)
#Total memory = 3592.68 (MB)
#Peak memory = 3845.96 (MB)
#Number of warnings = 61
#Total number of warnings = 306
#Number of fails = 0
#Total number of fails = 0
#Complete globalDetailRoute on Fri Aug  8 17:26:43 2025
#
#
#  Scalability Statistics
#
#-------------------------+---------+-------------+------------+
#  globalDetailRoute      | cpu time| elapsed time| scalability|
#-------------------------+---------+-------------+------------+
#  Pre Callback           | 00:00:00|     00:00:00|         1.0|
#  Post Callback          | 00:00:00|     00:00:00|         1.0|
#  Timing Data Generation | 00:00:00|     00:00:00|         1.0|
#  DB Import              | 00:00:00|     00:00:00|         1.0|
#  DB Export              | 00:00:00|     00:00:00|         1.0|
#  Cell Pin Access        | 00:00:00|     00:00:00|         1.0|
#  Data Preparation       | 00:00:03|     00:00:03|         1.0|
#  Global Routing         | 00:00:00|     00:00:00|         1.0|
#  Track Assignment       | 00:00:00|     00:00:00|         1.0|
#  Detail Routing         | 00:00:01|     00:00:00|         1.0|
#  Antenna Fixing         | 00:00:00|     00:00:00|         1.0|
#  Entire Command         | 00:00:05|     00:00:04|         1.1|
#-------------------------+---------+-------------+------------+
#
#% End globalDetailRoute (date=08/08 17:26:43, total cpu=0:00:04.8, real=0:00:05.0, peak res=3846.0M, current mem=3586.5M)
<CMD> zoomBox 3.54000 -16.37600 133.69600 100.14100
<CMD> zoomBox 34.19100 -11.19000 128.22900 72.99400
<CMD> zoomBox 57.48400 -5.38400 125.42700 55.43900
<CMD> zoomBox 66.58100 -3.11700 124.33300 48.58300
<CMD> zoomBox 86.47100 1.84100 121.94000 33.59300
<CMD> zoomBox 98.68600 4.88500 120.47000 24.38600
<CMD> zoomBox 91.53200 1.82100 127.00400 33.57600
<CMD> zoomBox 84.41000 -1.22800 133.50700 42.72400
<CMD> zoomBox 74.55500 -5.44800 142.50900 55.38500
<CMD> zoomBox 60.91500 -11.29000 154.96900 72.90800
<CMD> zoomBox 52.24000 -15.00500 162.89200 84.05200
<CMD> fit
<CMD> getFillerMode -quiet
<CMD> addFiller -cell FEED5JI FEED3JI FEED2JI FEED25JI FEED1JI FEED10JI DECAP5JI DECAP3JI DECAP25JI DECAP10JI -prefix FILLER -doDRC -fitGap
**WARN: (IMPSP-5217):	addFiller command is running on a postRoute database. It is recommended to be followed by ecoRoute -target command to make the DRC clean.
Type 'man IMPSP-5217' for more detail.
**Info: (IMPSP-2055): Transparent Filler Flow is OFF !

INFO: No filler could be restored
*INFO: Adding fillers to top-module.
*INFO:   Added 3 filler insts (cell DECAP25JI / prefix FILLER).
*INFO:   Added 0 filler inst  (cell FEED25JI / prefix FILLER).
*INFO:   Added 16 filler insts (cell DECAP10JI / prefix FILLER).
*INFO:   Added 6 filler insts (cell FEED10JI / prefix FILLER).
*INFO:   Added 23 filler insts (cell DECAP5JI / prefix FILLER).
*INFO:   Added 9 filler insts (cell FEED5JI / prefix FILLER).
*INFO:   Added 17 filler insts (cell DECAP3JI / prefix FILLER).
*INFO:   Added 41 filler insts (cell FEED3JI / prefix FILLER).
*INFO:   Added 70 filler insts (cell FEED2JI / prefix FILLER).
*INFO:   Added 119 filler insts (cell FEED1JI / prefix FILLER).
*INFO: Total 304 filler insts added - prefix FILLER (CPU: 0:00:00.1).
For 304 new insts, <CMD> saveNetlist pnr_outputs/post_layout_main.v
Writing Netlist "pnr_outputs/post_layout_main.v" ...
<CMD> all_hold_analysis_views 
<CMD> all_setup_analysis_views 
<CMD> write_sdf  -ideal_clock_network pnr_outputs/post_layout_main.sdf
**WARN: (SDF-808):	The software is currently operating in a high performance mode which optimizes the handling of multiple timing arcs between input and output pin pairs. With the current settings, the SDF file generated will contain the same delay information for all of these arcs. To have the SDF recalculated with explicit pin pair data, you should use the option '-recompute_delay_calc'. This setting is recommended for generating SDF for functional  simulation applications.
AAE_INFO: opIsDesignInPostRouteState() is 1
#################################################################################
# Design Stage: PostRoute
# Design Name: Main
# Design Mode: 130nm
# Analysis Mode: MMMC OCV 
# Parasitics Mode: No SPEF/RCDB 
# Signoff Settings: SI Off 
#################################################################################
Extraction called for design 'Main' of instances=730 and nets=667 using extraction engine 'postRoute' at effort level 'low' .
PostRoute (effortLevel low) RC Extraction called for design Main.
RC Extraction called in multi-corner(2) mode.
Process corner(s) are loaded.
 Corner: RC_BEST
 Corner: RC_WORST
extractDetailRC Option : -outfile /tmp/innovus_temp_1548662_9d79b53a-790c-43d0-b024-c64704ca8999_ei-vm-018.othr.de_bas33767_4gN3oL/Main_1548662_8Zq0aC.rcdb.d -maxResLength 200  -extended
RC Mode: PostRoute -effortLevel low [Extended CapTable, RC Table Resistances]
      RC Corner Indexes            0       1   
Capacitance Scaling Factor   : 1.00000 1.00000 
Coupling Cap. Scaling Factor : 1.00000 1.00000 
Resistance Scaling Factor    : 1.00000 1.00000 
Clock Cap. Scaling Factor    : 1.00000 1.00000 
Clock Res. Scaling Factor    : 1.00000 1.00000 
Shrink Factor                : 1.00000
Initializing multi-corner capacitance tables ... 
Initializing multi-corner resistance tables ...
Checking LVS Completed (CPU Time= 0:00:00.0  MEM= 6084.4M)
Extracted 10.0253% (CPU Time= 0:00:00.0  MEM= 6120.4M)
Extracted 20.0276% (CPU Time= 0:00:00.0  MEM= 6120.4M)
Extracted 30.0299% (CPU Time= 0:00:00.0  MEM= 6148.4M)
Extracted 40.0322% (CPU Time= 0:00:00.0  MEM= 6148.4M)
Extracted 50.0345% (CPU Time= 0:00:00.0  MEM= 6148.4M)
Extracted 60.0368% (CPU Time= 0:00:00.1  MEM= 6148.4M)
Extracted 70.0391% (CPU Time= 0:00:00.1  MEM= 6148.4M)
Extracted 80.0414% (CPU Time= 0:00:00.1  MEM= 6148.4M)
Extracted 90.0437% (CPU Time= 0:00:00.1  MEM= 6148.4M)
Extracted 100% (CPU Time= 0:00:00.1  MEM= 6148.4M)
Number of Extracted Resistors     : 7257
Number of Extracted Ground Cap.   : 7400
Number of Extracted Coupling Cap. : 0
PostRoute (effortLevel low) RC Extraction DONE (CPU Time: 0:00:00.1  Real Time: 0:00:01.0  MEM: 6126.359M)
Start delay calculation (fullDC) (8 T). (MEM=3632.28)
Initializing multi-corner capacitance tables ... 
Initializing multi-corner resistance tables ...
Total number of fetched objects 498
Total number of fetched objects 498
End delay calculation. (MEM=3698.67 CPU=0:00:00.3 REAL=0:00:00.0)
End delay calculation (fullDC). (MEM=3698.67 CPU=0:00:00.4 REAL=0:00:00.0)
<CMD> rcOut -spef pnr_outputs/main_RC_BEST.spef -rc_corner RC_BEST
RC Out has the following PVT Info:
   RC:RC_BEST, Operating temperature 40 C
Dumping Spef file.....
Printing D_NET...
RC Out from RCDB Completed (CPU Time= 0:00:00.0  MEM= 5654.9M)
<CMD> rcOut -spef pnr_outputs/main_RC_WORST.spef -rc_corner RC_WORST
RC Out has the following PVT Info:
   RC:RC_WORST, Operating temperature 125 C
Dumping Spef file.....
Printing D_NET...
RC Out from RCDB Completed (CPU Time= 0:00:00.0  MEM= 5654.9M)
<CMD> streamOut main.gds -mapFile /eda/cadence/pdks/ihp_sg13g2/ixc013g2ng_stdcell/lef/map/SG13G2_streamout.map -libName ur_main -units 1000 -mode ALL
Parse flat map file '/eda/cadence/pdks/ihp_sg13g2/ixc013g2ng_stdcell/lef/map/SG13G2_streamout.map'
Writing GDSII file ...
	****** db unit per micron = 1000 ******
	****** output gds2 file unit per micron = 1000 ******
	****** unit scaling factor = 1 ******
Output for instance
Output for bump
Output for physical terminals
Output for logical terminals
Output for regular nets
Output for special nets and metal fills
Convert 0 swires and 0 svias from compressed groups
Output for via structure generation total number 17
Statistics for GDS generated (version 3)
----------------------------------------
Stream Out Layer Mapping Information:
GDS Layer Number          GDS Layer Name
----------------------------------------
    235                             COMP
    235                          DIEAREA
    135                        TopMetal2
    134                        TopMetal2
    133                          TopVia2
    30                            Metal3
    10                            Metal2
    50                            Metal4
    29                              Via2
    67                            Metal5
    8                             Metal1
    19                              Via1
    125                          TopVia1
    126                        TopMetal1
    49                              Via3
    66                              Via4


Stream Out Information Processed for GDS version 3:
Units: 1000 DBU

Object                             Count
----------------------------------------
Instances                            730

Ports/Pins                           105
    metal layer Metal2               105

Nets                                4687
    metal layer Metal1              1177
    metal layer Metal2              2469
    metal layer Metal3               957
    metal layer Metal4                84

    Via Instances                   2570

Special Nets                          83
    metal layer Metal1                75
    metal layer TopMetal1              4
    metal layer TopMetal2              4

    Via Instances                    258

Metal Fills                            0

    Via Instances                      0

Metal FillOPCs                         0

    Via Instances                      0

Metal FillDRCs                         0

    Via Instances                      0

Text                                 105
    metal layer Metal2               105


Blockages                              0


Custom Text                            0


Custom Box                             0

Trim Metal                             0

######Streamout is finished!
