
Cadence Innovus(TM) Implementation System.
Copyright 2024 Cadence Design Systems, Inc. All rights reserved worldwide.

Version:	v23.31-s109_1, built Mon Apr 22 16:02:43 PDT 2024
Options:	
Date:		Sat Sep 27 22:00:56 2025
Host:		ei-vm-018.othr.de (x86_64 w/Linux 4.18.0-553.63.1.el8_10.x86_64) (32cores*32cpus*AMD Ryzen Threadripper PRO 7975WX 32-Cores 512KB)
OS:		Red Hat Enterprise Linux 8.10 (Ootpa)

License:
		[22:00:56.483196] Configured Lic search path (23.02-s005): 5280@hs-lic3.oth-regensburg.de:27003@hs-lic1.oth-regensburg.de:27003@hs-lic1.oth-regensburg.de:

		invs	Innovus Implementation System	23.1	checkout succeeded
		8 CPU jobs allowed with the current license(s). Use setMultiCpuUsage to set your required CPU count.
Change the soft stacksize limit to 0.2%RAM (386 mbytes). Set global soft_stack_size_limit to change the value.

**INFO:  MMMC transition support version v31-84 

<CMD> set_global _enable_mmmc_by_default_flow      $CTE::mmmc_default
<CMD> suppressMessage ENCEXT-2799
<CMD> getVersion
<CMD> getVersion
<CMD> getVersion
<CMD> define_proc_arguments ViaFillQor -info {This procedure extracts Viafill details from innovus db} -define_args {
        {-window "window coordinates" "" list optional}
        {-window_size "window size in microns" "" string optional}
    
    }
[INFO] Loading Pegasus 24.10 fill procedures
<CMD> define_proc_arguments ProcessFills -info {This procedure processes Fill types} -define_args {
    {-fillInfo "Design Fill data" "" list required}
				{-csvName "File path for Fill Data csv file" "Path of CSV file" string required}
				{-selectFill "type of fill to be selected in session" "list of BRIDGE/EXTENSION/STAMP/FLOATING" list required}
    {-output_data "Boolean Flag to output Fill Data for further processing" "" string required}
}
<CMD> define_proc_arguments FillQor -info {This procedure extracts fill details from innovus db} -define_args {
    {-layers "Fills Cleanup on which all layers" "list of Metal/Routing layers" list optional}
				{-selectFill "type of fill to be selected in session" "list of BRIDGE/EXTENSION/STAMP/FLOATING" list optional}
				{-outData "Boolean Flag to output Fill Data for further processing" "" boolean optional}
    {-outDataFile "File path for Fill Data csv file" "Path of CSV file" string optional}
}
<CMD> define_proc_arguments ProcessFills_fast -info {This procedure processes Fill types} -define_args {
    {-fillInfo "Design Fill data" "" list required}
				{-csvName "File path for Fill Data csv file" "Path of CSV file" string required}
				{-selectFill "type of fill to be selected in session" "list of BRIDGE/EXTENSION/STAMP/FLOATING" list required}
    {-output_data "Boolean Flag to output Fill Data for further processing" "" string required}
}
<CMD> define_proc_arguments FillQor_fast -info {This procedure extracts fill details from innovus db} -define_args {
    {-layers "Fills Cleanup on which all layers" "list of Metal/Routing layers" list optional}
				{-selectFill "type of fill to be selected in session" "list of BRIDGE/EXTENSION/STAMP/FLOATING" list optional}
				{-outData "Boolean Flag to output Fill Data for further processing" "" boolean optional}
    {-outDataFile "File path for Fill Data csv file" "Path of CSV file" string optional}
}
<CMD> define_proc_arguments ProcessFills_fast_stampOnly -info {This procedure processes Fill types} -define_args {
    {-fillInfo "Design Fill data" "" list required}
	
}
<CMD> define_proc_arguments FillQor_fast_stampOnly -info {This procedure extracts fill details from innovus db} -define_args {
    {-layers "Fills Cleanup on which all layers" "list of Metal/Routing layers" list optional}
}
<CMD> win
<CMD> set ::TimeLib::tsgMarkCellLatchConstructFlag 1
<CMD> set ::dft::debug_attribute 0
<CMD> get_message -id GLOBAL-100 -suppress
<CMD> get_message -id GLOBAL-100 -suppress
<CMD> set _timing_constraint_efficient_block_write_sdc 0
<CMD> get_message -id GLOBAL-100 -suppress
<CMD> get_message -id GLOBAL-100 -suppress
<CMD> set _timing_constraint_efficient_clock_for_write_sdc 1
<CMD> get_message -id GLOBAL-100 -suppress
<CMD> get_message -id GLOBAL-100 -suppress
<CMD> set _timing_constraint_enable_improved_timing_update_flow 1
<CMD> get_message -id GLOBAL-100 -suppress
<CMD> get_message -id GLOBAL-100 -suppress
<CMD> set _timing_constraint_enable_reset_clock_exception_flow 1
<CMD> get_message -id GLOBAL-100 -suppress
<CMD> get_message -id GLOBAL-100 -suppress
<CMD> set _timing_constraint_improve_collection_hash_function 1
<CMD> get_message -id GLOBAL-100 -suppress
<CMD> get_message -id GLOBAL-100 -suppress
<CMD> set _timing_constraint_performance_statistics_precision 2
<CMD> get_message -id GLOBAL-100 -suppress
<CMD> get_message -id GLOBAL-100 -suppress
<CMD> set _timing_disable_backward_compatible_spatial_derate_mode 1
<CMD> get_message -id GLOBAL-100 -suppress
<CMD> get_message -id GLOBAL-100 -suppress
<CMD> set _timing_disable_backward_compatible_term_voltage_mode 1
<CMD> get_message -id GLOBAL-100 -suppress
<CMD> get_message -id GLOBAL-100 -suppress
<CMD> set _timing_disk_caching_reporting_el_aware_filesize 524288
<CMD> get_message -id GLOBAL-100 -suppress
<CMD> get_message -id GLOBAL-100 -suppress
<CMD> set _timing_efficient_set_timing_derate 1
<CMD> get_message -id GLOBAL-100 -suppress
<CMD> get_message -id GLOBAL-100 -suppress
<CMD> set _timing_enable_backward_compatible_aocv_slack_based_mode 0
<CMD> get_message -id GLOBAL-100 -suppress
<CMD> get_message -id GLOBAL-100 -suppress
<CMD> set _timing_enable_backward_compatible_arrival_mode 0
<CMD> get_message -id GLOBAL-100 -suppress
<CMD> get_message -id GLOBAL-100 -suppress
<CMD> set _timing_enable_backward_compatible_parallel_arcs 0
<CMD> get_message -id GLOBAL-100 -suppress
<CMD> get_message -id GLOBAL-100 -suppress
<CMD> set _timing_enable_diskcaching_io_performance 1
<CMD> get_message -id GLOBAL-100 -suppress
<CMD> get_message -id GLOBAL-100 -suppress
<CMD> set _timing_enable_dump_reset_clock 1
<CMD> get_message -id GLOBAL-100 -suppress
<CMD> get_message -id GLOBAL-100 -suppress
<CMD> set _timing_enable_eco_group_based_worst_path 1
<CMD> get_message -id GLOBAL-100 -suppress
<CMD> get_message -id GLOBAL-100 -suppress
<CMD> set _timing_enable_efficient_clocks_collection 1
<CMD> get_message -id GLOBAL-100 -suppress
<CMD> get_message -id GLOBAL-100 -suppress
<CMD> set _timing_enable_efficient_get_lib_objects 1
<CMD> get_message -id GLOBAL-100 -suppress
<CMD> get_message -id GLOBAL-100 -suppress
<CMD> set _timing_enable_efficient_hier_obj 1
<CMD> get_message -id GLOBAL-100 -suppress
<CMD> get_message -id GLOBAL-100 -suppress
<CMD> set _timing_enable_efficient_save_mode 1
<CMD> get_message -id GLOBAL-100 -suppress
<CMD> get_message -id GLOBAL-100 -suppress
<CMD> set _timing_enable_ignore_group_path_from_sdc 1
<CMD> get_message -id GLOBAL-100 -suppress
<CMD> get_message -id GLOBAL-100 -suppress
<CMD> get_message -id GLOBAL-100 -suppress
<CMD> get_message -id GLOBAL-100 -suppress
<CMD> set _timing_enable_input_port_path_group_tag 1
<CMD> get_message -id GLOBAL-100 -suppress
<CMD> get_message -id GLOBAL-100 -suppress
<CMD> get_message -id GLOBAL-100 -suppress
<CMD> get_message -id GLOBAL-100 -suppress
<CMD> set _timing_enable_input_port_path_group_tag 1
<CMD> get_message -id GLOBAL-100 -suppress
<CMD> get_message -id GLOBAL-100 -suppress
<CMD> set _timing_enable_new_hierarchical_startpoints 1
<CMD> get_message -id GLOBAL-100 -suppress
<CMD> get_message -id GLOBAL-100 -suppress
<CMD> set _timing_enable_view_pruning_enhancements 4
<CMD> get_message -id GLOBAL-100 -suppress
<CMD> get_message -id GLOBAL-100 -suppress
<CMD> set _timing_is_imm_info_cached 0
<CMD> get_message -id GLOBAL-100 -suppress
<CMD> get_message -id GLOBAL-100 -suppress
<CMD> set _timing_latch_period_based_threshold 0.0001
<CMD> get_message -id GLOBAL-100 -suppress
<CMD> get_message -id GLOBAL-100 -suppress
<CMD> get_message -id GLOBAL-100 -suppress
<CMD> get_message -id GLOBAL-100 -suppress
<CMD> set _timing_remove_edge_time_in_unconstraind_reporting 1
<CMD> get_message -id GLOBAL-100 -suppress
<CMD> get_message -id GLOBAL-100 -suppress
<CMD> get_message -id GLOBAL-100 -suppress
<CMD> get_message -id GLOBAL-100 -suppress
<CMD> set _timing_remove_edge_time_in_unconstraind_reporting 1
<CMD> get_message -id GLOBAL-100 -suppress
<CMD> get_message -id GLOBAL-100 -suppress
<CMD> get_message -id GLOBAL-100 -suppress
<CMD> get_message -id GLOBAL-100 -suppress
<CMD> set _timing_report_coverage_use_cached_real_gba_arrival 0
<CMD> get_message -id GLOBAL-100 -suppress
<CMD> get_message -id GLOBAL-100 -suppress
<CMD> set _timing_report_disable_calculate_arrival_assert 1
<CMD> get_message -id GLOBAL-100 -suppress
<CMD> get_message -id GLOBAL-100 -suppress
<CMD> set _timing_report_enable_capacitance_fetching_per_rf 0
<CMD> get_message -id GLOBAL-100 -suppress
<CMD> get_message -id GLOBAL-100 -suppress
<CMD> set _timing_report_enable_clock_to_clock_false_paths_MT 1
<CMD> get_message -id GLOBAL-100 -suppress
<CMD> get_message -id GLOBAL-100 -suppress
<CMD> set _timing_report_enable_efficient_float_to_string_converter 0
<CMD> get_message -id GLOBAL-100 -suppress
<CMD> get_message -id GLOBAL-100 -suppress
<CMD> set _timing_report_enable_mtiohandler_efficient_register 1
<CMD> get_message -id GLOBAL-100 -suppress
<CMD> get_message -id GLOBAL-100 -suppress
<CMD> set _timing_report_enable_multithread_drv_reporting 1
<CMD> get_message -id GLOBAL-100 -suppress
<CMD> get_message -id GLOBAL-100 -suppress
<CMD> set _timing_report_ipd_max_paths_lookahead_factor 10000
<CMD> get_message -id GLOBAL-100 -suppress
<CMD> get_message -id GLOBAL-100 -suppress
<CMD> set _timing_report_ipd_nworst_lookahead_factor 10000
<CMD> get_message -id GLOBAL-100 -suppress
<CMD> get_message -id GLOBAL-100 -suppress
<CMD> set _timing_report_prt_optimize_unconstraint_handling_for_to_pins 1
<CMD> set dbgDualViewAwareXTree 1
<CMD> set dbgIsCheckLefDefColoredShapeSetByUser 1
<CMD> set defHierChar /
<CMD> set distributed_client_message_echo 1
<CMD> set distributed_mmmc_disable_reports_auto_redirection 0
<CMD> set enable_ilm_dual_view_gui_and_attribute 1
<CMD> set enc_before_startup_file 0
<CMD> set enc_check_rename_command_name 1
<CMD> set enc_enable_print_mode_command_reset_options 1
<CMD> set init_design_settop 0
<CMD> set init_gnd_net VSS
<CMD> setImportMode -discardFloatingVNets 0 -keepEmptyModule 1
<CMD> set init_import_mode { -discardFloatingVNets 0 -keepEmptyModule 1}
<CMD> set init_lef_file {/eda/cadence/pdks/gpdk045/gsclib045_all_v4_4/gsclib045/lef/gsclib045_tech.lef /eda/cadence/pdks/gpdk045/gsclib045_all_v4_4/gsclib045_tech/lef/gsclib045_tech.lef /eda/cadence/pdks/gpdk045/gsclib045_all_v4_4/gsclib045/lef/gsclib045_macro.lef /eda/cadence/pdks/gpdk045/gsclib045_all_v4_4/gsclib045/lef/gsclib045_multibitsDFF.lef}
<CMD> set init_mmmc_file MMMC.view
<CMD> set init_original_verilog_files ../Synthesis/outputs/main_netlist.v
<CMD> set init_pwr_net VDD
<CMD> set init_verilog ../Synthesis/outputs/main_netlist.v
<CMD> get_message -id GLOBAL-100 -suppress
<CMD> get_message -id GLOBAL-100 -suppress
<CMD> set latch_time_borrow_mode max_borrow
<CMD> set metric_page_cfg_format {vivid {HUDDLE {!!map {version {!!str 2} data {!!seq {{!!map {id {!!str main_menu} type {!!str main_menu}}} {!!map {id {!!str top} type {!!str tabs} tabs {!!seq {{!!map {title {!!str Masterboard} children {!!seq {{!!map {id {!!str masterboard_filters} type {!!str section} title {!!str {Run/Snapshot Filters}} children {!!seq {{!!map {id {!!str masterboard_filter} type {!!str run_snapshot_filter}}} {!!map {id {!!str masterboard_snapshot_navigation} type {!!str snapshot_picker}}}}}}} {!!map {id {!!str masterboard_summary} type {!!str section} title {!!str {Stylus QOR summary}} children {!!seq {{!!map {id {!!str masterboard_summary_t} type {!!str table} per_snapshot {!!true 1} ar_metric_control {!!true 1} ar_metric {!!seq {{!!map {metric {!!str timing.setup.wns} title {!!str WNS} group {!!str {Setup (all)}} navigation {!!map {id {!!str setup_violating_paths_section}}}}} {!!map {metric {!!str timing.setup.tns} title {!!str TNS} group {!!str {Setup (all)}} navigation {!!map {id {!!str setup_violating_paths_section}}}}} {!!map {metric {!!str timing.setup.feps} title {!!str FEPS} group {!!str {Setup (all)}} navigation {!!map {id {!!str setup_violating_paths_section}}}}} {!!map {metric {!!str timing.setup.wns.path_group:reg2reg} title {!!str WNS} group {!!str {Setup (reg2reg)}} navigation {!!map {id {!!str setup_violating_paths_section}}}}} {!!map {metric {!!str timing.setup.tns.path_group:reg2reg} title {!!str TNS} group {!!str {Setup (reg2reg)}} navigation {!!map {id {!!str setup_violating_paths_section}}}}} {!!map {metric {!!str timing.setup.feps.path_group:reg2reg} title {!!str FEPS} group {!!str {Setup (reg2reg)}} navigation {!!map {id {!!str setup_violating_paths_section}}}}} {!!map {metric {!!str timing.hold.wns} title {!!str WNS} group {!!str {Hold (all)}} navigation {!!map {id {!!str hold_violating_paths_section}}}}} {!!map {metric {!!str timing.hold.tns} title {!!str TNS} group {!!str {Hold (all)}} navigation {!!map {id {!!str hold_violating_paths_section}}}}} {!!map {metric {!!str timing.hold.feps} title {!!str FEPS} group {!!str {Hold (all)}} navigation {!!map {id {!!str hold_violating_paths_section}}}}} {!!map {metric {!!str timing.hold.wns.path_group:reg2reg} title {!!str WNS} group {!!str {Hold (reg2reg)}} navigation {!!map {id {!!str hold_violating_paths_section}}}}} {!!map {metric {!!str timing.hold.tns.path_group:reg2reg} title {!!str TNS} group {!!str {Hold (reg2reg)}} navigation {!!map {id {!!str hold_violating_paths_section}}}}} {!!map {metric {!!str timing.hold.feps.path_group:reg2reg} title {!!str FEPS} group {!!str {Hold (reg2reg)}} navigation {!!map {id {!!str hold_violating_paths_section}}}}} {!!map {metric {!!str timing.drv.max_tran.total} title {!!str Tran} group {!!str DRV}}} {!!map {metric {!!str timing.drv.max_cap.total} title {!!str Load} group {!!str DRV}}} {!!map {metric {!!str timing.drv.max_fanout.total} title {!!str Fanout} group {!!str DRV}}} {!!map {metric {!!str clock.instances.total} title {!!str Insts} group {!!str Clock} navigation {!!map {id {!!str clock_phys}}}}} {!!map {metric {!!str clock.area.total} title {!!str Area} group {!!str Clock} navigation {!!map {id {!!str clock_phys}}}}} {!!map {metric {!!str design.density} title {!!str Density} group {!!str Design}}} {!!map {metric {!!str design.instances.logical} title {!!str Insts} group {!!str Design} navigation {!!map {id {!!str physical_physical}}}}} {!!map {metric {!!str design.area.logical} title {!!str Area} group {!!str Design} navigation {!!map {id {!!str physical_physical}}}}} {!!map {metric {!!str dft.registers.passing} title {!!str Passing} group {!!str DFT}}} {!!map {metric {!!str dft.registers.total} title {!!str Total} group {!!str DFT}}} {!!map {metric {!!str power} title {!!str Total} group {!!str Power} navigation {!!map {id {!!str power_power}}}}} {!!map {metric {!!str power.leakage} title {!!str Leakage} group {!!str Power} navigation {!!map {id {!!str power_leakage}}}}} {!!map {metric {!!str power.internal} title {!!str Internal} group {!!str Power} navigation {!!map {id {!!str power_internal}}}}} {!!map {metric {!!str power.switching} title {!!str Switching} group {!!str Power} navigation {!!map {id {!!str power_switching}}}}} {!!map {metric {!!str power.clock} title {!!str Clock} group {!!str Power} navigation {!!map {id {!!str power_power}}}}} {!!map {metric {!!str design.congestion.hotspot.max} title {!!str Max} group {!!str Congestion} navigation {!!map {id {!!str route_route}}}}} {!!map {metric {!!str design.congestion.hotspot.total} title {!!str Total} group {!!str Congestion} navigation {!!map {id {!!str route_route}}}}} {!!map {metric {!!str route.drc} title {!!str DRC} group {!!str Route} navigation {!!map {id {!!str route_route}}}}} {!!map {metric {!!str route.wirelength} title {!!str WL} group {!!str Route} navigation {!!map {id {!!str route_route}}}}} {!!map {metric {!!str messages} title {!!str Errors} group {!!str Tool}}} {!!map {metric {!!str flow.realtime} title {!!str Wall} group {!!str Tool} navigation {!!map {id {!!str flow_cpu}}}}} {!!map {metric {!!str flow.memory} title {!!str Memory} group {!!str Tool} navigation {!!map {id {!!str flow_cpu}}}}}}}}}}}}} {!!map {id {!!str masterboard_runtime} type {!!str section} title {!!str {Runtime Summary}} children {!!seq {{!!map {id {!!str masterboard_runtime_real_g} type {!!str graph} stacked {!!true 1} invert_axes {!!true 1} total_value_label {!!true 1} title {!!str {Real time}} ar_metric {!!seq {{!!map {metric {!!str flow.realtime} title {!!str Real} graph_type {!!str horizontalBar}}}}}}} {!!map {id {!!str masterboard_runtime_cpu} type {!!str graph} stacked {!!true 1} invert_axes {!!true 1} total_value_label {!!true 1} title {!!str {CPU Runtime}} ar_metric {!!seq {{!!map {metric {!!str flow.cputime} title {!!str CPU} graph_type {!!str horizontalBar}}}}}}}}}}} {!!map {id {!!str masterboard_reg2reg} type {!!str section} title {!!str {Timing Summary}} children {!!seq {{!!map {id {!!str masterboard_reg2reg_wns_setup_s} type {!!str section} title {!!str {Setup Summary}} children {!!seq {{!!map {id {!!str masterboard_reg2reg_wns_setup_g} type {!!str graph} title {!!str {Setup reg2reg WNS}} ar_metric {!!seq {{!!map {metric {!!str timing.setup.wns.path_group:reg2reg} title {!!str WNS} graph_type {!!str line}}}}}}} {!!map {id {!!str masterboard_reg2reg_tns_setup_g} type {!!str graph} title {!!str {Setup reg2reg TNS}} ar_metric {!!seq {{!!map {metric {!!str timing.setup.tns.path_group:reg2reg} title {!!str TNS} graph_type {!!str line}}}}}}}}}}} {!!map {id {!!str masterboard_reg2reg_wns_hold_s} type {!!str section} title {!!str {Hold Summary}} children {!!seq {{!!map {id {!!str masterboard_reg2reg_wns_hold_g} type {!!str graph} title {!!str {Hold reg2reg WNS}} ar_metric {!!seq {{!!map {metric {!!str timing.hold.wns.path_group:reg2reg} title {!!str WNS} graph_type {!!str line}}}}}}} {!!map {id {!!str masterboard_reg2reg_tns_hold_g} type {!!str graph} title {!!str {Hold reg2reg TNS}} ar_metric {!!seq {{!!map {metric {!!str timing.hold.tns.path_group:reg2reg} title {!!str TNS} graph_type {!!str line}}}}}}}}}}}}}}} {!!map {id {!!str masterboard_power} type {!!str section} title {!!str {Power Summary}} children {!!seq {{!!map {id {!!str masterboard_power_total_g} type {!!str graph} title {!!str {Total Power}} ar_metric {!!seq {{!!map {metric {!!str power} title {!!str Power} graph_type {!!str line}}}}}}} {!!map {id {!!str masterboard_power_leakage_g} type {!!str graph} title {!!str {Leakage Power}} ar_metric {!!seq {{!!map {metric {!!str power.leakage} title {!!str Power} graph_type {!!str line}}}}}}}}}}} {!!map {id {!!str masterboard_utilization} type {!!str section} title {!!str {Utilization Summary}} children {!!seq {{!!map {id {!!str masterboard_utilization_density_g} type {!!str graph} title {!!str {Design Density}} ar_metric {!!seq {{!!map {metric {!!str design.density} title {!!str Density} graph_type {!!str line}}}}}}} {!!map {id {!!str masterboard_utilization_stdcell_g} type {!!str graph} title {!!str {Standard cell instances}} ar_metric {!!seq {{!!map {metric {!!str design.instances.std_cell} title {!!str {Instance count}} graph_type {!!str line}}}}}}}}}}}}}}} {!!map {title {!!str Dashboard} children {!!seq {{!!map {id {!!str dashboard_tabs} type {!!str tabs} tabs {!!seq {{!!map {title {!!str Summary} children {!!seq {{!!map {id {!!str summary_layout} type {!!str layout} layout {!!str horizontal} children {!!seq {{!!map {id {!!str summary_flow_t} type {!!str table} flip_axis {!!true 1} ar_metric {!!seq {{!!map {metric {!!str design.name} title {!!str Design}}} {!!map {metric {!!str flow.tool_list} title {!!str Tools}}} {!!map {metric {!!str flow.template.type} title {!!str Flow}}} {!!map {metric {!!str flow.template.feature_enabled} title {!!str {Enabled features}}}} {!!map {metric {!!str flow.run_tag} title {!!str Tag}}} {!!map {metric {!!str flow.machine} title {!!str {Run host}}}} {!!map {metric {!!str flow.run_directory} title {!!str {Run directory}}}} {!!map {metric {!!str flow.last_child_snapshot} title {!!str {Last step}}}} {!!map {metric {!!str flowtool.status} title {!!str {Flowtool status}}}}}}}} {!!map {id {!!str design_image} type {!!str image_plot} initial_visible_count {!!int 1} ar_metric {!!seq {{!!map {metric {!!str design.floorplan.image}}} {!!map {metric {!!str design.blockage.image}}} {!!map {metric {!!str design.macro.image}}} {!!map {metric {!!str design.place.drc.image}}} {!!map {metric {!!str design.hotspot.image}}} {!!map {metric {!!str power.domains.image}}} {!!map {metric {!!str power.intent.image}}}}}}}}}}} {!!map {id {!!str summary_dashboard_filters} type {!!str section} title {!!str {Run/Snapshot Filters}} children {!!seq {{!!map {id {!!str summary_dashboard_filter} type {!!str run_snapshot_filter}}} {!!map {id {!!str summary_dashboard_snapshot_navigation} type {!!str snapshot_picker}}}}}}} {!!map {id {!!str summary_qor} type {!!str section} title {!!str {Stylus QOR summary}} children {!!seq {{!!map {id {!!str summary_qor_t} type {!!str table} per_snapshot {!!true 1} ar_metric {!!seq {{!!map {metric {!!str timing.setup.wns} title {!!str WNS} group {!!str {Setup (all)}} navigation {!!map {id {!!str setup_violating_paths_section}}}}} {!!map {metric {!!str timing.setup.tns} title {!!str TNS} group {!!str {Setup (all)}} navigation {!!map {id {!!str setup_violating_paths_section}}}}} {!!map {metric {!!str timing.setup.feps} title {!!str FEPS} group {!!str {Setup (all)}} navigation {!!map {id {!!str setup_violating_paths_section}}}}} {!!map {metric {!!str timing.setup.wns.path_group:reg2reg} title {!!str WNS} group {!!str {Setup (reg2reg)}} navigation {!!map {id {!!str setup_violating_paths_section}}}}} {!!map {metric {!!str timing.setup.tns.path_group:reg2reg} title {!!str TNS} group {!!str {Setup (reg2reg)}} navigation {!!map {id {!!str setup_violating_paths_section}}}}} {!!map {metric {!!str timing.setup.feps.path_group:reg2reg} title {!!str FEPS} group {!!str {Setup (reg2reg)}} navigation {!!map {id {!!str setup_violating_paths_section}}}}} {!!map {metric {!!str timing.hold.wns} title {!!str WNS} group {!!str {Hold (all)}} navigation {!!map {id {!!str hold_violating_paths_section}}}}} {!!map {metric {!!str timing.hold.tns} title {!!str TNS} group {!!str {Hold (all)}} navigation {!!map {id {!!str hold_violating_paths_section}}}}} {!!map {metric {!!str timing.hold.feps} title {!!str FEPS} group {!!str {Hold (all)}} navigation {!!map {id {!!str hold_violating_paths_section}}}}} {!!map {metric {!!str timing.hold.wns.path_group:reg2reg} title {!!str WNS} group {!!str {Hold (reg2reg)}} navigation {!!map {id {!!str hold_violating_paths_section}}}}} {!!map {metric {!!str timing.hold.tns.path_group:reg2reg} title {!!str TNS} group {!!str {Hold (reg2reg)}} navigation {!!map {id {!!str hold_violating_paths_section}}}}} {!!map {metric {!!str timing.hold.feps.path_group:reg2reg} title {!!str FEPS} group {!!str {Hold (reg2reg)}} navigation {!!map {id {!!str hold_violating_paths_section}}}}} {!!map {metric {!!str timing.drv.max_tran.total} title {!!str Tran} group {!!str DRV}}} {!!map {metric {!!str timing.drv.max_cap.total} title {!!str Load} group {!!str DRV}}} {!!map {metric {!!str timing.drv.max_fanout.total} title {!!str Fanout} group {!!str DRV}}} {!!map {metric {!!str clock.instances.total} title {!!str Insts} group {!!str Clock} navigation {!!map {id {!!str clock_phys}}}}} {!!map {metric {!!str clock.area.total} title {!!str Area} group {!!str Clock} navigation {!!map {id {!!str clock_phys}}}}} {!!map {metric {!!str design.density} title {!!str Density} group {!!str Design}}} {!!map {metric {!!str design.instances.logical} title {!!str Insts} group {!!str Design} navigation {!!map {id {!!str physical_physical}}}}} {!!map {metric {!!str design.area.logical} title {!!str Area} group {!!str Design} navigation {!!map {id {!!str physical_physical}}}}} {!!map {metric {!!str dft.registers.passing} title {!!str Passing} group {!!str DFT}}} {!!map {metric {!!str dft.registers.total} title {!!str Total} group {!!str DFT}}} {!!map {metric {!!str power} title {!!str Total} group {!!str Power} navigation {!!map {id {!!str power_power}}}}} {!!map {metric {!!str power.leakage} title {!!str Leakage} group {!!str Power} navigation {!!map {id {!!str power_leakage}}}}} {!!map {metric {!!str power.internal} title {!!str Internal} group {!!str Power} navigation {!!map {id {!!str power_internal}}}}} {!!map {metric {!!str power.switching} title {!!str Switching} group {!!str Power} navigation {!!map {id {!!str power_switching}}}}} {!!map {metric {!!str power.clock} title {!!str Clock} group {!!str Power} navigation {!!map {id {!!str power_power}}}}} {!!map {metric {!!str design.congestion.hotspot.max} title {!!str Max} group {!!str Congestion} navigation {!!map {id {!!str route_route}}}}} {!!map {metric {!!str design.congestion.hotspot.total} title {!!str Total} group {!!str Congestion} navigation {!!map {id {!!str route_route}}}}} {!!map {metric {!!str route.drc} title {!!str DRC} group {!!str Route} navigation {!!map {id {!!str route_route}}}}} {!!map {metric {!!str route.wirelength} title {!!str WL} group {!!str Route} navigation {!!map {id {!!str route_route}}}}} {!!map {metric {!!str messages} title {!!str Errors} group {!!str Tool}}} {!!map {metric {!!str flow.realtime} title {!!str Wall} group {!!str Tool} navigation {!!map {id {!!str flow_cpu}}}}} {!!map {metric {!!str flow.memory} title {!!str Memory} group {!!str Tool} navigation {!!map {id {!!str flow_cpu}}}}}}}}}}}}} {!!map {id {!!str summary_cpu} type {!!str section} title {!!str {Stylus runtime summary}} children {!!seq {{!!map {id {!!str summary_real_t} type {!!str graph} stacked {!!true 1} invert_axes {!!true 1} total_value_label {!!true 1} title {!!str {Real time}} ar_metric {!!seq {{!!map {metric {!!str flow.realtime} title {!!str Real} graph_type {!!str horizontalBar}}}}}}} {!!map {id {!!str summary_cpu_t} type {!!str graph} stacked {!!true 1} invert_axes {!!true 1} total_value_label {!!true 1} title {!!str {CPU Runtime}} ar_metric {!!seq {{!!map {metric {!!str flow.cputime} title {!!str CPU} graph_type {!!str horizontalBar}}}}}}}}}}}}}}} {!!map {title {!!str Timing} children {!!seq {{!!map {id {!!str timing_dashboard_filters} type {!!str section} title {!!str {Run/Snapshot Filters}} hidden {!!true 1} children {!!seq {{!!map {id {!!str timing_dashboard_filter} type {!!str run_snapshot_filter}}} {!!map {id {!!str timing_dashboard_snapshot_navigation} type {!!str snapshot_picker}}}}}}} {!!map {id {!!str timing_setup} type {!!str section} title {!!str {Setup Timing}} children {!!seq {{!!map {id {!!str setup_tns_histogram_controls} type {!!str histogram_controls} parent_id {!!str timing_setup}}} {!!map {id {!!str setup_tns_histogram_first} type {!!str histogram} title {!!str {Setup TNS}} parent_id {!!str timing_setup} ar_metric {!!seq {{!!map {metric {!!str timing.setup.histogram} title {!!str {Per Group}} mode {!!str group}}} {!!map {metric {!!str timing.setup.histogram.views} title {!!str {Per View}} mode {!!str view}}}}}}} {!!map {id {!!str setup_tns_histogram_second} type {!!str histogram} title {!!str {Setup TNS}} parent_id {!!str timing_setup} ar_metric {!!seq {{!!map {metric {!!str timing.setup.histogram} title {!!str {Per Group}} mode {!!str group}}} {!!map {metric {!!str timing.setup.histogram.views} title {!!str {Per View}} mode {!!str view}}}}}}} {!!map {id {!!str timing_setup_t} type {!!str table} per_snapshot {!!true 1} collapsible_key {!!true 1} key {!!map {Group {!!str timing.setup.wns.path_group:*} View {!!str timing.setup.wns.analysis_view:*}}} ar_metric {!!seq {{!!map {metric {!!str timing.setup.type} title {!!str Type}}} {!!map {metric {!!str timing.setup.wns.path_group:%.analysis_view:%} title {!!str WNS}}} {!!map {metric {!!str timing.setup.tns.path_group:%.analysis_view:%} title {!!str TNS}}} {!!map {metric {!!str timing.setup.feps.path_group:%.analysis_view:%} title {!!str FEPS}}}}}}}}}}} {!!map {id {!!str setup_violating_paths_section} type {!!str section} title {!!str {Worst Setup Paths}} children {!!seq {{!!map {id {!!str setup_violating_paths} type {!!str violating_paths} ar_metric {!!seq {{!!map {metric {!!str timing.setup.paths}}} {!!map {metric {!!str timing.setup.paths.path_group:*}}}}}}}}}}} {!!map {id {!!str timing_hold} type {!!str section} title {!!str {Hold Timing}} children {!!seq {{!!map {id {!!str hold_tns_histogram_controls} type {!!str histogram_controls} parent_id {!!str timing_hold}}} {!!map {id {!!str hold_tns_histogram_first} type {!!str histogram} title {!!str {Hold TNS}} parent_id {!!str timing_hold} ar_metric {!!seq {{!!map {metric {!!str timing.hold.histogram} title {!!str {Per Group}} mode {!!str group}}} {!!map {metric {!!str timing.hold.histogram.views} title {!!str {Per View}} mode {!!str view}}}}}}} {!!map {id {!!str hold_tns_histogram_second} type {!!str histogram} title {!!str {Hold TNS}} parent_id {!!str timing_hold} ar_metric {!!seq {{!!map {metric {!!str timing.hold.histogram} title {!!str {Per Group}} mode {!!str group}}} {!!map {metric {!!str timing.hold.histogram.views} title {!!str {Per View}} mode {!!str view}}}}}}} {!!map {id {!!str timing_hold_t} type {!!str table} per_snapshot {!!true 1} collapsible_key {!!true 1} key {!!map {Group {!!str timing.hold.wns.path_group:*} View {!!str timing.hold.wns.analysis_view:*}}} ar_metric {!!seq {{!!map {metric {!!str timing.hold.type} title {!!str Type}}} {!!map {metric {!!str timing.hold.wns.path_group:%.analysis_view:%} title {!!str WNS}}} {!!map {metric {!!str timing.hold.tns.path_group:%.analysis_view:%} title {!!str TNS}}} {!!map {metric {!!str timing.hold.feps.path_group:%.analysis_view:%} title {!!str FEPS}}}}}}}}}}} {!!map {id {!!str hold_violating_paths_section} type {!!str section} title {!!str {Worst Hold Paths}} children {!!seq {{!!map {id {!!str hold_violating_paths} type {!!str violating_paths} ar_metric {!!seq {{!!map {metric {!!str timing.hold.paths}}} {!!map {metric {!!str timing.hold.paths.path_group:*}}}}}}}}}}} {!!map {id {!!str timing_drv} type {!!str section} title {!!str {Design Rule Violations}} children {!!seq {{!!map {id {!!str timing_drv_t} type {!!str table} per_snapshot {!!true 1} ar_metric {!!seq {{!!map {metric {!!str timing.drv.max_tran.total} title {!!str Total} group {!!str Tran}}} {!!map {metric {!!str timing.drv.max_tran.worst} title {!!str Worst} group {!!str Tran}}} {!!map {metric {!!str timing.drv.max_tran.pins} title {!!str Pins} group {!!str Tran}}} {!!map {metric {!!str timing.drv.max_tran.nets} title {!!str Nets} group {!!str Tran}}} {!!map {metric {!!str timing.drv.max_cap.total} title {!!str Total} group {!!str Cap}}} {!!map {metric {!!str timing.drv.max_cap.worst} title {!!str Worst} group {!!str Cap}}} {!!map {metric {!!str timing.drv.max_cap.pins} title {!!str Pins} group {!!str Cap}}} {!!map {metric {!!str timing.drv.max_cap.nets} title {!!str Nets} group {!!str Cap}}} {!!map {metric {!!str timing.drv.max_fanout.total} title {!!str Total} group {!!str Fanout}}} {!!map {metric {!!str timing.drv.max_fanout.worst} title {!!str Worst} group {!!str Fanout}}} {!!map {metric {!!str timing.drv.max_fanout.pins} title {!!str Pins} group {!!str Fanout}}} {!!map {metric {!!str timing.drv.max_fanout.nets} title {!!str Nets} group {!!str Fanout}}} {!!map {metric {!!str timing.drv.max_length.total} title {!!str Total} group {!!str Length}}} {!!map {metric {!!str timing.drv.max_length.worst} title {!!str Worst} group {!!str Length}}} {!!map {metric {!!str timing.drv.max_length.pins} title {!!str Pins} group {!!str Length}}} {!!map {metric {!!str timing.drv.max_length.nets} title {!!str Nets} group {!!str Length}}} {!!map {metric {!!str timing.si.glitches} title {!!str Glitches} group {!!str SI}}} {!!map {metric {!!str timing.si.noise} title {!!str Noise} group {!!str SI}}}}}}} {!!map {id {!!str timing_double_clocking} type {!!str section} title {!!str {Double Clocking}} hidden {!!true 1} children {!!seq {{!!map {id {!!str timing_double_clocking_t} type {!!str table} per_snapshot {!!false 0} key {!!map {View {!!str timing.si.double_clocking.analysis_view:*}}} ar_metric {!!seq {{!!map {metric {!!str timing.si.double_clocking.frequency_violations.analysis_view:%} title {!!str {Frequency Violations}}}} {!!map {metric {!!str timing.si.double_clocking.report_file.analysis_view:%} title {!!str {Report File}}}}}}}}}}}} {!!map {id {!!str timing_min_pulse_width} type {!!str section} title {!!str {Min Pulse Width}} hidden {!!true 1} children {!!seq {{!!map {id {!!str timing_min_pulse_width_t} type {!!str table} per_snapshot {!!false 0} ar_metric {!!seq {{!!map {metric {!!str timing.setup.type} title {!!str Type}}} {!!map {metric {!!str timing.min_pulse_width.endpoints.wns} group {!!str Endpoints} title {!!str WNS}}} {!!map {metric {!!str timing.min_pulse_width.endpoints.tns} group {!!str Endpoints} title {!!str TNS}}} {!!map {metric {!!str timing.min_pulse_width.endpoints.feps} group {!!str Endpoints} title {!!str FEPS}}} {!!map {metric {!!str timing.min_pulse_width.clocktree.wns} group {!!str Clocktree} title {!!str WNS}}} {!!map {metric {!!str timing.min_pulse_width.clocktree.tns} group {!!str Clocktree} title {!!str TNS}}} {!!map {metric {!!str timing.min_pulse_width.clocktree.feps} group {!!str Clocktree} title {!!str FEPS}}}}}}} {!!map {id {!!str timing_min_pulse_width_breakdown_t} type {!!str table} per_snapshot {!!false 0} key {!!map {View {!!str timing.min_pulse_width.endpoints.wns.analysis_view:*} Clock {!!str timing.min_pulse_width.endpoints.wns.analysis_view:%.clock:*}}} ar_metric {!!seq {{!!map {metric {!!str timing.min_pulse_width.endpoints.wns.analysis_view:%.clock:%} group {!!str Endpoints} title {!!str WNS}}} {!!map {metric {!!str timing.min_pulse_width.endpoints.tns.analysis_view:%.clock:%} group {!!str Endpoints} title {!!str TNS}}} {!!map {metric {!!str timing.min_pulse_width.endpoints.feps.analysis_view:%.clock:%} group {!!str Endpoints} title {!!str FEPS}}} {!!map {metric {!!str timing.min_pulse_width.clocktree.wns.analysis_view:%.clock:%} group {!!str Clocktree} title {!!str WNS}}} {!!map {metric {!!str timing.min_pulse_width.clocktree.tns.analysis_view:%.clock:%} group {!!str Clocktree} title {!!str TNS}}} {!!map {metric {!!str timing.min_pulse_width.clocktree.feps.analysis_view:%.clock:%} group {!!str Clocktree} title {!!str FEPS}}}}}}}}}}}}}}} {!!map {id {!!str timing_cpu} type {!!str section} title {!!str Runtime} children {!!seq {{!!map {id {!!str timing_real_t} type {!!str graph} stacked {!!true 1} invert_axes {!!true 1} total_value_label {!!true 1} title {!!str {Real time}} ar_metric {!!seq {{!!map {metric {!!str flow.realtime} title {!!str Real} graph_type {!!str horizontalBar}}}}}}} {!!map {id {!!str timing_cpu_t} type {!!str graph} stacked {!!true 1} invert_axes {!!true 1} total_value_label {!!true 1} title {!!str {CPU Runtime}} ar_metric {!!seq {{!!map {metric {!!str flow.cputime} title {!!str CPU} graph_type {!!str horizontalBar}}}}}}}}}}}}}}} {!!map {title {!!str Clock} children {!!seq {{!!map {id {!!str clock_dashboard_filters} type {!!str section} title {!!str {Run/Snapshot Filters}} hidden {!!true 1} children {!!seq {{!!map {id {!!str clock_dashboard_filter} type {!!str run_snapshot_filter}}} {!!map {id {!!str clock_dashboard_snapshot_navigation} type {!!str snapshot_picker}}}}}}} {!!map {id {!!str clock_phys} type {!!str section} title {!!str Physical} children {!!seq {{!!map {id {!!str clock_phys_t} type {!!str table} per_snapshot {!!true 1} ar_metric {!!seq {{!!map {metric {!!str clock.instances.total} title {!!str #Total} group {!!str Instances}}} {!!map {metric {!!str clock.instances.buffer} title {!!str #Buffers} group {!!str Instances}}} {!!map {metric {!!str clock.instances.inverter} title {!!str #Inverters} group {!!str Instances}}} {!!map {metric {!!str clock.instances.clkgate} title {!!str {#Clock Gates}} group {!!str Instances}}} {!!map {metric {!!str clock.instances.nonicg} title {!!str {#Non Integrated}} group {!!str Instances}}} {!!map {metric {!!str clock.instances.logic} title {!!str #Logic} group {!!str Instances}}} {!!map {metric {!!str clock.area.total} title {!!str Total} group {!!str Area}}} {!!map {metric {!!str clock.area.buffer} title {!!str Buffers} group {!!str Area}}} {!!map {metric {!!str clock.area.inverter} title {!!str Inverters} group {!!str Area}}} {!!map {metric {!!str clock.area.clkgate} title {!!str {Clock Gates}} group {!!str Area}}} {!!map {metric {!!str clock.area.nonicg} title {!!str {Non Integrated}} group {!!str Area}}} {!!map {metric {!!str clock.area.logic} title {!!str Logic} group {!!str Area}}} {!!map {metric {!!str clock.nets.length.total} title {!!str {Tot Clk Net Length}} group {!!str Nets}}}}}}}}}}} {!!map {id {!!str clock_phys_cell_insts} type {!!str section} title {!!str {Per Cell Instances}} hidden {!!true 1} children {!!seq {{!!map {id {!!str clock_phys_cell_insts_t} type {!!str table} per_snapshot {!!true 1} ar_metric {!!seq {{!!map {metric {!!str clock.instances.total} title {!!str #Total}}} {!!map {metric {!!str clock.instances_distribution.buffer.base_cell:*} group {!!str #Buffers}}} {!!map {metric {!!str clock.instances_distribution.inverter.base_cell:*} group {!!str #Inverters}}} {!!map {metric {!!str clock.instances_distribution.clkgate.base_cell:*} group {!!str {#Clock Gates}}}} {!!map {metric {!!str clock.instances_distribution.nonicg.base_cell:*} group {!!str {#Non Integrated}}}} {!!map {metric {!!str clock.instances_distribution.logic.base_cell:*} group {!!str #Logic}}}}}}}}}}} {!!map {id {!!str clock_phys_cell_area} type {!!str section} title {!!str {Per Cell Area}} hidden {!!true 1} children {!!seq {{!!map {id {!!str clock_phys_cell_area_t} type {!!str table} per_snapshot {!!true 1} ar_metric {!!seq {{!!map {metric {!!str clock.area.total} title {!!str Total}}} {!!map {metric {!!str clock.area_distribution.buffer.base_cell:*} group {!!str Buffers}}} {!!map {metric {!!str clock.area_distribution.inverter.base_cell:*} group {!!str Inverters}}} {!!map {metric {!!str clock.area_distribution.clkgate.base_cell:*} group {!!str {Clock Gates}}}} {!!map {metric {!!str clock.area_distribution.nonicg.base_cell:*} group {!!str {Non Integrated}}}} {!!map {metric {!!str clock.area_distribution.logic.base_cell:*} group {!!str Logic}}}}}}}}}}} {!!map {id {!!str clock_phys_creator} type {!!str section} title {!!str {Cell Creators}} hidden {!!true 1} children {!!seq {{!!map {id {!!str clock_phys_creator_t} type {!!str table} per_snapshot {!!true 1} ar_metric {!!seq {{!!map {metric {!!str clock.instances.buffer.creator.*} group {!!str Buffers}}} {!!map {metric {!!str clock.instances.inverter.creator.*} group {!!str Inverters}}}}}}}}}}} {!!map {id {!!str clock_phys_nets} type {!!str section} title {!!str Nets} hidden {!!true 1} children {!!seq {{!!map {id {!!str clock_phys_nets_t} type {!!str table} per_snapshot {!!true 1} ar_metric {!!seq {{!!map {metric {!!str clock.nets.length.total} title {!!str Total} group {!!str Nets}}} {!!map {metric {!!str clock.nets.length.top} title {!!str Top} group {!!str Nets}}} {!!map {metric {!!str clock.nets.length.trunk} title {!!str Trunk} group {!!str Nets}}} {!!map {metric {!!str clock.nets.length.leaf} title {!!str Leaf} group {!!str Nets}}}}}}}}}}} {!!map {id {!!str clock_phys_cap} type {!!str section} title {!!str Physical} children {!!seq {{!!map {id {!!str clock_phys_cap_t} type {!!str table} per_snapshot {!!true 1} ar_metric {!!seq {{!!map {metric {!!str clock.capacitance.wire.top} title {!!str Top} group {!!str Wire}}} {!!map {metric {!!str clock.capacitance.wire.trunk} title {!!str Trunk} group {!!str Wire}}} {!!map {metric {!!str clock.capacitance.wire.leaf} title {!!str Leaf} group {!!str Wire}}} {!!map {metric {!!str clock.capacitance.gate.top} title {!!str Top} group {!!str Gate}}} {!!map {metric {!!str clock.capacitance.gate.trunk} title {!!str Trunk} group {!!str Gate}}} {!!map {metric {!!str clock.capacitance.gate.leaf} title {!!str Leaf} group {!!str Gate}}} {!!map {metric {!!str clock.capacitance.total.top} title {!!str Top} group {!!str Total}}} {!!map {metric {!!str clock.capacitance.total.trunk} title {!!str Trunk} group {!!str Total}}} {!!map {metric {!!str clock.capacitance.total.leaf} title {!!str Leaf} group {!!str Total}}} {!!map {metric {!!str clock.capacitance.sink.*} group {!!str Sink}}}}}}}}}}} {!!map {id {!!str clock_phys_buffer_constraint} type {!!str section} title {!!str {Buffer Depth Constraints}} hidden {!!true 1} children {!!seq {{!!map {id {!!str clock_phys_buffer_constraint_t} type {!!str table} per_snapshot {!!true 1} ar_metric {!!seq {{!!map {metric {!!str clock.buffer_depth_constraint.skew_group:*.*}}}}}}}}}}} {!!map {id {!!str clock_phys_stage_constraint} type {!!str section} title {!!str {Stage Depth Constraints}} hidden {!!true 1} children {!!seq {{!!map {id {!!str clock_phys_stage_constraint_t} type {!!str table} per_snapshot {!!true 1} ar_metric {!!seq {{!!map {metric {!!str clock.stage_depth_constraint.*}}}}}}}}}}} {!!map {id {!!str clock_drv} type {!!str section} title {!!str DRV} children {!!seq {{!!map {id {!!str clock_drv_t} type {!!str table} per_snapshot {!!true 1} ar_metric {!!seq {{!!map {metric {!!str {clock.drv.nets.remaining transition.count}} title {!!str Count} group {!!str {Remaining Transition}}}} {!!map {metric {!!str {clock.drv.nets.remaining transition.max}} title {!!str Max} group {!!str {Remaining Transition}}}} {!!map {metric {!!str {clock.drv.nets.unfixable transition.count}} title {!!str Count} group {!!str {Unfixable Transition}}}} {!!map {metric {!!str {clock.drv.nets.unfixable transition.max}} title {!!str Max} group {!!str {Unfixable Transition}}}} {!!map {metric {!!str clock.drv.nets.capacitance.count} title {!!str Count} group {!!str Capacitance}}} {!!map {metric {!!str clock.drv.nets.capacitance.max} title {!!str Max} group {!!str Capacitance}}} {!!map {metric {!!str clock.drv.nets.resistance.count} title {!!str Count} group {!!str Resistance}}} {!!map {metric {!!str clock.drv.nets.resistance.max} title {!!str Max} group {!!str Resistance}}} {!!map {metric {!!str clock.drv.nets.length.count} title {!!str Count} group {!!str Length}}} {!!map {metric {!!str clock.drv.nets.length.max} title {!!str Max} group {!!str Length}}} {!!map {metric {!!str clock.drv.nets.fanout.count} title {!!str Count} group {!!str Fanout}}} {!!map {metric {!!str clock.drv.nets.fanout.max} title {!!str Max} group {!!str Fanout}}}}}}}}}}} {!!map {id {!!str clock_drv_detail} type {!!str section} title {!!str Detail} hidden {!!true 1} children {!!seq {{!!map {id {!!str clock_drv_detail_t} type {!!str table} per_snapshot {!!true 1} ar_metric {!!seq {{!!map {metric {!!str {clock.drv.nets.remaining transition.*}} group {!!str {Remaining Transition}}}} {!!map {metric {!!str {clock.drv.nets.unfixable transition.*}} group {!!str {Unfixable Transition}}}} {!!map {metric {!!str clock.drv.nets.capacitance.*} group {!!str Capacitance}}} {!!map {metric {!!str clock.drv.nets.resistance.*} group {!!str Resistance}}} {!!map {metric {!!str clock.drv.nets.length.*} group {!!str Length}}} {!!map {metric {!!str clock.drv.nets.fanout.*} group {!!str Fanout}}}}}}}}}}} {!!map {id {!!str clock_drv_halo} type {!!str section} title {!!str {Clock Halo}} hidden {!!true 1} children {!!seq {{!!map {id {!!str clock_drv_halo_t} type {!!str table} key {!!map {{Clock Tree} {!!str clock.halo.clock_tree:*.count}}} ar_metric {!!seq {{!!map {metric {!!str clock.halo.clock_tree:%.count} group {!!str Count}}} {!!map {metric {!!str clock.halo.clock_tree:%.violations} group {!!str Violations}}}}}}}}}}} {!!map {id {!!str clock_drv_tran_tar} type {!!str section} title {!!str Transition} children {!!seq {{!!map {id {!!str clock_drv_tran_tar_t} type {!!str table} ar_metric {!!seq {{!!map {metric {!!str clock.transition.target.primary_half_corner.top.*} group {!!str {Top Transition Target Stats}}}} {!!map {metric {!!str clock.transition.target.primary_half_corner.trunk.*} group {!!str {Trunk Transition Target Stats}}}} {!!map {metric {!!str clock.transition.target.primary_half_corner.leaf.*} group {!!str {Leaf Transition Target Stats}}}}}}}}}}}} {!!map {id {!!str clock_drv_tran_tar_early} type {!!str section} title {!!str {Per corner/clock tree transition Target (early)}} hidden {!!true 1} children {!!seq {{!!map {id {!!str clock_drv_tran_tar_early_t} type {!!str table} key {!!map {{Corner | Clock Tree} {!!str clock.transition.target.delay_corner:*.early.top.clock_tree:*}}} ar_metric {!!seq {{!!map {metric {!!str clock.transition.auto_target.delay_corner:%.early.clock_tree:%} group {!!str {Auto Target}}}} {!!map {metric {!!str clock.transition.target.delay_corner:%.early.top.clock_tree:%} group {!!str Top}}} {!!map {metric {!!str clock.transition.target.delay_corner:%.early.trunk.clock_tree:%} group {!!str Trunk}}} {!!map {metric {!!str clock.transition.target.delay_corner:%.early.leaf.clock_tree:%} group {!!str Leaf}}}}}}}}}}} {!!map {id {!!str clock_drv_tran_tar_late} type {!!str section} title {!!str {Per corner/clock tree transition Target (late)}} hidden {!!true 1} children {!!seq {{!!map {id {!!str clock_drv_tran_tar_late_t} type {!!str table} key {!!map {{Corner | Clock Tree} {!!str clock.transition.target.delay_corner:*.late.top.clock_tree:*}}} ar_metric {!!seq {{!!map {metric {!!str clock.transition.auto_target.delay_corner:%.late.clock_tree:%} group {!!str {Auto Target}}}} {!!map {metric {!!str clock.transition.target.delay_corner:%.late.top.clock_tree:%} group {!!str Top}}} {!!map {metric {!!str clock.transition.target.delay_corner:%.late.trunk.clock_tree:%} group {!!str Trunk}}} {!!map {metric {!!str clock.transition.target.delay_corner:%.late.leaf.clock_tree:%} group {!!str Leaf}}}}}}}}}}} {!!map {id {!!str clock_drv_tran_top} type {!!str section} title {!!str {Top Transition Distribution}} hidden {!!true 1} children {!!seq {{!!map {id {!!str clock_drv_tran_top_t} type {!!str table} per_snapshot {!!true 1} key {!!map {Target {!!str clock.transition.primary_half_corner.top.*.max}}} ar_metric {!!seq {{!!map {metric {!!str clock.transition.primary_half_corner.top.%.*}}}}}}}}}}} {!!map {id {!!str clock_drv_tran_trunk} type {!!str section} title {!!str {Trunk Transition Distribution}} hidden {!!true 1} children {!!seq {{!!map {id {!!str clock_drv_tran_trunk_t} type {!!str table} per_snapshot {!!true 1} key {!!map {Target {!!str clock.transition.primary_half_corner.trunk.*.max}}} ar_metric {!!seq {{!!map {metric {!!str clock.transition.primary_half_corner.trunk.%.*}}}}}}}}}}} {!!map {id {!!str clock_drv_tran_leaf} type {!!str section} title {!!str {Leaf Transition Distribution}} hidden {!!true 1} children {!!seq {{!!map {id {!!str clock_drv_tran_leaf_t} type {!!str table} per_snapshot {!!true 1} key {!!map {Target {!!str clock.transition.primary_half_corner.leaf.*.max}}} ar_metric {!!seq {{!!map {metric {!!str clock.transition.primary_half_corner.leaf.%.*}}}}}}}}}}} {!!map {id {!!str clock_skew} type {!!str section} title {!!str Latency/Skew} children {!!seq {{!!map {id {!!str clock_skew_t} type {!!str table} per_snapshot {!!true 1} ar_metric {!!seq {{!!map {metric {!!str clock.latency.primary_reporting_skew_group.primary_half_corner.*} group {!!str Latency}}} {!!map {metric {!!str clock.skew.primary_reporting_skew_group.primary_half_corner.*} group {!!str Skew}}} {!!map {metric {!!str clock.skew.primary_reporting_skew_group.primary_half_corner.skew_band.*} group {!!str {Skew Band}}}}}}}}}}}} {!!map {id {!!str clock_skew_early_detail} type {!!str section} title {!!str {Per group/corner (early)}} hidden {!!true 1} children {!!seq {{!!map {id {!!str clock_skew_early_detail_t} type {!!str table} per_snapshot {!!true 1} key {!!map {{Skew Group | Corner} {!!str clock.skew.skew_group:*.delay_corner:*.early.total}}} ar_metric {!!seq {{!!map {metric {!!str clock.latency.skew_group:%.delay_corner:%.early.*} group {!!str Latency}}} {!!map {metric {!!str clock.skew.skew_group:%.delay_corner:%.early.total} title {!!str Total}}} {!!map {metric {!!str clock.skew.skew_group:%.delay_corner:%.early.gate} title {!!str Gate}}} {!!map {metric {!!str clock.skew.skew_group:%.delay_corner:%.early.wire} title {!!str Wire}}} {!!map {metric {!!str clock.skew.skew_group:%.delay_corner:%.early.target} title {!!str Target}}} {!!map {metric {!!str clock.skew.skew_group:%.delay_corner:%.early.target_met} title {!!str {Target Met}}}} {!!map {metric {!!str clock.skew.skew_group:%.delay_corner:%.early.skew_band.*} group {!!str {Skew band}}}}}}}}}}}} {!!map {id {!!str clock_skew_late_detail} type {!!str section} title {!!str {Per group/corner (late)}} hidden {!!true 1} children {!!seq {{!!map {id {!!str clock_skew_late_detail_t} type {!!str table} per_snapshot {!!true 1} key {!!map {{Skew Group | Corner} {!!str clock.skew.skew_group:*.delay_corner:*.late.total}}} ar_metric {!!seq {{!!map {metric {!!str clock.latency.skew_group:%.delay_corner:%.late.*} group {!!str Latency}}} {!!map {metric {!!str clock.skew.skew_group:%.delay_corner:%.late.total} title {!!str Total} group {!!str Skew}}} {!!map {metric {!!str clock.skew.skew_group:%.delay_corner:%.late.gate} title {!!str Gate} group {!!str Skew}}} {!!map {metric {!!str clock.skew.skew_group:%.delay_corner:%.late.wire} title {!!str Wire} group {!!str Skew}}} {!!map {metric {!!str clock.skew.skew_group:%.delay_corner:%.late.target} title {!!str Target} group {!!str Skew}}} {!!map {metric {!!str clock.skew.skew_group:%.delay_corner:%.late.target_met} title {!!str {Target Met}} group {!!str Skew}}} {!!map {metric {!!str clock.skew.skew_group:%.delay_corner:%.late.skew_band.*} group {!!str {Skew band}}}}}}}}}}}} {!!map {id {!!str cts_cpu} type {!!str section} title {!!str Runtime} children {!!seq {{!!map {id {!!str cts_real_t} type {!!str graph} stacked {!!true 1} invert_axes {!!true 1} total_value_label {!!true 1} title {!!str {Real time}} ar_metric {!!seq {{!!map {metric {!!str flow.realtime} title {!!str Real} graph_type {!!str horizontalBar}}}}}}} {!!map {id {!!str cts_cpu_t} type {!!str graph} stacked {!!true 1} invert_axes {!!true 1} total_value_label {!!true 1} title {!!str {CPU Runtime}} ar_metric {!!seq {{!!map {metric {!!str flow.cputime} title {!!str CPU} graph_type {!!str horizontalBar}}}}}}}}}}}}}}} {!!map {title {!!str Design} children {!!seq {{!!map {id {!!str design_dashboard_filters} type {!!str section} title {!!str {Run/Snapshot Filters}} hidden {!!true 1} children {!!seq {{!!map {id {!!str design_dashboard_filter} type {!!str run_snapshot_filter}}} {!!map {id {!!str design_dashboard_snapshot_navigation} type {!!str snapshot_picker}}}}}}} {!!map {id {!!str physical_physical} type {!!str section} title {!!str Physical} children {!!seq {{!!map {id {!!str physical_physical_t} type {!!str table} per_snapshot {!!true 1} ar_metric {!!seq {{!!map {metric {!!str design.density} title {!!str Density}}} {!!map {metric {!!str design.instances.logical} title {!!str {Logical instances}}}} {!!map {metric {!!str design.area.logical} title {!!str {Logical area}}}} {!!map {metric {!!str design.instances} title {!!str {Total instances}}}} {!!map {metric {!!str design.area} title {!!str {Total area}}}} {!!map {metric {!!str design.blockages.place.area} title {!!str {Blocked area}}}}}}}}}}}} {!!map {id {!!str physical_physical_insts} type {!!str section} title {!!str {Instances Detail}} hidden {!!true 1} children {!!seq {{!!map {id {!!str physical_physical_insts_t} type {!!str table} per_snapshot {!!true 1} ar_metric {!!seq {{!!map {metric {!!str design.instances.register} title {!!str register} group {!!str {Standard Cell}}}} {!!map {metric {!!str design.instances.icg} title {!!str icg} group {!!str {Standard Cell}}}} {!!map {metric {!!str design.instances.latch} title {!!str latch} group {!!str {Standard Cell}}}} {!!map {metric {!!str design.instances.buffer} title {!!str buffer} group {!!str {Standard Cell}}}} {!!map {metric {!!str design.instances.inverter} title {!!str inverter} group {!!str {Standard Cell}}}} {!!map {metric {!!str design.instances.combinatorial} title {!!str combo} group {!!str {Standard Cell}}}} {!!map {metric {!!str design.instances.std_cell} title {!!str total} group {!!str {Total (SC)}}}} {!!map {metric {!!str design.instances.macro} title {!!str macro} group {!!str Other}}} {!!map {metric {!!str design.instances.physical} title {!!str physical} group {!!str Other}}} {!!map {metric {!!str design.instances.io} title {!!str io} group {!!str Other}}} {!!map {metric {!!str design.instances.blackbox} title {!!str blackbox} group {!!str Other}}} {!!map {metric {!!str design.instances.power_switch} title {!!str power_switch} group {!!str MSV}}} {!!map {metric {!!str design.instances.isolation} title {!!str isolation} group {!!str MSV}}} {!!map {metric {!!str design.instances.level_shifter} title {!!str level_shifter} group {!!str MSV}}} {!!map {metric {!!str design.instances.always_on} title {!!str always_on} group {!!str MSV}}} {!!map {metric {!!str design.instances} title {!!str total} group {!!str Total}}}}}}}}}}} {!!map {id {!!str physical_physical_area} type {!!str section} title {!!str {Area Detail}} hidden {!!true 1} children {!!seq {{!!map {id {!!str physical_physical_area_t} type {!!str table} per_snapshot {!!true 1} ar_metric {!!seq {{!!map {metric {!!str design.area.register} title {!!str register} group {!!str {Standard Cell}}}} {!!map {metric {!!str design.area.icg} title {!!str icg} group {!!str {Standard Cell}}}} {!!map {metric {!!str design.area.latch} title {!!str latch} group {!!str {Standard Cell}}}} {!!map {metric {!!str design.area.buffer} title {!!str buffer} group {!!str {Standard Cell}}}} {!!map {metric {!!str design.area.inverter} title {!!str inverter} group {!!str {Standard Cell}}}} {!!map {metric {!!str design.area.combinatorial} title {!!str combo} group {!!str {Standard Cell}}}} {!!map {metric {!!str design.area.std_cell} title {!!str total} group {!!str {Total (SC)}}}} {!!map {metric {!!str design.area.macro} title {!!str macro} group {!!str Other}}} {!!map {metric {!!str design.area.physical} title {!!str physical} group {!!str Other}}} {!!map {metric {!!str design.area.io} title {!!str io} group {!!str Other}}} {!!map {metric {!!str design.area.blackbox} title {!!str blackbox} group {!!str Other}}} {!!map {metric {!!str design.area.power_switch} title {!!str power_switch} group {!!str MSV}}} {!!map {metric {!!str design.area.isolation} title {!!str isolation} group {!!str MSV}}} {!!map {metric {!!str design.area.level_shifter} title {!!str level_shifter} group {!!str MSV}}} {!!map {metric {!!str design.area.always_on} title {!!str always_on} group {!!str MSV}}} {!!map {metric {!!str design.area} title {!!str total} group {!!str Total}}}}}}}}}}} {!!map {id {!!str physical_physical_multibit} type {!!str section} title {!!str {Multibit Detail}} hidden {!!true 1} children {!!seq {{!!map {id {!!str physical_physical_multibit_t} type {!!str table} per_snapshot {!!true 1} ar_metric {!!seq {{!!map {metric {!!str design.multibit.*}}}}}}}}}}} {!!map {id {!!str physical_physical_dp} type {!!str section} title {!!str {Data Path Report}} hidden {!!true 1} children {!!seq {{!!map {id {!!str physical_per_dp_t} type {!!str table} ar_metric {!!seq {{!!map {metric {!!str design.datapath.area.type:datapath_modules} group {!!str {Datapath Modules}} title {!!str Area}}} {!!map {metric {!!str design.datapath.ratio.type:datapath_modules} group {!!str {Datapath Modules}} title {!!str Ratio}}} {!!map {metric {!!str design.datapath.area.type:external_muxes} group {!!str {External Muxes}} title {!!str Area}}} {!!map {metric {!!str design.datapath.ratio.type:external_muxes} group {!!str {External Muxes}} title {!!str Ratio}}} {!!map {metric {!!str design.datapath.area.type:others} group {!!str Others} title {!!str Area}}} {!!map {metric {!!str design.datapath.ratio.type:others} group {!!str Others} title {!!str Ratio}}} {!!map {metric {!!str design.datapath.area.type:total} group {!!str Total} title {!!str Area}}} {!!map {metric {!!str design.datapath.ratio.type:total} group {!!str Total} title {!!str Ratio}}}}}}}}}}} {!!map {id {!!str physical_physical_vth} type {!!str section} title {!!str {Vth Detail}} hidden {!!true 1} children {!!seq {{!!map {id {!!str physical_per_vth_t} type {!!str table} per_snapshot {!!true 1} key {!!map {Group {!!str design.instances.vth:*}}} ar_metric {!!seq {{!!map {metric {!!str design.instances.vth:%} group {!!str Instances} title {!!str Total}}} {!!map {metric {!!str design.instances.vth:%.ratio} group {!!str Instances} title {!!str Ratio}}} {!!map {metric {!!str design.area.vth:%} group {!!str Area} title {!!str Total}}} {!!map {metric {!!str design.area.vth:%.ratio} group {!!str Area} title {!!str Ratio}}}}}}} {!!map {id {!!str physical_per_vth_detail_t} type {!!str table} per_snapshot {!!true 1} key {!!map {Group {!!str design.instances.vth:*}}} ar_metric {!!seq {{!!map {metric {!!str design.instances.register.vth:%} group {!!str Register} title {!!str Total}}} {!!map {metric {!!str design.instances.ratio.register.vth:%} group {!!str Register} title {!!str Ratio}}} {!!map {metric {!!str design.instances.icg.vth:%} group {!!str ICG} title {!!str Total}}} {!!map {metric {!!str design.instances.ratio.icg.vth:%} group {!!str ICG} title {!!str Ratio}}} {!!map {metric {!!str design.instances.latch.vth:%} group {!!str Latch} title {!!str Total}}} {!!map {metric {!!str design.instances.ratio.latch.vth:%} group {!!str Latch} title {!!str Ratio}}} {!!map {metric {!!str design.instances.buffer.vth:%} group {!!str Buffer} title {!!str Total}}} {!!map {metric {!!str design.instances.ratio.buffer.vth:%} group {!!str Buffer} title {!!str Ratio}}} {!!map {metric {!!str design.instances.inverter.vth:%} group {!!str Inverter} title {!!str Total}}} {!!map {metric {!!str design.instances.ratio.inverter.vth:%} group {!!str Inverter} title {!!str Ratio}}} {!!map {metric {!!str design.instances.combinatorial.vth:%} group {!!str Combinational} title {!!str Total}}} {!!map {metric {!!str design.instances.ratio.combinatorial.vth:%} group {!!str Combinational} title {!!str Ratio}}}}}}} {!!map {id {!!str physical_physical_vth_per_pd} type {!!str section} title {!!str {Vth Detail Per Power Domain}} hidden {!!true 1} children {!!seq {{!!map {id {!!str physical_per_vth_per_pd_t} type {!!str table} per_snapshot {!!true 1} key {!!map {Domain {!!str design.instances.power_domain:*} Group {!!str design.instances.vth:*}}} ar_metric {!!seq {{!!map {metric {!!str design.instances.power_domain:%.vth:%} group {!!str Instances} title {!!str Total}}} {!!map {metric {!!str design.instances.power_domain:%.vth:%.ratio} group {!!str Instances} title {!!str Ratio}}} {!!map {metric {!!str design.area.power_domain:%.vth:%} group {!!str Area} title {!!str Total}}} {!!map {metric {!!str design.area.power_domain:%.vth:%.ratio} group {!!str Area} title {!!str Ratio}}}}}}} {!!map {id {!!str physical_per_vth_pre_pd_detail_t} type {!!str table} per_snapshot {!!true 1} key {!!map {Domain {!!str design.instances.power_domain:*} Group {!!str design.instances.vth:*}}} ar_metric {!!seq {{!!map {metric {!!str design.instances.register.power_domain:%.vth:%} group {!!str Register} title {!!str Total}}} {!!map {metric {!!str design.instances.ratio.register.power_domain:%.vth:%} group {!!str Register} title {!!str Ratio}}} {!!map {metric {!!str design.instances.icg.power_domain:%.vth:%} group {!!str ICG} title {!!str Total}}} {!!map {metric {!!str design.instances.ratio.icg.power_domain:%.vth:%} group {!!str ICG} title {!!str Ratio}}} {!!map {metric {!!str design.instances.latch.power_domain:%.vth:%} group {!!str Latch} title {!!str Total}}} {!!map {metric {!!str design.instances.ratio.latch.power_domain:%.vth:%} group {!!str Latch} title {!!str Ratio}}} {!!map {metric {!!str design.instances.buffer.power_domain:%.vth:%} group {!!str Buffer} title {!!str Total}}} {!!map {metric {!!str design.instances.ratio.buffer.power_domain:%.vth:%} group {!!str Buffer} title {!!str Ratio}}} {!!map {metric {!!str design.instances.inverter.power_domain:%.vth:%} group {!!str Inverter} title {!!str Total}}} {!!map {metric {!!str design.instances.ratio.inverter.power_domain:%.vth:%} group {!!str Inverter} title {!!str Ratio}}} {!!map {metric {!!str design.instances.combinatorial.power_domain:%.vth:%} group {!!str Combinational} title {!!str Total}}} {!!map {metric {!!str design.instances.ratio.combinatorial.power_domain:%.vth:%} group {!!str Combinational} title {!!str Ratio}}}}}}}}}}}}}}} {!!map {id {!!str physical_physical_lf} type {!!str section} title {!!str {Instances by Function}} hidden {!!true 1} children {!!seq {{!!map {id {!!str physical_per_lf_t} type {!!str table} per_snapshot {!!true 1} ar_metric {!!seq {{!!map {metric {!!str design.instances.function:*}}}}}}}}}}} {!!map {id {!!str physical_physical_ds} type {!!str section} title {!!str {Instances by Size}} hidden {!!true 1} children {!!seq {{!!map {id {!!str physical_per_ds_t} type {!!str table} per_snapshot {!!true 1} ar_metric {!!seq {{!!map {metric {!!str design.instances.strength:*}}}}}}}}}}} {!!map {id {!!str physical_physical_hinst} type {!!str section} title {!!str Per-Block} hidden {!!true 1} children {!!seq {{!!map {id {!!str physical_per_hinst_t} type {!!str table} key {!!map {Block {!!str design.instances.hinst:*}}} ar_metric {!!seq {{!!map {metric {!!str design.instances.hinst:%} title {!!str Instances}}} {!!map {metric {!!str design.area.hinst:%} title {!!str Area}}}}}}}}}}} {!!map {id {!!str physical_check_place} type {!!str section} title {!!str {Check Place}} children {!!seq {{!!map {id {!!str physical_check_place_t} type {!!str table} flip_axis {!!true 1} per_snapshot {!!true 1} ar_metric {!!seq {{!!map {metric {!!str check.place.*}}}}}}}}}}} {!!map {id {!!str physical_cpu} type {!!str section} title {!!str Runtime} children {!!seq {{!!map {id {!!str physical_real_t} type {!!str graph} stacked {!!true 1} invert_axes {!!true 1} total_value_label {!!true 1} title {!!str {Real time}} ar_metric {!!seq {{!!map {metric {!!str flow.realtime} title {!!str Real} graph_type {!!str horizontalBar}}}}}}} {!!map {id {!!str physical_cpu_t} type {!!str graph} stacked {!!true 1} invert_axes {!!true 1} total_value_label {!!true 1} title {!!str {CPU Runtime}} ar_metric {!!seq {{!!map {metric {!!str flow.cputime} title {!!str CPU} graph_type {!!str horizontalBar}}}}}}}}}}}}}}} {!!map {title {!!str Power} children {!!seq {{!!map {id {!!str power_image} type {!!str image_plot} initial_visible_count {!!int 1} ar_metric {!!seq {{!!map {metric {!!str design.floorplan.image}}} {!!map {metric {!!str design.macro.image}}} {!!map {metric {!!str power.domains.image}}} {!!map {metric {!!str power.intent.image}}}}}}} {!!map {id {!!str power_dashboard_filters} type {!!str section} title {!!str {Run/Snapshot Filters}} hidden {!!true 1} children {!!seq {{!!map {id {!!str power_dashboard_filter} type {!!str run_snapshot_filter}}} {!!map {id {!!str power_dashboard_snapshot_navigation} type {!!str snapshot_picker}}}}}}} {!!map {id {!!str power_power} type {!!str section} title {!!str Power} children {!!seq {{!!map {id {!!str power_power_t} type {!!str table} per_snapshot {!!true 1} ar_metric {!!seq {{!!map {metric {!!str power} title {!!str Total} group {!!str {Whole Design}}}} {!!map {metric {!!str power.leakage} title {!!str Leakage} group {!!str {Whole Design}}}} {!!map {metric {!!str power.internal} title {!!str Internal} group {!!str {Whole Design}}}} {!!map {metric {!!str power.switching} title {!!str Switching} group {!!str {Whole Design}}}} {!!map {metric {!!str power.clock} title {!!str {Total Clock Power}}}}}}}}}}}} {!!map {id {!!str power_leakage} type {!!str section} title {!!str {Leakage Details}} hidden {!!true 1} children {!!seq {{!!map {id {!!str power_leakage_t} type {!!str table} per_snapshot {!!true 1} ar_metric {!!seq {{!!map {metric {!!str power.leakage.type:*} group {!!str {Leakage Power Breakdown}}}}}}}}}}}} {!!map {id {!!str power_internal} type {!!str section} title {!!str {Internal Details}} hidden {!!true 1} children {!!seq {{!!map {id {!!str power_internal_t} type {!!str table} per_snapshot {!!true 1} ar_metric {!!seq {{!!map {metric {!!str power.internal.type:*} group {!!str {Internal Power Breakdown}}}}}}}}}}}} {!!map {id {!!str power_switching} type {!!str section} title {!!str {Switching Details}} hidden {!!true 1} children {!!seq {{!!map {id {!!str power_switching_t} type {!!str table} per_snapshot {!!true 1} ar_metric {!!seq {{!!map {metric {!!str power.switching.type:*} group {!!str {Switching Power Breakdown}}}}}}}}}}}} {!!map {id {!!str power_clock_gating} type {!!str section} title {!!str {Clock Gating Details}} hidden {!!true 1} children {!!seq {{!!map {id {!!str power_clock_gating_t} type {!!str table} per_snapshot {!!false 0} ar_metric {!!seq {{!!map {metric {!!str power.cg.clock_gates} group {!!str {Clock Gates}} title {!!str Total}}} {!!map {metric {!!str power.cg.clock_gates.genus} group {!!str {Clock Gates}} title {!!str Genus}}} {!!map {metric {!!str power.cg.clock_gates.user} group {!!str {Clock Gates}} title {!!str User}}} {!!map {metric {!!str power.cg.gated_flops} group {!!str {Gated Flops}} title {!!str Total}}} {!!map {metric {!!str power.cg.gated_flops.pct} group {!!str {Gated Flops}} title {!!str Percent}}} {!!map {metric {!!str power.cg.gated_flops.genus} group {!!str {Gated Flops}} title {!!str Genus}}} {!!map {metric {!!str power.cg.gated_flops.user} group {!!str {Gated Flops}} title {!!str User}}} {!!map {metric {!!str power.cg.gated_bits} group {!!str {Gated Bits}} title {!!str Total}}} {!!map {metric {!!str power.cg.gated_bits.pct} group {!!str {Gated Bits}} title {!!str Percent}}} {!!map {metric {!!str power.cg.gated_bits.genus} group {!!str {Gated Bits}} title {!!str Genus}}} {!!map {metric {!!str power.cg.gated_bits.user} group {!!str {Gated Bits}} title {!!str User}}} {!!map {metric {!!str power.cg.ungated_flops} group {!!str {Ungated Flops}} title {!!str Total}}} {!!map {metric {!!str power.cg.ungated_flops.pct} group {!!str {Ungated Flops}} title {!!str Percent}}} {!!map {metric {!!str power.cg.ungated_bits} group {!!str {Ungated Bits}} title {!!str Total}}} {!!map {metric {!!str power.cg.ungated_bits.pct} group {!!str {Ungated Bits}} title {!!str Percent}}}}}}} {!!map {id {!!str power_clock_gating_histograms_t} type {!!str table} per_snapshot {!!false 0} ar_metric {!!seq {{!!map {metric {!!str power.cg.fanout.clock_gates.hst} title {!!str {Clock Gates}} group {!!str {Fanout Distribution}}}} {!!map {metric {!!str power.cg.fanout.flops.hst} title {!!str {Gated Flops}} group {!!str {Fanout Distribution}}}} {!!map {metric {!!str power.cg.fanout.bits.hst} title {!!str {Gated Bits}} group {!!str {Fanout Distribution}}}}}}}}}}}} {!!map {id {!!str power_per_block} type {!!str section} title {!!str {Per Block}} hidden {!!true 1} children {!!seq {{!!map {id {!!str power_per_block_t} type {!!str table} key {!!map {Block {!!str power.hinst:*}}} ar_metric {!!seq {{!!map {metric {!!str power.hinst:%} title {!!str Total}}} {!!map {metric {!!str power.switching.hinst:%} title {!!str Switching}}} {!!map {metric {!!str power.leakage.hinst:%} title {!!str Leakage}}} {!!map {metric {!!str power.internal.hinst:%} title {!!str Internal}}}}}}}}}}} {!!map {id {!!str emir_emir} type {!!str section} title {!!str {Rail Analysis}} hidden {!!true 1} children {!!seq {{!!map {id {!!str emir_t} type {!!str table} key {!!map {Net {!!str rail.referencevoltage.net:*}}} ar_metric {!!seq {{!!map {metric {!!str rail.thresholdvoltage.net:%} title {!!str T} group {!!str Voltage}}} {!!map {metric {!!str rail.referencevoltage.net:%} title {!!str R} group {!!str Voltage}}} {!!map {metric {!!str rail.gridcap.net:%} title {!!str Grid} group {!!str Cap}}} {!!map {metric {!!str rail.intrinsiccap.net:%} title {!!str Intrinsic} group {!!str Cap}}} {!!map {metric {!!str rail.loadingcap.net:%} title {!!str Loading} group {!!str Cap}}} {!!map {metric {!!str rail.totalcap.net:%} title {!!str Total} group {!!str Cap}}} {!!map {metric {!!str rail.averagedemandcurrent.net:%} title {!!str Avg} group {!!str TC_SUM}}} {!!map {metric {!!str rail.peakdemandcurrent.net:%} title {!!str Peak} group {!!str TC_SUM}}} {!!map {metric {!!str rail.averagesupplycurrent.net:%} title {!!str Avg} group {!!str VC_SUM}}} {!!map {metric {!!str rail.peaksupplycurrent.net:%} title {!!str Peak} group {!!str VC_SUM}}} {!!map {metric {!!str rail.rj.min.net:%} title {!!str Min} group {!!str RJ}}} {!!map {metric {!!str rail.rj.max.net:%} title {!!str Max} group {!!str RJ}}} {!!map {metric {!!str rail.rj.avg.net:%} title {!!str Avg} group {!!str RJ}}} {!!map {metric {!!str rail.rj.violations.net:%} title {!!str Viols} group {!!str RJ}}} {!!map {metric {!!str rail.ir.dynamic.min.net:%} title {!!str Min} group {!!str {Dynamic IR}}}} {!!map {metric {!!str rail.ir.dynamic.max.net:%} title {!!str Max} group {!!str {Dynamic IR}}}} {!!map {metric {!!str rail.ir.dynamic.avg.net:%} title {!!str Avg} group {!!str {Dynamic IR}}}} {!!map {metric {!!str rail.ir.dynamic.violations.net:%} title {!!str Viols} group {!!str {Dynamic IR}}}} {!!map {metric {!!str rail.ir.static.min.net:%} title {!!str Min} group {!!str {Static IR}}}} {!!map {metric {!!str rail.ir.static.max.net:%} title {!!str Max} group {!!str {Static IR}}}} {!!map {metric {!!str rail.ir.static.avg.net:%} title {!!str Avg} group {!!str {Static IR}}}} {!!map {metric {!!str rail.ir.static.violations.net:%} title {!!str Viols} group {!!str {Static IR}}}} {!!map {metric {!!str rail.worstircycle.net:%} title {!!str {Worst IR Cycle}} group {!!str Simulation}}} {!!map {metric {!!str rail.rushcurrent.net:%} title {!!str {Rush Current}} group {!!str Simulation}}} {!!map {metric {!!str rail.wakeuptime.net:%} title {!!str {Wake Up Time}} group {!!str Simulation}}} {!!map {metric {!!str rail.totalpowerswitchesturnedon.net:%} title {!!str {Power Switches On}} group {!!str Simulation}}}}}}} {!!map {id {!!str emir_iv_t} type {!!str table} key {!!map {{Domain | Net} {!!str rail.worstivreport.name:*.type:*}}} ar_metric {!!seq {{!!map {metric {!!str rail.worstivreport.name:%.type:%} title {!!str {IV Reports}}}}}}}} {!!map {id {!!str emir_em} type {!!str section} title {!!str {AC Limit}} children {!!seq {{!!map {id {!!str emir_em_t} type {!!str table} ar_metric {!!seq {{!!map {metric {!!str check.ac_limit.rms} title {!!str RMS} group {!!str {Total Nets}}}} {!!map {metric {!!str check.ac_limit.peak} title {!!str Peak} group {!!str {Total Nets}}}} {!!map {metric {!!str check.ac_limit.avg} title {!!str Avg} group {!!str {Total Nets}}}} {!!map {metric {!!str check.ac_limit.clocknet.rms} title {!!str RMS} group {!!str {Clock Nets}}}} {!!map {metric {!!str check.ac_limit.clocknet.peak} title {!!str Peak} group {!!str {Clock Nets}}}} {!!map {metric {!!str check.ac_limit.clocknet.avg} title {!!str Avg} group {!!str {Clock Nets}}}} {!!map {metric {!!str check.ac_limit.datanet.rms} title {!!str RMS} group {!!str {Data Nets}}}} {!!map {metric {!!str check.ac_limit.datanet.peak} title {!!str Peak} group {!!str {Data Nets}}}} {!!map {metric {!!str check.ac_limit.datanet.avg} title {!!str Avg} group {!!str {Data Nets}}}} {!!map {metric {!!str check.ac_limit.wiresegment.rms} title {!!str RMS} group {!!str {Wire Segments}}}} {!!map {metric {!!str check.ac_limit.wiresegment.peak} title {!!str Peak} group {!!str {Wire Segments}}}} {!!map {metric {!!str check.ac_limit.wiresegment.avg} title {!!str Avg} group {!!str {Wire Segments}}}}}}}}}}}} {!!map {id {!!str emir_frequency_violations} type {!!str section} title {!!str {Frequency Violations}} children {!!seq {{!!map {id {!!str emir_frequency_violations_t} type {!!str table} key {!!map {View {!!str frequency.violations.analysis_view:*}}} ar_metric {!!seq {{!!map {metric {!!str frequency.instances} title {!!str Instances} group {!!str Total}}} {!!map {metric {!!str frequency.violations.analysis_view:%} title {!!str Violations} group {!!str All}}} {!!map {metric {!!str frequency.violations.clock.analysis_view:%} title {!!str Violations} group {!!str Clock}}}}}}}}}}}}}}} {!!map {id {!!str power_cpu} type {!!str section} title {!!str Runtime} children {!!seq {{!!map {id {!!str power_real_t} type {!!str graph} stacked {!!true 1} invert_axes {!!true 1} total_value_label {!!true 1} title {!!str {Real time}} ar_metric {!!seq {{!!map {metric {!!str flow.realtime} title {!!str Real} graph_type {!!str horizontalBar}}}}}}} {!!map {id {!!str power_cpu_t} type {!!str graph} stacked {!!true 1} invert_axes {!!true 1} total_value_label {!!true 1} title {!!str {CPU Runtime}} ar_metric {!!seq {{!!map {metric {!!str flow.cputime} title {!!str CPU} graph_type {!!str horizontalBar}}}}}}}}}}}}}}} {!!map {title {!!str Test} children {!!seq {{!!map {id {!!str test_dashboard_filters} type {!!str section} title {!!str {Run/Snapshot Filters}} hidden {!!true 1} children {!!seq {{!!map {id {!!str test_dashboard_filter} type {!!str run_snapshot_filter}}}}}}} {!!map {id {!!str faults} type {!!str section} title {!!str Summmary} hidden {!!false 0} children {!!seq {{!!map {id {!!str test_design} type {!!str section} title {!!str {Design Statistics}} hidden {!!true 1} children {!!seq {{!!map {id {!!str test_design_t} type {!!str table} per_snapshot {!!true 1} ar_metric {!!seq {{!!map {metric {!!str design.instances} group {!!str Design} title {!!str Insts}}} {!!map {metric {!!str design.instances.register} group {!!str Design} title {!!str Flops}}} {!!map {metric {!!str design.ports.input} group {!!str Ports} title {!!str Input}}} {!!map {metric {!!str design.ports.output} group {!!str Ports} title {!!str Output}}} {!!map {metric {!!str design.ports.inout} group {!!str Ports} title {!!str Bidi}}}}}}}}}}} {!!map {id {!!str fault_coverage} type {!!str section} title {!!str {Fault Coverage Statistics}} hidden {!!true 1} children {!!seq {{!!map {id {!!str fault_coverage_t} type {!!str table} per_snapshot {!!true 1} key {!!map {Type {!!str atpg.stats:*.atcov}}} ar_metric {!!seq {{!!map {metric {!!str atpg.stats:%.atcov} title {!!str %ATCOV}}} {!!map {metric {!!str atpg.stats:%.total_faults} title {!!str {Total Faults}}}} {!!map {metric {!!str atpg.stats:%.untested_faults} title {!!str {Untested Faults}}}} {!!map {metric {!!str atpg.stats:%.tested_faults} title {!!str {Tested Faults}}}} {!!map {metric {!!str atpg.stats:%.tested_faults} title {!!str {Tested Faults}}}} {!!map {metric {!!str atpg.stats:%.possible_faults} title {!!str {Possible Faults}}}} {!!map {metric {!!str atpg.stats:%.redundant_faults} title {!!str {Redundant Faults}}}}}}}}}}}} {!!map {id {!!str fault_count} type {!!str section} title {!!str {Fault Count}} hidden {!!true 1} children {!!seq {{!!map {id {!!str ignored_faults_t} type {!!str table} flip_axis {!!true 1} per_snapshot {!!true 1} key {!!map {Type {!!str atpg.stats:*.ignored_faults}}} ar_metric {!!seq {{!!map {metric {!!str atpg.stats:%.ignored_faults} title {!!str {Ignored Fault Count}}}}}}}}}}}}}}}} {!!map {id {!!str testmode} type {!!str section} title {!!str Testmodes} hidden {!!false 0} children {!!seq {{!!map {id {!!str testmode_summary} type {!!str section} title {!!str {Testmode Summary}} hidden {!!true 1} children {!!seq {{!!map {id {!!str testmode_summary_t} type {!!str table} per_snapshot {!!true 1} key {!!map {Testmode {!!str tsv.testmode:*.is_opcg}}} ar_metric {!!seq {{!!map {metric {!!str tsv.testmode:%.compression_type} title {!!str {Compression (xor/misr)}}}} {!!map {metric {!!str tsv.testmode:%.is_decomp} title {!!str Decompression}}} {!!map {metric {!!str tsv.testmode:%.is_opcg} title {!!str {Is OPCG}}}} {!!map {metric {!!str tsv.testmode:%.masking_type} title {!!str {Masking Type}}}} {!!map {metric {!!str tsv.testmode:%.is_low_power_gating} title {!!str {Is Low Power Gating}}}} {!!map {metric {!!str tsv.testmode:%.is_lbist} title {!!str {Is Lbist}}}} {!!map {metric {!!str tsv.testmode:%.is_2d_elastic} title {!!str {Is 2D Elastic}}}}}}}}}}}} {!!map {id {!!str testmode_coverage} type {!!str section} title {!!str {Testmode Coverage}} hidden {!!true 1} children {!!seq {{!!map {id {!!str testmode_coverage_t} type {!!str table} per_snapshot {!!true 1} key {!!map {Testmode {!!str atpg.testmode:*.stats:*.atcov}}} ar_metric {!!seq {{!!map {metric {!!str atpg.testmode:%.stats:%.atcov} title {!!str ATCOV}}} {!!map {metric {!!str atpg.testmode:%.stats:%.total_faults} title {!!str #faults}}} {!!map {metric {!!str atpg.testmode:%.stats:%.untested_faults} title {!!str #untested}}} {!!map {metric {!!str atpg.testmode:%.stats:%.tested_faults} title {!!str #tested}}} {!!map {metric {!!str atpg.testmode:%.stats:%.possible_faults} title {!!str #possible}}} {!!map {metric {!!str atpg.testmode:%.stats:%.redundant_faults} title {!!str #redundant}}}}}}}}}}} {!!map {id {!!str global_coverage} type {!!str section} title {!!str {Global Coverage}} hidden {!!true 1} children {!!seq {{!!map {id {!!str testmode_global_coverage_t} type {!!str table} per_snapshot {!!true 1} key {!!map {Testmode {!!str atpg.testmode:*.stats:*.global_atcov}}} ar_metric {!!seq {{!!map {metric {!!str atpg.testmode:%.stats:%.global_atcov} title {!!str ATCOV}}} {!!map {metric {!!str atpg.testmode:%.stats:%.global_total_faults} title {!!str #faults}}} {!!map {metric {!!str atpg.testmode:%.stats:%.global_untested_faults} title {!!str #untested}}} {!!map {metric {!!str atpg.testmode:%.stats:%.global_tested_faults} title {!!str #tested}}} {!!map {metric {!!str atpg.testmode:%.stats:%.global_possible_faults} title {!!str #possible}}} {!!map {metric {!!str atpg.testmode:%.stats:%.global_redundant_faults} title {!!str #redundant}}}}}}}}}}} {!!map {id {!!str scan_chains} type {!!str section} title {!!str {Scan Chain Details}} hidden {!!true 1} children {!!seq {{!!map {id {!!str testmode_scan_chain_details_t} type {!!str table} per_snapshot {!!true 1} key {!!map {Testmode {!!str tsv.testmode:*.num_controllable_chains}}} ar_metric {!!seq {{!!map {metric {!!str tsv.testmode:%.num_controllable_chains} title {!!str {#control chains}}}} {!!map {metric {!!str tsv.testmode:%.num_observable_chains} title {!!str {#observe chains}}}} {!!map {metric {!!str tsv.testmode:%.num_controllable_and_observable_chains} title {!!str {#controllable and observe chains}}}} {!!map {metric {!!str tsv.testmode:%.longest_scan_chain} title {!!str {Longest Scan Chain}}}} {!!map {metric {!!str tsv.testmode:%.shortest_scan_chain} title {!!str {Shortest Scan Chain}}}}}}}}}}}} {!!map {id {!!str pattern_statistics} type {!!str section} title {!!str {Pattern Statistics}} hidden {!!true 1} children {!!seq {{!!map {id {!!str testmode_pattern_statistics_t} type {!!str table} per_snapshot {!!true 1} key {!!map {Testmode {!!str atpg.testmode:*.num_tests}}} ar_metric {!!seq {{!!map {metric {!!str atpg.testmode:%.num_scan_tests} title {!!str {#scan tests}}}} {!!map {metric {!!str atpg.testmode:%.num_scan_delay_tests} title {!!str {#scan delay tests}}}} {!!map {metric {!!str atpg.testmode:%.num_logic_tests} title {!!str {#logic tests}}}} {!!map {metric {!!str atpg.testmode:%.num_logic_delay_tests} title {!!str {#logic delay tests}}}} {!!map {metric {!!str atpg.testmode:%.num_iddq_tests} title {!!str {#iddq tests}}}} {!!map {metric {!!str atpg.testmode:%.num_tests} title {!!str #tests}}}}}}}}}}}}}}} {!!map {id {!!str experiments} type {!!str section} title {!!str Experiments} hidden {!!false 0} children {!!seq {{!!map {id {!!str experiments_global_statistics} type {!!str section} title {!!str {Global Statistics}} hidden {!!true 1} children {!!seq {{!!map {id {!!str global_statistics_t} type {!!str table} per_snapshot {!!true 1} key {!!map {Experiment {!!str atpg.testmode:*.experiment:*.stats:*.global_atcov}}} ar_metric {!!seq {{!!map {metric {!!str atpg.testmode:%.experiment:%.stats:%.global_tcov} title {!!str TCOV}}} {!!map {metric {!!str atpg.testmode:%.experiment:%.stats:%.global_atcov} title {!!str ATCOV}}} {!!map {metric {!!str atpg.testmode:%.experiment:%.stats:%.global_total_faults} title {!!str #faults}}} {!!map {metric {!!str atpg.testmode:%.experiment:%.stats:%.global_tested_faults} title {!!str #tested}}} {!!map {metric {!!str atpg.testmode:%.experiment:%.stats:%.global_untested_faults} title {!!str #untested}}} {!!map {metric {!!str atpg.testmode:%.experiment:%.stats:%.global_possible_faults} title {!!str #possible}}} {!!map {metric {!!str atpg.testmode:%.experiment:%.stats:%.global_redundant_faults} title {!!str #redundant}}}}}}}}}}} {!!map {id {!!str experiments_testmode_statistics} type {!!str section} title {!!str {Testmode Statistics}} hidden {!!true 1} children {!!seq {{!!map {id {!!str testmode_statistics_t} type {!!str table} per_snapshot {!!true 1} key {!!map {Experiment {!!str atpg.testmode:*.experiment:*.stats:*.atcov}}} ar_metric {!!seq {{!!map {metric {!!str atpg.testmode:%.experiment:%.stats:%.tcov} title {!!str TCOV}}} {!!map {metric {!!str atpg.testmode:%.experiment:%.stats:%.atcov} title {!!str ATCOV}}} {!!map {metric {!!str atpg.testmode:%.experiment:%.stats:%.faults} title {!!str #faults}}} {!!map {metric {!!str atpg.testmode:%.experiment:%.stats:%.tested_faults} title {!!str #tested}}} {!!map {metric {!!str atpg.testmode:%.experiment:%.stats:%.untested_faults} title {!!str #untested}}} {!!map {metric {!!str atpg.testmode:%.experiment:%.stats:%.possible_faults} title {!!str #possible}}} {!!map {metric {!!str atpg.testmode:%.experiment:%.stats:%.redundant_faults} title {!!str #redundant}}}}}}}}}}} {!!map {id {!!str experiments_pattern_statistics} type {!!str section} title {!!str {Final Pattern Statistics}} hidden {!!true 1} children {!!seq {{!!map {id {!!str final_patterns_t} type {!!str table} per_snapshot {!!true 1} key {!!map {Experiment {!!str atpg.testmode:*.experiment:*.num_tests}}} ar_metric {!!seq {{!!map {metric {!!str atpg.testmode:%.experiment:%.num_scan_tests} title {!!str {#scan tests}}}} {!!map {metric {!!str atpg.testmode:%.experiment:%.num_scan_delay_tests} title {!!str {#scan delay tests}}}} {!!map {metric {!!str atpg.testmode:%.experiment:%.num_logic_tests} title {!!str {#logic tests}}}} {!!map {metric {!!str atpg.testmode:%.experiment:%.num_logic_delay_tests} title {!!str {#logic delay tests}}}} {!!map {metric {!!str atpg.testmode:%.experiment:%.num_iddq_tests} title {!!str {#iddq tests}}}} {!!map {metric {!!str atpg.testmode:%.experiment:%.num_tests} title {!!str #tests}}}}}}}}}}}}}}}}}}} {!!map {title {!!str Route} children {!!seq {{!!map {id {!!str route_dashboard_filters} type {!!str section} title {!!str {Run/Snapshot Filters}} hidden {!!true 1} children {!!seq {{!!map {id {!!str route_dashboard_filter} type {!!str run_snapshot_filter}}} {!!map {id {!!str route_dashboard_snapshot_navigation} type {!!str snapshot_picker}}}}}}} {!!map {id {!!str route_route} type {!!str section} title {!!str Routing} children {!!seq {{!!map {id {!!str route_image} type {!!str image_plot} initial_visible_count {!!int 1} ar_metric {!!seq {{!!map {metric {!!str design.floorplan.image}}} {!!map {metric {!!str design.macro.image}}} {!!map {metric {!!str design.hotspot.image}}} {!!map {metric {!!str design.place.drc.image}}} {!!map {metric {!!str design.route.drc.image}}}}}}} {!!map {id {!!str route_route_t} type {!!str table} per_snapshot {!!true 1} ar_metric {!!seq {{!!map {metric {!!str route.overflow.horizontal} title {!!str Hor} group {!!str Congestion}}} {!!map {metric {!!str route.overflow.vertical} title {!!str Ver} group {!!str Congestion}}} {!!map {metric {!!str design.congestion.hotspot.max} title {!!str Max} group {!!str Congestion}}} {!!map {metric {!!str design.congestion.hotspot.total} title {!!str Total} group {!!str Congestion}}} {!!map {metric {!!str route.map.*} group {!!str {Congestion Map}}}} {!!map {metric {!!str route.wirelength} title {!!str Wirelength}}} {!!map {metric {!!str route.via.singlecut} title {!!str Single} group {!!str Vias}}} {!!map {metric {!!str route.via.multicut} title {!!str Multi} group {!!str Vias}}} {!!map {metric {!!str route.via} title {!!str Total} group {!!str Vias}}} {!!map {metric {!!str route.shielding.*} group {!!str Shielding}}} {!!map {metric {!!str route.drc} title {!!str Routing} group {!!str {Route DRC}}}} {!!map {metric {!!str route.drc.antenna} title {!!str Antenna} group {!!str {Route DRC}}}} {!!map {metric {!!str check.drc} title {!!str Routing} group {!!str {Check DRC}}}} {!!map {metric {!!str check.drc.antenna} title {!!str Antenna} group {!!str {Check DRC}}}}}}}}}}}} {!!map {id {!!str route_wirelength} type {!!str section} title {!!str {Wirelength Details}} hidden {!!true 1} children {!!seq {{!!map {id {!!str route_wirelength_t} type {!!str table} per_snapshot {!!true 1} ar_metric {!!seq {{!!map {metric {!!str route.wirelength} title {!!str Total}}} {!!map {metric {!!str route.wirelength.layer:*} group {!!str Layer}}}}}}}}}}} {!!map {id {!!str route_overflow} type {!!str section} title {!!str {Congestion Details}} hidden {!!true 1} children {!!seq {{!!map {id {!!str route_overflow_t} type {!!str table} per_snapshot {!!true 1} ar_metric {!!seq {{!!map {metric {!!str route.overflow} title {!!str Total}}} {!!map {metric {!!str route.overflow.layer:*} group {!!str Layer}}}}}}}}}}} {!!map {id {!!str per_layer_drc} type {!!str section} title {!!str {Per Layer DRC}} hidden {!!true 1} children {!!seq {{!!map {id {!!str per_layer_drc_t} type {!!str table} per_snapshot {!!true 1} key {!!map {Tool {!!str *.drc}}} ar_metric {!!seq {{!!map {metric {!!str %.drc} title {!!str Total}}} {!!map {metric {!!str %.drc.layer:*} group {!!str Layer}}}}}}}}}}} {!!map {id {!!str per_type_drc} type {!!str section} title {!!str {Per Type DRC}} hidden {!!true 1} children {!!seq {{!!map {id {!!str per_type_drc_t} type {!!str table} flip_axis {!!true 1} key {!!map {Tool {!!str *.drc}}} ar_metric {!!seq {{!!map {metric {!!str %.drc} title {!!str Total}}} {!!map {metric {!!str %.drc.type:*} group {!!str Type}}}}}}}}}}} {!!map {id {!!str per_layer_type} type {!!str section} title {!!str {Per Layer & Type DRC}} hidden {!!true 1} children {!!seq {{!!map {id {!!str per_layer_type_t} type {!!str table} flip_axis {!!true 1} key {!!map {Tool {!!str *.drc} Layer {!!str route.drc.layer:*}}} ar_metric {!!seq {{!!map {metric {!!str %.drc.layer:%.type:*} group {!!str Type}}}}}}}}}}} {!!map {id {!!str route_via} type {!!str section} title {!!str {Via Details}} hidden {!!true 1} children {!!seq {{!!map {id {!!str route_via_t} type {!!str table} per_snapshot {!!true 1} ar_metric {!!seq {{!!map {metric {!!str route.via.total} title {!!str Total} group {!!str Vias}}} {!!map {metric {!!str route.via.layer:*} group {!!str Vias}}} {!!map {metric {!!str route.via.singlecut} title {!!str Total} group {!!str {Single Cut Vias}}}} {!!map {metric {!!str route.via.singlecut.percentage} title {!!str Percent} group {!!str {Single Cut Vias}}}} {!!map {metric {!!str route.via.singlecut.layer:*} group {!!str {Single Cut Vias}}}} {!!map {metric {!!str route.via.multicut} title {!!str Total} group {!!str {Multiple Cut Vias}}}} {!!map {metric {!!str route.via.multicut.percentage} title {!!str Percent} group {!!str {Multiple Cut Vias}}}} {!!map {metric {!!str route.via.multicut.layer:*} group {!!str {Multiple Cut Vias}}}}}}}}}}}} {!!map {id {!!str rblkg} type {!!str section} title {!!str {Blockage Details}} hidden {!!true 1} children {!!seq {{!!map {id {!!str rblkg_t} type {!!str table} per_snapshot {!!true 1} ar_metric {!!seq {{!!map {metric {!!str design.blockages.route.area} title {!!str Total}}} {!!map {metric {!!str design.blockages.route.area.layer:*} group {!!str Layer}}}}}}}}}}} {!!map {id {!!str route_cpu} type {!!str section} title {!!str Runtime} children {!!seq {{!!map {id {!!str route_real_t} type {!!str graph} stacked {!!true 1} invert_axes {!!true 1} total_value_label {!!true 1} title {!!str {Real time}} ar_metric {!!seq {{!!map {metric {!!str flow.realtime} title {!!str Real} graph_type {!!str horizontalBar}}}}}}} {!!map {id {!!str route_cpu_t} type {!!str graph} stacked {!!true 1} invert_axes {!!true 1} total_value_label {!!true 1} title {!!str {CPU Runtime}} ar_metric {!!seq {{!!map {metric {!!str flow.cputime} title {!!str CPU} graph_type {!!str horizontalBar}}}}}}}}}}}}}}} {!!map {title {!!str Flow} children {!!seq {{!!map {id {!!str flow_dashboard_filters} type {!!str section} title {!!str {Run/Snapshot Filters}} hidden {!!true 1} children {!!seq {{!!map {id {!!str flow_dashboard_filter} type {!!str run_snapshot_filter}}} {!!map {id {!!str flow_dashboard_snapshot_navigation} type {!!str snapshot_picker}}}}}}} {!!map {id {!!str flow_log_flow} type {!!str section} title {!!str {Log and Flow Info}} children {!!seq {{!!map {id {!!str flow_log_flow_t} type {!!str table} per_snapshot {!!true 1} ar_metric {!!seq {{!!map {metric {!!str flow.user} title {!!str User}}} {!!map {metric {!!str flow.log} title {!!str {Log File}}}} {!!map {metric {!!str flow.run_directory} title {!!str {Run Dir}}}} {!!map {metric {!!str flow.run_tag} title {!!str {Run Tag}}}} {!!map {metric {!!str flow.step.tcl} title {!!str {Step TCL}}}}}}}}}}}} {!!map {id {!!str fv} type {!!str section} title {!!str {Formal Verification}} hidden {!!true 1} children {!!seq {{!!map {id {!!str fv_t} type {!!str table} per_snapshot {!!true 1} ar_metric {!!seq {{!!map {metric {!!str fv.result} title {!!str Result}}} {!!map {metric {!!str fv.points:*} group {!!str Points}}}}}}}}}}} {!!map {id {!!str flow_config} type {!!str section} title {!!str {Non-Default Root Config Options}} children {!!seq {{!!map {id {!!str flow_config_t} type {!!str dict_table} metric {!!map {metric {!!str flow.root_config}}}}}}}}} {!!map {id {!!str flow_cpu} type {!!str section} title {!!str Runtime} children {!!seq {{!!map {id {!!str flow_machine_t} type {!!str table} flip_axis {!!true 1} ar_metric {!!seq {{!!map {metric {!!str flow.machine.hostname} title {!!str Host}}} {!!map {metric {!!str flow.machine.cpu.model} title {!!str Model}}} {!!map {metric {!!str flow.machine.cpu.frequency} title {!!str Cpu}}} {!!map {metric {!!str flow.machine.cpu.number} title {!!str Cpus}}} {!!map {metric {!!str flow.machine.os} title {!!str OS}}} {!!map {metric {!!str flow.machine.memory.free} title {!!str Free} group {!!str Memory}}} {!!map {metric {!!str flow.machine.memory.total} title {!!str Total} group {!!str Memory}}} {!!map {metric {!!str flow.machine.swap.free} title {!!str Free} group {!!str Swap}}} {!!map {metric {!!str flow.machine.swap.total} title {!!str Total} group {!!str Swap}}}}}}} {!!map {id {!!str flow_runtime_t} type {!!str table} per_snapshot {!!true 1} ar_metric {!!seq {{!!map {metric {!!str flow.cputime} title {!!str CPU} group {!!str Runtime}}} {!!map {metric {!!str flow.cputime.total} title {!!str {Total CPU}} group {!!str Runtime}}} {!!map {metric {!!str flow.realtime} title {!!str Wall} group {!!str Runtime}}} {!!map {metric {!!str flow.realtime.total} title {!!str {Total Wall}} group {!!str Runtime}}} {!!map {metric {!!str flow.machine.load} title {!!str Load} group {!!str Machine}}} {!!map {metric {!!str flow.memory} title {!!str Resi+Virtual} group {!!str Memory}}} {!!map {metric {!!str flow.memory.resident} title {!!str Resi} group {!!str Memory}}} {!!map {metric {!!str flow.memory.resident.peak} title {!!str {Peak Resi}} group {!!str Memory}}}}}}} {!!map {id {!!str flow_real_t} type {!!str graph} stacked {!!true 1} invert_axes {!!true 1} total_value_label {!!true 1} title {!!str {Real time}} ar_metric {!!seq {{!!map {metric {!!str flow.realtime} title {!!str Real} graph_type {!!str horizontalBar}}}}}}} {!!map {id {!!str flow_cpu_t} type {!!str graph} stacked {!!true 1} invert_axes {!!true 1} total_value_label {!!true 1} title {!!str {CPU Runtime}} ar_metric {!!seq {{!!map {metric {!!str flow.cputime} title {!!str CPU} graph_type {!!str horizontalBar}}}}}}}}}}}}}}}}}}}}}}}}}}}}}}}} html {HUDDLE {!!seq {{!!map {Summary {!!seq {{!!map {summary_flow {!!map {type {!!str header} title {!!str {}}}}}} {!!map {summary_flow_t {!!map {type {!!str vertical_table} auto_hide {!!true 1} ar_metric {!!seq {{!!map {metric {!!str design.name} title {!!str Design}}} {!!map {metric {!!str flow.tool_list} title {!!str Tools}}} {!!map {metric {!!str flow.template.type} title {!!str Flow}}} {!!map {metric {!!str flow.template.feature_enabled} title {!!str {Enabled features}}}} {!!map {metric {!!str flow.run_tag} title {!!str Tag}}} {!!map {metric {!!str flow.machine} title {!!str {Run host}}}} {!!map {metric {!!str flow.run_directory} title {!!str {Run directory}}}} {!!map {metric {!!str flow.last_child_snapshot} title {!!str {Last step}}}} {!!map {metric {!!str flowtool.status} title {!!str {Flowtool status}}}}}}}}}} {!!map {design_image {!!map {type {!!str image_plot} ar_metric {!!seq {{!!map {metric {!!str design.floorplan.image}}} {!!map {metric {!!str design.blockage.image}}} {!!map {metric {!!str design.macro.image}}} {!!map {metric {!!str design.place.drc.image}}} {!!map {metric {!!str design.hotspot.image}}} {!!map {metric {!!str power.domains.image}}} {!!map {metric {!!str power.intent.image}}}}}}}}} {!!map {summary_qor {!!map {type {!!str header} title {!!str {Stylus QOR summary}}}}}} {!!map {summary_qor_t {!!map {type {!!str table} per_snapshot {!!true 1} ar_metric {!!seq {{!!map {metric {!!str timing.setup.wns} title {!!str WNS} group {!!str {Setup (all)}} navigation {!!map {view {!!str default_timing} tab {!!str Timing}}}}} {!!map {metric {!!str timing.setup.tns} title {!!str TNS} group {!!str {Setup (all)}} navigation {!!map {view {!!str default_timing} tab {!!str Timing}}}}} {!!map {metric {!!str timing.setup.feps} title {!!str FEPS} group {!!str {Setup (all)}}}} {!!map {metric {!!str timing.setup.wns.path_group:reg2reg} title {!!str WNS} group {!!str {Setup (reg2reg)}} navigation {!!map {view {!!str default_timing} tab {!!str Timing}}}}} {!!map {metric {!!str timing.setup.tns.path_group:reg2reg} title {!!str TNS} group {!!str {Setup (reg2reg)}} navigation {!!map {view {!!str default_timing} tab {!!str Timing}}}}} {!!map {metric {!!str timing.setup.feps.path_group:reg2reg} title {!!str FEPS} group {!!str {Setup (reg2reg)}}}} {!!map {metric {!!str timing.hold.wns} title {!!str WNS} group {!!str {Hold (all)}} navigation {!!map {view {!!str default_timing} tab {!!str Timing}}}}} {!!map {metric {!!str timing.hold.tns} title {!!str TNS} group {!!str {Hold (all)}} navigation {!!map {view {!!str default_timing} tab {!!str Timing}}}}} {!!map {metric {!!str timing.hold.feps} title {!!str FEPS} group {!!str {Hold (all)}}}} {!!map {metric {!!str timing.hold.wns.path_group:reg2reg} title {!!str WNS} group {!!str {Hold (reg2reg)}} navigation {!!map {view {!!str default_timing} tab {!!str Timing}}}}} {!!map {metric {!!str timing.hold.tns.path_group:reg2reg} title {!!str TNS} group {!!str {Hold (reg2reg)}} navigation {!!map {view {!!str default_timing} tab {!!str Timing}}}}} {!!map {metric {!!str timing.hold.feps.path_group:reg2reg} title {!!str FEPS} group {!!str {Hold (reg2reg)}}}} {!!map {metric {!!str timing.drv.max_tran.total} title {!!str Tran} group {!!str DRV} link_file_metric {!!str timing.drv.report_file}}} {!!map {metric {!!str timing.drv.max_cap.total} title {!!str Load} group {!!str DRV} link_file_metric {!!str timing.drv.report_file}}} {!!map {metric {!!str timing.drv.max_fanout.total} title {!!str Fanout} group {!!str DRV} link_file_metric {!!str timing.drv.report_file}}} {!!map {metric {!!str clock.instances.total} title {!!str Insts} group {!!str Clock} link_table {!!str clock_phys}}} {!!map {metric {!!str clock.area.total} title {!!str Area} group {!!str Clock} link_table {!!str clock_phys}}} {!!map {metric {!!str design.density} title {!!str Density} group {!!str Design}}} {!!map {metric {!!str design.instances.logical} title {!!str Insts} group {!!str Design} link_table {!!str physical_physical}}} {!!map {metric {!!str design.area.logical} title {!!str Area} group {!!str Design} link_table {!!str physical_physical}}} {!!map {metric {!!str power.leakage} title {!!str Leakage} group {!!str Power} link_table {!!str power_power}}} {!!map {metric {!!str route.drc} title {!!str DRC} group {!!str Route} link_table {!!str route_route}}} {!!map {metric {!!str route.wirelength} title {!!str WL} group {!!str Route} link_table {!!str route_route}}} {!!map {metric {!!str messages} title {!!str Errors} group {!!str Tool}}} {!!map {metric {!!str flow.realtime} title {!!str Wall} group {!!str Tool} link_table {!!str flow_cpu}}} {!!map {metric {!!str flow.memory} title {!!str Memory} group {!!str Tool} link_table {!!str flow_cpu}}}}}}}}} {!!map {summary_cpu {!!map {type {!!str header} title {!!str {Stylus runtime summary}}}}}} {!!map {summary_cpu_t {!!map {type {!!str cpu}}}}}}}}} {!!map {Timing {!!seq {{!!map {timing_setup {!!map {type {!!str header} title {!!str {Setup Timing}}}}}} {!!map {setup_tns_histogram {!!map {type {!!str histogram} metric {!!map {metric {!!str timing.setup.histogram} title {!!str {Setup TNS (Per Group)}}}} show_label_every {!!int 10}}}}} {!!map {setup_tns_view_histogram {!!map {type {!!str histogram} metric {!!map {metric {!!str timing.setup.histogram.views} title {!!str {Setup TNS (Per View)}}}} show_label_every {!!int 10}}}}} {!!map {timing_setup_t {!!map {type {!!str table} per_snapshot {!!true 1} key {!!map {Group {!!str timing.setup.wns.path_group:*} View {!!str timing.setup.wns.analysis_view:*}}} collapsible_key {!!true 1} ar_metric {!!seq {{!!map {metric {!!str timing.setup.type} title {!!str Type}}} {!!map {metric {!!str timing.setup.wns.path_group:%.analysis_view:%} title {!!str WNS} navigation {!!map {view {!!str default_timing} tab {!!str Timing}}}}} {!!map {metric {!!str timing.setup.tns.path_group:%.analysis_view:%} title {!!str TNS} navigation {!!map {view {!!str default_timing} tab {!!str Timing}}}}} {!!map {metric {!!str timing.setup.feps.path_group:%.analysis_view:%} title {!!str FEPS}}}}}}}}} {!!map {timing_hold {!!map {type {!!str header} title {!!str {Hold Timing}}}}}} {!!map {hold_tns_histogram {!!map {type {!!str histogram} metric {!!map {metric {!!str timing.hold.histogram} title {!!str {Hold TNS (Per Group)}}}} show_label_every {!!int 10}}}}} {!!map {hold_tns_view_histogram {!!map {type {!!str histogram} metric {!!map {metric {!!str timing.hold.histogram.views} title {!!str {Hold TNS (Per View)}}}} show_label_every {!!int 10}}}}} {!!map {timing_hold_t {!!map {type {!!str table} per_snapshot {!!true 1} key {!!map {Group {!!str timing.hold.wns.path_group:*} View {!!str timing.hold.wns.analysis_view:*}}} collapsible_key {!!true 1} ar_metric {!!seq {{!!map {metric {!!str timing.hold.type} title {!!str Type}}} {!!map {metric {!!str timing.hold.wns.path_group:%.analysis_view:%} title {!!str WNS} navigation {!!map {view {!!str default_timing} tab {!!str Timing}}}}} {!!map {metric {!!str timing.hold.tns.path_group:%.analysis_view:%} title {!!str TNS} navigation {!!map {view {!!str default_timing} tab {!!str Timing}}}}} {!!map {metric {!!str timing.hold.feps.path_group:%.analysis_view:%} title {!!str FEPS}}}}}}}}} {!!map {timing_drv {!!map {type {!!str header} title {!!str {Design Rule Violations}}}}}} {!!map {timing_drv_t {!!map {type {!!str table} per_snapshot {!!true 1} ar_metric {!!seq {{!!map {metric {!!str timing.drv.max_tran.total} title {!!str Total} group {!!str Tran}}} {!!map {metric {!!str timing.drv.max_tran.worst} title {!!str Worst} group {!!str Tran} link_file_metric {!!str timing.drv.report_file}}} {!!map {metric {!!str timing.drv.max_cap.total} title {!!str Total} group {!!str Cap}}} {!!map {metric {!!str timing.drv.max_cap.worst} title {!!str Worst} group {!!str Cap}}} {!!map {metric {!!str timing.drv.max_fanout.total} title {!!str Total} group {!!str Fanout}}} {!!map {metric {!!str timing.drv.max_fanout.worst} title {!!str Worst} group {!!str Fanout}}} {!!map {metric {!!str timing.drv.max_length.total} title {!!str Total} group {!!str Length}}} {!!map {metric {!!str timing.drv.max_length.worst} title {!!str Worst} group {!!str Length}}} {!!map {metric {!!str timing.si.glitches} title {!!str Glitches} group {!!str SI}}} {!!map {metric {!!str timing.si.noise} title {!!str Noise} group {!!str SI}}}}}}}}} {!!map {timing_double_clocking {!!map {type {!!str collapse_header} nested {!!map {timing_double_clocking_t {!!map {type {!!str table} per_snapshot {!!false 0} key {!!map {View {!!str timing.si.double_clocking.analysis_view:*}}} ar_metric {!!seq {{!!map {metric {!!str timing.si.double_clocking.frequency_violations.analysis_view:%} title {!!str {Frequency Violations}}}} {!!map {metric {!!str timing.si.double_clocking.report_file.analysis_view:%} title {!!str {Report File}}}}}}}}}} hidden {!!true 1} title {!!str {Double Clocking}}}}}} {!!map {timing_min_pulse_width {!!map {type {!!str collapse_header} nested {!!map {timing_min_pulse_width_t {!!map {type {!!str table} per_snapshot {!!false 0} key {!!map {View {!!str timing.min_pulse_width.endpoints.wns.analysis_view:*} Clock {!!str timing.min_pulse_width.endpoints.wns.analysis_view:%.clock:*} {View | Clock} {!!str timing.min_pulse_width.endpoints.wns.analysis_view:*.clock:*}}} collapsible_key {!!true 1} ar_metric {!!seq {{!!map {metric {!!str timing.setup.type} title {!!str Type}}} {!!map {metric {!!str timing.min_pulse_width.endpoints.wns.analysis_view:%.clock:%} group {!!str Endpoints} title {!!str WNS}}} {!!map {metric {!!str timing.min_pulse_width.endpoints.tns.analysis_view:%.clock:%} group {!!str Endpoints} title {!!str TNS}}} {!!map {metric {!!str timing.min_pulse_width.endpoints.feps.analysis_view:%.clock:%} group {!!str Endpoints} title {!!str FEPS}}} {!!map {metric {!!str timing.min_pulse_width.clocktree.wns.analysis_view:%.clock:%} group {!!str Clocktree} title {!!str WNS}}} {!!map {metric {!!str timing.min_pulse_width.clocktree.tns.analysis_view:%.clock:%} group {!!str Clocktree} title {!!str TNS}}} {!!map {metric {!!str timing.min_pulse_width.clocktree.feps.analysis_view:%.clock:%} group {!!str Clocktree} title {!!str FEPS}}}}} hide_footers {!!true 1} hide_graph_footers {!!true 1}}}}} hidden {!!true 1} title {!!str {Min Pulse Width Timing}}}}}} {!!map {timing_cpu {!!map {type {!!str header} title {!!str Runtime}}}}} {!!map {timing_cpu_t {!!map {type {!!str cpu}}}}}}}}} {!!map {Clock {!!seq {{!!map {clock_phys {!!map {type {!!str header} title {!!str Physical}}}}} {!!map {clock_phys_t {!!map {type {!!str table} per_snapshot {!!true 1} ar_metric {!!seq {{!!map {metric {!!str clock.instances.total} title {!!str #Total} group {!!str Instances}}} {!!map {metric {!!str {^.*\.(?!total$)[^\.]+$}} title {!!str { }} group {!!str Instances} graph_type {!!str none} renderer {!!str histogram}}} {!!map {metric {!!str clock.instances.buffer} title {!!str #Buffers} group {!!str Instances}}} {!!map {metric {!!str clock.instances.inverter} title {!!str #Inverters} group {!!str Instances}}} {!!map {metric {!!str clock.instances.clkgate} title {!!str {#Clock Gates}} group {!!str Instances}}} {!!map {metric {!!str clock.instances.nonicg} title {!!str {#Non Integrated}} group {!!str Instances}}} {!!map {metric {!!str clock.instances.logic} title {!!str #Logic} group {!!str Instances}}} {!!map {metric {!!str clock.area.total} title {!!str Total} group {!!str Area}}} {!!map {metric {!!str {^.*\.(?!total$)[^\.]+$}} title {!!str { }} group {!!str Area} graph_type {!!str none} renderer {!!str histogram}}} {!!map {metric {!!str clock.area.buffer} title {!!str Buffers} group {!!str Area}}} {!!map {metric {!!str clock.area.inverter} title {!!str Inverters} group {!!str Area}}} {!!map {metric {!!str clock.area.clkgate} title {!!str {Clock Gates}} group {!!str Area}}} {!!map {metric {!!str clock.area.nonicg} title {!!str {Non Integrated}} group {!!str Area}}} {!!map {metric {!!str clock.area.logic} title {!!str Logic} group {!!str Area}}} {!!map {metric {!!str clock.nets.length.total} title {!!str {Tot Clk Net Length}} group {!!str Nets}}}}}}}}} {!!map {clock_phys_detail {!!map {type {!!str header} title {!!str {}}}}}} {!!map {clock_phys_cell_insts {!!map {type {!!str collapse_header} nested {!!map {clock_phys_cell_insts_t {!!map {type {!!str table} auto_hide {!!true 1} per_snapshot {!!true 1} ar_metric {!!seq {{!!map {metric {!!str clock.instances.total} title {!!str #Total}}} {!!map {title {!!str { }} group {!!str #Buffers} graph_type {!!str none} renderer {!!str histogram}}} {!!map {metric {!!str clock.instances_distribution.buffer.base_cell:*} group {!!str #Buffers}}} {!!map {title {!!str { }} group {!!str #Inverters} graph_type {!!str none} renderer {!!str histogram}}} {!!map {metric {!!str clock.instances_distribution.inverter.base_cell:*} group {!!str #Inverters}}} {!!map {title {!!str { }} group {!!str {#Clock Gates}} graph_type {!!str none} renderer {!!str histogram}}} {!!map {metric {!!str clock.instances_distribution.clkgate.base_cell:*} group {!!str {#Clock Gates}}}} {!!map {title {!!str { }} group {!!str {#Non Integrated}} graph_type {!!str none} renderer {!!str histogram}}} {!!map {metric {!!str clock.instances_distribution.nonicg.base_cell:*} group {!!str {#Non Integrated}}}} {!!map {title {!!str { }} group {!!str #Logic} graph_type {!!str none} renderer {!!str histogram}}} {!!map {metric {!!str clock.instances_distribution.logic.base_cell:*} group {!!str #Logic}}}}}}}}} hidden {!!true 1} title {!!str {Per Cell Instances}}}}}} {!!map {clock_phys_cell_area {!!map {type {!!str collapse_header} nested {!!map {clock_phys_cell_area_t {!!map {type {!!str table} auto_hide {!!true 1} per_snapshot {!!true 1} ar_metric {!!seq {{!!map {metric {!!str clock.area.total} title {!!str Total}}} {!!map {title {!!str { }} group {!!str Buffers} graph_type {!!str none} renderer {!!str histogram}}} {!!map {metric {!!str clock.area_distribution.buffer.base_cell:*} group {!!str Buffers}}} {!!map {title {!!str { }} group {!!str Inverters} graph_type {!!str none} renderer {!!str histogram}}} {!!map {metric {!!str clock.area_distribution.inverter.base_cell:*} group {!!str Inverters}}} {!!map {title {!!str { }} group {!!str {Clock Gates}} graph_type {!!str none} renderer {!!str histogram}}} {!!map {metric {!!str clock.area_distribution.clkgate.base_cell:*} group {!!str {Clock Gates}}}} {!!map {title {!!str { }} group {!!str {Non Integrated}} graph_type {!!str none} renderer {!!str histogram}}} {!!map {metric {!!str clock.area_distribution.nonicg.base_cell:*} group {!!str {Non Integrated}}}} {!!map {title {!!str { }} group {!!str Logic} graph_type {!!str none} renderer {!!str histogram}}} {!!map {metric {!!str clock.area_distribution.logic.base_cell:*} group {!!str Logic}}}}}}}}} hidden {!!true 1} title {!!str {Per Cell Area}}}}}} {!!map {clock_phys_creator {!!map {type {!!str collapse_header} nested {!!map {clock_phys_creator_t {!!map {type {!!str table} auto_hide {!!true 1} per_snapshot {!!true 1} ar_metric {!!seq {{!!map {title {!!str { }} group {!!str Buffers} graph_type {!!str none} renderer {!!str histogram}}} {!!map {metric {!!str clock.instances.buffer.creator.*} group {!!str Buffers}}} {!!map {title {!!str { }} group {!!str Inverters} graph_type {!!str none} renderer {!!str histogram}}} {!!map {metric {!!str clock.instances.inverter.creator.*} group {!!str Inverters}}}}}}}}} hidden {!!true 1} title {!!str {Cell Creators}}}}}} {!!map {clock_phys_nets {!!map {type {!!str collapse_header} nested {!!map {clock_phys_nets_t {!!map {type {!!str table} auto_hide {!!true 1} per_snapshot {!!true 1} ar_metric {!!seq {{!!map {metric {!!str clock.nets.length.total} title {!!str Total} group {!!str Nets}}} {!!map {metric {!!str {^.*\.(?!total$)[^\.]+$}} title {!!str { }} group {!!str Nets} graph_type {!!str none} renderer {!!str histogram}}} {!!map {metric {!!str clock.nets.length.top} title {!!str Top} group {!!str Nets}}} {!!map {metric {!!str clock.nets.length.trunk} title {!!str Trunk} group {!!str Nets}}} {!!map {metric {!!str clock.nets.length.leaf} title {!!str Leaf} group {!!str Nets}}}}}}}}} hidden {!!true 1} title {!!str Nets}}}}} {!!map {clock_phys_cap {!!map {type {!!str header} title {!!str {}}}}}} {!!map {clock_phys_cap_t {!!map {type {!!str table} per_snapshot {!!true 1} ar_metric {!!seq {{!!map {title {!!str { }} group {!!str Wire} graph_type {!!str none} renderer {!!str histogram}}} {!!map {metric {!!str clock.capacitance.wire.top} title {!!str Top} group {!!str Wire}}} {!!map {metric {!!str clock.capacitance.wire.trunk} title {!!str Trunk} group {!!str Wire}}} {!!map {metric {!!str clock.capacitance.wire.leaf} title {!!str Leaf} group {!!str Wire}}} {!!map {title {!!str { }} group {!!str Gate} graph_type {!!str none} renderer {!!str histogram}}} {!!map {metric {!!str clock.capacitance.gate.top} title {!!str Top} group {!!str Gate}}} {!!map {metric {!!str clock.capacitance.gate.trunk} title {!!str Trunk} group {!!str Gate}}} {!!map {metric {!!str clock.capacitance.gate.leaf} title {!!str Leaf} group {!!str Gate}}} {!!map {title {!!str { }} group {!!str Total} graph_type {!!str none} renderer {!!str histogram}}} {!!map {metric {!!str clock.capacitance.total.top} title {!!str Top} group {!!str Total}}} {!!map {metric {!!str clock.capacitance.total.trunk} title {!!str Trunk} group {!!str Total}}} {!!map {metric {!!str clock.capacitance.total.leaf} title {!!str Leaf} group {!!str Total}}} {!!map {metric {!!str clock.capacitance.sink.*} group {!!str Sink}}}}}}}}} {!!map {clock_phys_advanced {!!map {type {!!str header} title {!!str {}}}}}} {!!map {clock_phys_buffer_constraint {!!map {type {!!str collapse_header} nested {!!map {clock_phys_buffer_constraint_t {!!map {type {!!str table} auto_hide {!!true 1} per_snapshot {!!true 1} ar_metric {!!seq {{!!map {metric {!!str clock.buffer_depth_constraint.skew_group:*.*}}}}}}}}} hidden {!!true 1} title {!!str {Buffer Depth Constraints}}}}}} {!!map {clock_phys_stage_constraint {!!map {type {!!str collapse_header} nested {!!map {clock_phys_stage_constraint_t {!!map {type {!!str table} auto_hide {!!true 1} per_snapshot {!!true 1} ar_metric {!!seq {{!!map {metric {!!str clock.stage_depth_constraint.*}}}}}}}}} hidden {!!true 1} title {!!str {Stage Depth Constraints}}}}}} {!!map {clock_drv {!!map {type {!!str header} title {!!str DRV}}}}} {!!map {clock_drv_t {!!map {type {!!str table} per_snapshot {!!true 1} ar_metric {!!seq {{!!map {metric {!!str {clock.drv.nets.remaining transition.count}} title {!!str Count} group {!!str {Remaining Transition}}}} {!!map {metric {!!str {clock.drv.nets.remaining transition.max}} title {!!str Max} group {!!str {Remaining Transition}}}} {!!map {metric {!!str {clock.drv.nets.unfixable transition.count}} title {!!str Count} group {!!str {Unfixable Transition}}}} {!!map {metric {!!str {clock.drv.nets.unfixable transition.max}} title {!!str Max} group {!!str {Unfixable Transition}}}} {!!map {metric {!!str clock.drv.nets.capacitance.count} title {!!str Count} group {!!str Capacitance}}} {!!map {metric {!!str clock.drv.nets.capacitance.max} title {!!str Max} group {!!str Capacitance}}} {!!map {metric {!!str clock.drv.nets.resistance.count} title {!!str Count} group {!!str Resistance}}} {!!map {metric {!!str clock.drv.nets.resistance.max} title {!!str Max} group {!!str Resistance}}} {!!map {metric {!!str clock.drv.nets.length.count} title {!!str Count} group {!!str Length}}} {!!map {metric {!!str clock.drv.nets.length.max} title {!!str Max} group {!!str Length}}} {!!map {metric {!!str clock.drv.nets.fanout.count} title {!!str Count} group {!!str Fanout}}} {!!map {metric {!!str clock.drv.nets.fanout.max} title {!!str Max} group {!!str Fanout}}}}}}}}} {!!map {clock_drv_advanced {!!map {type {!!str header} title {!!str {}}}}}} {!!map {clock_drv_detail {!!map {type {!!str collapse_header} nested {!!map {clock_drv_detail_t {!!map {type {!!str table} auto_hide {!!true 1} per_snapshot {!!true 1} ar_metric {!!seq {{!!map {metric {!!str {clock.drv.nets.remaining transition.*}} group {!!str {Remaining Transition}}}} {!!map {metric {!!str {clock.drv.nets.unfixable transition.*}} group {!!str {Unfixable Transition}}}} {!!map {metric {!!str clock.drv.nets.capacitance.*} group {!!str Capacitance}}} {!!map {metric {!!str clock.drv.nets.resistance.*} group {!!str Resistance}}} {!!map {metric {!!str clock.drv.nets.length.*} group {!!str Length}}} {!!map {metric {!!str clock.drv.nets.fanout.*} group {!!str Fanout}}}}}}}}} hidden {!!true 1} title {!!str Detail}}}}} {!!map {clock_drv_halo {!!map {type {!!str collapse_header} nested {!!map {clock_drv_halo_t {!!map {type {!!str table} auto_hide {!!true 1} key {!!map {{Clock Tree} {!!str clock.halo.clock_tree:*.count}}} ar_metric {!!seq {{!!map {metric {!!str clock.halo.clock_tree:%.count} group {!!str Count}}} {!!map {metric {!!str clock.halo.clock_tree:%.violations} group {!!str Violations}}}}}}}}} hidden {!!true 1} title {!!str {Clock Halo}}}}}} {!!map {clock_drv_tran_tar {!!map {type {!!str header} title {!!str Transition}}}}} {!!map {clock_drv_tran_tar_t {!!map {type {!!str table} auto_hide {!!true 1} ar_metric {!!seq {{!!map {metric {!!str clock.transition.target.primary_half_corner.top.*} group {!!str {Top Transition Target Stats}}}} {!!map {metric {!!str clock.transition.target.primary_half_corner.trunk.*} group {!!str {Trunk Transition Target Stats}}}} {!!map {metric {!!str clock.transition.target.primary_half_corner.leaf.*} group {!!str {Leaf Transition Target Stats}}}}}}}}}} {!!map {clock_drv_tran {!!map {type {!!str header} title {!!str {}}}}}} {!!map {clock_drv_tran_tar_early {!!map {type {!!str collapse_header} nested {!!map {clock_drv_tran_tar_early_t {!!map {type {!!str table} auto_hide {!!true 1} key {!!map {{Corner | Clock Tree} {!!str clock.transition.target.delay_corner:*.early.top.clock_tree:*}}} ar_metric {!!seq {{!!map {metric {!!str clock.transition.auto_target.delay_corner:%.early.clock_tree:%} group {!!str {Auto Target}}}} {!!map {metric {!!str clock.transition.target.delay_corner:%.early.top.clock_tree:%} group {!!str Top}}} {!!map {metric {!!str clock.transition.target.delay_corner:%.early.trunk.clock_tree:%} group {!!str Trunk}}} {!!map {metric {!!str clock.transition.target.delay_corner:%.early.leaf.clock_tree:%} group {!!str Leaf}}}}}}}}} hidden {!!true 1} title {!!str {Per corner/clock tree transition Target (early)}}}}}} {!!map {clock_drv_tran_tar_late {!!map {type {!!str collapse_header} nested {!!map {clock_drv_tran_tar_late_t {!!map {type {!!str table} auto_hide {!!true 1} key {!!map {{Corner | Clock Tree} {!!str clock.transition.target.delay_corner:*.late.top.clock_tree:*}}} ar_metric {!!seq {{!!map {metric {!!str clock.transition.auto_target.delay_corner:%.late.clock_tree:%} group {!!str {Auto Target}}}} {!!map {metric {!!str clock.transition.target.delay_corner:%.late.top.clock_tree:%} group {!!str Top}}} {!!map {metric {!!str clock.transition.target.delay_corner:%.late.trunk.clock_tree:%} group {!!str Trunk}}} {!!map {metric {!!str clock.transition.target.delay_corner:%.late.leaf.clock_tree:%} group {!!str Leaf}}}}}}}}} hidden {!!true 1} title {!!str {Per corner/clock tree transition Target (late)}}}}}} {!!map {clock_drv_tran_top {!!map {type {!!str collapse_header} nested {!!map {clock_drv_tran_top_t {!!map {type {!!str table} per_snapshot {!!true 1} key {!!map {Target {!!str clock.transition.primary_half_corner.top.*.max}}} ar_metric {!!seq {{!!map {metric {!!str clock.transition.primary_half_corner.top.%.*}}}}}}}}} hidden {!!true 1} title {!!str {Top Transition Distribution}}}}}} {!!map {clock_drv_tran_trunk {!!map {type {!!str collapse_header} nested {!!map {clock_drv_tran_trunk_t {!!map {type {!!str table} per_snapshot {!!true 1} key {!!map {Target {!!str clock.transition.primary_half_corner.trunk.*.max}}} ar_metric {!!seq {{!!map {metric {!!str clock.transition.primary_half_corner.trunk.%.*}}}}}}}}} hidden {!!true 1} title {!!str {Trunk Transition Distribution}}}}}} {!!map {clock_drv_tran_leaf {!!map {type {!!str collapse_header} nested {!!map {clock_drv_tran_leaf_t {!!map {type {!!str table} per_snapshot {!!true 1} key {!!map {Target {!!str clock.transition.primary_half_corner.leaf.*.max}}} ar_metric {!!seq {{!!map {metric {!!str clock.transition.primary_half_corner.leaf.%.*}}}}}}}}} hidden {!!true 1} title {!!str {Leaf Transition Distribution}}}}}} {!!map {clock_skew {!!map {type {!!str header} title {!!str Latency/Skew}}}}} {!!map {clock_skew_t {!!map {type {!!str table} auto_hide {!!true 1} per_snapshot {!!true 1} ar_metric {!!seq {{!!map {metric {!!str clock.latency.primary_reporting_skew_group.primary_half_corner.*} group {!!str Latency}}} {!!map {metric {!!str clock.skew.primary_reporting_skew_group.primary_half_corner.*} group {!!str Skew}}} {!!map {metric {!!str clock.skew.primary_reporting_skew_group.primary_half_corner.skew_band.*} group {!!str {Skew Band}}}}}}}}}} {!!map {clock_skew_advanced {!!map {type {!!str header} title {!!str {}}}}}} {!!map {clock_skew_early_detail {!!map {type {!!str collapse_header} nested {!!map {clock_skew_early_detail_t {!!map {type {!!str table} auto_hide {!!true 1} per_snapshot {!!true 1} key {!!map {{Skew Group | Corner} {!!str clock.skew.skew_group:*.delay_corner:*.early.total}}} ar_metric {!!seq {{!!map {metric {!!str clock.latency.skew_group:%.delay_corner:%.early.*} group {!!str Latency}}} {!!map {metric {!!str clock.skew.skew_group:%.delay_corner:%.early.total} title {!!str Total}}} {!!map {metric {!!str clock.skew.skew_group:%.delay_corner:%.early.gate} title {!!str Gate}}} {!!map {metric {!!str clock.skew.skew_group:%.delay_corner:%.early.wire} title {!!str Wire}}} {!!map {metric {!!str clock.skew.skew_group:%.delay_corner:%.early.target} title {!!str Target}}} {!!map {metric {!!str clock.skew.skew_group:%.delay_corner:%.early.target_met} title {!!str {Target Met}}}} {!!map {metric {!!str clock.skew.skew_group:%.delay_corner:%.early.skew_band.*} group {!!str {Skew band}}}}}}}}}} hidden {!!true 1} title {!!str {Per group/corner (early)}}}}}} {!!map {clock_skew_late_detail {!!map {type {!!str collapse_header} nested {!!map {clock_skew_late_detail_t {!!map {type {!!str table} auto_hide {!!true 1} per_snapshot {!!true 1} key {!!map {{Skew Group | Corner} {!!str clock.skew.skew_group:*.delay_corner:*.late.total}}} ar_metric {!!seq {{!!map {metric {!!str clock.latency.skew_group:%.delay_corner:%.late.*} group {!!str Latency}}} {!!map {metric {!!str clock.skew.skew_group:%.delay_corner:%.late.total} title {!!str Total} group {!!str Skew}}} {!!map {metric {!!str clock.skew.skew_group:%.delay_corner:%.late.gate} title {!!str Gate} group {!!str Skew}}} {!!map {metric {!!str clock.skew.skew_group:%.delay_corner:%.late.wire} title {!!str Wire} group {!!str Skew}}} {!!map {metric {!!str clock.skew.skew_group:%.delay_corner:%.late.target} title {!!str Target} group {!!str Skew}}} {!!map {metric {!!str clock.skew.skew_group:%.delay_corner:%.late.target_met} title {!!str {Target Met}} group {!!str Skew}}} {!!map {metric {!!str clock.skew.skew_group:%.delay_corner:%.late.skew_band.*} group {!!str {Skew band}}}}}}}}}} hidden {!!true 1} title {!!str {Per group/corner (late)}}}}}} {!!map {cts_cpu {!!map {type {!!str header} title {!!str Runtime}}}}} {!!map {cts_cpu_t {!!map {type {!!str cpu}}}}}}}}} {!!map {Design {!!seq {{!!map {physical_physical {!!map {type {!!str header} title {!!str Physical}}}}} {!!map {physical_physical_t {!!map {type {!!str table} per_snapshot {!!true 1} ar_metric {!!seq {{!!map {metric {!!str design.density} title {!!str Density}}} {!!map {metric {!!str design.instances.logical} title {!!str {Logical instances}}}} {!!map {metric {!!str design.area.logical} title {!!str {Logical area}}}} {!!map {metric {!!str design.instances} title {!!str {Total instances}}}} {!!map {metric {!!str design.area} title {!!str {Total area}}}} {!!map {metric {!!str design.blockages.place.area} title {!!str {Blocked area}}}}}}}}}} {!!map {physical_physical_advanced {!!map {type {!!str header} title {!!str {}}}}}} {!!map {physical_physical_insts {!!map {type {!!str collapse_header} nested {!!map {physical_physical_insts_t {!!map {type {!!str table} auto_hide {!!true 1} per_snapshot {!!true 1} ar_metric {!!seq {{!!map {title {!!str { }} group {!!str {Standard Cell}} graph_type {!!str none} renderer {!!str histogram}}} {!!map {metric {!!str design.instances.register} title {!!str register} group {!!str {Standard Cell}}}} {!!map {metric {!!str design.instances.icg} title {!!str icg} group {!!str {Standard Cell}}}} {!!map {metric {!!str design.instances.latch} title {!!str latch} group {!!str {Standard Cell}}}} {!!map {metric {!!str design.instances.buffer} title {!!str buffer} group {!!str {Standard Cell}}}} {!!map {metric {!!str design.instances.inverter} title {!!str inverter} group {!!str {Standard Cell}}}} {!!map {metric {!!str design.instances.combinatorial} title {!!str combo} group {!!str {Standard Cell}}}} {!!map {metric {!!str design.instances.std_cell} title {!!str total} group {!!str {Total (SC)}}}} {!!map {metric {!!str design.instances.macro} title {!!str macro} group {!!str Other}}} {!!map {metric {!!str design.instances.physical} title {!!str physical} group {!!str Other}}} {!!map {metric {!!str design.instances.io} title {!!str io} group {!!str Other}}} {!!map {metric {!!str design.instances.blackbox} title {!!str blackbox} group {!!str Other}}} {!!map {metric {!!str design.instances.power_switch} title {!!str power_switch} group {!!str MSV}}} {!!map {metric {!!str design.instances.isolation} title {!!str isolation} group {!!str MSV}}} {!!map {metric {!!str design.instances.level_shifter} title {!!str level_shifter} group {!!str MSV}}} {!!map {metric {!!str design.instances.always_on} title {!!str always_on} group {!!str MSV}}} {!!map {metric {!!str design.instances} title {!!str total} group {!!str Total}}}}}}}}} hidden {!!true 1} title {!!str {Instances Detail}}}}}} {!!map {physical_physical_area {!!map {type {!!str collapse_header} nested {!!map {physical_physical_area_t {!!map {type {!!str table} auto_hide {!!true 1} per_snapshot {!!true 1} ar_metric {!!seq {{!!map {title {!!str { }} group {!!str {Standard Cell}} graph_type {!!str none} renderer {!!str histogram}}} {!!map {metric {!!str design.area.register} title {!!str register} group {!!str {Standard Cell}}}} {!!map {metric {!!str design.area.icg} title {!!str icg} group {!!str {Standard Cell}}}} {!!map {metric {!!str design.area.latch} title {!!str latch} group {!!str {Standard Cell}}}} {!!map {metric {!!str design.area.buffer} title {!!str buffer} group {!!str {Standard Cell}}}} {!!map {metric {!!str design.area.inverter} title {!!str inverter} group {!!str {Standard Cell}}}} {!!map {metric {!!str design.area.combinatorial} title {!!str combo} group {!!str {Standard Cell}}}} {!!map {metric {!!str design.area.std_cell} title {!!str total} group {!!str {Total (SC)}}}} {!!map {metric {!!str design.area.macro} title {!!str macro} group {!!str Other}}} {!!map {metric {!!str design.area.physical} title {!!str physical} group {!!str Other}}} {!!map {metric {!!str design.area.io} title {!!str io} group {!!str Other}}} {!!map {metric {!!str design.area.blackbox} title {!!str blackbox} group {!!str Other}}} {!!map {metric {!!str design.area.power_switch} title {!!str power_switch} group {!!str MSV}}} {!!map {metric {!!str design.area.isolation} title {!!str isolation} group {!!str MSV}}} {!!map {metric {!!str design.area.level_shifter} title {!!str level_shifter} group {!!str MSV}}} {!!map {metric {!!str design.area.always_on} title {!!str always_on} group {!!str MSV}}} {!!map {metric {!!str design.area} title {!!str total} group {!!str Total}}}}}}}}} hidden {!!true 1} title {!!str {Area Detail}}}}}} {!!map {physical_physical_multibit {!!map {type {!!str collapse_header} nested {!!map {physical_physical_multibit_t {!!map {type {!!str table} auto_hide {!!true 1} per_snapshot {!!true 1} ar_metric {!!seq {{!!map {metric {!!str design.multibit.*} group {!!str Multibit}}}}}}}}} hidden {!!true 1} title {!!str {Multibit Detail}}}}}} {!!map {physical_physical_vth {!!map {type {!!str collapse_header} nested {!!map {physical_per_vth_t {!!map {type {!!str table} auto_hide {!!true 1} per_snapshot {!!true 1} key {!!map {Group {!!str design.instances.vth:*}}} ar_metric {!!seq {{!!map {metric {!!str design.instances.vth:%} group {!!str Instances} title {!!str Total}}} {!!map {metric {!!str design.instances.vth:%.ratio} group {!!str Instances} title {!!str Ratio}}} {!!map {metric {!!str design.area.vth:%} group {!!str Area} title {!!str Total}}} {!!map {metric {!!str design.area.vth:%.ratio} group {!!str Area} title {!!str Ratio}}}}}}}}} hidden {!!true 1} title {!!str {Vth Detail}}}}}} {!!map {physical_physical_hinst {!!map {type {!!str collapse_header} nested {!!map {physical_per_hinst_t {!!map {type {!!str table} auto_hide {!!true 1} key {!!map {Block {!!str design.instances.hinst:*}}} ar_metric {!!seq {{!!map {metric {!!str design.instances.hinst:%} title {!!str Instances} graph_type {!!str treemap}}} {!!map {metric {!!str design.area.hinst:%} title {!!str Area} graph_type {!!str treemap}}}}} hierarchical_separator {!!str /}}}}} hidden {!!true 1} title {!!str Per-Block}}}}} {!!map {physical_check_place {!!map {type {!!str header} title {!!str {Check Place}}}}}} {!!map {physical_check_place_t {!!map {type {!!str vertical_table} auto_hide {!!true 1} per_snapshot {!!true 1} ar_metric {!!seq {{!!map {metric {!!str check.place.*}}}}}}}}} {!!map {physical_cpu {!!map {type {!!str header} title {!!str Runtime}}}}} {!!map {physical_cpu_t {!!map {type {!!str cpu}}}}}}}}} {!!map {Power {!!seq {{!!map {power_power {!!map {type {!!str header} title {!!str Power}}}}} {!!map {power_power_t {!!map {type {!!str table} per_snapshot {!!true 1} ar_metric {!!seq {{!!map {metric {!!str power} title {!!str Total} group {!!str {Whole Design}}}} {!!map {metric {!!str {^power\..*$}} title {!!str { }} group {!!str {Whole Design}} graph_type {!!str none} renderer {!!str histogram}}} {!!map {metric {!!str power.leakage} title {!!str Leakage} group {!!str {Whole Design}}}} {!!map {metric {!!str power.internal} title {!!str Internal} group {!!str {Whole Design}}}} {!!map {metric {!!str power.switching} title {!!str Switching} group {!!str {Whole Design}}}} {!!map {metric {!!str power.clock} title {!!str {Total Clock Power}}}}}}}}}} {!!map {power_advanced {!!map {type {!!str header} title {!!str {}}}}}} {!!map {power_leakage {!!map {type {!!str collapse_header} nested {!!map {power_leakage_t {!!map {type {!!str table} auto_hide {!!true 1} per_snapshot {!!true 1} ar_metric {!!seq {{!!map {metric {!!str power.leakage.type:*} group {!!str {Leakage Power Breakdown}}}}}}}}}} hidden {!!true 1} title {!!str {Leakage Details}}}}}} {!!map {power_internal {!!map {type {!!str collapse_header} nested {!!map {power_internal_t {!!map {type {!!str table} auto_hide {!!true 1} per_snapshot {!!true 1} ar_metric {!!seq {{!!map {metric {!!str power.internal.type:*} group {!!str {Internal Power Breakdown}}}}}}}}}} hidden {!!true 1} title {!!str {Internal Details}}}}}} {!!map {power_switching {!!map {type {!!str collapse_header} nested {!!map {power_switching_t {!!map {type {!!str table} auto_hide {!!true 1} per_snapshot {!!true 1} ar_metric {!!seq {{!!map {metric {!!str power.switching.type:*} group {!!str {Switching Power Breakdown}}}}}}}}}} hidden {!!true 1} title {!!str {Switching Details}}}}}} {!!map {power_per_block {!!map {type {!!str collapse_header} nested {!!map {power_per_block_t {!!map {type {!!str table} auto_hide {!!true 1} key {!!map {Block {!!str power.hinst:*}}} ar_metric {!!seq {{!!map {metric {!!str power.hinst:%} title {!!str Total} graph_type {!!str treemap}}} {!!map {metric {!!str power.switching.hinst:%} title {!!str Switching} graph_type {!!str treemap}}} {!!map {metric {!!str power.leakage.hinst:%} title {!!str Leakage} graph_type {!!str treemap}}} {!!map {metric {!!str power.internal.hinst:%} title {!!str Internal} graph_type {!!str treemap}}}}} hierarchical_separator {!!str /}}}}} hidden {!!true 1} title {!!str {Per Block}}}}}} {!!map {power_cpu {!!map {type {!!str header} title {!!str Runtime}}}}} {!!map {power_cpu_t {!!map {type {!!str cpu}}}}}}}}} {!!map {Route {!!seq {{!!map {route_route {!!map {type {!!str header} title {!!str Routing}}}}} {!!map {route_image {!!map {type {!!str image_plot} ar_metric {!!seq {{!!map {metric {!!str design.floorplan.image}}} {!!map {metric {!!str design.macro.image}}} {!!map {metric {!!str design.hotspot.image}}} {!!map {metric {!!str design.place.drc.image}}} {!!map {metric {!!str design.route.drc.image}}}}}}}}} {!!map {route_route_t {!!map {type {!!str table} per_snapshot {!!true 1} ar_metric {!!seq {{!!map {metric {!!str route.overflow.horizontal} title {!!str Hor} group {!!str Congestion}}} {!!map {metric {!!str route.overflow.vertical} title {!!str Ver} group {!!str Congestion}}} {!!map {metric {!!str design.congestion.hotspot.max} title {!!str Max} group {!!str Congestion}}} {!!map {metric {!!str design.congestion.hotspot.total} title {!!str Total} group {!!str Congestion}}} {!!map {metric {!!str route.map.*} group {!!str {Congestion Map}}}} {!!map {metric {!!str route.wirelength} title {!!str Wirelength}}} {!!map {metric {!!str route.via.singlecut} title {!!str Single} group {!!str Vias}}} {!!map {metric {!!str route.via.multicut} title {!!str Multi} group {!!str Vias}}} {!!map {metric {!!str route.via} title {!!str Total} group {!!str Vias}}} {!!map {metric {!!str route.shielding.*} group {!!str Shielding}}} {!!map {metric {!!str route.drc.antenna} title {!!str Antenna} group {!!str {Route DRC}}}} {!!map {metric {!!str route.drc} title {!!str Routing} group {!!str {Route DRC}}}} {!!map {metric {!!str check.drc.antenna} title {!!str Antenna} group {!!str {Check DRC}} link_file_metric {!!str check.antenna.report_file}}} {!!map {metric {!!str check.drc} title {!!str Routing} group {!!str {Check DRC}} link_file_metric {!!str check.drc.report_file}}}}}}}}} {!!map {route_advanced {!!map {type {!!str header} title {!!str {}}}}}} {!!map {route_overflow {!!map {type {!!str collapse_header} nested {!!map {route_overflow_t {!!map {type {!!str table} auto_hide {!!true 1} per_snapshot {!!true 1} ar_metric {!!seq {{!!map {metric {!!str route.overflow} title {!!str Total}}} {!!map {title {!!str { }} group {!!str Layer} graph_type {!!str none} renderer {!!str histogram}}} {!!map {metric {!!str route.overflow.layer:*} group {!!str Layer}}}}}}}}} hidden {!!true 1} title {!!str {Congestion Details}}}}}} {!!map {per_layer_drc {!!map {type {!!str collapse_header} nested {!!map {per_layer_drc_t {!!map {type {!!str table} auto_hide {!!true 1} per_snapshot {!!true 1} key {!!map {Tool {!!str *.drc}}} ar_metric {!!seq {{!!map {metric {!!str %.drc} title {!!str Total}}} {!!map {title {!!str { }} group {!!str Layer} graph_type {!!str none} renderer {!!str histogram}}} {!!map {metric {!!str %.drc.layer:*} group {!!str Layer}}}}} hide_footers {!!true 1} hide_graph_footers {!!true 1}}}}} hidden {!!true 1} title {!!str {Per Layer DRC}}}}}} {!!map {per_type_drc {!!map {type {!!str collapse_header} nested {!!map {per_type_drc_t {!!map {type {!!str vertical_table} auto_hide {!!true 1} key {!!map {Tool {!!str *.drc}}} ar_metric {!!seq {{!!map {metric {!!str %.drc} title {!!str Total}}} {!!map {title {!!str { }} group {!!str Type} graph_type {!!str none} renderer {!!str histogram}}} {!!map {metric {!!str %.drc.type:*} group {!!str Type}}}}} hide_footers {!!true 1} hide_graph_footers {!!true 1}}}}} hidden {!!true 1} title {!!str {Per Type DRC}}}}}} {!!map {per_layer_type {!!map {type {!!str collapse_header} nested {!!map {per_layer_type_t {!!map {type {!!str vertical_table} key {!!map {Tool {!!str *.drc} Layer {!!str route.drc.layer:*}}} ar_metric {!!seq {{!!map {metric {!!str %.drc.layer:%.type:*} group {!!str Type}}}}} hide_footers {!!true 1} hide_graph_footers {!!true 1}}}}} hidden {!!true 1} title {!!str {Per Layer & Type DRC}}}}}} {!!map {route_via {!!map {type {!!str collapse_header} nested {!!map {route_via_t {!!map {type {!!str table} auto_hide {!!true 1} per_snapshot {!!true 1} ar_metric {!!seq {{!!map {metric {!!str route.via.total} title {!!str Total} group {!!str Vias}}} {!!map {metric {!!str {^.*layer:.*$}} title {!!str { }} group {!!str Vias} graph_type {!!str none} renderer {!!str histogram}}} {!!map {metric {!!str route.via.layer:*} group {!!str Vias}}} {!!map {metric {!!str route.via.singlecut} title {!!str Total} group {!!str {Single Cut Vias}}}} {!!map {metric {!!str route.via.singlecut.percentage} title {!!str Percent} group {!!str {Single Cut Vias}}}} {!!map {metric {!!str {^.*layer:.*$}} title {!!str { }} group {!!str {Single Cut Vias}} graph_type {!!str none} renderer {!!str histogram}}} {!!map {metric {!!str route.via.singlecut.layer:*} group {!!str {Single Cut Vias}}}} {!!map {metric {!!str route.via.multicut} title {!!str Total} group {!!str {Multiple Cut Vias}}}} {!!map {metric {!!str route.via.multicut.percentage} title {!!str Percent} group {!!str {Multiple Cut Vias}}}} {!!map {metric {!!str {^.*layer:.*$}} title {!!str { }} group {!!str {Multiple Cut Vias}} graph_type {!!str none} renderer {!!str histogram}}} {!!map {metric {!!str route.via.multicut.layer:*} group {!!str {Multiple Cut Vias}}}}}}}}}} hidden {!!true 1} title {!!str {Via Details}}}}}} {!!map {rblkg {!!map {type {!!str collapse_header} nested {!!map {rblkg_t {!!map {type {!!str table} auto_hide {!!true 1} per_snapshot {!!true 1} ar_metric {!!seq {{!!map {metric {!!str design.blockages.route.area} title {!!str Total}}} {!!map {title {!!str { }} group {!!str Layer} graph_type {!!str none} renderer {!!str histogram}}} {!!map {metric {!!str design.blockages.route.area.layer:*} group {!!str Layer}}}}}}}}} hidden {!!true 1} title {!!str {Blockage Details}}}}}} {!!map {route_cpu {!!map {type {!!str header} title {!!str Runtime}}}}} {!!map {route_cpu_t {!!map {type {!!str cpu}}}}}}}}} {!!map {Flow {!!seq {{!!map {flow_log_flow {!!map {type {!!str header} title {!!str {Log and Flow Info}}}}}} {!!map {flow_log_flow_t {!!map {type {!!str table} per_snapshot {!!true 1} ar_metric {!!seq {{!!map {metric {!!str flow.user} title {!!str User}}} {!!map {metric {!!str flow.log} title {!!str {Log File}} link_file_metric {!!str flow.log}}} {!!map {metric {!!str flow.run_directory} title {!!str {Run Dir}}}} {!!map {metric {!!str flow.run_tag} title {!!str {Run Tag}}}} {!!map {metric {!!str flow.step.tcl} title {!!str {Step TCL}}}}}} hide_footers {!!true 1} hide_graph_footers {!!true 1}}}}} {!!map {flow_config {!!map {type {!!str header} title {!!str {Non-Default Root Config Options}}}}}} {!!map {flow_config_t {!!map {type {!!str dict_table} metric {!!map {metric {!!str flow.root_config}}}}}}} {!!map {flow_cpu {!!map {type {!!str header} title {!!str Runtime}}}}} {!!map {flow_machine_t {!!map {type {!!str vertical_table} hide_footers {!!true 1} hide_graph_footers {!!true 1} ar_metric {!!seq {{!!map {metric {!!str flow.machine.hostname} title {!!str Host}}} {!!map {metric {!!str flow.machine.cpu.model} title {!!str Model}}} {!!map {metric {!!str flow.machine.cpu.frequency} title {!!str Cpu}}} {!!map {metric {!!str flow.machine.cpu.number} title {!!str Cpus}}} {!!map {metric {!!str flow.machine.os} title {!!str OS}}} {!!map {metric {!!str flow.machine.memory.free} title {!!str Free} group {!!str Memory}}} {!!map {metric {!!str flow.machine.memory.total} title {!!str Total} group {!!str Memory}}} {!!map {metric {!!str flow.machine.swap.free} title {!!str Free} group {!!str Swap}}} {!!map {metric {!!str flow.machine.swap.total} title {!!str Total} group {!!str Swap}}}}}}}}} {!!map {flow_runtime_t {!!map {type {!!str table} per_snapshot {!!true 1} ar_metric {!!seq {{!!map {metric {!!str flow.cputime} title {!!str CPU} group {!!str Runtime}}} {!!map {metric {!!str flow.cputime.total} title {!!str {Total CPU}} group {!!str Runtime}}} {!!map {metric {!!str flow.realtime} title {!!str Wall} group {!!str Runtime}}} {!!map {metric {!!str flow.realtime.total} title {!!str {Total Wall}} group {!!str Runtime}}} {!!map {metric {!!str flow.machine.load} title {!!str Load} group {!!str Machine}}} {!!map {metric {!!str flow.memory} title {!!str Resi+Virtual} group {!!str Memory}}} {!!map {metric {!!str flow.memory.resident} title {!!str Resi} group {!!str Memory}}} {!!map {metric {!!str flow.memory.resident.peak} title {!!str {Peak Resi}} group {!!str Memory}}}}}}}}} {!!map {flow_cpu_t {!!map {type {!!str cpu}}}}}}}}}}}} excel {HUDDLE {!!seq {{!!map {Summary {!!seq {{!!map {summary_flow {!!map {type {!!str header} title {!!str {}}}}}} {!!map {summary_flow_t {!!map {type {!!str vertical_table} auto_hide {!!true 1} ar_metric {!!seq {{!!map {metric {!!str design.name} title {!!str Design}}} {!!map {metric {!!str flow.tool_list} title {!!str Tools}}} {!!map {metric {!!str flow.template.type} title {!!str Flow}}} {!!map {metric {!!str flow.template.feature_enabled} title {!!str {Enabled features}}}} {!!map {metric {!!str flow.run_tag} title {!!str Tag}}} {!!map {metric {!!str flow.machine} title {!!str {Run host}}}} {!!map {metric {!!str flow.run_directory} title {!!str {Run directory}}}} {!!map {metric {!!str flow.last_child_snapshot} title {!!str {Last step}}}}}}}}}} {!!map {summary_qor {!!map {type {!!str header} title {!!str {Stylus QOR summary}}}}}} {!!map {summary_qor_t {!!map {type {!!str table} per_snapshot {!!true 1} ar_metric {!!seq {{!!map {metric {!!str timing.setup.wns} title {!!str WNS} group {!!str {Setup (all)}} navigation {!!map {view {!!str default_timing} tab {!!str Timing}}}}} {!!map {metric {!!str timing.setup.tns} title {!!str TNS} group {!!str {Setup (all)}} navigation {!!map {view {!!str default_timing} tab {!!str Timing}}}}} {!!map {metric {!!str timing.setup.feps} title {!!str FEPS} group {!!str {Setup (all)}}}} {!!map {metric {!!str timing.setup.wns.path_group:reg2reg} title {!!str WNS} group {!!str {Setup (reg2reg)}} navigation {!!map {view {!!str default_timing} tab {!!str Timing}}}}} {!!map {metric {!!str timing.setup.tns.path_group:reg2reg} title {!!str TNS} group {!!str {Setup (reg2reg)}} navigation {!!map {view {!!str default_timing} tab {!!str Timing}}}}} {!!map {metric {!!str timing.setup.feps.path_group:reg2reg} title {!!str FEPS} group {!!str {Setup (reg2reg)}}}} {!!map {metric {!!str timing.hold.wns} title {!!str WNS} group {!!str {Hold (all)}} navigation {!!map {view {!!str default_timing} tab {!!str Timing}}}}} {!!map {metric {!!str timing.hold.tns} title {!!str TNS} group {!!str {Hold (all)}} navigation {!!map {view {!!str default_timing} tab {!!str Timing}}}}} {!!map {metric {!!str timing.hold.feps} title {!!str FEPS} group {!!str {Hold (all)}}}} {!!map {metric {!!str timing.hold.wns.path_group:reg2reg} title {!!str WNS} group {!!str {Hold (reg2reg)}} navigation {!!map {view {!!str default_timing} tab {!!str Timing}}}}} {!!map {metric {!!str timing.hold.tns.path_group:reg2reg} title {!!str TNS} group {!!str {Hold (reg2reg)}} navigation {!!map {view {!!str default_timing} tab {!!str Timing}}}}} {!!map {metric {!!str timing.hold.feps.path_group:reg2reg} title {!!str FEPS} group {!!str {Hold (reg2reg)}}}} {!!map {metric {!!str timing.drv.max_tran.total} title {!!str Tran} group {!!str DRV} link_file_metric {!!str timing.drv.report_file}}} {!!map {metric {!!str timing.drv.max_cap.total} title {!!str Load} group {!!str DRV} link_file_metric {!!str timing.drv.report_file}}} {!!map {metric {!!str timing.drv.max_fanout.total} title {!!str Fanout} group {!!str DRV} link_file_metric {!!str timing.drv.report_file}}} {!!map {metric {!!str clock.instances.total} title {!!str Insts} group {!!str Clock} link_table {!!str clock_phys}}} {!!map {metric {!!str clock.area.total} title {!!str Area} group {!!str Clock} link_table {!!str clock_phys}}} {!!map {metric {!!str design.density} title {!!str Density} group {!!str Design}}} {!!map {metric {!!str design.instances.logical} title {!!str Insts} group {!!str Design} link_table {!!str physical_physical}}} {!!map {metric {!!str design.area.logical} title {!!str Area} group {!!str Design} link_table {!!str physical_physical}}} {!!map {metric {!!str power.leakage} title {!!str Leakage} group {!!str Power} link_table {!!str power_power}}} {!!map {metric {!!str route.drc} title {!!str DRC} group {!!str Route} link_table {!!str route_route}}} {!!map {metric {!!str route.wirelength} title {!!str WL} group {!!str Route} link_table {!!str route_route}}} {!!map {metric {!!str messages} title {!!str Errors} group {!!str Tool}}} {!!map {metric {!!str flow.realtime} title {!!str Wall} group {!!str Tool} link_table {!!str flow_cpu}}} {!!map {metric {!!str flow.memory} title {!!str Memory} group {!!str Tool} link_table {!!str flow_cpu}}}}}}}}}}}}} {!!map {Timing {!!seq {{!!map {timing_setup {!!map {type {!!str header} title {!!str {Setup Timing}}}}}} {!!map {timing_setup_t {!!map {type {!!str table} per_snapshot {!!true 1} key {!!map {Group {!!str timing.setup.wns.path_group:*} View {!!str timing.setup.wns.analysis_view:*}}} collapsible_key {!!true 1} ar_metric {!!seq {{!!map {metric {!!str timing.setup.wns.path_group:%.analysis_view:%} title {!!str WNS} navigation {!!map {view {!!str default_timing} tab {!!str Timing}}}}} {!!map {metric {!!str timing.setup.tns.path_group:%.analysis_view:%} title {!!str TNS} navigation {!!map {view {!!str default_timing} tab {!!str Timing}}}}} {!!map {metric {!!str timing.setup.feps.path_group:%.analysis_view:%} title {!!str FEPS}}}}}}}}} {!!map {timing_hold {!!map {type {!!str header} title {!!str {Hold Timing}}}}}} {!!map {timing_hold_t {!!map {type {!!str table} per_snapshot {!!true 1} key {!!map {Group {!!str timing.hold.wns.path_group:*} View {!!str timing.hold.wns.analysis_view:*}}} collapsible_key {!!true 1} ar_metric {!!seq {{!!map {metric {!!str timing.hold.wns.path_group:%.analysis_view:%} title {!!str WNS} navigation {!!map {view {!!str default_timing} tab {!!str Timing}}}}} {!!map {metric {!!str timing.hold.tns.path_group:%.analysis_view:%} title {!!str TNS} navigation {!!map {view {!!str default_timing} tab {!!str Timing}}}}} {!!map {metric {!!str timing.hold.feps.path_group:%.analysis_view:%} title {!!str FEPS}}}}}}}}} {!!map {timing_drv {!!map {type {!!str header} title {!!str {Design Rule Violations}}}}}} {!!map {timing_drv_t {!!map {type {!!str table} per_snapshot {!!true 1} ar_metric {!!seq {{!!map {metric {!!str timing.drv.max_tran.total} title {!!str Total} group {!!str Tran}}} {!!map {metric {!!str timing.drv.max_tran.worst} title {!!str Worst} group {!!str Tran} link_file_metric {!!str timing.drv.report_file}}} {!!map {metric {!!str timing.drv.max_cap.total} title {!!str Total} group {!!str Cap}}} {!!map {metric {!!str timing.drv.max_cap.worst} title {!!str Worst} group {!!str Cap}}} {!!map {metric {!!str timing.drv.max_fanout.total} title {!!str Total} group {!!str Fanout}}} {!!map {metric {!!str timing.drv.max_fanout.worst} title {!!str Worst} group {!!str Fanout}}} {!!map {metric {!!str timing.drv.max_length.total} title {!!str Total} group {!!str Length}}} {!!map {metric {!!str timing.drv.max_length.worst} title {!!str Worst} group {!!str Length}}} {!!map {metric {!!str timing.si.glitches} title {!!str Glitches} group {!!str SI}}} {!!map {metric {!!str timing.si.noise} title {!!str Noise} group {!!str SI}}}}}}}}}}}}} {!!map {Clock {!!seq {{!!map {clock_phys {!!map {type {!!str header} title {!!str Physical}}}}} {!!map {clock_phys_t {!!map {type {!!str table} per_snapshot {!!true 1} ar_metric {!!seq {{!!map {metric {!!str clock.instances.total} title {!!str #Total} group {!!str Instances}}} {!!map {metric {!!str {^.*\.(?!total$)[^\.]+$}} title {!!str { }} group {!!str Instances} graph_type {!!str none} renderer {!!str histogram}}} {!!map {metric {!!str clock.instances.buffer} title {!!str #Buffers} group {!!str Instances}}} {!!map {metric {!!str clock.instances.inverter} title {!!str #Inverters} group {!!str Instances}}} {!!map {metric {!!str clock.instances.clkgate} title {!!str {#Clock Gates}} group {!!str Instances}}} {!!map {metric {!!str clock.instances.nonicg} title {!!str {#Non Integrated}} group {!!str Instances}}} {!!map {metric {!!str clock.instances.logic} title {!!str #Logic} group {!!str Instances}}} {!!map {metric {!!str clock.area.total} title {!!str Total} group {!!str Area}}} {!!map {metric {!!str {^.*\.(?!total$)[^\.]+$}} title {!!str { }} group {!!str Area} graph_type {!!str none} renderer {!!str histogram}}} {!!map {metric {!!str clock.area.buffer} title {!!str Buffers} group {!!str Area}}} {!!map {metric {!!str clock.area.inverter} title {!!str Inverters} group {!!str Area}}} {!!map {metric {!!str clock.area.clkgate} title {!!str {Clock Gates}} group {!!str Area}}} {!!map {metric {!!str clock.area.nonicg} title {!!str {Non Integrated}} group {!!str Area}}} {!!map {metric {!!str clock.area.logic} title {!!str Logic} group {!!str Area}}} {!!map {metric {!!str clock.nets.length.total} title {!!str {Tot Clk Net Length}} group {!!str Nets}}}}}}}}} {!!map {clock_phys_cap {!!map {type {!!str header} title {!!str {}}}}}} {!!map {clock_phys_cap_t {!!map {type {!!str table} per_snapshot {!!true 1} ar_metric {!!seq {{!!map {title {!!str { }} group {!!str Wire} graph_type {!!str none} renderer {!!str histogram}}} {!!map {metric {!!str clock.capacitance.wire.top} title {!!str Top} group {!!str Wire}}} {!!map {metric {!!str clock.capacitance.wire.trunk} title {!!str Trunk} group {!!str Wire}}} {!!map {metric {!!str clock.capacitance.wire.leaf} title {!!str Leaf} group {!!str Wire}}} {!!map {title {!!str { }} group {!!str Gate} graph_type {!!str none} renderer {!!str histogram}}} {!!map {metric {!!str clock.capacitance.gate.top} title {!!str Top} group {!!str Gate}}} {!!map {metric {!!str clock.capacitance.gate.trunk} title {!!str Trunk} group {!!str Gate}}} {!!map {metric {!!str clock.capacitance.gate.leaf} title {!!str Leaf} group {!!str Gate}}} {!!map {title {!!str { }} group {!!str Total} graph_type {!!str none} renderer {!!str histogram}}} {!!map {metric {!!str clock.capacitance.total.top} title {!!str Top} group {!!str Total}}} {!!map {metric {!!str clock.capacitance.total.trunk} title {!!str Trunk} group {!!str Total}}} {!!map {metric {!!str clock.capacitance.total.leaf} title {!!str Leaf} group {!!str Total}}} {!!map {metric {!!str clock.capacitance.sink.*} group {!!str Sink}}}}}}}}} {!!map {clock_drv {!!map {type {!!str header} title {!!str DRV}}}}} {!!map {clock_drv_t {!!map {type {!!str table} per_snapshot {!!true 1} ar_metric {!!seq {{!!map {metric {!!str {clock.drv.nets.remaining transition.count}} title {!!str Count} group {!!str {Remaining Transition}}}} {!!map {metric {!!str {clock.drv.nets.remaining transition.max}} title {!!str Max} group {!!str {Remaining Transition}}}} {!!map {metric {!!str {clock.drv.nets.unfixable transition.count}} title {!!str Count} group {!!str {Unfixable Transition}}}} {!!map {metric {!!str {clock.drv.nets.unfixable transition.max}} title {!!str Max} group {!!str {Unfixable Transition}}}} {!!map {metric {!!str clock.drv.nets.capacitance.count} title {!!str Count} group {!!str Capacitance}}} {!!map {metric {!!str clock.drv.nets.capacitance.max} title {!!str Max} group {!!str Capacitance}}} {!!map {metric {!!str clock.drv.nets.resistance.count} title {!!str Count} group {!!str Resistance}}} {!!map {metric {!!str clock.drv.nets.resistance.max} title {!!str Max} group {!!str Resistance}}} {!!map {metric {!!str clock.drv.nets.length.count} title {!!str Count} group {!!str Length}}} {!!map {metric {!!str clock.drv.nets.length.max} title {!!str Max} group {!!str Length}}} {!!map {metric {!!str clock.drv.nets.fanout.count} title {!!str Count} group {!!str Fanout}}} {!!map {metric {!!str clock.drv.nets.fanout.max} title {!!str Max} group {!!str Fanout}}}}}}}}} {!!map {clock_drv_tran_tar {!!map {type {!!str header} title {!!str Transition}}}}} {!!map {clock_drv_tran_tar_t {!!map {type {!!str table} auto_hide {!!true 1} ar_metric {!!seq {{!!map {metric {!!str clock.transition.target.primary_half_corner.top.*} group {!!str {Top Transition Target Stats}}}} {!!map {metric {!!str clock.transition.target.primary_half_corner.trunk.*} group {!!str {Trunk Transition Target Stats}}}} {!!map {metric {!!str clock.transition.target.primary_half_corner.leaf.*} group {!!str {Leaf Transition Target Stats}}}}}}}}}} {!!map {clock_skew {!!map {type {!!str header} title {!!str Latency/Skew}}}}} {!!map {clock_skew_t {!!map {type {!!str table} auto_hide {!!true 1} per_snapshot {!!true 1} ar_metric {!!seq {{!!map {metric {!!str clock.latency.primary_reporting_skew_group.primary_half_corner.*} group {!!str Latency}}} {!!map {metric {!!str clock.skew.primary_reporting_skew_group.primary_half_corner.*} group {!!str Skew}}} {!!map {metric {!!str clock.skew.primary_reporting_skew_group.primary_half_corner.skew_band.*} group {!!str {Skew Band}}}}}}}}}}}}}} {!!map {Design {!!seq {{!!map {physical_physical {!!map {type {!!str header} title {!!str Physical}}}}} {!!map {physical_physical_t {!!map {type {!!str table} per_snapshot {!!true 1} ar_metric {!!seq {{!!map {metric {!!str design.density} title {!!str Density}}} {!!map {metric {!!str design.instances.logical} title {!!str {Logical instances}}}} {!!map {metric {!!str design.area.logical} title {!!str {Logical area}}}} {!!map {metric {!!str design.instances} title {!!str {Total instances}}}} {!!map {metric {!!str design.area} title {!!str {Total area}}}} {!!map {metric {!!str design.blockages.place.area} title {!!str {Blocked area}}}}}}}}}} {!!map {physical_check_place {!!map {type {!!str header} title {!!str {Check Place}}}}}} {!!map {physical_check_place_t {!!map {type {!!str vertical_table} auto_hide {!!true 1} per_snapshot {!!true 1} ar_metric {!!seq {{!!map {metric {!!str check.place.*}}}}}}}}}}}}} {!!map {Power {!!seq {{!!map {power_power {!!map {type {!!str header} title {!!str Power}}}}} {!!map {power_power_t {!!map {type {!!str table} per_snapshot {!!true 1} ar_metric {!!seq {{!!map {metric {!!str power} title {!!str Total} group {!!str {Whole Design}}}} {!!map {metric {!!str {^power\..*$}} title {!!str { }} group {!!str {Whole Design}} graph_type {!!str none} renderer {!!str histogram}}} {!!map {metric {!!str power.leakage} title {!!str Leakage} group {!!str {Whole Design}}}} {!!map {metric {!!str power.internal} title {!!str Internal} group {!!str {Whole Design}}}} {!!map {metric {!!str power.switching} title {!!str Switching} group {!!str {Whole Design}}}} {!!map {metric {!!str power.clock} title {!!str {Total Clock Power}}}}}}}}}}}}}} {!!map {Route {!!seq {{!!map {route_route {!!map {type {!!str header} title {!!str Routing}}}}} {!!map {route_route_t {!!map {type {!!str table} per_snapshot {!!true 1} ar_metric {!!seq {{!!map {metric {!!str route.overflow.horizontal} title {!!str Hor} group {!!str Congestion}}} {!!map {metric {!!str route.overflow.vertical} title {!!str Ver} group {!!str Congestion}}} {!!map {metric {!!str design.congestion.hotspot.max} title {!!str Max} group {!!str Congestion}}} {!!map {metric {!!str design.congestion.hotspot.total} title {!!str Total} group {!!str Congestion}}} {!!map {metric {!!str route.map.*} group {!!str {Congestion Map}}}} {!!map {metric {!!str route.wirelength} title {!!str Wirelength}}} {!!map {metric {!!str route.via.singlecut} title {!!str Single} group {!!str Vias}}} {!!map {metric {!!str route.via.multicut} title {!!str Multi} group {!!str Vias}}} {!!map {metric {!!str route.via} title {!!str Total} group {!!str Vias}}} {!!map {metric {!!str route.drc.antenna} title {!!str Antenna} group {!!str {Route DRC}}}} {!!map {metric {!!str route.drc} title {!!str Total} group {!!str {Route DRC}}}} {!!map {metric {!!str route.shielding.*} group {!!str {Shielding Nets}}}} {!!map {metric {!!str check.drc.antenna} title {!!str Antenna} group {!!str {Check DRC}} link_file_metric {!!str check.antenna.report_file}}} {!!map {metric {!!str check.drc} title {!!str Total} group {!!str {Check DRC}} link_file_metric {!!str check.drc.report_file}}}}}}}}}}}}} {!!map {Flow {!!seq {{!!map {flow_log_flow {!!map {type {!!str header} title {!!str {Log and Flow Info}}}}}} {!!map {flow_log_flow_t {!!map {type {!!str table} per_snapshot {!!true 1} ar_metric {!!seq {{!!map {metric {!!str flow.user} title {!!str User}}} {!!map {metric {!!str flow.log} title {!!str {Log File}} link_file_metric {!!str flow.log}}} {!!map {metric {!!str flow.run_directory} title {!!str {Run Dir}}}} {!!map {metric {!!str flow.run_tag} title {!!str {Run Tag}}}} {!!map {metric {!!str flow.step.tcl} title {!!str {Step TCL}}}}}} hide_footers {!!true 1} hide_graph_footers {!!true 1}}}}} {!!map {flow_cpu {!!map {type {!!str header} title {!!str Runtime}}}}} {!!map {flow_machine_t {!!map {type {!!str vertical_table} hide_footers {!!true 1} hide_graph_footers {!!true 1} ar_metric {!!seq {{!!map {metric {!!str flow.machine.hostname} title {!!str Host}}} {!!map {metric {!!str flow.machine.cpu.model} title {!!str Model}}} {!!map {metric {!!str flow.machine.cpu.frequency} title {!!str Cpu}}} {!!map {metric {!!str flow.machine.cpu.number} title {!!str Cpus}}} {!!map {metric {!!str flow.machine.os} title {!!str OS}}} {!!map {metric {!!str flow.machine.memory.free} title {!!str Free} group {!!str Memory}}} {!!map {metric {!!str flow.machine.memory.total} title {!!str Total} group {!!str Memory}}} {!!map {metric {!!str flow.machine.swap.free} title {!!str Free} group {!!str Swap}}} {!!map {metric {!!str flow.machine.swap.total} title {!!str Total} group {!!str Swap}}}}}}}}} {!!map {flow_runtime_t {!!map {type {!!str table} per_snapshot {!!true 1} ar_metric {!!seq {{!!map {metric {!!str flow.cputime} title {!!str CPU} group {!!str Runtime}}} {!!map {metric {!!str flow.cputime.total} title {!!str {Total CPU}} group {!!str Runtime}}} {!!map {metric {!!str flow.realtime} title {!!str Wall} group {!!str Runtime}}} {!!map {metric {!!str flow.realtime.total} title {!!str {Total Wall}} group {!!str Runtime}}} {!!map {metric {!!str flow.memory} title {!!str Resi+Virtual} group {!!str Memory}}} {!!map {metric {!!str flow.memory.resident} title {!!str Resident} group {!!str Memory}}} {!!map {metric {!!str flow.memory.resident.peak} title {!!str {Peak Resident}} group {!!str Memory}}}}}}}}}}}}}}}} text {HUDDLE {!!seq {{!!map {{} {!!seq {{!!map {summary_qor_t {!!map {type {!!str table} per_snapshot {!!true 1} ar_metric {!!seq {{!!map {metric {!!str timing.setup.wns} title {!!str WNS}}} {!!map {metric {!!str timing.setup.tns} title {!!str TNS}}} {!!map {metric {!!str timing.setup.feps} title {!!str FEPS}}} {!!map {metric {!!str timing.setup.wns.path_group:reg2reg} title {!!str WNS(R)}}} {!!map {metric {!!str timing.setup.tns.path_group:reg2reg} title {!!str TNS(R)}}} {!!map {metric {!!str timing.setup.feps.path_group:reg2reg} title {!!str FEPS(R)}}} {!!map {metric {!!str timing.drv.max_tran.total} title {!!str DRV(T)}}} {!!map {metric {!!str timing.drv.max_cap.total} title {!!str DRV(C)}}} {!!map {metric {!!str power.leakage} title {!!str Power(L)}}} {!!map {metric {!!str design.density} title {!!str Density}}} {!!map {metric {!!str design.instances.logical} title {!!str Insts}}} {!!map {metric {!!str design.area.logical} title {!!str Area}}} {!!map {metric {!!str route.drc} title {!!str DRC}}} {!!map {metric {!!str flow.realtime} title {!!str Wall}}}}}}}}}}}}}}}}}
<CMD> set pegDefaultResScaleFactor 1
<CMD> set pegDetailResScaleFactor 1
<CMD> set pegEnableDualViewForTQuantus 1
<CMD> get_message -id GLOBAL-100 -suppress
<CMD> get_message -id GLOBAL-100 -suppress
<CMD> set report_inactive_arcs_format {from to when arc_type sense reason}
<CMD> set spgUnflattenIlmInCheckPlace 2
<CMD> get_message -id GLOBAL-100 -suppress
<CMD> get_message -id GLOBAL-100 -suppress
<CMD> set timing_aocv_efficient_accurate_mode 1
**WARN: (IMPUDM-33):	Global variable "timing_aocv_enable_gba_combine_launch_capture" is obsolete and will be removed in a future release. The obsolete variable still works in this release, but to avoid this warning and to ensure compatibility with future releases, remove the obsolete variable from your script.
<CMD> get_message -id GLOBAL-100 -suppress
<CMD> unsuppressMessage -silent GLOBAL-100
**WARN: (IMPUDM-33):	Global variable "timing_aocv_enable_gba_combine_launch_capture" is obsolete and will be removed in a future release. The obsolete variable still works in this release, but to avoid this warning and to ensure compatibility with future releases, remove the obsolete variable from your script.
<CMD> get_message -id GLOBAL-100 -suppress
<CMD> unsuppressMessage -silent GLOBAL-100
<CMD> set timing_aocv_enable_gba_combine_launch_capture 1
<CMD> get_message -id GLOBAL-100 -suppress
<CMD> get_message -id GLOBAL-100 -suppress
<CMD> set timing_clock_root_frequency_compatibility 1
<CMD> get_message -id GLOBAL-100 -suppress
<CMD> get_message -id GLOBAL-100 -suppress
<CMD> set timing_constraint_efficient_lib_pin 1
<CMD> get_message -id GLOBAL-100 -suppress
<CMD> get_message -id GLOBAL-100 -suppress
<CMD> set timing_constraint_enable_add_brackets_name 0
<CMD> get_message -id GLOBAL-100 -suppress
<CMD> get_message -id GLOBAL-100 -suppress
<CMD> set timing_constraint_enable_efficient_all_register_flow 1
<CMD> get_message -id GLOBAL-100 -suppress
<CMD> get_message -id GLOBAL-100 -suppress
<CMD> set timing_constraint_enable_efficient_mode 1
<CMD> get_message -id GLOBAL-100 -suppress
<CMD> get_message -id GLOBAL-100 -suppress
<CMD> set timing_constraint_enable_efficient_timing_update 1
<CMD> get_message -id GLOBAL-100 -suppress
<CMD> get_message -id GLOBAL-100 -suppress
<CMD> set timing_constraint_enable_multi_thread_timing_update 1
<CMD> get_message -id GLOBAL-100 -suppress
<CMD> get_message -id GLOBAL-100 -suppress
<CMD> set timing_constraint_enable_property_keywords_with_filter_expression 1
<CMD> get_message -id GLOBAL-100 -suppress
<CMD> get_message -id GLOBAL-100 -suppress
<CMD> set timing_constraint_ignore_invalid_objects_for_drv 1
<CMD> get_message -id GLOBAL-100 -suppress
<CMD> get_message -id GLOBAL-100 -suppress
<CMD> set timing_constraint_mmmc_get_lib_objects_reset 1
<CMD> get_message -id GLOBAL-100 -suppress
<CMD> get_message -id GLOBAL-100 -suppress
<CMD> set timing_disable_backward_compatible_hierarchical_context_latch_thru_mode 1
<CMD> get_message -id GLOBAL-100 -suppress
<CMD> get_message -id GLOBAL-100 -suppress
<CMD> set timing_disable_backward_compatible_save_restore_flow 1
<CMD> get_message -id GLOBAL-100 -suppress
<CMD> get_message -id GLOBAL-100 -suppress
<CMD> set timing_disable_backward_compatible_ssi_derate_mode 1
<CMD> get_message -id GLOBAL-100 -suppress
<CMD> get_message -id GLOBAL-100 -suppress
<CMD> set timing_disable_efficient_derate_mode 1
**WARN: (IMPUDM-33):	Global variable "timing_enable_backward_compatible_latch_thru_mt_mode" is obsolete and will be removed in a future release. The obsolete variable still works in this release, but to avoid this warning and to ensure compatibility with future releases, remove the obsolete variable from your script.
<CMD> get_message -id GLOBAL-100 -suppress
<CMD> unsuppressMessage -silent GLOBAL-100
**WARN: (IMPUDM-33):	Global variable "timing_enable_backward_compatible_latch_thru_mt_mode" is obsolete and will be removed in a future release. The obsolete variable still works in this release, but to avoid this warning and to ensure compatibility with future releases, remove the obsolete variable from your script.
<CMD> get_message -id GLOBAL-100 -suppress
<CMD> unsuppressMessage -silent GLOBAL-100
<CMD> set timing_enable_backward_compatible_latch_thru_mt_mode 0
<CMD> get_message -id GLOBAL-100 -suppress
**WARN: (GLOBAL-100):	Global 'timing_enable_backward_compatible_mmmc_mode' has become obsolete. It will be removed in the next release.
<CMD> get_message -id GLOBAL-100 -suppress
**WARN: (GLOBAL-100):	Global 'timing_enable_backward_compatible_mmmc_mode' has become obsolete. It will be removed in the next release.
<CMD> set timing_enable_backward_compatible_mmmc_mode 0
<CMD> get_message -id GLOBAL-100 -suppress
<CMD> get_message -id GLOBAL-100 -suppress
<CMD> set timing_enable_efficient_unconstrained_report_timing 1
<CMD> get_message -id GLOBAL-100 -suppress
<CMD> get_message -id GLOBAL-100 -suppress
<CMD> set timing_enable_get_objects_vertical_filtering_auto_batch_mode 1
<CMD> get_message -id GLOBAL-100 -suppress
<CMD> get_message -id GLOBAL-100 -suppress
<CMD> set timing_enable_latch_borrow_mode_for_si_snalysis 1
<CMD> get_message -id GLOBAL-100 -suppress
<CMD> get_message -id GLOBAL-100 -suppress
<CMD> set timing_enable_multi_threaded_reporting 1
<CMD> get_message -id GLOBAL-100 -suppress
<CMD> get_message -id GLOBAL-100 -suppress
<CMD> set timing_enable_new_power_view_mode 1
<CMD> get_message -id GLOBAL-100 -suppress
<CMD> get_message -id GLOBAL-100 -suppress
<CMD> get_message -id GLOBAL-100 -suppress
<CMD> get_message -id GLOBAL-100 -suppress
<CMD> set timing_enable_view_based_tlatch_mode 1
<CMD> get_message -id GLOBAL-100 -suppress
<CMD> get_message -id GLOBAL-100 -suppress
<CMD> set timing_enable_warning_on_partially_search_failure 1
<CMD> get_message -id GLOBAL-100 -suppress
<CMD> get_message -id GLOBAL-100 -suppress
<CMD> set timing_extract_model_clock_style_backward_compatible 0
<CMD> get_message -id GLOBAL-100 -suppress
<CMD> get_message -id GLOBAL-100 -suppress
<CMD> set timing_extract_model_d2d_check_as_non_seq_check 1
<CMD> get_message -id GLOBAL-100 -suppress
<CMD> get_message -id GLOBAL-100 -suppress
<CMD> set timing_extract_model_disable_3d_arcs 1
<CMD> get_message -id GLOBAL-100 -suppress
<CMD> get_message -id GLOBAL-100 -suppress
<CMD> set timing_extract_model_improved_waveform_cache 1
<CMD> get_message -id GLOBAL-100 -suppress
<CMD> get_message -id GLOBAL-100 -suppress
<CMD> set timing_extract_model_internal_power_ground_rails 1
<CMD> get_message -id GLOBAL-100 -suppress
<CMD> get_message -id GLOBAL-100 -suppress
<CMD> set timing_extract_model_invalidate_auto_validation 1
<CMD> get_message -id GLOBAL-100 -suppress
<CMD> get_message -id GLOBAL-100 -suppress
<CMD> set timing_extract_model_validate_unconstrained_paths 1
<CMD> get_message -id GLOBAL-100 -suppress
<CMD> get_message -id GLOBAL-100 -suppress
<CMD> set timing_extract_model_write_asymmetric_lvf 1
<CMD> get_message -id GLOBAL-100 -suppress
<CMD> get_message -id GLOBAL-100 -suppress
<CMD> set timing_ipd_ignore_internal_pin_voltage_crossings 1
<CMD> set timing_library_ca_derate_data_consistency 0
<CMD> set timing_library_derate_thermal_lower_bound -2.14748e+09
<CMD> set timing_library_derate_thermal_upper_bound 2.14748e+09
<CMD> set timing_library_refactor_db_arc_processing 1
<CMD> set timing_library_refactor_db_arc_processing3 1
<CMD> get_message -id GLOBAL-100 -suppress
<CMD> get_message -id GLOBAL-100 -suppress
<CMD> set timing_path_based_enable_high_slack_threshold 1e+30
<CMD> get_message -id GLOBAL-100 -suppress
<CMD> get_message -id GLOBAL-100 -suppress
<CMD> set timing_path_based_override_distance 1e+30
<CMD> get_message -id GLOBAL-100 -suppress
<CMD> get_message -id GLOBAL-100 -suppress
<CMD> set timing_pba_coverage_mode_depth_limit 10
<CMD> get_message -id GLOBAL-100 -suppress
<CMD> get_message -id GLOBAL-100 -suppress
<CMD> set timing_remove_data_path_pessimism_min_slack_threshold -1.70141e+38
<CMD> get_message -id GLOBAL-100 -suppress
<CMD> get_message -id GLOBAL-100 -suppress
<CMD> set timing_report_all_fanout_fanin_bit_based_node_coloring 1
<CMD> get_message -id GLOBAL-100 -suppress
<CMD> get_message -id GLOBAL-100 -suppress
<CMD> set timing_report_backward_compatible_to_adjust 0
<CMD> get_message -id GLOBAL-100 -suppress
<CMD> get_message -id GLOBAL-100 -suppress
<CMD> set timing_report_disable_backward_compatible_socv_cppr_in_time_given 1
<CMD> get_message -id GLOBAL-100 -suppress
<CMD> get_message -id GLOBAL-100 -suppress
<CMD> set timing_report_enable_backward_compatible_pin_load_lookup 1
<CMD> get_message -id GLOBAL-100 -suppress
<CMD> get_message -id GLOBAL-100 -suppress
<CMD> set timing_report_enable_eco_socv_derating_guardband 1
<CMD> get_message -id GLOBAL-100 -suppress
<CMD> get_message -id GLOBAL-100 -suppress
<CMD> set timing_report_enable_efficient_collection_handling 1
<CMD> get_message -id GLOBAL-100 -suppress
<CMD> get_message -id GLOBAL-100 -suppress
<CMD> set timing_report_enable_efficient_cone_marking 1
<CMD> get_message -id GLOBAL-100 -suppress
<CMD> get_message -id GLOBAL-100 -suppress
<CMD> set timing_report_enable_efficient_dc_update_for_reporting 1
<CMD> get_message -id GLOBAL-100 -suppress
<CMD> get_message -id GLOBAL-100 -suppress
<CMD> set timing_report_enable_improved_drv_reporting 1
<CMD> get_message -id GLOBAL-100 -suppress
<CMD> get_message -id GLOBAL-100 -suppress
<CMD> set timing_report_enable_variable_verbose_fields 0
<CMD> get_message -id GLOBAL-100 -suppress
<CMD> get_message -id GLOBAL-100 -suppress
<CMD> set timing_report_latch_analysis_compatibility 1
<CMD> get_message -id GLOBAL-100 -suppress
<CMD> get_message -id GLOBAL-100 -suppress
<CMD> set timing_report_path_collection_ignore_unsupported_argument 1
<CMD> get_message -id GLOBAL-100 -suppress
<CMD> get_message -id GLOBAL-100 -suppress
<CMD> set timing_report_property_is_clock_new_flow_efficient 0
<CMD> set defStreamOutCheckUncolored false
<CMD> set init_lef_check_antenna 1
<CMD> set init_verilog_tolerate_port_mismatch 0
<CMD> set lefdefInputCheckColoredShape 0
<CMD> set load_netlist_ignore_undefined_cell 1
<CMD> set init_lef_file {/eda/cadence/pdks/gpdk045/gsclib045_all_v4_4/gsclib045/lef/gsclib045_tech.lef /eda/cadence/pdks/gpdk045/gsclib045_all_v4_4/gsclib045/lef/gsclib045_macro.lef /eda/cadence/pdks/gpdk045/gsclib045_all_v4_4/gsclib045/lef/gsclib045_multibitsDFF.lef}
<CMD> init_design
#% Begin Load MMMC data ... (date=09/27 22:25:16, mem=1911.9M)
#% End Load MMMC data ... (date=09/27 22:25:16, total cpu=0:00:00.0, real=0:00:00.0, peak res=1912.2M, current mem=1912.2M)
RC_BEST RC_WORST

Loading LEF file /eda/cadence/pdks/gpdk045/gsclib045_all_v4_4/gsclib045/lef/gsclib045_tech.lef ...
Set DBUPerIGU to M2 pitch 400.

Loading LEF file /eda/cadence/pdks/gpdk045/gsclib045_all_v4_4/gsclib045/lef/gsclib045_macro.lef ...

Loading LEF file /eda/cadence/pdks/gpdk045/gsclib045_all_v4_4/gsclib045/lef/gsclib045_multibitsDFF.lef ...
**WARN: (IMPLF-58):	MACRO 'DFF2RX1' has been found in the database. Its content except DENSITY and PIN ANTENNA* data, and certain properties, will be ignored.
Review the LEF files specified in the init_lef_file variable and remove redundant definitions.
Type 'man IMPLF-58' for more detail.
**WARN: (IMPLF-58):	MACRO 'DFF2RX2' has been found in the database. Its content except DENSITY and PIN ANTENNA* data, and certain properties, will be ignored.
Review the LEF files specified in the init_lef_file variable and remove redundant definitions.
Type 'man IMPLF-58' for more detail.
**WARN: (IMPLF-58):	MACRO 'DFF2X1' has been found in the database. Its content except DENSITY and PIN ANTENNA* data, and certain properties, will be ignored.
Review the LEF files specified in the init_lef_file variable and remove redundant definitions.
Type 'man IMPLF-58' for more detail.
**WARN: (IMPLF-58):	MACRO 'DFF2X2' has been found in the database. Its content except DENSITY and PIN ANTENNA* data, and certain properties, will be ignored.
Review the LEF files specified in the init_lef_file variable and remove redundant definitions.
Type 'man IMPLF-58' for more detail.
**WARN: (IMPLF-58):	MACRO 'DFF4RX1' has been found in the database. Its content except DENSITY and PIN ANTENNA* data, and certain properties, will be ignored.
Review the LEF files specified in the init_lef_file variable and remove redundant definitions.
Type 'man IMPLF-58' for more detail.
**WARN: (IMPLF-58):	MACRO 'DFF4RX2' has been found in the database. Its content except DENSITY and PIN ANTENNA* data, and certain properties, will be ignored.
Review the LEF files specified in the init_lef_file variable and remove redundant definitions.
Type 'man IMPLF-58' for more detail.
**WARN: (IMPLF-58):	MACRO 'DFF4X1' has been found in the database. Its content except DENSITY and PIN ANTENNA* data, and certain properties, will be ignored.
Review the LEF files specified in the init_lef_file variable and remove redundant definitions.
Type 'man IMPLF-58' for more detail.
**WARN: (IMPLF-58):	MACRO 'DFF4X2' has been found in the database. Its content except DENSITY and PIN ANTENNA* data, and certain properties, will be ignored.
Review the LEF files specified in the init_lef_file variable and remove redundant definitions.
Type 'man IMPLF-58' for more detail.
**WARN: (IMPLF-58):	MACRO 'SDFF2RX1' has been found in the database. Its content except DENSITY and PIN ANTENNA* data, and certain properties, will be ignored.
Review the LEF files specified in the init_lef_file variable and remove redundant definitions.
Type 'man IMPLF-58' for more detail.
**WARN: (IMPLF-58):	MACRO 'SDFF2RX2' has been found in the database. Its content except DENSITY and PIN ANTENNA* data, and certain properties, will be ignored.
Review the LEF files specified in the init_lef_file variable and remove redundant definitions.
Type 'man IMPLF-58' for more detail.
**WARN: (IMPLF-58):	MACRO 'SDFF4RX1' has been found in the database. Its content except DENSITY and PIN ANTENNA* data, and certain properties, will be ignored.
Review the LEF files specified in the init_lef_file variable and remove redundant definitions.
Type 'man IMPLF-58' for more detail.
**WARN: (IMPLF-58):	MACRO 'SDFF4RX2' has been found in the database. Its content except DENSITY and PIN ANTENNA* data, and certain properties, will be ignored.
Review the LEF files specified in the init_lef_file variable and remove redundant definitions.
Type 'man IMPLF-58' for more detail.
**WARN: (IMPLF-58):	MACRO 'SPDFF2RX1' has been found in the database. Its content except DENSITY and PIN ANTENNA* data, and certain properties, will be ignored.
Review the LEF files specified in the init_lef_file variable and remove redundant definitions.
Type 'man IMPLF-58' for more detail.
**WARN: (IMPLF-58):	MACRO 'SPDFF2RX2' has been found in the database. Its content except DENSITY and PIN ANTENNA* data, and certain properties, will be ignored.
Review the LEF files specified in the init_lef_file variable and remove redundant definitions.
Type 'man IMPLF-58' for more detail.
**WARN: (IMPLF-58):	MACRO 'SPDFF4RX1' has been found in the database. Its content except DENSITY and PIN ANTENNA* data, and certain properties, will be ignored.
Review the LEF files specified in the init_lef_file variable and remove redundant definitions.
Type 'man IMPLF-58' for more detail.
**WARN: (IMPLF-58):	MACRO 'SPDFF4RX2' has been found in the database. Its content except DENSITY and PIN ANTENNA* data, and certain properties, will be ignored.
Review the LEF files specified in the init_lef_file variable and remove redundant definitions.
Type 'man IMPLF-58' for more detail.
**WARN: (IMPLF-61):	16 duplicated MACRO definitions have been found in the LEF file(s). Their content except DENSITY and PIN ANTENNA* data, and certain properties, have been ignored.
Review the LEF files specified in the init_lef_file variable and remove redundant definitions.
Type 'man IMPLF-61' for more detail.
**WARN: (IMPLF-200):	Pin 'VDD' in macro 'SDFF4RX2' has no ANTENNAGATEAREA value defined. The library data is incomplete and some process antenna rules will not be checked correctly.
Type 'man IMPLF-200' for more detail.
**WARN: (IMPLF-200):	Pin 'VSS' in macro 'SDFF4RX2' has no ANTENNAGATEAREA value defined. The library data is incomplete and some process antenna rules will not be checked correctly.
Type 'man IMPLF-200' for more detail.
**WARN: (IMPLF-200):	Pin 'VDD' in macro 'SDFF4RX1' has no ANTENNAGATEAREA value defined. The library data is incomplete and some process antenna rules will not be checked correctly.
Type 'man IMPLF-200' for more detail.
**WARN: (IMPLF-200):	Pin 'VSS' in macro 'SDFF4RX1' has no ANTENNAGATEAREA value defined. The library data is incomplete and some process antenna rules will not be checked correctly.
Type 'man IMPLF-200' for more detail.
**WARN: (IMPLF-200):	Pin 'A' in macro 'ANTENNA' has no ANTENNAGATEAREA value defined. The library data is incomplete and some process antenna rules will not be checked correctly.
Type 'man IMPLF-200' for more detail.

##  Check design process and node:  
##  Both design process and tech node are not set.

Loading view definition file from MMMC.view
Reading MAX_TIMING timing library '/mnt/cae_storage_sw/eda/cadence/pdks/gpdk045/gsclib045_all_v4_4/gsclib045/timing/slow_vdd1v0_basicCells.lib' ...
**WARN: (TECHLIB-302):	No function defined for cell 'DECAP9'. The cell will only be used for analysis. (File /mnt/cae_storage_sw/eda/cadence/pdks/gpdk045/gsclib045_all_v4_4/gsclib045/timing/slow_vdd1v0_basicCells.lib)
**WARN: (TECHLIB-302):	No function defined for cell 'DECAP8'. The cell will only be used for analysis. (File /mnt/cae_storage_sw/eda/cadence/pdks/gpdk045/gsclib045_all_v4_4/gsclib045/timing/slow_vdd1v0_basicCells.lib)
**WARN: (TECHLIB-302):	No function defined for cell 'DECAP7'. The cell will only be used for analysis. (File /mnt/cae_storage_sw/eda/cadence/pdks/gpdk045/gsclib045_all_v4_4/gsclib045/timing/slow_vdd1v0_basicCells.lib)
**WARN: (TECHLIB-302):	No function defined for cell 'DECAP6'. The cell will only be used for analysis. (File /mnt/cae_storage_sw/eda/cadence/pdks/gpdk045/gsclib045_all_v4_4/gsclib045/timing/slow_vdd1v0_basicCells.lib)
**WARN: (TECHLIB-302):	No function defined for cell 'DECAP5'. The cell will only be used for analysis. (File /mnt/cae_storage_sw/eda/cadence/pdks/gpdk045/gsclib045_all_v4_4/gsclib045/timing/slow_vdd1v0_basicCells.lib)
**WARN: (TECHLIB-302):	No function defined for cell 'DECAP4'. The cell will only be used for analysis. (File /mnt/cae_storage_sw/eda/cadence/pdks/gpdk045/gsclib045_all_v4_4/gsclib045/timing/slow_vdd1v0_basicCells.lib)
**WARN: (TECHLIB-302):	No function defined for cell 'DECAP3'. The cell will only be used for analysis. (File /mnt/cae_storage_sw/eda/cadence/pdks/gpdk045/gsclib045_all_v4_4/gsclib045/timing/slow_vdd1v0_basicCells.lib)
**WARN: (TECHLIB-302):	No function defined for cell 'DECAP2'. The cell will only be used for analysis. (File /mnt/cae_storage_sw/eda/cadence/pdks/gpdk045/gsclib045_all_v4_4/gsclib045/timing/slow_vdd1v0_basicCells.lib)
**WARN: (TECHLIB-302):	No function defined for cell 'DECAP10'. The cell will only be used for analysis. (File /mnt/cae_storage_sw/eda/cadence/pdks/gpdk045/gsclib045_all_v4_4/gsclib045/timing/slow_vdd1v0_basicCells.lib)
**WARN: (TECHLIB-302):	No function defined for cell 'ANTENNA'. The cell will only be used for analysis. (File /mnt/cae_storage_sw/eda/cadence/pdks/gpdk045/gsclib045_all_v4_4/gsclib045/timing/slow_vdd1v0_basicCells.lib)
Read 489 cells in library 'slow_vdd1v0' 
Reading MIN_TIMING timing library '/mnt/cae_storage_sw/eda/cadence/pdks/gpdk045/gsclib045_all_v4_4/gsclib045/timing/fast_vdd1v2_basicCells.lib' ...
**WARN: (TECHLIB-302):	No function defined for cell 'DECAP9'. The cell will only be used for analysis. (File /mnt/cae_storage_sw/eda/cadence/pdks/gpdk045/gsclib045_all_v4_4/gsclib045/timing/fast_vdd1v2_basicCells.lib)
**WARN: (TECHLIB-302):	No function defined for cell 'DECAP8'. The cell will only be used for analysis. (File /mnt/cae_storage_sw/eda/cadence/pdks/gpdk045/gsclib045_all_v4_4/gsclib045/timing/fast_vdd1v2_basicCells.lib)
**WARN: (TECHLIB-302):	No function defined for cell 'DECAP7'. The cell will only be used for analysis. (File /mnt/cae_storage_sw/eda/cadence/pdks/gpdk045/gsclib045_all_v4_4/gsclib045/timing/fast_vdd1v2_basicCells.lib)
**WARN: (TECHLIB-302):	No function defined for cell 'DECAP6'. The cell will only be used for analysis. (File /mnt/cae_storage_sw/eda/cadence/pdks/gpdk045/gsclib045_all_v4_4/gsclib045/timing/fast_vdd1v2_basicCells.lib)
**WARN: (TECHLIB-302):	No function defined for cell 'DECAP5'. The cell will only be used for analysis. (File /mnt/cae_storage_sw/eda/cadence/pdks/gpdk045/gsclib045_all_v4_4/gsclib045/timing/fast_vdd1v2_basicCells.lib)
**WARN: (TECHLIB-302):	No function defined for cell 'DECAP4'. The cell will only be used for analysis. (File /mnt/cae_storage_sw/eda/cadence/pdks/gpdk045/gsclib045_all_v4_4/gsclib045/timing/fast_vdd1v2_basicCells.lib)
**WARN: (TECHLIB-302):	No function defined for cell 'DECAP3'. The cell will only be used for analysis. (File /mnt/cae_storage_sw/eda/cadence/pdks/gpdk045/gsclib045_all_v4_4/gsclib045/timing/fast_vdd1v2_basicCells.lib)
**WARN: (TECHLIB-302):	No function defined for cell 'DECAP2'. The cell will only be used for analysis. (File /mnt/cae_storage_sw/eda/cadence/pdks/gpdk045/gsclib045_all_v4_4/gsclib045/timing/fast_vdd1v2_basicCells.lib)
**WARN: (TECHLIB-302):	No function defined for cell 'DECAP10'. The cell will only be used for analysis. (File /mnt/cae_storage_sw/eda/cadence/pdks/gpdk045/gsclib045_all_v4_4/gsclib045/timing/fast_vdd1v2_basicCells.lib)
**WARN: (TECHLIB-302):	No function defined for cell 'ANTENNA'. The cell will only be used for analysis. (File /mnt/cae_storage_sw/eda/cadence/pdks/gpdk045/gsclib045_all_v4_4/gsclib045/timing/fast_vdd1v2_basicCells.lib)
Read 489 cells in library 'fast_vdd1v2' 
*** End library_loading (cpu=0.01min, real=0.00min, mem=46.5M, fe_cpu=3.09min, fe_real=24.35min, fe_mem=1847.1M) ***
#% Begin Load netlist data ... (date=09/27 22:25:17, mem=1935.3M)
*** Begin netlist parsing (mem=1847.1M) ***
Created 489 new cells from 2 timing libraries.
Reading netlist ...
Backslashed names will retain backslash and a trailing blank character.
Reading verilog netlist '../Synthesis/outputs/main_netlist.v'

*** Memory Usage v#2 (Current mem = 1847.105M, initial mem = 835.586M) ***
*** End netlist parsing (cpu=0:00:00.0, real=0:00:00.0, mem=1847.1M) ***
#% End Load netlist data ... (date=09/27 22:25:17, total cpu=0:00:00.0, real=0:00:00.0, peak res=1949.5M, current mem=1949.5M)
Top level cell is Main.
Hooked 978 DB cells to tlib cells.
Starting recursive module instantiation check.
No recursion found.
Building hierarchical netlist for Cell Main ...
***** UseNewTieNetMode *****.
*** Netlist is unique.
** info: there are 1073 modules.
** info: there are 313 stdCell insts.
** info: there are 313 stdCell insts with at least one signal pin.

*** Memory Usage v#2 (Current mem = 1909.520M, initial mem = 835.586M) ***
**WARN: (IMPFP-3961):	The techSite 'CornerSite' has no related standard cells in the LEF/OA library. The calculations for this site type cannot be made unless standard cell models of this type exist in the LEF/OA library. Ignore this warning if the SITE is not used by the library. Alternatively, remove the SITE definition for the LEF/OA library to avoid this message.
Type 'man IMPFP-3961' for more detail.
**WARN: (IMPFP-3961):	The techSite 'IOSite' has no related standard cells in the LEF/OA library. The calculations for this site type cannot be made unless standard cell models of this type exist in the LEF/OA library. Ignore this warning if the SITE is not used by the library. Alternatively, remove the SITE definition for the LEF/OA library to avoid this message.
Type 'man IMPFP-3961' for more detail.
Start create_tracks
Extraction setup Started for TopCell Main 
Initializing multi-corner RC extraction with 2 active RC Corners ...
Captable file(s) not specified in multi-corner setup. PreRoute extraction will use technology file. For postRoute extraction, default value for effort level would be 'medium' and effort level 'low' would not be allowed.
Generating auto layer map file.
Importing multi-corner technology file(s) for preRoute extraction...
/eda/cadence/pdks/gpdk045/gpdk045_v_6_0/qrc/rcbest/qrcTechFile
Generating auto layer map file.

/eda/cadence/pdks/gpdk045/gpdk045_v_6_0/qrc/rcworst/qrcTechFile
Generating auto layer map file.

Completed (cpu: 0:00:02.4 real: 0:00:03.0)
Set Shrink Factor to 1.00000
Summary of Active RC-Corners : 
 
 Analysis View: WORST_CASE
    RC-Corner Name        : RC_BEST
    RC-Corner Index       : 0
    RC-Corner Temperature : 40 Celsius
    RC-Corner Cap Table   : ''
    RC-Corner PreRoute Res Factor         : 1
    RC-Corner PreRoute Cap Factor         : 1
    RC-Corner PostRoute Res Factor        : 1 {1 1 1}
    RC-Corner PostRoute Cap Factor        : 1 {1 1 1}
    RC-Corner PostRoute XCap Factor       : 1 {1 1 1}
    RC-Corner PreRoute Clock Res Factor   : 1	[Derived from postRoute_res (effortLevel low)]
    RC-Corner PreRoute Clock Cap Factor   : 1	[Derived from postRoute_cap (effortLevel low)]
    RC-Corner PostRoute Clock Cap Factor  : 1 {1 1 1} 	[Derived from postRoute_cap (effortLevel low)]
    RC-Corner PostRoute Clock Res Factor  : 1 {1 1 1} 	[Derived from postRoute_res (effortLevel low)]
    RC-Corner PostRoute Clock coupling capacitance Factor : 1 {1 1 1} 
    RC-Corner Technology file: '/eda/cadence/pdks/gpdk045/gpdk045_v_6_0/qrc/rcbest/qrcTechFile'
 
 Analysis View: Best_CASE
    RC-Corner Name        : RC_WORST
    RC-Corner Index       : 1
    RC-Corner Temperature : 125 Celsius
    RC-Corner Cap Table   : ''
    RC-Corner PreRoute Res Factor         : 1
    RC-Corner PreRoute Cap Factor         : 1
    RC-Corner PostRoute Res Factor        : 1 {1 1 1}
    RC-Corner PostRoute Cap Factor        : 1 {1 1 1}
    RC-Corner PostRoute XCap Factor       : 1 {1 1 1}
    RC-Corner PreRoute Clock Res Factor   : 1	[Derived from postRoute_res (effortLevel low)]
    RC-Corner PreRoute Clock Cap Factor   : 1	[Derived from postRoute_cap (effortLevel low)]
    RC-Corner PostRoute Clock Cap Factor  : 1 {1 1 1} 	[Derived from postRoute_cap (effortLevel low)]
    RC-Corner PostRoute Clock Res Factor  : 1 {1 1 1} 	[Derived from postRoute_res (effortLevel low)]
    RC-Corner PostRoute Clock coupling capacitance Factor : 1 {1 1 1} 
    RC-Corner Technology file: '/eda/cadence/pdks/gpdk045/gpdk045_v_6_0/qrc/rcworst/qrcTechFile'
Updating RC Grid density data for preRoute extraction ...
Initializing multi-corner resistance tables ...
Default value for postRoute extraction mode's effortLevel (-effortLevel option of setExtractRCMode) changed to 'medium'.
*Info: initialize multi-corner CTS.
Reading timing constraints file '../Synthesis/outputs/post_synth_main.sdc' ...
Current (total cpu=0:03:09, real=0:24:25, peak res=2404.0M, current mem=2372.1M)
**WARN: (TCLCMD-1461):	Skipped unsupported command: set_units (File ../Synthesis/outputs/post_synth_main.sdc, Line 9).

**WARN: (TCLCMD-1461):	Skipped unsupported command: set_units (File ../Synthesis/outputs/post_synth_main.sdc, Line 10).

Main
INFO (CTE): Reading of timing constraints file ../Synthesis/outputs/post_synth_main.sdc completed, with 2 WARNING
Ending "Constraint file reading stats" (total cpu=0:00:00.0, real=0:00:00.0, peak res=2409.8M, current mem=2409.8M)
Current (total cpu=0:03:09, real=0:24:25, peak res=2409.8M, current mem=2409.8M)
Total number of combinational cells: 318
Total number of sequential cells: 152
Total number of tristate cells: 10
Total number of level shifter cells: 0
Total number of power gating cells: 0
Total number of isolation cells: 0
Total number of power switch cells: 0
Total number of pulse generator cells: 0
Total number of always on buffers: 0
Total number of retention cells: 0
Total number of physical cells: 9
List of usable buffers: BUFX2 BUFX12 BUFX16 BUFX20 CLKBUFX2 BUFX3 BUFX4 BUFX6 BUFX8 CLKBUFX12 CLKBUFX16 CLKBUFX20 CLKBUFX3 CLKBUFX4 CLKBUFX6 CLKBUFX8
Total number of usable buffers: 16
List of unusable buffers:
Total number of unusable buffers: 0
List of usable inverters: CLKINVX1 CLKINVX2 CLKINVX12 CLKINVX16 CLKINVX20 CLKINVX4 CLKINVX3 CLKINVX6 CLKINVX8 INVX1 INVX2 INVX12 INVX16 INVX20 INVXL INVX3 INVX4 INVX6 INVX8
Total number of usable inverters: 19
List of unusable inverters:
Total number of unusable inverters: 0
List of identified usable delay cells: DLY1X1 DLY1X4 DLY2X1 DLY2X4 DLY3X1 DLY3X4 DLY4X1 DLY4X4
Total number of identified usable delay cells: 8
List of identified unusable delay cells:
Total number of identified unusable delay cells: 0

*** Summary of all messages that are not suppressed in this session:
Severity  ID               Count  Summary                                  
WARNING   IMPLF-58            16  MACRO '%s' has been found in the databas...
WARNING   IMPLF-61             1  %d duplicated MACRO definitions have bee...
WARNING   IMPLF-200            5  Pin '%s' in macro '%s' has no ANTENNAGAT...
WARNING   IMPFP-3961           2  The techSite '%s' has no related standar...
WARNING   TCLCMD-1461          2  Skipped unsupported command: %s          
WARNING   TECHLIB-302         20  No function defined for cell '%s'. The c...
*** Message Summary: 46 warning(s), 0 error(s)

<CMD> floorPlan -site CoreSite -r 0.984816753927 0.799572 16.0 16.15 16.0 16.15
Adjusting core size to PlacementGrid : width :40.2 height : 39.33
**WARN: (IMPFP-3961):	The techSite 'CornerSite' has no related standard cells in the LEF/OA library. The calculations for this site type cannot be made unless standard cell models of this type exist in the LEF/OA library. Ignore this warning if the SITE is not used by the library. Alternatively, remove the SITE definition for the LEF/OA library to avoid this message.
Type 'man IMPFP-3961' for more detail.
**WARN: (IMPFP-3961):	The techSite 'IOSite' has no related standard cells in the LEF/OA library. The calculations for this site type cannot be made unless standard cell models of this type exist in the LEF/OA library. Ignore this warning if the SITE is not used by the library. Alternatively, remove the SITE definition for the LEF/OA library to avoid this message.
Type 'man IMPFP-3961' for more detail.
Start create_tracks
**WARN: (IMPFP-325):	Floorplan of the design is resized. All current floorplan objects are automatically derived based on specified new floorplan. This may change blocks, fixed standard cells, existing routes and blockages.
<CMD> addRing -nets {VDD VSS} -type core_rings -follow core -layer {top Metal11 bottom Metal11 left Metal10 right Metal10} -width {top 5 bottom 5 left 5 right 5} -spacing {top 2 bottom 2 left 2 right 2} -offset {top 2 bottom 2 left 2 right 2} -center 0 -threshold 0 -jog_distance 0 -snap_wire_center_to_grid None
#% Begin addRing (date=09/27 22:26:22, mem=2538.2M)


viaInitial starts at Sat Sep 27 22:26:22 2025
viaInitial ends at Sat Sep 27 22:26:22 2025
Loading cell geometries (cpu: 0:00:00.0, real: 0:00:00.0, peak mem: 2662.6M)
Ring generation is complete.
vias are now being generated.
addRing created 8 wires.
ViaGen created 8 vias, deleted 0 via to avoid violation.
+--------+----------------+----------------+
|  Layer |     Created    |     Deleted    |
+--------+----------------+----------------+
| Metal10|        4       |       NA       |
|  Via10 |        8       |        0       |
| Metal11|        4       |       NA       |
+--------+----------------+----------------+
#% End addRing (date=09/27 22:26:22, total cpu=0:00:00.0, real=0:00:00.0, peak res=2541.6M, current mem=2541.6M)
<CMD> editPin -pinWidth 0.2 -pinDepth 0.8 -fixOverlap 1 -unit MICRON -spreadDirection clockwise -side Left -layer 2 -spreadType center -spacing 2 -pin {{activation[0][0]} {activation[0][1]} {activation[0][2]} {activation[0][3]} {activation[0][4]} {activation[0][5]} {activation[0][6]} {activation[0][7]} {activation[1][0]} {activation[1][1]} {activation[1][2]} {activation[1][3]} {activation[1][4]} {activation[1][5]} {activation[1][6]} {activation[1][7]} {activation[2][0]} {activation[2][1]} {activation[2][2]} {activation[2][3]} {activation[2][4]} {activation[2][5]} {activation[2][6]} {activation[2][7]} scan_in scan_en scan_out}
To speed up, if you have to run multiple editPin commands then wrap all editPin commands within  'setPinAssignMode -pinEditInBatch true' (then editPin commands) and 'setPinAssignMode -pinEditInBatch false'
Successfully spread [27] pins.
editPin : finished (cpu = 0:00:00.0 real = 0:00:00.0, mem = 2688.6M).
<CMD> editPin -pinWidth 0.3 -pinDepth 0.8 -fixOverlap 1 -unit MICRON -spreadDirection clockwise -side Top -layer 2 -spreadType center -spacing 2 -pin {{activation[3][0]} {activation[3][1]} {activation[3][2]} {activation[3][3]} {activation[3][4]} {activation[3][5]} {activation[3][6]} {activation[3][7]} {activation[4][0]} {activation[4][1]} {activation[4][2]} {activation[4][3]} {activation[4][4]} {activation[4][5]} {activation[4][6]} {activation[4][7]} {activation[5][0]} {activation[5][1]} {activation[5][2]} {activation[5][3]} {activation[5][4]} {activation[5][5]} {activation[5][6]} {activation[5][7]} rst start}
To speed up, if you have to run multiple editPin commands then wrap all editPin commands within  'setPinAssignMode -pinEditInBatch true' (then editPin commands) and 'setPinAssignMode -pinEditInBatch false'
Successfully spread [26] pins.
editPin : finished (cpu = 0:00:00.0 real = 0:00:00.0, mem = 2688.6M).
<CMD> editPin -pinWidth 0.3 -pinDepth 0.8 -fixOverlap 1 -unit MICRON -spreadDirection clockwise -side Right -layer 2 -spreadType center -spacing 2 -pin {{weight[0][0]} {weight[0][1]} {weight[0][2]} {weight[0][3]} {weight[0][4]} {weight[0][5]} {weight[0][6]} {weight[0][7]} {weight[1][0]} {weight[1][1]} {weight[1][2]} {weight[1][3]} {weight[1][4]} {weight[1][5]} {weight[1][6]} {weight[1][7]} {weight[2][0]} {weight[2][1]} {weight[2][2]} {weight[2][3]} {weight[2][4]} {weight[2][5]} {weight[2][6]} {weight[2][7]} z_n z_p}
To speed up, if you have to run multiple editPin commands then wrap all editPin commands within  'setPinAssignMode -pinEditInBatch true' (then editPin commands) and 'setPinAssignMode -pinEditInBatch false'
Successfully spread [26] pins.
editPin : finished (cpu = 0:00:00.0 real = 0:00:00.0, mem = 2688.6M).
<CMD> editPin -pinWidth 0.3 -pinDepth 0.8 -fixOverlap 1 -unit MICRON -spreadDirection clockwise -side Bottom -layer 2 -spreadType center -spacing 2 -pin {{weight[3][0]} {weight[3][1]} {weight[3][2]} {weight[3][3]} {weight[3][4]} {weight[3][5]} {weight[3][6]} {weight[3][7]} {weight[4][0]} {weight[4][1]} {weight[4][2]} {weight[4][3]} {weight[4][4]} {weight[4][5]} {weight[4][6]} {weight[4][7]} {weight[5][0]} {weight[5][1]} {weight[5][2]} {weight[5][3]} {weight[5][4]} {weight[5][5]} {weight[5][6]} {weight[5][7]} clk en}
To speed up, if you have to run multiple editPin commands then wrap all editPin commands within  'setPinAssignMode -pinEditInBatch true' (then editPin commands) and 'setPinAssignMode -pinEditInBatch false'
Successfully spread [26] pins.
editPin : finished (cpu = 0:00:00.0 real = 0:00:00.0, mem = 2688.6M).
<CMD> setDesignMode -process 45
##  Process: 45            (User Set)               
##     Node: (not set)                           

##  Check design process and node:  
##  Design tech node is not set.

Applying the recommended capacitance filtering threshold values for 45nm process node: total_c_th=0, relative_c_th=1 and coupling_c_th=0.1.
	These values will be used by all post-route extraction engines, including TQuantus, IQuantus and Quantus QRC extraction.
	Capacitance filtering mode(-capFilterMode option of the setExtractRCMode) is 'relAndCoup' for all engines.
	The accuracy mode for postRoute effortLevel low extraction will be set to 'high'.
	Default value for EffortLevel(-effortLevel option of the setExtractRCMode) in postRoute extraction mode is 'medium'.
<CMD> globalNetConnect VDD -type pgpin -pin VDD -override -verbose -netlistOverride
313 new pwr-pin connections were made to global net 'VDD'.
<CMD> globalNetConnect VSS -type pgpin -pin VSS -override -verbose -netlistOverride
313 new gnd-pin connections were made to global net 'VSS'.
<CMD> sroute -connect { blockPin padPin padRing corePin floatingStripe } -layerChangeRange { Metal1(1) Metal11(11) } -blockPinTarget { nearestTarget } -padPinPortConnect { allPort oneGeom } -padPinTarget { nearestTarget } -corePinTarget { firstAfterRowEnd } -floatingStripeTarget { blockring padring ring stripe ringpin blockpin followpin } -allowJogging 1 -crossoverViaLayerRange { Metal1(1) Metal11(11) } -nets { VDD VSS } -allowLayerChange 1 -blockPin useLef -targetViaLayerRange { Metal1(1) Metal11(11) }
#% Begin sroute (date=09/27 22:26:36, mem=2556.1M)
*** Begin SPECIAL ROUTE on Sat Sep 27 22:26:36 2025 ***
SPECIAL ROUTE ran on directory: /home/bas33767/Desktop/DD_Lab_exercise/UR_Project/gpdk45/PNR
SPECIAL ROUTE ran on machine: ei-vm-018.othr.de (Linux 4.18.0-553.63.1.el8_10.x86_64 x86_64 3.99Ghz)

Begin option processing ...
srouteConnectPowerBump set to false
routeSelectNet set to "VDD VSS"
routeSpecial set to true
srouteBlockPin set to "useLef"
srouteBottomLayerLimit set to 1
srouteBottomTargetLayerLimit set to 1
srouteConnectConverterPin set to false
srouteCrossoverViaBottomLayer set to 1
srouteCrossoverViaTopLayer set to 11
srouteFloatingStripeTarget set to "blockring padring ring stripe ringpin blockpin followpin"
srouteFollowCorePinEnd set to 3
srouteJogControl set to "preferWithChanges differentLayer"
sroutePadPinAllPorts set to true
sroutePreserveExistingRoutes set to true
srouteRoutePowerBarPortOnBothDir set to true
srouteStopBlockPin set to "nearestTarget"
srouteTopLayerLimit set to 11
srouteTopTargetLayerLimit set to 11
End option processing: cpu: 0:00:00, real: 0:00:00, peak: 376.00 megs.

Reading DB technology information...
Finished reading DB technology information.
Reading floorplan and netlist information...
Finished reading floorplan and netlist information.
**WARN: (IMPSR-4302):	Cap-table/qrcTechFile is found in the design, so the same information from the technology file will be ignored.
Read in 24 layers, 11 routing layers, 1 overlap layer
Read in 2 nondefault rules, 0 used
Read in 583 macros, 27 used
Read in 27 components
  27 core components: 27 unplaced, 0 placed, 0 fixed
Read in 105 physical pins
  105 physical pins: 0 unplaced, 105 placed, 0 fixed
Read in 104 nets
Read in 2 special nets, 2 routed
Read in 159 terminals
2 nets selected.

Begin power routing ...
**WARN: (IMPSR-1254):	Unable to connect the specified objects, since block pins of the VDD net were not found in the design. Check netlist or change the parameter value to include block pins in the design.
**WARN: (IMPSR-1256):	Unable to find any CORE class pad pin of the VDD net due to unavailability of the pin or check netlist in the routing area or layer. Change routing area or layer to include the expected pin or check netlist. Alternatively, change port class in the technology file.
Type 'man IMPSR-1256' for more detail.
Cannot find any AREAIO class pad pin of net VDD. Check net list, or change port class in the technology file, or change option to include pin in given range.
**WARN: (IMPSR-1254):	Unable to connect the specified objects, since block pins of the VSS net were not found in the design. Check netlist or change the parameter value to include block pins in the design.
**WARN: (IMPSR-1256):	Unable to find any CORE class pad pin of the VSS net due to unavailability of the pin or check netlist in the routing area or layer. Change routing area or layer to include the expected pin or check netlist. Alternatively, change port class in the technology file.
Type 'man IMPSR-1256' for more detail.
Cannot find any AREAIO class pad pin of net VSS. Check net list, or change port class in the technology file, or change option to include pin in given range.
CPU time for VDD FollowPin 0 seconds
CPU time for VSS FollowPin 0 seconds
  Number of IO ports routed: 0
  Number of Block ports routed: 0
  Number of Stripe ports routed: 0
  Number of Core ports routed: 48
  Number of Pad ports routed: 0
  Number of Power Bump ports routed: 0
  Number of Followpin connections: 24
End power routing: cpu: 0:00:00, real: 0:00:00, peak: 383.00 megs.



 Begin updating DB with routing results ...
 Updating DB with 105 io pins ...
 Updating DB with 0 via definition ...Extracting standard cell pins and blockage ...... 
Pin and blockage extraction finished

sroute created 72 wires.
ViaGen created 432 vias, deleted 0 via to avoid violation.
+--------+----------------+----------------+
|  Layer |     Created    |     Deleted    |
+--------+----------------+----------------+
| Metal1 |       72       |       NA       |
|  Via1  |       48       |        0       |
|  Via2  |       48       |        0       |
|  Via3  |       48       |        0       |
|  Via4  |       48       |        0       |
|  Via5  |       48       |        0       |
|  Via6  |       48       |        0       |
|  Via7  |       48       |        0       |
|  Via8  |       48       |        0       |
|  Via9  |       48       |        0       |
+--------+----------------+----------------+
#% End sroute (date=09/27 22:26:36, total cpu=0:00:00.2, real=0:00:00.0, peak res=2581.2M, current mem=2566.7M)
<CMD> defIn ../Synthesis/innovus_src/main.scan.def
Reading DEF file '../Synthesis/innovus_src/main.scan.def', current time is Sat Sep 27 22:26:36 2025 ...
--- CASESENSITIVE ON
--- DIVIDERCHAR '/'
DEF file '../Synthesis/innovus_src/main.scan.def' is parsed, current time is Sat Sep 27 22:26:36 2025.
<CMD> setScanReorderMode -compLogic true
<CMD> setMultiCpuUsage -localCpu 8 -cpuPerRemoteHost 1 -remoteHost 0 -keepLicense true
Setting releaseMultiCpuLicenseMode to false.
<CMD> setDistributeHost -local
The timeout for a remote job to respond is 3600 seconds.
Submit command for task runs will be: local
<CMD> setRouteMode -earlyGlobalHonorMsvRouteConstraint false -earlyGlobalRoutePartitionPinGuide true
<CMD> setEndCapMode -reset
<CMD> setEndCapMode -boundary_tap false
<CMD> setNanoRouteMode -quiet -drouteAutoStop 0
<CMD> setNanoRouteMode -quiet -drouteFixAntenna 0
<CMD> setNanoRouteMode -quiet -droutePostRouteSwapVia {}
<CMD> setNanoRouteMode -quiet -droutePostRouteSpreadWire 1
<CMD> setNanoRouteMode -quiet -drouteUseMultiCutViaEffort {}
<CMD> setNanoRouteMode -quiet -drouteOnGridOnly 0
#WARNING (NRIF-67) In option 'OnGridOnly 0', 0 is an unknown type. It will be ignored.
#WARNING (NRIF-68) Option 'OnGridOnly 0' did not specify a correct type. It will be ignored.
<CMD> setNanoRouteMode -quiet -routeIgnoreAntennaTopCellPin 0
<CMD> setNanoRouteMode -quiet -timingEngine {}
<CMD> setUsefulSkewMode -noBoundary false -maxAllowedDelay 1
<CMD> setPlaceMode -reset
<CMD> setPlaceMode -congEffort auto -timingDriven 1 -clkGateAware 1 -powerDriven 0 -ignoreScan 1 -reorderScan 1 -ignoreSpare 0 -placeIOPins 0 -moduleAwareSpare 0 -maxRouteLayer 7 -preserveRouting 1 -rmAffectedRouting 0 -checkRoute 0 -swapEEQ 0
**WARN: (IMPSP-105):	'setPlaceMode -maxRouteLayer' will become obsolete from next release. Use 'setRouteMode -earlyGlobalMaxRouteLayer N' to set maximum routing layer.Type 'man IMPSP-105' for more detail.
<CMD> setPlaceMode -fp false
<CMD> place_design
**WARN: (IMPSP-9525):	setPlaceMode -maxRouteLayer will overwrite setTrialRouteMode -maxRouteLayer inside placeDesign.
**WARN: (IMPPSP-1003):	Found use of 'setRouteMode -earlyGlobalMaxRouteLayer'. This will continue to work in this release; however, it is recommended to use 'setDesignMode -topRoutingLayer' instead.
*** placeDesign #1 [begin] () : totSession cpu/real = 0:03:11.2/0:25:38.7 (0.1), mem = 2696.0M
*** Scan Trace Summary (runtime: cpu: 0:00:00.0 , real: 0:00:00.0): 
Successfully traced 1 scan chain  (total 91 scan bits).
Start applying DEF ordered sections ...
Successfully applied all DEF ordered sections.
*** Scan Sanity Check Summary:
*** 1 scan chain  passed sanity check.
*** Starting placeDesign default flow ***
Multithreaded Timing Analysis is initialized with 8 threads

*** Start deleteBufferTree ***
Info: Detect buffers to remove automatically.
Analyzing netlist ...
Updating netlist

*summary: 0 instances (buffers/inverters) removed
*** Finish deleteBufferTree (0:00:00.1) ***
**INFO: Enable pre-place timing setting for timing analysis
Set Using Default Delay Limit as 101.
**WARN: (IMPDC-1629):	The default delay limit was set to 101. This is less than the default of 1000 and may result in inaccurate delay calculation for nets with a fanout higher than the setting.  If needed, the default delay limit may be adjusted by running the command 'set delaycal_use_default_delay_limit'.
Set Default Net Delay as 0 ps.
Set Default Net Load as 0 pF. 
Set Default Input Pin Transition as 1 ps.
**INFO: Analyzing IO path groups for slack adjustment
Effort level <high> specified for reg2reg_tmp.3492364 path_group
AAE_INFO: opIsDesignInPostRouteState() is 0
AAE DB initialization (MEM=2946.01 CPU=0:00:00.0 REAL=0:00:00.0) 
#################################################################################
# Design Stage: PreRoute
# Design Name: Main
# Design Mode: 45nm
# Analysis Mode: MMMC Non-OCV 
# Parasitics Mode: No SPEF/RCDB 
# Signoff Settings: SI Off 
#################################################################################
Calculate delays in BcWc mode...
Start delay calculation (fullDC) (8 T). (MEM=2789.14)
Total number of fetched objects 428
End delay calculation. (MEM=2845.55 CPU=0:00:00.1 REAL=0:00:00.0)
End delay calculation (fullDC). (MEM=2835 CPU=0:00:00.4 REAL=0:00:00.0)
**INFO: Disable pre-place timing setting for timing analysis
Set Using Default Delay Limit as 1000.
Set Default Net Delay as 1000 ps.
Set Default Input Pin Transition as 0.1 ps.
Set Default Net Load as 0.5 pF. 
**INFO: Pre-place timing setting for timing analysis already disabled
Deleted 0 physical inst  (cell - / prefix -).
INFO: #ExclusiveGroups=0
INFO: There are no Exclusive Groups.
*** Starting "NanoPlace(TM) placement v#17 (mem=4429.2M)" ...
Estimated loop count for BSM: 26272
*** Build Buffered Sizing Timing Model
(cpu=0:00:00.5 mem=4493.2M) ***
*** Build Virtual Sizing Timing Model
(cpu=0:00:00.5 mem=4493.2M) ***
No user-set net weight.
Net fanout histogram:
2		: 284 (66.4%) nets
3		: 29 (6.8%) nets
4     -	14	: 109 (25.5%) nets
15    -	39	: 2 (0.5%) nets
40    -	79	: 1 (0.2%) nets
80    -	159	: 3 (0.7%) nets
160   -	319	: 0 (0.0%) nets
320   -	639	: 0 (0.0%) nets
640   -	1279	: 0 (0.0%) nets
1280  -	2559	: 0 (0.0%) nets
2560  -	5119	: 0 (0.0%) nets
5120+		: 0 (0.0%) nets
*** Scan Trace Summary (runtime: cpu: 0:00:00.0 , real: 0:00:00.0): 
Successfully traced 1 scan chain  (total 91 scan bits).
Start applying DEF ordered sections ...
Successfully applied all DEF ordered sections.
*** Scan Sanity Check Summary:
*** 1 scan chain  passed sanity check.
#std cell=313 (0 fixed + 313 movable) #buf cell=0 #inv cell=31 #block=0 (0 floating + 0 preplaced)
#ioInst=0 #net=428 #term=1415 #term/net=3.31, #fixedIo=0, #floatIo=0, #fixedPin=0, #floatPin=87
stdCell: 313 single + 0 double + 0 multi
Total standard cell length = 0.7392 (mm), area = 0.0013 (mm^2)
Estimated cell power/ground rail width = 0.160 um
Average module density = 0.799.
Density for the design = 0.799.
       = stdcell_area 3696 sites (1264 um^2) / alloc_area 4623 sites (1581 um^2).
Pin Density = 0.3061.
            = total # of pins 1415 / total area 4623.
Enabling multi-CPU acceleration with 8 CPU(s) for placement
=== lastAutoLevel = 6 
Clock gating cells determined by native netlist tracing.
Iteration  1: Total net bbox = 5.752e+03 (2.90e+03 2.85e+03)
              Est.  stn bbox = 6.112e+03 (3.08e+03 3.03e+03)
              cpu = 0:00:00.0 real = 0:00:00.0 mem = 4451.8M
Iteration  2: Total net bbox = 5.752e+03 (2.90e+03 2.85e+03)
              Est.  stn bbox = 6.112e+03 (3.08e+03 3.03e+03)
              cpu = 0:00:00.0 real = 0:00:00.0 mem = 4451.8M
Iteration  3: Total net bbox = 4.604e+03 (2.24e+03 2.36e+03)
              Est.  stn bbox = 5.279e+03 (2.57e+03 2.71e+03)
              cpu = 0:00:00.1 real = 0:00:00.0 mem = 4680.2M
Active setup views:
    WORST_CASE
Iteration  4: Total net bbox = 4.602e+03 (2.27e+03 2.33e+03)
              Est.  stn bbox = 5.271e+03 (2.60e+03 2.67e+03)
              cpu = 0:00:00.1 real = 0:00:00.0 mem = 4678.2M
Iteration  5: Total net bbox = 4.536e+03 (2.25e+03 2.29e+03)
              Est.  stn bbox = 5.211e+03 (2.58e+03 2.63e+03)
              cpu = 0:00:00.2 real = 0:00:00.0 mem = 4678.2M
Iteration  6: Total net bbox = 4.669e+03 (2.37e+03 2.29e+03)
              Est.  stn bbox = 5.345e+03 (2.71e+03 2.64e+03)
              cpu = 0:00:00.6 real = 0:00:01.0 mem = 4582.2M
*** cost = 4.669e+03 (2.37e+03 2.29e+03) (cpu for global=0:00:00.6) real=0:00:01.0***
Placement multithread real runtime: 0:00:01.0 with 8 threads.
Info: 0 clock gating cells identified, 0 (on average) moved 0/1
Solver runtime cpu: 0:00:00.5 real: 0:00:00.2
Core Placement runtime cpu: 0:00:00.5 real: 0:00:01.0
Begin: Reorder Scan Chains
*** Scan Trace Summary (runtime: cpu: 0:00:00.0 , real: 0:00:00.0): 
Successfully traced 1 scan chain  (total 91 scan bits).
Found 0 hierarchical instance(s) in the file.
*** Scan Skip Mode Summary:
Start flexRegrouping ...
SC-INFO: saving current scan group ...
*** Scan Trace Summary (runtime: cpu: 0:00:00.0 , real: 0:00:00.0): 
Successfully traced 1 scan chain  (total 91 scan bits).
Start applying DEF ordered sections ...
Successfully applied all DEF ordered sections.
*** Scan Sanity Check Summary:
*** 1 scan chain  passed sanity check.
SC-INFO: saving current scan group ...
*** Scan Trace Summary (runtime: cpu: 0:00:00.0 , real: 0:00:00.0): 
Successfully traced 1 scan chain  (total 91 scan bits).
Start applying DEF ordered sections ...
Successfully applied all DEF ordered sections.
*** Scan Sanity Check Summary:
*** 1 scan chain  passed sanity check.
*** Scan Trace Summary (runtime: cpu: 0:00:00.0 , real: 0:00:00.0): 
Successfully traced 1 scan chain  (total 91 scan bits).
Start applying DEF ordered sections ...
Successfully applied all DEF ordered sections.
*** Scan Sanity Check Summary:
*** 1 scan chain  passed sanity check.
Start wep ...
*** Scan Trace Summary (runtime: cpu: 0:00:00.0 , real: 0:00:00.0): 
Successfully traced 1 scan chain  (total 91 scan bits).
Start applying DEF ordered sections ...
Successfully applied all DEF ordered sections.
*** Scan Sanity Check Summary:
*** 1 scan chain  passed sanity check.
Finished flexRegrouping
*** Summary: Scan Reorder within scan chain
Initial total scan wire length:      793.999 (floating:      733.555)
Final   total scan wire length:      675.681 (floating:      615.237)
Improvement:      118.318   percent 14.90 (floating improvement:      118.318   percent 16.13)
Initial scan reorder max long connection:       48.498
Final   scan reorder max long connection:       27.029
Improvement:       21.468   percent 44.27
Total net length = 4.669e+03 (2.374e+03 2.295e+03) (ext = 2.549e+03)
*** End of ScanReorder (cpu=0:00:00.0, real=0:00:00.0, mem=4750.2M) ***
End: Reorder Scan Chains
*** Starting refinePlace (0:03:14 mem=4782.2M) ***
Total net bbox length = 4.894e+03 (2.512e+03 2.382e+03) (ext = 2.242e+03)
Move report: Detail placement moves 312 insts, mean move: 1.96 um, max move: 5.60 um 
	Max move on inst (g7082__7410): (38.88, 50.01) --> (41.40, 46.93)
	Runtime: CPU: 0:00:00.0 REAL: 0:00:00.0 MEM: 4750.2MB
Summary Report:
Instances move: 312 (out of 313 movable)
Instances flipped: 1
Mean displacement: 1.96 um
Max displacement: 5.60 um (Instance: g7082__7410) (38.8785, 50.0125) -> (41.4, 46.93)
	Length: 7 sites, height: 1 rows, site name: CoreSite, cell type: MX2XL
Physical-only instances move: 0 (out of 0 movable physical-only)
Total net bbox length = 5.351e+03 (2.713e+03 2.638e+03) (ext = 2.211e+03)
Runtime: CPU: 0:00:00.0 REAL: 0:00:00.0 MEM: 4750.2MB
*** Finished refinePlace (0:03:14 mem=4750.2M) ***
*** End of Placement (cpu=0:00:01.5, real=0:00:02.0, mem=4558.2M) ***
default core: bins with density > 0.750 = 44.44 % ( 4 / 9 )
Density distribution unevenness ratio = 1.446%
*** Free Virtual Timing Model ...(mem=4590.2M)
**INFO: Enable pre-place timing setting for timing analysis
Set Using Default Delay Limit as 101.
**WARN: (IMPDC-1629):	The default delay limit was set to 101. This is less than the default of 1000 and may result in inaccurate delay calculation for nets with a fanout higher than the setting.  If needed, the default delay limit may be adjusted by running the command 'set delaycal_use_default_delay_limit'.
Set Default Net Delay as 0 ps.
Set Default Net Load as 0 pF. 
**INFO: Analyzing IO path groups for slack adjustment
Effort level <high> specified for reg2reg_tmp.3492364 path_group
AAE_INFO: opIsDesignInPostRouteState() is 0
#################################################################################
# Design Stage: PreRoute
# Design Name: Main
# Design Mode: 45nm
# Analysis Mode: MMMC Non-OCV 
# Parasitics Mode: No SPEF/RCDB 
# Signoff Settings: SI Off 
#################################################################################
Calculate delays in BcWc mode...
Start delay calculation (fullDC) (8 T). (MEM=3025.02)
Total number of fetched objects 428
End delay calculation. (MEM=3062.79 CPU=0:00:00.1 REAL=0:00:00.0)
End delay calculation (fullDC). (MEM=3062.79 CPU=0:00:00.1 REAL=0:00:00.0)
**INFO: Disable pre-place timing setting for timing analysis
Set Using Default Delay Limit as 1000.
Set Default Net Delay as 1000 ps.
Set Default Net Load as 0.5 pF. 
Info: Disable timing driven in postCTS congRepair.

Starting congRepair ...
[NR-eGR] Early global route reroute all routable nets
[NR-eGR] Track table information for default rule: 
[NR-eGR] Metal1 has single uniform track structure
[NR-eGR] Metal2 has single uniform track structure
[NR-eGR] Metal3 has single uniform track structure
[NR-eGR] Metal4 has single uniform track structure
[NR-eGR] Metal5 has single uniform track structure
[NR-eGR] Metal6 has single uniform track structure
[NR-eGR] Metal7 has single uniform track structure
[NR-eGR] Metal8 has single uniform track structure
[NR-eGR] Metal9 has single uniform track structure
[NR-eGR] Metal10 has single uniform track structure
[NR-eGR] Metal11 has single uniform track structure
[NR-eGR] Read 576 PG shapes
[NR-eGR] Read 0 clock shapes
[NR-eGR] Read 0 other shapes
[NR-eGR] #Routing Blockages  : 0
[NR-eGR] #Instance Blockages : 0
[NR-eGR] #PG Blockages       : 576
[NR-eGR] #Halo Blockages     : 0
[NR-eGR] #Boundary Blockages : 0
[NR-eGR] #Clock Blockages    : 0
[NR-eGR] #Other Blockages    : 0
[NR-eGR] #prerouted nets         : 0
[NR-eGR] #prerouted special nets : 0
[NR-eGR] #prerouted wires        : 0
[NR-eGR] Read 428 nets ( ignored 0 )
[NR-eGR] There are 1 clock nets ( 0 with NDR ).
[NR-eGR] ============ Routing rule table ============
[NR-eGR] Rule id: 0  Nets: 428
[NR-eGR] ========================================
[NR-eGR] 
[NR-eGR] Layer group 1: route 428 net(s) in layer range [2, 7]
[NR-eGR] Early Global Route overflow of layer group 1: 0.00% H + 0.00% V. EstWL: 6.250050e+03um
[NR-eGR] Congestion Analysis By layer: (blocked Gcells are excluded) 
[NR-eGR]                        OverCon            
[NR-eGR]                         #Gcell     %Gcell
[NR-eGR]        Layer             (1-0)    OverCon
[NR-eGR] ----------------------------------------------
[NR-eGR]  Metal1 ( 1)         0( 0.00%)   ( 0.00%) 
[NR-eGR]  Metal2 ( 2)         0( 0.00%)   ( 0.00%) 
[NR-eGR]  Metal3 ( 3)         0( 0.00%)   ( 0.00%) 
[NR-eGR]  Metal4 ( 4)         0( 0.00%)   ( 0.00%) 
[NR-eGR]  Metal5 ( 5)         0( 0.00%)   ( 0.00%) 
[NR-eGR]  Metal6 ( 6)         0( 0.00%)   ( 0.00%) 
[NR-eGR]  Metal7 ( 7)         0( 0.00%)   ( 0.00%) 
[NR-eGR] ----------------------------------------------
[NR-eGR]        Total         0( 0.00%)   ( 0.00%) 
[NR-eGR] 
[NR-eGR] Overflow after Early Global Route 0.00% H + 0.00% V
[NR-eGR] Finished Early Global Route kernel ( CPU: 0.09 sec, Real: 0.03 sec, Curr Mem: 4.39 MB )
Early Global Route congestion estimation runtime: 0.04 seconds, mem = 4518.9M
Local HotSpot Analysis: normalized max congestion hotspot area = 0.00, normalized total congestion hotspot area = 0.00 (area is in unit of 4 std-cell row bins)
Skipped repairing congestion.
[NR-eGR] Connected 0 must-join pins/ports (post-process)
[NR-eGR] Total eGR-routed clock nets wire length: 342um, number of vias: 263
[NR-eGR] --------------------------------------------------------------------------
[NR-eGR]                  Length (um)  Vias 
[NR-eGR] -----------------------------------
[NR-eGR]  Metal1   (1H)             0  1418 
[NR-eGR]  Metal2   (2V)          3090  2285 
[NR-eGR]  Metal3   (3H)          3178    93 
[NR-eGR]  Metal4   (4V)           317     7 
[NR-eGR]  Metal5   (5H)            17     0 
[NR-eGR]  Metal6   (6V)             0     0 
[NR-eGR]  Metal7   (7H)             0     0 
[NR-eGR]  Metal8   (8V)             0     0 
[NR-eGR]  Metal9   (9H)             0     0 
[NR-eGR]  Metal10  (10V)            0     0 
[NR-eGR]  Metal11  (11H)            0     0 
[NR-eGR] -----------------------------------
[NR-eGR]           Total         6602  3803 
[NR-eGR] --------------------------------------------------------------------------
[NR-eGR] Total half perimeter of net bounding box: 5351um
[NR-eGR] Total length: 6602um, number of vias: 3803
[NR-eGR] --------------------------------------------------------------------------
Early Global Route wiring runtime: 0.01 seconds, mem = 4550.9M
Tdgp not enabled or already been cleared! skip clearing
End of congRepair (cpu=0:00:00.1, real=0:00:00.0)
*** Finishing placeDesign default flow ***
**placeDesign ... cpu = 0: 0: 3, real = 0: 0: 3, mem = 4550.9M **
Tdgp not enabled or already been cleared! skip clearing
**WARN: (IMPPSP-1003):	Found use of 'setRouteMode -earlyGlobalMaxRouteLayer'. This will continue to work in this release; however, it is recommended to use 'setDesignMode -topRoutingLayer' instead.
**WARN: (IMPSP-9526):	Restoring setTrialRouteMode -maxRouteLayer after placeDesign. Use 'setTrialRouteMode -maxRoutingLayer N' to set maximum routing layer.

*** Summary of all messages that are not suppressed in this session:
Severity  ID               Count  Summary                                  
WARNING   IMPDC-1629           2  The default delay limit was set to %d. T...
WARNING   IMPSP-9525           1  setPlaceMode -maxRouteLayer will overwri...
WARNING   IMPSP-9526           1  Restoring setTrialRouteMode -maxRouteLay...
WARNING   IMPPSP-1003          2  Found use of '%s'. This will continue to...
*** Message Summary: 6 warning(s), 0 error(s)

*** placeDesign #1 [finish] () : cpu/real = 0:00:02.9/0:00:03.3 (0.9), totSession cpu/real = 0:03:14.1/0:25:42.0 (0.1), mem = 4550.9M
<CMD> zoomBox -8.98150 -7.78500 50.34550 45.32550
<CMD> zoomBox -15.76750 -14.53000 54.02950 47.95300
<CMD> fit
<CMD> timeDesign -preCTS
AAE DB initialization (MEM=3554 CPU=0:00:00.0 REAL=0:00:00.0) 
*** timeDesign #1 [begin] () : totSession cpu/real = 0:03:14.8/0:26:01.0 (0.1), mem = 3554.0M
INFO: setAnalysisMode clockPropagation sdcControl -> forcedIdeal
Start to check current routing status for nets...
All nets are already routed correctly.
End to check current routing status for nets (mem=3529.0M)
Extraction called for design 'Main' of instances=313 and nets=474 using extraction engine 'preRoute' .
PreRoute RC Extraction called for design Main.
RC Extraction called in multi-corner(2) mode.
RCMode: PreRoute
      RC Corner Indexes            0       1   
Capacitance Scaling Factor   : 1.00000 1.00000 
Resistance Scaling Factor    : 1.00000 1.00000 
Clock Cap. Scaling Factor    : 1.00000 1.00000 
Clock Res. Scaling Factor    : 1.00000 1.00000 
Shrink Factor                : 1.00000
PreRoute extraction is honoring NDR/Shielding/ExtraSpace for clock nets.
Using Quantus QRC technology file ...
Updating RC Grid density data for preRoute extraction ...
Initializing multi-corner resistance tables ...
PreRoute RC Extraction DONE (CPU Time: 0:00:00.0  Real Time: 0:00:00.0  MEM: 3529.000M)
Starting delay calculation for Setup views
AAE_INFO: opIsDesignInPostRouteState() is 0
#################################################################################
# Design Stage: PreRoute
# Design Name: Main
# Design Mode: 45nm
# Analysis Mode: MMMC Non-OCV 
# Parasitics Mode: No SPEF/RCDB 
# Signoff Settings: SI Off 
#################################################################################
Calculate delays in BcWc mode...
Start delay calculation (fullDC) (8 T). (MEM=3025.88)
Total number of fetched objects 428
End delay calculation. (MEM=3090.99 CPU=0:00:00.1 REAL=0:00:00.0)
End delay calculation (fullDC). (MEM=3069.36 CPU=0:00:00.3 REAL=0:00:00.0)
*** Done Building Timing Graph (cpu=0:00:00.4 real=0:00:01.0 totSessionCpu=0:03:15 mem=4974.1M)

------------------------------------------------------------------
          timeDesign Summary
------------------------------------------------------------------

Setup views included:
 WORST_CASE 

+--------------------+---------+---------+---------+
|     Setup mode     |   all   | reg2reg | default |
+--------------------+---------+---------+---------+
|           WNS (ns):| -0.604  | -0.604  | -0.441  |
|           TNS (ns):| -1.362  | -0.921  | -0.441  |
|    Violating Paths:|    3    |    2    |    1    |
|          All Paths:|   276   |   181   |   178   |
+--------------------+---------+---------+---------+

+----------------+-------------------------------+------------------+
|                |              Real             |       Total      |
|    DRVs        +------------------+------------+------------------|
|                |  Nr nets(terms)  | Worst Vio  |  Nr nets(terms)  |
+----------------+------------------+------------+------------------+
|   max_cap      |      0 (0)       |   0.000    |      0 (0)       |
|   max_tran     |     16 (242)     |   -3.388   |     16 (242)     |
|   max_fanout   |      0 (0)       |     0      |      0 (0)       |
|   max_length   |      0 (0)       |     0      |      0 (0)       |
+----------------+------------------+------------+------------------+

Density: 79.948%
Routing Overflow: 0.00% H and 0.00% V
------------------------------------------------------------------
Reported timing to dir ./timingReports
Total CPU time: 0.74 sec
Total Real time: 2.0 sec
Total Memory Usage: 4597.796875 Mbytes
*** timeDesign #1 [finish] () : cpu/real = 0:00:00.7/0:00:01.5 (0.5), totSession cpu/real = 0:03:15.4/0:26:02.4 (0.1), mem = 4597.8M
<CMD> optDesign -preCTS
Executing: place_opt_design -opt
#% Begin place_opt_design (date=09/27 22:27:00, mem=3070.4M)
**INFO: User settings:
setDesignMode -process                              45
setExtractRCMode -coupling_c_th                     0.1
setExtractRCMode -engine                            preRoute
setExtractRCMode -relative_c_th                     1
setExtractRCMode -total_c_th                        0
setUsefulSkewMode -opt_skew_max_allowed_delay       1
setUsefulSkewMode -opt_skew_no_boundary             false
setDelayCalMode -enable_high_fanout                 true
setDelayCalMode -eng_enablePrePlacedFlow            false
setDelayCalMode -engine                             aae
setDelayCalMode -ignoreNetLoad                      false
setDelayCalMode -socv_accuracy_mode                 low
setScanReorderMode -compLogic                       true
setPlaceMode -maxRouteLayer                         7
setPlaceMode -place_design_floorplan_mode           false
setPlaceMode -place_detail_check_route              false
setPlaceMode -place_detail_preserve_routing         true
setPlaceMode -place_detail_remove_affected_routing  false
setPlaceMode -place_detail_swap_eeq_cells           false
setPlaceMode -place_global_clock_gate_aware         true
setPlaceMode -place_global_cong_effort              auto
setPlaceMode -place_global_ignore_scan              true
setPlaceMode -place_global_ignore_spare             false
setPlaceMode -place_global_module_aware_spare       false
setPlaceMode -place_global_place_io_pins            false
setPlaceMode -place_global_reorder_scan             true
setPlaceMode -powerDriven                           false
setPlaceMode -timingDriven                          true
setAnalysisMode -checkType                          setup
setAnalysisMode -clkSrcPath                         true
setAnalysisMode -clockPropagation                   forcedIdeal
setAnalysisMode -virtualIPO                         false
setRouteMode -earlyGlobalHonorMsvRouteConstraint    false
setRouteMode -earlyGlobalRoutePartitionPinGuide     true

*** place_opt_design #1 [begin] () : totSession cpu/real = 0:03:15.5/0:26:02.4 (0.1), mem = 4597.8M
No user sequential activity specified, applying default sequential activity of "0.2" for Dynamic Power reporting.
'set_default_switching_activity' finished successfully.
*** Starting GigaPlace ***
Starting place_opt_design V2 flow
*** GlobalPlace #1 [begin] (place_opt_design #1) : totSession cpu/real = 0:03:15.5/0:26:02.5 (0.1), mem = 4597.8M
*** GlobalPlace #1 [finish] (place_opt_design #1) : cpu/real = 0:00:00.0/0:00:00.0 (0.0), totSession cpu/real = 0:03:15.5/0:26:02.5 (0.1), mem = 4597.8M
Enable CTE adjustment.
Enable Layer aware incrSKP.
**optDesign ... cpu = 0:00:00, real = 0:00:00, mem = 3071.8M, totSessionCpu=0:03:16 **
GigaOpt running with 8 threads.
*** InitOpt #1 [begin] (place_opt_design #1) : totSession cpu/real = 0:03:15.5/0:26:02.5 (0.1), mem = 4597.8M
**INFO: setDesignMode -flowEffort standard -> setting 'setOptMode -allEndPoints true' for the duration of this command.
Info: Using SynthesisEngine executable '/eda/cadence/2024-25/RHELx86/DDIEXPORT_23.31.000/INNOVUS231/bin/innovus_'.
      (normalized executable '/mnt/cae_storage_sw/eda/cadence/2024-25/RHELx86/DDIEXPORT_23.31.000/INNOVUS231/bin/innovus_')
      SynthesisEngine workers will not check out additional licenses.
Warning: cannot find min major genus version for innovus version; min major for 23.1 will be used instead.
**INFO: Using Advanced Metric Collection system.
**optDesign ... cpu = 0:00:01, real = 0:00:09, mem = 3080.1M, totSessionCpu=0:03:17 **
#optDebug: { P: 45 W: 7195 FE: standard PE: none LDR: 1}
*** optDesign -preCTS ***
DRC Margin: user margin 0.0; extra margin 0.2
Setup Target Slack: user slack 0; extra slack 0.0
Hold Target Slack: user slack 0
Multi-VT timing optimization disabled based on library information.
	CornerforLayerOpt timing analysis view Best_CASE has been selected for calibration 
	CornerforLayerOpt timing analysis view Best_CASE has been selected for calibration 
	CornerforLayerOpt timing analysis view Best_CASE has been selected for calibration 
	CornerforLayerOpt timing analysis view Best_CASE has been selected for calibration 
	CornerforLayerOpt timing analysis view Best_CASE has been selected for calibration 
	CornerforLayerOpt timing analysis view Best_CASE has been selected for calibration 
	CornerforLayerOpt timing analysis view Best_CASE has been selected for calibration 
	CornerforLayerOpt timing analysis view Best_CASE has been selected for calibration 
[NR-eGR] Started Early Global Route ( Curr Mem: 4.59 MB )
Max route layer is changed from 127 to 11 because there is no routing track above this layer
Max route layer is changed from 127 to 11 because there is no routing track above this layer
[NR-eGR] Started Early Global Route kernel ( Curr Mem: 4.59 MB )
[NR-eGR] Early global route reroute all routable nets
[NR-eGR] Track table information for default rule: 
[NR-eGR] Metal1 has single uniform track structure
[NR-eGR] Metal2 has single uniform track structure
[NR-eGR] Metal3 has single uniform track structure
[NR-eGR] Metal4 has single uniform track structure
[NR-eGR] Metal5 has single uniform track structure
[NR-eGR] Metal6 has single uniform track structure
[NR-eGR] Metal7 has single uniform track structure
[NR-eGR] Metal8 has single uniform track structure
[NR-eGR] Metal9 has single uniform track structure
[NR-eGR] Metal10 has single uniform track structure
[NR-eGR] Metal11 has single uniform track structure
[NR-eGR] Read 840 PG shapes
[NR-eGR] Read 0 clock shapes
[NR-eGR] Read 0 other shapes
[NR-eGR] #Routing Blockages  : 0
[NR-eGR] #Instance Blockages : 0
[NR-eGR] #PG Blockages       : 840
[NR-eGR] #Halo Blockages     : 0
[NR-eGR] #Boundary Blockages : 0
[NR-eGR] #Clock Blockages    : 0
[NR-eGR] #Other Blockages    : 0
[NR-eGR] #prerouted nets         : 0
[NR-eGR] #prerouted special nets : 0
[NR-eGR] #prerouted wires        : 0
[NR-eGR] Read 428 nets ( ignored 0 )
[NR-eGR] There are 1 clock nets ( 0 with NDR ).
[NR-eGR] ============ Routing rule table ============
[NR-eGR] Rule id: 0  Nets: 428
[NR-eGR] ========================================
[NR-eGR] 
[NR-eGR] Layer group 1: route 428 net(s) in layer range [2, 11]
[NR-eGR] Early Global Route overflow of layer group 1: 0.00% H + 0.00% V. EstWL: 6.354360e+03um
[NR-eGR] Congestion Analysis By layer: (blocked Gcells are excluded) 
[NR-eGR]                        OverCon            
[NR-eGR]                         #Gcell     %Gcell
[NR-eGR]        Layer             (1-0)    OverCon
[NR-eGR] ----------------------------------------------
[NR-eGR]  Metal1 ( 1)         0( 0.00%)   ( 0.00%) 
[NR-eGR]  Metal2 ( 2)         0( 0.00%)   ( 0.00%) 
[NR-eGR]  Metal3 ( 3)         0( 0.00%)   ( 0.00%) 
[NR-eGR]  Metal4 ( 4)         0( 0.00%)   ( 0.00%) 
[NR-eGR]  Metal5 ( 5)         0( 0.00%)   ( 0.00%) 
[NR-eGR]  Metal6 ( 6)         0( 0.00%)   ( 0.00%) 
[NR-eGR]  Metal7 ( 7)         0( 0.00%)   ( 0.00%) 
[NR-eGR]  Metal8 ( 8)         0( 0.00%)   ( 0.00%) 
[NR-eGR]  Metal9 ( 9)         0( 0.00%)   ( 0.00%) 
[NR-eGR] Metal10 (10)         0( 0.00%)   ( 0.00%) 
[NR-eGR] Metal11 (11)         0( 0.00%)   ( 0.00%) 
[NR-eGR] ----------------------------------------------
[NR-eGR]        Total         0( 0.00%)   ( 0.00%) 
[NR-eGR] 
[NR-eGR] Overflow after Early Global Route 0.00% H + 0.00% V
[NR-eGR] Connected 0 must-join pins/ports (post-process)
[NR-eGR] Total eGR-routed clock nets wire length: 353um, number of vias: 257
[NR-eGR] --------------------------------------------------------------------------
[NR-eGR]                  Length (um)  Vias 
[NR-eGR] -----------------------------------
[NR-eGR]  Metal1   (1H)             0  1418 
[NR-eGR]  Metal2   (2V)          3151  2297 
[NR-eGR]  Metal3   (3H)          3300    76 
[NR-eGR]  Metal4   (4V)           225    11 
[NR-eGR]  Metal5   (5H)            28     0 
[NR-eGR]  Metal6   (6V)             0     0 
[NR-eGR]  Metal7   (7H)             0     0 
[NR-eGR]  Metal8   (8V)             0     0 
[NR-eGR]  Metal9   (9H)             0     0 
[NR-eGR]  Metal10  (10V)            0     0 
[NR-eGR]  Metal11  (11H)            0     0 
[NR-eGR] -----------------------------------
[NR-eGR]           Total         6705  3802 
[NR-eGR] --------------------------------------------------------------------------
[NR-eGR] Total half perimeter of net bounding box: 5351um
[NR-eGR] Total length: 6705um, number of vias: 3802
[NR-eGR] --------------------------------------------------------------------------
[NR-eGR] Finished Early Global Route kernel ( CPU: 0.16 sec, Real: 0.09 sec, Curr Mem: 4.48 MB )
[NR-eGR] Finished Early Global Route ( CPU: 0.16 sec, Real: 0.10 sec, Curr Mem: 4.48 MB )
Updating RC Grid density data for preRoute extraction ...
Initializing multi-corner resistance tables ...
Extraction called for design 'Main' of instances=313 and nets=474 using extraction engine 'preRoute' .
PreRoute RC Extraction called for design Main.
RC Extraction called in multi-corner(2) mode.
RCMode: PreRoute
      RC Corner Indexes            0       1   
Capacitance Scaling Factor   : 1.00000 1.00000 
Resistance Scaling Factor    : 1.00000 1.00000 
Clock Cap. Scaling Factor    : 1.00000 1.00000 
Clock Res. Scaling Factor    : 1.00000 1.00000 
Shrink Factor                : 1.00000
PreRoute extraction is honoring NDR/Shielding/ExtraSpace for clock nets.
Using Quantus QRC technology file ...
Updating RC Grid density data for preRoute extraction ...
Initializing multi-corner resistance tables ...
PreRoute RC Extraction DONE (CPU Time: 0:00:00.0  Real Time: 0:00:00.0  MEM: 4615.641M)
Starting delay calculation for Setup views
AAE_INFO: opIsDesignInPostRouteState() is 0
#################################################################################
# Design Stage: PreRoute
# Design Name: Main
# Design Mode: 45nm
# Analysis Mode: MMMC Non-OCV 
# Parasitics Mode: No SPEF/RCDB 
# Signoff Settings: SI Off 
#################################################################################
Calculate delays in BcWc mode...
Start delay calculation (fullDC) (8 T). (MEM=3181.41)
Total number of fetched objects 428
End delay calculation. (MEM=3241.03 CPU=0:00:00.1 REAL=0:00:00.0)
End delay calculation (fullDC). (MEM=3241.03 CPU=0:00:00.1 REAL=0:00:00.0)
*** Done Building Timing Graph (cpu=0:00:00.3 real=0:00:00.0 totSessionCpu=0:03:18 mem=5124.9M)

------------------------------------------------------------------
             Initial Summary
------------------------------------------------------------------

Setup views included:
 WORST_CASE 

+--------------------+---------+
|     Setup mode     |   all   |
+--------------------+---------+
|           WNS (ns):| -0.604  |
|           TNS (ns):| -1.362  |
|    Violating Paths:|    3    |
|          All Paths:|   276   |
+--------------------+---------+

+----------------+-------------------------------+------------------+
|                |              Real             |       Total      |
|    DRVs        +------------------+------------+------------------|
|                |  Nr nets(terms)  | Worst Vio  |  Nr nets(terms)  |
+----------------+------------------+------------+------------------+
|   max_cap      |      0 (0)       |   0.000    |      0 (0)       |
|   max_tran     |     16 (242)     |   -3.478   |     16 (242)     |
|   max_fanout   |      0 (0)       |     0      |      0 (0)       |
|   max_length   |      0 (0)       |     0      |      0 (0)       |
+----------------+------------------+------------+------------------+

Density: 79.948%
------------------------------------------------------------------
**optDesign ... cpu = 0:00:02, real = 0:00:10, mem = 3211.4M, totSessionCpu=0:03:18 **
*** InitOpt #1 [finish] (place_opt_design #1) : cpu/real = 0:00:02.2/0:00:10.0 (0.2), totSession cpu/real = 0:03:17.7/0:26:12.5 (0.1), mem = 4723.9M
** INFO : this run is activating medium effort placeOptDesign flow
*** ExcludedClockNetOpt #1 [begin] (place_opt_design #1) : totSession cpu/real = 0:03:17.8/0:26:12.6 (0.1), mem = 4723.9M
*** Starting optimizing excluded clock nets MEM= 4723.9M) ***
*info: No excluded clock nets to be optimized.
*** Finished optimizing excluded clock nets (CPU Time= 0:00:00.0  MEM= 4723.9M) ***
*** ExcludedClockNetOpt #1 [finish] (place_opt_design #1) : cpu/real = 0:00:00.0/0:00:00.0 (0.0), totSession cpu/real = 0:03:17.8/0:26:12.6 (0.1), mem = 4723.9M
The useful skew maximum allowed delay set by user is: 1
*** SimplifyNetlist #1 [begin] (place_opt_design #1) : totSession cpu/real = 0:03:17.9/0:26:12.6 (0.1), mem = 4693.9M
Info: 1 clock net  excluded from IPO operation.

Footprint cell information for calculating maxBufDist
*info: There are 10 candidate Buffer cells
*info: There are 12 candidate Inverter cells

	CornerforLayerOpt timing analysis view Best_CASE has been selected for calibration 
	CornerforLayerOpt timing analysis view Best_CASE has been selected for calibration 
	CornerforLayerOpt timing analysis view Best_CASE has been selected for calibration 
	CornerforLayerOpt timing analysis view Best_CASE has been selected for calibration 

Netlist preparation processing... 
Removed 0 instance
*info: Marking 0 isolation instances dont touch
*info: Marking 0 level shifter instances dont touch
*** SimplifyNetlist #1 [finish] (place_opt_design #1) : cpu/real = 0:00:00.7/0:00:00.7 (1.0), totSession cpu/real = 0:03:18.5/0:26:13.3 (0.1), mem = 4736.9M
Running new flow changes for HFN
Begin: GigaOpt high fanout net optimization
*** DrvOpt #1 [begin] (place_opt_design #1) : totSession cpu/real = 0:03:18.6/0:26:13.4 (0.1), mem = 4736.9M
Info: 1 clock net  excluded from IPO operation.
	CornerforLayerOpt timing analysis view Best_CASE has been selected for calibration 
	CornerforLayerOpt timing analysis view Best_CASE has been selected for calibration 
	CornerforLayerOpt timing analysis view Best_CASE has been selected for calibration 
	CornerforLayerOpt timing analysis view Best_CASE has been selected for calibration 
	CornerforLayerOpt timing analysis view Best_CASE has been selected for calibration 
	CornerforLayerOpt timing analysis view Best_CASE has been selected for calibration 
	CornerforLayerOpt timing analysis view Best_CASE has been selected for calibration 
	CornerforLayerOpt timing analysis view Best_CASE has been selected for calibration 
*** DrvOpt #1 [finish] (place_opt_design #1) : cpu/real = 0:00:00.2/0:00:00.2 (1.0), totSession cpu/real = 0:03:18.8/0:26:13.6 (0.1), mem = 4740.6M
End: GigaOpt high fanout net optimization
Begin: GigaOpt DRV Optimization
*** DrvOpt #2 [begin] (place_opt_design #1) : totSession cpu/real = 0:03:18.9/0:26:13.7 (0.1), mem = 4740.6M
Info: 1 clock net  excluded from IPO operation.
	CornerforLayerOpt timing analysis view Best_CASE has been selected for calibration 
	CornerforLayerOpt timing analysis view Best_CASE has been selected for calibration 
	CornerforLayerOpt timing analysis view Best_CASE has been selected for calibration 
	CornerforLayerOpt timing analysis view Best_CASE has been selected for calibration 
	CornerforLayerOpt timing analysis view Best_CASE has been selected for calibration 
	CornerforLayerOpt timing analysis view Best_CASE has been selected for calibration 
	CornerforLayerOpt timing analysis view Best_CASE has been selected for calibration 
	CornerforLayerOpt timing analysis view Best_CASE has been selected for calibration 
+-------------------------------------------------------------------------------------------------------------------------------------------------------+
|        max-tran       |        max-cap        |  max-fanout |  max-length |       setup       |        |        |        |       |          |         |
+-------------------------------------------------------------------------------------------------------------------------------------------------------+
| nets | terms|  wViol  | nets | terms|  wViol  | nets | terms| nets | terms|   WNS   |   TNS   |  #Buf  |  #Inv  | #Resize|Density|   Real   |   Mem   |
+-------------------------------------------------------------------------------------------------------------------------------------------------------+
|    19|   258|    -3.53|     0|     0|     0.00|     0|     0|     0|     0|    -0.60|    -1.36|       0|       0|       0| 79.95%|          |         |
|     0|     0|     0.00|     0|     0|     0.00|     0|     0|     0|     0|    -0.60|    -1.38|      12|       8|       6| 82.46%| 0:00:00.0|  5455.9M|
|     0|     0|     0.00|     0|     0|     0.00|     0|     0|     0|     0|    -0.60|    -1.38|       0|       0|       0| 82.46%| 0:00:00.0|  5455.9M|
+-------------------------------------------------------------------------------------------------------------------------------------------------------+
Bottom Preferred Layer:
    None
Via Pillar Rule:
    None

*** Finish DRV Fixing (cpu=0:00:00.3 real=0:00:00.0 mem=5455.9M) ***

*** DrvOpt #2 [finish] (place_opt_design #1) : cpu/real = 0:00:00.8/0:00:00.6 (1.2), totSession cpu/real = 0:03:19.7/0:26:14.3 (0.1), mem = 4914.9M
End: GigaOpt DRV Optimization
**optDesign ... cpu = 0:00:04, real = 0:00:12, mem = 3320.2M, totSessionCpu=0:03:20 **

Active setup views:
 WORST_CASE
  Dominating endpoints: 0
  Dominating TNS: -0.000

Begin: GigaOpt Global Optimization
*info: use new DP (enabled)
Info: 1 clock net  excluded from IPO operation.
*** GlobalOpt #1 [begin] (place_opt_design #1) : totSession cpu/real = 0:03:19.8/0:26:14.4 (0.1), mem = 5176.6M
*info: 1 clock net excluded
*info: 26 no-driver nets excluded.
** GigaOpt Global Opt WNS Slack -0.604  TNS Slack -1.379 
+--------+--------+---------+------------+--------+----------+---------+---------------------------------+
|  WNS   |  TNS   | Density |    Real    |  Mem   |Worst View|Pathgroup|            End Point            |
+--------+--------+---------+------------+--------+----------+---------+---------------------------------+
|  -0.604|  -1.379|   82.46%|   0:00:00.0| 5381.9M|WORST_CASE|  default| OGF_R3_reg/D                    |
|  -0.604|  -1.379|   82.46%|   0:00:00.0| 5404.5M|WORST_CASE|  default| OGF_R3_reg/D                    |
|  -0.604|  -1.379|   82.46%|   0:00:00.0| 5431.5M|WORST_CASE|  default| OGF_R3_reg/D                    |
|  -0.604|  -1.379|   82.46%|   0:00:00.0| 5431.5M|WORST_CASE|  default| OGF_R3_reg/D                    |
|  -0.516|  -1.246|   82.52%|   0:00:00.0| 5541.9M|WORST_CASE|  default| OGF_R3_reg/D                    |
|  -0.516|  -1.246|   82.52%|   0:00:00.0| 5545.4M|WORST_CASE|  default| OGF_R3_reg/D                    |
|  -0.516|  -1.246|   82.52%|   0:00:00.0| 5545.4M|WORST_CASE|  default| OGF_R3_reg/D                    |
|  -0.516|  -1.246|   82.52%|   0:00:00.0| 5545.4M|WORST_CASE|  default| OGF_R3_reg/D                    |
|  -0.471|  -1.114|   82.83%|   0:00:00.0| 5564.5M|WORST_CASE|  default| OGF_R3_reg/D                    |
|  -0.471|  -1.066|   82.91%|   0:00:00.0| 5566.0M|WORST_CASE|  default| OGF_R3_reg/D                    |
|  -0.471|  -1.066|   82.91%|   0:00:00.0| 5566.0M|WORST_CASE|  default| OGF_R3_reg/D                    |
|  -0.471|  -1.066|   82.91%|   0:00:00.0| 5566.0M|WORST_CASE|  default| OGF_R3_reg/D                    |
|  -0.471|  -1.066|   82.91%|   0:00:00.0| 5566.0M|WORST_CASE|  default| OGF_R3_reg/D                    |
|  -0.471|  -1.066|   82.91%|   0:00:00.0| 5566.0M|WORST_CASE|  default| OGF_R3_reg/D                    |
|  -0.471|  -1.066|   82.91%|   0:00:00.0| 5566.0M|WORST_CASE|  default| OGF_R3_reg/D                    |
|  -0.471|  -1.066|   82.91%|   0:00:00.0| 5566.0M|WORST_CASE|  default| OGF_R3_reg/D                    |
|  -0.459|  -1.039|   83.06%|   0:00:00.0| 5566.0M|WORST_CASE|  default| OGF_R3_reg/D                    |
|  -0.459|  -1.039|   83.06%|   0:00:00.0| 5566.0M|WORST_CASE|  default| OGF_R3_reg/D                    |
+--------+--------+---------+------------+--------+----------+---------+---------------------------------+

*** Finish pre-CTS Global Setup Fixing (cpu=0:00:00.3 real=0:00:00.0 mem=5566.0M) ***

*** Finish pre-CTS Setup Fixing (cpu=0:00:00.3 real=0:00:00.0 mem=5566.0M) ***
Bottom Preferred Layer:
    None
Via Pillar Rule:
    None
** GigaOpt Global Opt End WNS Slack -0.459  TNS Slack -1.039 
*** GlobalOpt #1 [finish] (place_opt_design #1) : cpu/real = 0:00:00.8/0:00:00.6 (1.4), totSession cpu/real = 0:03:20.6/0:26:15.0 (0.1), mem = 4984.0M
End: GigaOpt Global Optimization
*** Timing NOT met, worst failing slack is -0.458
*** Check timing (0:00:00.0)
Info: 1 clock net  excluded from IPO operation.
Begin: Area Reclaim Optimization
*** AreaOpt #1 [begin] (place_opt_design #1) : totSession cpu/real = 0:03:20.7/0:26:15.1 (0.1), mem = 5373.7M
Reclaim Optimization WNS Slack -0.459  TNS Slack -1.039 Density 83.06
+---------+---------+--------+--------+------------+--------+
| Density | Commits |  WNS   |  TNS   |    Real    |  Mem   |
+---------+---------+--------+--------+------------+--------+
|   83.06%|        -|  -0.459|  -1.039|   0:00:00.0| 5373.7M|
|   83.06%|        0|  -0.459|  -1.039|   0:00:00.0| 5373.7M|
|   83.06%|        0|  -0.459|  -1.039|   0:00:00.0| 5373.7M|
|   83.06%|        0|  -0.459|  -1.039|   0:00:00.0| 5373.7M|
|   82.85%|        3|  -0.393|  -0.951|   0:00:00.0| 5526.3M|
|   82.85%|        0|  -0.393|  -0.951|   0:00:00.0| 5526.3M|
|   82.85%|        0|  -0.393|  -0.951|   0:00:00.0| 5526.3M|
+---------+---------+--------+--------+------------+--------+
Reclaim Optimization End WNS Slack -0.393  TNS Slack -0.951 Density 82.85
Bottom Preferred Layer:
    None
Via Pillar Rule:
    None

Number of times islegalLocAvaiable called = 0 skipped = 0, called in commitmove = 0, skipped in commitmove = 0
End: Core Area Reclaim Optimization (cpu = 0:00:00.4) (real = 0:00:01.0) **
*** AreaOpt #1 [finish] (place_opt_design #1) : cpu/real = 0:00:00.4/0:00:00.4 (1.1), totSession cpu/real = 0:03:21.1/0:26:15.5 (0.1), mem = 5526.3M
Executing incremental physical updates
Executing incremental physical updates
End: Area Reclaim Optimization (cpu=0:00:00, real=0:00:01, mem=4980.34M, totSessionCpu=0:03:21).
*** IncrReplace #1 [begin] (place_opt_design #1) : totSession cpu/real = 0:03:21.2/0:26:15.6 (0.1), mem = 4980.3M

*** Start incrementalPlace ***
No Views given, use default active views for adaptive view pruning
Active views:
  WORST_CASE
Max route layer is changed from 127 to 11 because there is no routing track above this layer
Max route layer is changed from 127 to 11 because there is no routing track above this layer
[NR-eGR] Started Early Global Route kernel ( Curr Mem: 4.83 MB )
[NR-eGR] Early global route reroute all routable nets
[NR-eGR] Track table information for default rule: 
[NR-eGR] Metal1 has single uniform track structure
[NR-eGR] Metal2 has single uniform track structure
[NR-eGR] Metal3 has single uniform track structure
[NR-eGR] Metal4 has single uniform track structure
[NR-eGR] Metal5 has single uniform track structure
[NR-eGR] Metal6 has single uniform track structure
[NR-eGR] Metal7 has single uniform track structure
[NR-eGR] Metal8 has single uniform track structure
[NR-eGR] Metal9 has single uniform track structure
[NR-eGR] Metal10 has single uniform track structure
[NR-eGR] Metal11 has single uniform track structure
[NR-eGR] Read 840 PG shapes
[NR-eGR] Read 0 clock shapes
[NR-eGR] Read 0 other shapes
[NR-eGR] #Routing Blockages  : 0
[NR-eGR] #Instance Blockages : 0
[NR-eGR] #PG Blockages       : 840
[NR-eGR] #Halo Blockages     : 0
[NR-eGR] #Boundary Blockages : 0
[NR-eGR] #Clock Blockages    : 0
[NR-eGR] #Other Blockages    : 0
[NR-eGR] #prerouted nets         : 0
[NR-eGR] #prerouted special nets : 0
[NR-eGR] #prerouted wires        : 0
[NR-eGR] Read 448 nets ( ignored 0 )
[NR-eGR] There are 1 clock nets ( 0 with NDR ).
[NR-eGR] ============ Routing rule table ============
[NR-eGR] Rule id: 0  Nets: 448
[NR-eGR] ========================================
[NR-eGR] 
[NR-eGR] Layer group 1: route 448 net(s) in layer range [2, 11]
[NR-eGR] Early Global Route overflow of layer group 1: 0.00% H + 0.00% V. EstWL: 6.267150e+03um
[NR-eGR] Congestion Analysis By layer: (blocked Gcells are excluded) 
[NR-eGR]                        OverCon            
[NR-eGR]                         #Gcell     %Gcell
[NR-eGR]        Layer             (1-0)    OverCon
[NR-eGR] ----------------------------------------------
[NR-eGR]  Metal1 ( 1)         0( 0.00%)   ( 0.00%) 
[NR-eGR]  Metal2 ( 2)         0( 0.00%)   ( 0.00%) 
[NR-eGR]  Metal3 ( 3)         0( 0.00%)   ( 0.00%) 
[NR-eGR]  Metal4 ( 4)         0( 0.00%)   ( 0.00%) 
[NR-eGR]  Metal5 ( 5)         0( 0.00%)   ( 0.00%) 
[NR-eGR]  Metal6 ( 6)         0( 0.00%)   ( 0.00%) 
[NR-eGR]  Metal7 ( 7)         0( 0.00%)   ( 0.00%) 
[NR-eGR]  Metal8 ( 8)         0( 0.00%)   ( 0.00%) 
[NR-eGR]  Metal9 ( 9)         0( 0.00%)   ( 0.00%) 
[NR-eGR] Metal10 (10)         0( 0.00%)   ( 0.00%) 
[NR-eGR] Metal11 (11)         0( 0.00%)   ( 0.00%) 
[NR-eGR] ----------------------------------------------
[NR-eGR]        Total         0( 0.00%)   ( 0.00%) 
[NR-eGR] 
[NR-eGR] Overflow after Early Global Route 0.00% H + 0.00% V
[NR-eGR] Finished Early Global Route kernel ( CPU: 0.07 sec, Real: 0.03 sec, Curr Mem: 4.83 MB )
Early Global Route congestion estimation runtime: 0.03 seconds, mem = 4982.3M
Local HotSpot Analysis: normalized max congestion hotspot area = 0.00, normalized total congestion hotspot area = 0.00 (area is in unit of 4 std-cell row bins)

=== incrementalPlace Internal Loop 1 ===
      flow.cputime  flow.realtime  timing.setup.tns  timing.setup.wns  snapshot
UM:*                                                                   incrNP_iter_start
*** Finished SKP initialization (cpu=0:00:00.2, real=0:00:00.0)***
SKP will use view:
  WORST_CASE
Iteration  4: Total net bbox = 4.861e+03 (2.42e+03 2.44e+03)
              Est.  stn bbox = 5.590e+03 (2.78e+03 2.81e+03)
              cpu = 0:00:00.2 real = 0:00:00.0 mem = 5606.3M
Iteration  5: Total net bbox = 4.867e+03 (2.41e+03 2.46e+03)
              Est.  stn bbox = 5.618e+03 (2.76e+03 2.86e+03)
              cpu = 0:00:00.2 real = 0:00:00.0 mem = 5606.3M
Iteration  6: Total net bbox = 4.980e+03 (2.46e+03 2.52e+03)
              Est.  stn bbox = 5.747e+03 (2.82e+03 2.92e+03)
              cpu = 0:00:00.3 real = 0:00:01.0 mem = 5606.3M
Iteration  7: Total net bbox = 5.124e+03 (2.51e+03 2.61e+03)
              Est.  stn bbox = 5.899e+03 (2.87e+03 3.03e+03)
              cpu = 0:00:00.3 real = 0:00:00.0 mem = 5606.3M
Iteration  8: Total net bbox = 5.147e+03 (2.54e+03 2.61e+03)
              Est.  stn bbox = 5.918e+03 (2.90e+03 3.02e+03)
              cpu = 0:00:00.3 real = 0:00:00.0 mem = 5638.3M
Move report: Timing Driven Placement moves 333 insts, mean move: 3.23 um, max move: 18.95 um 
	Max move on inst (FE_OFC12_n_140): (49.80, 31.54) --> (32.59, 33.28)

Finished Incremental Placement (cpu=0:00:01.7, real=0:00:01.0, mem=5382.3M)
Begin: Reorder Scan Chains
*** Scan Trace Summary (runtime: cpu: 0:00:00.0 , real: 0:00:00.0): 
Successfully traced 1 scan chain  (total 91 scan bits).
Start applying DEF ordered sections ...
Successfully applied all DEF ordered sections.
*** Scan Sanity Check Summary:
*** 1 scan chain  passed sanity check.
*** Summary: Scan Reorder within scan chain
Initial total scan wire length:      707.247 (floating:      646.467)
Final   total scan wire length:      686.793 (floating:      626.014)
Improvement:       20.454   percent  2.89 (floating improvement:       20.454   percent  3.16)
Initial scan reorder max long connection: not available for -stitchChainsAfterFreeMerging
Final   scan reorder max long connection:       25.632
Total net length = 6.702e+03 (3.417e+03 3.285e+03) (ext = 2.573e+03)
*** End of ScanReorder (cpu=0:00:00.0, real=0:00:00.0, mem=5670.3M) ***
End: Reorder Scan Chains
**ERROR: (IMPSP-365):	Design has inst(s) with SITE 'CoreSiteDouble', but the floorplan has no rows defined for this site. Any locations found for such insts will be illegal; create rows for this site to avoid this.
Type 'man IMPSP-365' for more detail.
*** Starting refinePlace (0:03:23 mem=5702.3M) ***
Total net bbox length = 5.347e+03 (2.717e+03 2.630e+03) (ext = 2.199e+03)
Max route layer is changed from 127 to 11 because there is no routing track above this layer
Max route layer is changed from 127 to 11 because there is no routing track above this layer
Max route layer is changed from 127 to 11 because there is no routing track above this layer
Max route layer is changed from 127 to 11 because there is no routing track above this layer
Move report: Detail placement moves 333 insts, mean move: 0.23 um, max move: 4.01 um 
	Max move on inst (g7106__6161): (17.39, 29.83) --> (16.80, 26.41)
	Runtime: CPU: 0:00:00.0 REAL: 0:00:00.0 MEM: 5670.3MB
Summary Report:
Instances move: 333 (out of 333 movable)
Instances flipped: 0
Mean displacement: 0.23 um
Max displacement: 4.01 um (Instance: g7106__6161) (17.388, 29.83) -> (16.8, 26.41)
	Length: 7 sites, height: 1 rows, site name: CoreSite, cell type: MX2XL
Physical-only instances move: 0 (out of 0 movable physical-only)
Total net bbox length = 5.423e+03 (2.749e+03 2.675e+03) (ext = 2.209e+03)
Runtime: CPU: 0:00:00.0 REAL: 0:00:00.0 MEM: 5670.3MB
*** Finished refinePlace (0:03:23 mem=5670.3M) ***
Max route layer is changed from 127 to 11 because there is no routing track above this layer
Max route layer is changed from 127 to 11 because there is no routing track above this layer
[NR-eGR] Early global route reroute all routable nets
[NR-eGR] Track table information for default rule: 
[NR-eGR] Metal1 has single uniform track structure
[NR-eGR] Metal2 has single uniform track structure
[NR-eGR] Metal3 has single uniform track structure
[NR-eGR] Metal4 has single uniform track structure
[NR-eGR] Metal5 has single uniform track structure
[NR-eGR] Metal6 has single uniform track structure
[NR-eGR] Metal7 has single uniform track structure
[NR-eGR] Metal8 has single uniform track structure
[NR-eGR] Metal9 has single uniform track structure
[NR-eGR] Metal10 has single uniform track structure
[NR-eGR] Metal11 has single uniform track structure
[NR-eGR] Read 840 PG shapes
[NR-eGR] Read 0 clock shapes
[NR-eGR] Read 0 other shapes
[NR-eGR] #Routing Blockages  : 0
[NR-eGR] #Instance Blockages : 0
[NR-eGR] #PG Blockages       : 840
[NR-eGR] #Halo Blockages     : 0
[NR-eGR] #Boundary Blockages : 0
[NR-eGR] #Clock Blockages    : 0
[NR-eGR] #Other Blockages    : 0
[NR-eGR] #prerouted nets         : 0
[NR-eGR] #prerouted special nets : 0
[NR-eGR] #prerouted wires        : 0
[NR-eGR] Read 448 nets ( ignored 0 )
[NR-eGR] There are 1 clock nets ( 0 with NDR ).
[NR-eGR] ============ Routing rule table ============
[NR-eGR] Rule id: 0  Nets: 448
[NR-eGR] ========================================
[NR-eGR] 
[NR-eGR] Layer group 1: route 448 net(s) in layer range [2, 11]
[NR-eGR] Early Global Route overflow of layer group 1: 0.00% H + 0.00% V. EstWL: 6.166260e+03um
[NR-eGR] Congestion Analysis By layer: (blocked Gcells are excluded) 
[NR-eGR]                        OverCon            
[NR-eGR]                         #Gcell     %Gcell
[NR-eGR]        Layer             (1-0)    OverCon
[NR-eGR] ----------------------------------------------
[NR-eGR]  Metal1 ( 1)         0( 0.00%)   ( 0.00%) 
[NR-eGR]  Metal2 ( 2)         0( 0.00%)   ( 0.00%) 
[NR-eGR]  Metal3 ( 3)         0( 0.00%)   ( 0.00%) 
[NR-eGR]  Metal4 ( 4)         0( 0.00%)   ( 0.00%) 
[NR-eGR]  Metal5 ( 5)         0( 0.00%)   ( 0.00%) 
[NR-eGR]  Metal6 ( 6)         0( 0.00%)   ( 0.00%) 
[NR-eGR]  Metal7 ( 7)         0( 0.00%)   ( 0.00%) 
[NR-eGR]  Metal8 ( 8)         0( 0.00%)   ( 0.00%) 
[NR-eGR]  Metal9 ( 9)         0( 0.00%)   ( 0.00%) 
[NR-eGR] Metal10 (10)         0( 0.00%)   ( 0.00%) 
[NR-eGR] Metal11 (11)         0( 0.00%)   ( 0.00%) 
[NR-eGR] ----------------------------------------------
[NR-eGR]        Total         0( 0.00%)   ( 0.00%) 
[NR-eGR] 
[NR-eGR] Overflow after Early Global Route 0.00% H + 0.00% V
[NR-eGR] Finished Early Global Route kernel ( CPU: 0.10 sec, Real: 0.04 sec, Curr Mem: 5.32 MB )
Early Global Route congestion estimation runtime: 0.04 seconds, mem = 5476.3M
Local HotSpot Analysis: normalized max congestion hotspot area = 0.00, normalized total congestion hotspot area = 0.00 (area is in unit of 4 std-cell row bins)
Local HotSpot Analysis (blockage included): normalized max congestion hotspot area = 0.00, normalized total congestion hotspot area = 0.00 (area is in unit of 4 std-cell row bins)
[NR-eGR] Connected 0 must-join pins/ports (post-process)
[NR-eGR] Total eGR-routed clock nets wire length: 335um, number of vias: 259
[NR-eGR] --------------------------------------------------------------------------
[NR-eGR]                  Length (um)  Vias 
[NR-eGR] -----------------------------------
[NR-eGR]  Metal1   (1H)             0  1458 
[NR-eGR]  Metal2   (2V)          3218  2331 
[NR-eGR]  Metal3   (3H)          3172    59 
[NR-eGR]  Metal4   (4V)           152     0 
[NR-eGR]  Metal5   (5H)             0     0 
[NR-eGR]  Metal6   (6V)             0     0 
[NR-eGR]  Metal7   (7H)             0     0 
[NR-eGR]  Metal8   (8V)             0     0 
[NR-eGR]  Metal9   (9H)             0     0 
[NR-eGR]  Metal10  (10V)            0     0 
[NR-eGR]  Metal11  (11H)            0     0 
[NR-eGR] -----------------------------------
[NR-eGR]           Total         6542  3848 
[NR-eGR] --------------------------------------------------------------------------
[NR-eGR] Total half perimeter of net bounding box: 5423um
[NR-eGR] Total length: 6542um, number of vias: 3848
[NR-eGR] --------------------------------------------------------------------------
Max route layer is changed from 127 to 11 because there is no routing track above this layer
Early Global Route wiring runtime: 0.04 seconds, mem = 5352.8M
0 delay mode for cte disabled.

*** Finished incrementalPlace (cpu=0:00:02.0, real=0:00:01.0)***
Start to check current routing status for nets...
All nets are already routed correctly.
End to check current routing status for nets (mem=5144.8M)
Extraction called for design 'Main' of instances=333 and nets=494 using extraction engine 'preRoute' .
PreRoute RC Extraction called for design Main.
RC Extraction called in multi-corner(2) mode.
RCMode: PreRoute
      RC Corner Indexes            0       1   
Capacitance Scaling Factor   : 1.00000 1.00000 
Resistance Scaling Factor    : 1.00000 1.00000 
Clock Cap. Scaling Factor    : 1.00000 1.00000 
Clock Res. Scaling Factor    : 1.00000 1.00000 
Shrink Factor                : 1.00000
PreRoute extraction is honoring NDR/Shielding/ExtraSpace for clock nets.
Using Quantus QRC technology file ...
Updating RC Grid density data for preRoute extraction ...
Initializing multi-corner resistance tables ...
PreRoute RC Extraction DONE (CPU Time: 0:00:00.0  Real Time: 0:00:00.0  MEM: 5144.797M)
**optDesign ... cpu = 0:00:08, real = 0:00:14, mem = 3202.0M, totSessionCpu=0:03:23 **
Starting delay calculation for Setup views
AAE_INFO: opIsDesignInPostRouteState() is 0
#################################################################################
# Design Stage: PreRoute
# Design Name: Main
# Design Mode: 45nm
# Analysis Mode: MMMC Non-OCV 
# Parasitics Mode: No SPEF/RCDB 
# Signoff Settings: SI Off 
#################################################################################
Calculate delays in BcWc mode...
Start delay calculation (fullDC) (8 T). (MEM=3309.98)
Total number of fetched objects 448
End delay calculation. (MEM=3338.34 CPU=0:00:00.1 REAL=0:00:00.0)
End delay calculation (fullDC). (MEM=3338.34 CPU=0:00:00.1 REAL=0:00:00.0)
*** Done Building Timing Graph (cpu=0:00:00.3 real=0:00:00.0 totSessionCpu=0:03:24 mem=5532.3M)
*** IncrReplace #1 [finish] (place_opt_design #1) : cpu/real = 0:00:02.5/0:00:01.7 (1.5), totSession cpu/real = 0:03:23.7/0:26:17.2 (0.1), mem = 5116.3M
Set ::gpsPrivate::dogPBIsIncrReplaceDoneInMaster 1
*** Timing NOT met, worst failing slack is -0.440
*** Check timing (0:00:00.0)
Begin: GigaOpt Optimization in TNS mode
Info: 1 clock net  excluded from IPO operation.
*** TnsOpt #1 [begin] (place_opt_design #1) : totSession cpu/real = 0:03:23.8/0:26:17.3 (0.1), mem = 5140.3M
**ERROR: (IMPSP-365):	Design has inst(s) with SITE 'CoreSiteDouble', but the floorplan has no rows defined for this site. Any locations found for such insts will be illegal; create rows for this site to avoid this.
*info: 1 clock net excluded
*info: 26 no-driver nets excluded.
** GigaOpt Optimizer WNS Slack -0.440 TNS Slack -1.075 Density 82.85
OptDebug: Start of Optimizer TNS Pass:
+----------+------+------+
|Path Group|   WNS|   TNS|
+----------+------+------+
|default   |-0.364|-0.364|
|reg2reg   |-0.440|-0.711|
|HEPG      |-0.440|-0.711|
|All Paths |-0.440|-1.075|
+----------+------+------+

Active Path Group: reg2reg  
+--------+---------+--------+---------+---------+------------+--------+----------+---------+---------------------------------+
|  WNS   | All WNS |  TNS   | All TNS | Density |    Real    |  Mem   |Worst View|Pathgroup|            End Point            |
+--------+---------+--------+---------+---------+------------+--------+----------+---------+---------------------------------+
|  -0.440|   -0.440|  -0.711|   -1.075|   82.85%|   0:00:00.0| 5587.0M|WORST_CASE|  reg2reg| OGF_R3_reg/D                    |
|  -0.148|   -0.148|  -0.207|   -0.342|   90.72%|   0:00:01.0| 6048.7M|WORST_CASE|  reg2reg| OGF_R3_reg/D                    |
|  -0.148|   -0.148|  -0.207|   -0.342|   90.72%|   0:00:00.0| 6048.7M|WORST_CASE|  reg2reg| OGF_R3_reg/D                    |
+--------+---------+--------+---------+---------+------------+--------+----------+---------+---------------------------------+

*** Finish Core Optimize Step (cpu=0:00:01.1 real=0:00:01.0 mem=6048.7M) ***

*** Finished Optimize Step Cumulative (cpu=0:00:01.1 real=0:00:01.0 mem=6048.7M) ***
OptDebug: End of Optimizer TNS Pass:
+----------+------+------+
|Path Group|   WNS|   TNS|
+----------+------+------+
|default   |-0.134|-0.134|
|reg2reg   |-0.148|-0.207|
|HEPG      |-0.148|-0.207|
|All Paths |-0.148|-0.342|
+----------+------+------+

Begin: Area Reclaim Optimization
*** AreaOpt #2 [begin] (TnsOpt #1 / place_opt_design #1) : totSession cpu/real = 0:03:25.6/0:26:18.2 (0.1), mem = 6048.7M
Reclaim Optimization WNS Slack -0.148  TNS Slack -0.342 Density 90.72
+---------+---------+--------+--------+------------+--------+
| Density | Commits |  WNS   |  TNS   |    Real    |  Mem   |
+---------+---------+--------+--------+------------+--------+
|   90.72%|        -|  -0.148|  -0.342|   0:00:00.0| 6048.7M|
|   90.72%|        0|  -0.148|  -0.342|   0:00:00.0| 6057.7M|
|   90.24%|       11|  -0.148|  -0.342|   0:00:00.0| 6057.7M|
|   90.24%|        0|  -0.148|  -0.342|   0:00:00.0| 6057.7M|
+---------+---------+--------+--------+------------+--------+
Reclaim Optimization End WNS Slack -0.148  TNS Slack -0.342 Density 90.24
Bottom Preferred Layer:
    None
Via Pillar Rule:
    None

Number of times islegalLocAvaiable called = 19 skipped = 0, called in commitmove = 11, skipped in commitmove = 0
End: Core Area Reclaim Optimization (cpu = 0:00:00.2) (real = 0:00:00.0) **
*** AreaOpt #2 [finish] (TnsOpt #1 / place_opt_design #1) : cpu/real = 0:00:00.2/0:00:00.1 (1.4), totSession cpu/real = 0:03:25.8/0:26:18.4 (0.1), mem = 6057.7M
End: Area Reclaim Optimization (cpu=0:00:00, real=0:00:00, mem=6050.69M, totSessionCpu=0:03:26).
*** Finished re-routing un-routed nets (6057.7M) ***

*** Finish Physical Update (cpu=0:00:00.0 real=0:00:00.0 mem=6061.7M) ***
** GigaOpt Optimizer WNS Slack -0.148 TNS Slack -0.342 Density 90.24
OptDebug: End of Setup Fixing:
+----------+------+------+
|Path Group|   WNS|   TNS|
+----------+------+------+
|default   |-0.134|-0.134|
|reg2reg   |-0.148|-0.207|
|HEPG      |-0.148|-0.207|
|All Paths |-0.148|-0.342|
+----------+------+------+

Bottom Preferred Layer:
    None
Via Pillar Rule:
    None

*** Finish pre-CTS Setup Fixing (cpu=0:00:01.7 real=0:00:01.0 mem=6061.7M) ***

*** TnsOpt #1 [finish] (place_opt_design #1) : cpu/real = 0:00:02.1/0:00:01.3 (1.7), totSession cpu/real = 0:03:26.0/0:26:18.6 (0.1), mem = 5473.7M
End: GigaOpt Optimization in TNS mode
*** Timing NOT met, worst failing slack is -0.148
*** Check timing (0:00:00.0)
Begin: GigaOpt Optimization in WNS mode
Info: 1 clock net  excluded from IPO operation.
*** WnsOpt #1 [begin] (place_opt_design #1) : totSession cpu/real = 0:03:26.1/0:26:18.7 (0.1), mem = 5473.7M
*info: 1 clock net excluded
*info: 26 no-driver nets excluded.
** GigaOpt Optimizer WNS Slack -0.148 TNS Slack -0.342 Density 90.24
OptDebug: Start of Optimizer WNS Pass 0:
+----------+------+------+
|Path Group|   WNS|   TNS|
+----------+------+------+
|default   |-0.134|-0.134|
|reg2reg   |-0.148|-0.207|
|HEPG      |-0.148|-0.207|
|All Paths |-0.148|-0.342|
+----------+------+------+

Active Path Group: reg2reg  
Info: initial physical memory for 9 CRR processes is 870.36MB.
+--------+---------+--------+---------+---------+------------+--------+----------+---------+---------------------------------+
|  WNS   | All WNS |  TNS   | All TNS | Density |    Real    |  Mem   |Worst View|Pathgroup|            End Point            |
+--------+---------+--------+---------+---------+------------+--------+----------+---------+---------------------------------+
|  -0.148|   -0.148|  -0.207|   -0.342|   90.24%|   0:00:00.0| 5878.4M|WORST_CASE|  reg2reg| OGF_R3_reg/D                    |
|   0.015|   -0.043|   0.000|   -0.043|   94.98%|   0:00:01.0| 6063.0M|WORST_CASE|  reg2reg| OGF_R3_reg/D                    |
|   0.015|   -0.043|   0.000|   -0.043|   95.11%|   0:00:01.0| 6065.0M|WORST_CASE|  reg2reg| OGF_R3_reg/D                    |
+--------+---------+--------+---------+---------+------------+--------+----------+---------+---------------------------------+

*** Finish Core Optimize Step (cpu=0:00:10.6 real=0:00:02.0 mem=6065.0M) ***
Active Path Group: default 
+--------+---------+--------+---------+---------+------------+--------+----------+---------+---------------------------------+
|  WNS   | All WNS |  TNS   | All TNS | Density |    Real    |  Mem   |Worst View|Pathgroup|            End Point            |
+--------+---------+--------+---------+---------+------------+--------+----------+---------+---------------------------------+
|  -0.043|   -0.043|  -0.043|   -0.043|   95.11%|   0:00:00.0| 6065.0M|WORST_CASE|  default| z_p                             |
|  -0.034|   -0.034|  -0.034|   -0.034|   95.13%|   0:00:00.0| 6065.0M|WORST_CASE|  default| z_p                             |
+--------+---------+--------+---------+---------+------------+--------+----------+---------+---------------------------------+

*** Finish Core Optimize Step (cpu=0:00:00.8 real=0:00:00.0 mem=6065.0M) ***

*** Finished Optimize Step Cumulative (cpu=0:00:11.6 real=0:00:07.0 mem=6065.0M) ***
OptDebug: End of Optimizer WNS Pass 0:
+----------+------+------+
|Path Group|   WNS|   TNS|
+----------+------+------+
|default   |-0.034|-0.034|
|reg2reg   | 0.018| 0.000|
|HEPG      | 0.018| 0.000|
|All Paths |-0.034|-0.034|
+----------+------+------+

** GigaOpt Optimizer WNS Slack -0.034 TNS Slack -0.034 Density 95.13
Begin: Area Reclaim Optimization
*** AreaOpt #3 [begin] (WnsOpt #1 / place_opt_design #1) : totSession cpu/real = 0:03:38.3/0:26:26.6 (0.1), mem = 6065.0M
Reclaim Optimization WNS Slack -0.034  TNS Slack -0.034 Density 95.13
+---------+---------+--------+--------+------------+--------+
| Density | Commits |  WNS   |  TNS   |    Real    |  Mem   |
+---------+---------+--------+--------+------------+--------+
|   95.13%|        -|  -0.034|  -0.034|   0:00:00.0| 6065.0M|
|   95.13%|        0|  -0.034|  -0.034|   0:00:00.0| 6070.0M|
|   93.38%|       25|  -0.029|  -0.029|   0:00:00.0| 6070.0M|
|   93.38%|        0|  -0.029|  -0.029|   0:00:00.0| 6070.0M|
+---------+---------+--------+--------+------------+--------+
Reclaim Optimization End WNS Slack -0.029  TNS Slack -0.029 Density 93.38
Bottom Preferred Layer:
    None
Via Pillar Rule:
    None

Number of times islegalLocAvaiable called = 46 skipped = 0, called in commitmove = 25, skipped in commitmove = 0
End: Core Area Reclaim Optimization (cpu = 0:00:00.3) (real = 0:00:00.0) **
*** AreaOpt #3 [finish] (WnsOpt #1 / place_opt_design #1) : cpu/real = 0:00:00.3/0:00:00.2 (1.5), totSession cpu/real = 0:03:38.6/0:26:26.9 (0.1), mem = 6070.0M
End: Area Reclaim Optimization (cpu=0:00:00, real=0:00:00, mem=6063.02M, totSessionCpu=0:03:39).
** GigaOpt Optimizer WNS Slack -0.029 TNS Slack -0.029 Density 93.38
OptDebug: Start of Optimizer WNS Pass 1:
+----------+------+------+
|Path Group|   WNS|   TNS|
+----------+------+------+
|default   |-0.029|-0.029|
|reg2reg   | 0.023| 0.000|
|HEPG      | 0.023| 0.000|
|All Paths |-0.029|-0.029|
+----------+------+------+

Active Path Group: reg2reg  
+--------+---------+--------+---------+---------+------------+--------+----------+---------+---------------------------------+
|  WNS   | All WNS |  TNS   | All TNS | Density |    Real    |  Mem   |Worst View|Pathgroup|            End Point            |
+--------+---------+--------+---------+---------+------------+--------+----------+---------+---------------------------------+
|   0.023|   -0.029|   0.000|   -0.029|   93.38%|   0:00:00.0| 6063.0M|WORST_CASE|  reg2reg| OGF_R3_reg/D                    |
|   0.023|   -0.029|   0.000|   -0.029|   93.55%|   0:00:01.0| 6073.0M|WORST_CASE|  reg2reg| OGF_R3_reg/D                    |
|   0.023|   -0.029|   0.000|   -0.029|   93.92%|   0:00:00.0| 6074.0M|WORST_CASE|  reg2reg| OGF_R3_reg/D                    |
+--------+---------+--------+---------+---------+------------+--------+----------+---------+---------------------------------+

*** Finish Core Optimize Step (cpu=0:00:01.5 real=0:00:01.0 mem=6074.0M) ***
Active Path Group: default 
+--------+---------+--------+---------+---------+------------+--------+----------+---------+---------------------------------+
|  WNS   | All WNS |  TNS   | All TNS | Density |    Real    |  Mem   |Worst View|Pathgroup|            End Point            |
+--------+---------+--------+---------+---------+------------+--------+----------+---------+---------------------------------+
|  -0.029|   -0.029|  -0.029|   -0.029|   93.92%|   0:00:00.0| 6074.0M|WORST_CASE|  default| z_p                             |
|  -0.019|   -0.019|  -0.019|   -0.019|   94.51%|   0:00:01.0| 6078.0M|WORST_CASE|  default| z_p                             |
+--------+---------+--------+---------+---------+------------+--------+----------+---------+---------------------------------+

*** Finish Core Optimize Step (cpu=0:00:01.7 real=0:00:01.0 mem=6078.0M) ***

*** Finished Optimize Step Cumulative (cpu=0:00:03.2 real=0:00:02.0 mem=6078.0M) ***
OptDebug: End of Optimizer WNS Pass 1:
+----------+------+------+
|Path Group|   WNS|   TNS|
+----------+------+------+
|default   |-0.019|-0.019|
|reg2reg   | 0.024| 0.000|
|HEPG      | 0.024| 0.000|
|All Paths |-0.019|-0.019|
+----------+------+------+

** GigaOpt Optimizer WNS Slack -0.019 TNS Slack -0.019 Density 94.51
Begin: Area Reclaim Optimization
*** AreaOpt #4 [begin] (WnsOpt #1 / place_opt_design #1) : totSession cpu/real = 0:03:42.1/0:26:28.3 (0.1), mem = 6078.0M
Reclaim Optimization WNS Slack -0.019  TNS Slack -0.019 Density 94.51
+---------+---------+--------+--------+------------+--------+
| Density | Commits |  WNS   |  TNS   |    Real    |  Mem   |
+---------+---------+--------+--------+------------+--------+
|   94.51%|        -|  -0.019|  -0.019|   0:00:00.0| 6078.0M|
|   94.51%|        0|  -0.019|  -0.019|   0:00:00.0| 6078.0M|
|   93.96%|        6|  -0.019|  -0.019|   0:00:00.0| 6079.0M|
|   93.96%|        0|  -0.019|  -0.019|   0:00:00.0| 6079.0M|
+---------+---------+--------+--------+------------+--------+
Reclaim Optimization End WNS Slack -0.019  TNS Slack -0.019 Density 93.96
Bottom Preferred Layer:
    None
Via Pillar Rule:
    None

Number of times islegalLocAvaiable called = 14 skipped = 0, called in commitmove = 6, skipped in commitmove = 0
End: Core Area Reclaim Optimization (cpu = 0:00:00.2) (real = 0:00:00.0) **
*** AreaOpt #4 [finish] (WnsOpt #1 / place_opt_design #1) : cpu/real = 0:00:00.2/0:00:00.1 (1.5), totSession cpu/real = 0:03:42.2/0:26:28.4 (0.1), mem = 6079.0M
End: Area Reclaim Optimization (cpu=0:00:00, real=0:00:00, mem=6079.02M, totSessionCpu=0:03:42).
** GigaOpt Optimizer WNS Slack -0.019 TNS Slack -0.019 Density 93.96
OptDebug: Start of Optimizer WNS Pass 2:
+----------+------+------+
|Path Group|   WNS|   TNS|
+----------+------+------+
|default   |-0.019|-0.019|
|reg2reg   | 0.024| 0.000|
|HEPG      | 0.024| 0.000|
|All Paths |-0.019|-0.019|
+----------+------+------+

Active Path Group: reg2reg  
+--------+---------+--------+---------+---------+------------+--------+----------+---------+---------------------------------+
|  WNS   | All WNS |  TNS   | All TNS | Density |    Real    |  Mem   |Worst View|Pathgroup|            End Point            |
+--------+---------+--------+---------+---------+------------+--------+----------+---------+---------------------------------+
|   0.024|   -0.019|   0.000|   -0.019|   93.96%|   0:00:00.0| 6079.0M|WORST_CASE|  reg2reg| OGF_R3_reg/D                    |
|   0.024|   -0.019|   0.000|   -0.019|   94.03%|   0:00:00.0| 6081.0M|WORST_CASE|  reg2reg| OGF_R3_reg/D                    |
Analyzing useful skew in preCTS mode ...
Warning: No primary view delay is got to compute view delay ratio.
|   0.046|    0.003|   0.000|    0.000|   94.03%|   0:00:01.0| 6087.5M|WORST_CASE|  reg2reg| OGF_R3_reg/D                    |
+--------+---------+--------+---------+---------+------------+--------+----------+---------+---------------------------------+

*** Finish Core Optimize Step (cpu=0:00:06.1 real=0:00:01.0 mem=6087.5M) ***
Active Path Group: default 
+--------+---------+--------+---------+---------+------------+--------+----------+---------+---------------------------------+
|  WNS   | All WNS |  TNS   | All TNS | Density |    Real    |  Mem   |Worst View|Pathgroup|            End Point            |
+--------+---------+--------+---------+---------+------------+--------+----------+---------+---------------------------------+
|   0.003|    0.003|   0.000|    0.000|   94.03%|   0:00:00.0| 6087.5M|WORST_CASE|  default| z_p                             |
|   0.031|    0.031|   0.000|    0.000|   94.18%|   0:00:00.0| 6089.5M|WORST_CASE|  default| z_p                             |
Analyzing useful skew in preCTS mode ...
Warning: No primary view delay is got to compute view delay ratio.
|   0.054|    0.054|   0.000|    0.000|   94.92%|   0:00:00.0| 6093.5M|WORST_CASE|  default| z_p                             |
+--------+---------+--------+---------+---------+------------+--------+----------+---------+---------------------------------+

*** Finish Core Optimize Step (cpu=0:00:01.9 real=0:00:00.0 mem=6093.5M) ***

*** Finished Optimize Step Cumulative (cpu=0:00:08.0 real=0:00:01.0 mem=6093.5M) ***
OptDebug: End of Optimizer WNS Pass 2:
+----------+-----+-----+
|Path Group|  WNS|  TNS|
+----------+-----+-----+
|default   |0.054|0.000|
|reg2reg   |0.061|0.000|
|HEPG      |0.061|0.000|
|All Paths |0.054|0.000|
+----------+-----+-----+

** GigaOpt Optimizer WNS Slack 0.054 TNS Slack 0.000 Density 94.92
Begin: Area Reclaim Optimization
*** AreaOpt #5 [begin] (WnsOpt #1 / place_opt_design #1) : totSession cpu/real = 0:03:50.5/0:26:29.6 (0.1), mem = 6093.5M
Reclaim Optimization WNS Slack 0.000  TNS Slack 0.000 Density 94.92
+---------+---------+--------+--------+------------+--------+
| Density | Commits |  WNS   |  TNS   |    Real    |  Mem   |
+---------+---------+--------+--------+------------+--------+
|   94.92%|        -|   0.000|   0.000|   0:00:00.0| 6093.5M|
|   94.66%|        3|   0.000|   0.000|   0:00:00.0| 6093.5M|
|   92.80%|       28|   0.000|   0.000|   0:00:00.0| 6093.5M|
|   92.58%|        2|   0.000|   0.000|   0:00:00.0| 6093.5M|
|   92.58%|        0|   0.000|   0.000|   0:00:00.0| 6093.5M|
+---------+---------+--------+--------+------------+--------+
Reclaim Optimization End WNS Slack 0.000  TNS Slack 0.000 Density 92.58
Bottom Preferred Layer:
    None
Via Pillar Rule:
    None

Number of times islegalLocAvaiable called = 65 skipped = 0, called in commitmove = 30, skipped in commitmove = 0
End: Core Area Reclaim Optimization (cpu = 0:00:00.6) (real = 0:00:00.0) **
*** AreaOpt #5 [finish] (WnsOpt #1 / place_opt_design #1) : cpu/real = 0:00:00.6/0:00:00.4 (1.6), totSession cpu/real = 0:03:51.1/0:26:30.0 (0.1), mem = 6093.5M
End: Area Reclaim Optimization (cpu=0:00:01, real=0:00:00, mem=6086.52M, totSessionCpu=0:03:51).
** GigaOpt Optimizer WNS Slack 0.004 TNS Slack 0.000 Density 92.58
Active Path Group: reg2reg  
+--------+---------+--------+---------+---------+------------+--------+----------+---------+---------------------------------+
|  WNS   | All WNS |  TNS   | All TNS | Density |    Real    |  Mem   |Worst View|Pathgroup|            End Point            |
+--------+---------+--------+---------+---------+------------+--------+----------+---------+---------------------------------+
|   0.008|    0.004|   0.000|    0.000|   92.58%|   0:00:00.0| 6086.5M|WORST_CASE|  reg2reg| OGF_R3_reg/D                    |
|   0.034|   -0.003|   0.000|   -0.003|   92.67%|   0:00:00.0| 6094.0M|WORST_CASE|  reg2reg| OGF_R3_reg/D                    |
|   0.055|    0.001|   0.000|    0.000|   92.82%|   0:00:00.0| 6094.0M|WORST_CASE|  reg2reg| OGF_R3_reg/D                    |
|   0.055|    0.001|   0.000|    0.000|   92.82%|   0:00:00.0| 6094.0M|WORST_CASE|  reg2reg| OGF_R3_reg/D                    |
+--------+---------+--------+---------+---------+------------+--------+----------+---------+---------------------------------+

*** Finish Core Optimize Step (cpu=0:00:03.7 real=0:00:00.0 mem=6094.0M) ***
Active Path Group: default 
+--------+---------+--------+---------+---------+------------+--------+----------+---------+---------------------------------+
|  WNS   | All WNS |  TNS   | All TNS | Density |    Real    |  Mem   |Worst View|Pathgroup|            End Point            |
+--------+---------+--------+---------+---------+------------+--------+----------+---------+---------------------------------+
|   0.001|    0.001|   0.000|    0.000|   92.82%|   0:00:00.0| 6094.0M|WORST_CASE|  default| z_p                             |
|   0.015|    0.015|   0.000|    0.000|   93.40%|   0:00:00.0| 6094.0M|WORST_CASE|  default| z_p                             |
|   0.041|    0.041|   0.000|    0.000|   93.75%|   0:00:00.0| 6095.0M|WORST_CASE|  default| z_p                             |
|   0.050|    0.050|   0.000|    0.000|   93.71%|   0:00:00.0| 6096.0M|WORST_CASE|  default| z_p                             |
|   0.050|    0.050|   0.000|    0.000|   93.71%|   0:00:00.0| 6097.0M|WORST_CASE|  default| z_p                             |
+--------+---------+--------+---------+---------+------------+--------+----------+---------+---------------------------------+

*** Finish Core Optimize Step (cpu=0:00:01.4 real=0:00:00.0 mem=6097.0M) ***

*** Finished Optimize Step Cumulative (cpu=0:00:05.1 real=0:00:00.0 mem=6097.0M) ***
*** Finished re-routing un-routed nets (6097.0M) ***

*** Finish Physical Update (cpu=0:00:00.0 real=0:00:00.0 mem=6097.0M) ***
** GigaOpt Optimizer WNS Slack 0.050 TNS Slack 0.000 Density 93.71
OptDebug: End of Setup Fixing:
+----------+-----+-----+
|Path Group|  WNS|  TNS|
+----------+-----+-----+
|default   |0.050|0.000|
|reg2reg   |0.074|0.000|
|HEPG      |0.074|0.000|
|All Paths |0.050|0.000|
+----------+-----+-----+

Bottom Preferred Layer:
    None
Via Pillar Rule:
    None

*** Finish pre-CTS Setup Fixing (cpu=0:00:29.9 real=0:00:12.0 mem=6097.0M) ***

*** WnsOpt #1 [finish] (place_opt_design #1) : cpu/real = 0:00:30.4/0:00:12.3 (2.5), totSession cpu/real = 0:03:56.5/0:26:31.0 (0.1), mem = 5549.0M
End: GigaOpt Optimization in WNS mode
*** Timing Is met
*** Check timing (0:00:00.0)
Info: 1 clock net  excluded from IPO operation.
Begin: Area Reclaim Optimization
*** AreaOpt #6 [begin] (place_opt_design #1) : totSession cpu/real = 0:03:56.6/0:26:31.1 (0.1), mem = 5938.7M
Reclaim Optimization WNS Slack 0.000  TNS Slack 0.000 Density 93.71
+---------+---------+--------+--------+------------+--------+
| Density | Commits |  WNS   |  TNS   |    Real    |  Mem   |
+---------+---------+--------+--------+------------+--------+
|   93.71%|        -|   0.000|   0.000|   0:00:00.0| 5938.7M|
|   93.71%|        0|   0.000|   0.000|   0:00:00.0| 5938.7M|
|   93.60%|        1|   0.000|   0.000|   0:00:00.0| 5957.8M|
|   90.85%|       26|   0.000|   0.000|   0:00:00.0| 6091.4M|
|   90.74%|        1|   0.000|   0.000|   0:00:00.0| 6091.4M|
|   90.74%|        0|   0.000|   0.000|   0:00:00.0| 6091.4M|
|   90.74%|        0|   0.000|   0.000|   0:00:00.0| 6091.4M|
+---------+---------+--------+--------+------------+--------+
Reclaim Optimization End WNS Slack 0.000  TNS Slack 0.000 Density 90.74
Bottom Preferred Layer:
    None
Via Pillar Rule:
    None

Number of times islegalLocAvaiable called = 0 skipped = 0, called in commitmove = 0, skipped in commitmove = 0
End: Core Area Reclaim Optimization (cpu = 0:00:00.5) (real = 0:00:00.0) **
*** Finished re-routing un-routed nets (6091.4M) ***

*** Finish Physical Update (cpu=0:00:00.0 real=0:00:00.0 mem=6091.4M) ***
*** AreaOpt #6 [finish] (place_opt_design #1) : cpu/real = 0:00:00.5/0:00:00.3 (1.5), totSession cpu/real = 0:03:57.1/0:26:31.4 (0.1), mem = 6091.4M
End: Area Reclaim Optimization (cpu=0:00:01, real=0:00:00, mem=5550.35M, totSessionCpu=0:03:57).
Begin: GigaOpt postEco DRV Optimization
*** DrvOpt #3 [begin] (place_opt_design #1) : totSession cpu/real = 0:03:57.3/0:26:31.6 (0.1), mem = 5550.4M
Info: 1 clock net  excluded from IPO operation.
	CornerforLayerOpt timing analysis view Best_CASE has been selected for calibration 
	CornerforLayerOpt timing analysis view Best_CASE has been selected for calibration 
	CornerforLayerOpt timing analysis view Best_CASE has been selected for calibration 
	CornerforLayerOpt timing analysis view Best_CASE has been selected for calibration 
	CornerforLayerOpt timing analysis view Best_CASE has been selected for calibration 
	CornerforLayerOpt timing analysis view Best_CASE has been selected for calibration 
	CornerforLayerOpt timing analysis view Best_CASE has been selected for calibration 
	CornerforLayerOpt timing analysis view Best_CASE has been selected for calibration 
+-------------------------------------------------------------------------------------------------------------------------------------------------------+
|        max-tran       |        max-cap        |  max-fanout |  max-length |       setup       |        |        |        |       |          |         |
+-------------------------------------------------------------------------------------------------------------------------------------------------------+
| nets | terms|  wViol  | nets | terms|  wViol  | nets | terms| nets | terms|   WNS   |   TNS   |  #Buf  |  #Inv  | #Resize|Density|   Real   |   Mem   |
+-------------------------------------------------------------------------------------------------------------------------------------------------------+
|     1|    29|    -0.00|     0|     0|     0.00|     0|     0|     0|     0|     0.01|     0.00|       0|       0|       0| 90.74%|          |         |
|     0|     0|     0.00|     0|     0|     0.00|     0|     0|     0|     0|     0.01|     0.00|       0|       0|       1| 90.76%| 0:00:00.0|  6092.7M|
|     0|     0|     0.00|     0|     0|     0.00|     0|     0|     0|     0|     0.01|     0.00|       0|       0|       0| 90.76%| 0:00:00.0|  6092.7M|
+-------------------------------------------------------------------------------------------------------------------------------------------------------+
Bottom Preferred Layer:
    None
Via Pillar Rule:
    None

*** Finish DRV Fixing (cpu=0:00:00.0 real=0:00:00.0 mem=6092.7M) ***

*** DrvOpt #3 [finish] (place_opt_design #1) : cpu/real = 0:00:00.3/0:00:00.2 (1.1), totSession cpu/real = 0:03:57.5/0:26:31.8 (0.1), mem = 5550.7M
End: GigaOpt postEco DRV Optimization
**WARN: (IMPOPT-7329):	Skipping refinePlace due to user configuration.
Register exp ratio and priority group on 0 nets on 560 nets : 

Active setup views:
 WORST_CASE
  Dominating endpoints: 0
  Dominating TNS: -0.000

Extraction called for design 'Main' of instances=463 and nets=606 using extraction engine 'preRoute' .
PreRoute RC Extraction called for design Main.
RC Extraction called in multi-corner(2) mode.
RCMode: PreRoute
      RC Corner Indexes            0       1   
Capacitance Scaling Factor   : 1.00000 1.00000 
Resistance Scaling Factor    : 1.00000 1.00000 
Clock Cap. Scaling Factor    : 1.00000 1.00000 
Clock Res. Scaling Factor    : 1.00000 1.00000 
Shrink Factor                : 1.00000
PreRoute extraction is honoring NDR/Shielding/ExtraSpace for clock nets.
Using Quantus QRC technology file ...
Grid density data update skipped
Initializing multi-corner resistance tables ...
PreRoute RC Extraction DONE (CPU Time: 0:00:00.0  Real Time: 0:00:00.0  MEM: 5416.836M)
Skewing Data Summary (End_of_FINAL)

Skew summary for view WORST_CASE:
* Accumulated skew : count = 2
         Advancing : count = 2, max = -58.5, min = -32.0, total = -90.5 (ps)
          Delaying : count = 0

Starting delay calculation for Setup views
AAE_INFO: opIsDesignInPostRouteState() is 0
#################################################################################
# Design Stage: PreRoute
# Design Name: Main
# Design Mode: 45nm
# Analysis Mode: MMMC Non-OCV 
# Parasitics Mode: No SPEF/RCDB 
# Signoff Settings: SI Off 
#################################################################################
Calculate delays in BcWc mode...
Start delay calculation (fullDC) (8 T). (MEM=3416.31)
Total number of fetched objects 560
End delay calculation. (MEM=3444.66 CPU=0:00:00.1 REAL=0:00:00.0)
End delay calculation (fullDC). (MEM=3444.66 CPU=0:00:00.1 REAL=0:00:00.0)
*** Done Building Timing Graph (cpu=0:00:00.4 real=0:00:01.0 totSessionCpu=0:03:58 mem=5778.2M)
OPTC: user 20.0
Reported timing to dir ./timingReports
**optDesign ... cpu = 0:00:43, real = 0:00:30, mem = 3414.9M, totSessionCpu=0:03:58 **

------------------------------------------------------------------
     optDesign Final Summary
------------------------------------------------------------------

Setup views included:
 WORST_CASE 

+--------------------+---------+---------+---------+
|     Setup mode     |   all   | reg2reg | default |
+--------------------+---------+---------+---------+
|           WNS (ns):|  0.009  |  0.013  |  0.009  |
|           TNS (ns):|  0.000  |  0.000  |  0.000  |
|    Violating Paths:|    0    |    0    |    0    |
|          All Paths:|   276   |   181   |   178   |
+--------------------+---------+---------+---------+

+----------------+-------------------------------+------------------+
|                |              Real             |       Total      |
|    DRVs        +------------------+------------+------------------|
|                |  Nr nets(terms)  | Worst Vio  |  Nr nets(terms)  |
+----------------+------------------+------------+------------------+
|   max_cap      |      0 (0)       |   0.000    |      0 (0)       |
|   max_tran     |      0 (0)       |   0.000    |      0 (0)       |
|   max_fanout   |      0 (0)       |     0      |      0 (0)       |
|   max_length   |      0 (0)       |     0      |      0 (0)       |
+----------------+------------------+------------+------------------+

Density: 90.764%
Routing Overflow: 0.00% H and 0.00% V
------------------------------------------------------------------
Begin: Collecting metrics
 ------------------------------------------------------------------------------------------------------------------------------------------------------- 
| Snapshot                | WNS                  | TNS                  | Density (%) | Hotspot                   | Resource               | DRVs       |
|                         | HEPG (ns) | ALL (ns) | HEPG (ns) | ALL (ns) |             | Max (bins) | Total (bins) | Real (s) | Memory (MB) | Tran | Cap |
|-------------------------+-----------+----------+-----------+----------+-------------+------------+--------------+----------+-------------+------+-----|
| initial_summary         |           |   -0.604 |           |       -1 |       79.95 |            |              | 0:00:00  |        4723 |   16 |   0 |
| simplify_netlist        |           |          |           |          |             |            |              | 0:00:01  |        4737 |      |     |
| drv_fixing              |           |          |           |          |             |            |              | 0:00:00  |        4741 |      |     |
| drv_fixing_2            |     0.000 |   -0.604 |         0 |       -1 |       82.46 |            |              | 0:00:01  |        4915 |    0 |   0 |
| global_opt              |           |   -0.459 |           |       -1 |       83.06 |            |              | 0:00:00  |        4984 |      |     |
| area_reclaiming         |     0.000 |   -0.393 |         0 |       -1 |       82.85 |            |              | 0:00:01  |        4980 |      |     |
| incremental_replacement |    -0.440 |   -0.440 |           |       -1 |             |       0.00 |         0.00 | 0:00:02  |        5116 |      |     |
| tns_fixing              |    -0.148 |   -0.148 |        -0 |       -0 |       90.24 |            |              | 0:00:01  |        6062 |      |     |
| wns_fixing              |     0.074 |    0.050 |         0 |        0 |       93.71 |            |              | 0:00:12  |        6097 |      |     |
| area_reclaiming_2       |     0.012 |    0.008 |         0 |        0 |       90.74 |            |              | 0:00:01  |        5550 |      |     |
| drv_eco_fixing          |     0.012 |    0.008 |         0 |        0 |       90.76 |            |              | 0:00:00  |        5551 |    0 |   0 |
| final_summary           |     0.013 |    0.009 |           |        0 |       90.76 |            |              | 0:00:01  |        5377 |    0 |   0 |
 ------------------------------------------------------------------------------------------------------------------------------------------------------- 
End: Collecting metrics
**optDesign ... cpu = 0:00:43, real = 0:00:31, mem = 3420.4M, totSessionCpu=0:03:58 **
*** Finished optDesign ***
      flow.cputime  flow.realtime  timing.setup.tns  timing.setup.wns  snapshot
UM:*                                                                   final
      flow.cputime  flow.realtime  timing.setup.tns  timing.setup.wns  snapshot
UM:*                                                                   opt_design_prects
Info: final physical memory for 9 CRR processes is 974.57MB.
Info: Summary of CRR changes:
      - Timing transform commits:       4
 *** Writing scheduling file: 'scheduling_file.cts.3492364' ***
Disable CTE adjustment.
Disable Layer aware incrSKP.
**place_opt_design ... cpu = 0:00:43, real = 0:00:33, mem = 5279.3M **
*** Finished GigaPlace ***

*** Summary of all messages that are not suppressed in this session:
Severity  ID               Count  Summary                                  
ERROR     IMPSP-365            2  Design has inst(s) with SITE '%s', but t...
WARNING   IMPOPT-7329          1  Skipping refinePlace due to user configu...
*** Message Summary: 1 warning(s), 2 error(s)

*** place_opt_design #1 [finish] () : cpu/real = 0:00:43.3/0:00:33.1 (1.3), totSession cpu/real = 0:03:58.8/0:26:35.6 (0.1), mem = 5279.3M
#% End place_opt_design (date=09/27 22:27:33, total cpu=0:00:43.3, real=0:00:33.0, peak res=3624.5M, current mem=3306.8M)
<CMD> set_ccopt_property buffer_cells {BUFX2 BUFX12 BUFX16 BUFX20 CLKBUFX2 BUFX3 BUFX4 BUFX6 BUFX8 CLKBUFX12 CLKBUFX16 CLKBUFX20 CLKBUFX3 CLKBUFX4 CLKBUFX6 CLKBUFX8}
<CMD> set_ccopt_property inverter_cells {CLKINVX1 CLKINVX2 CLKINVX12 CLKINVX16 CLKINVX20 CLKINVX4 CLKINVX3 CLKINVX6 CLKINVX8 INVX1 INVX2 INVX12 INVX16 INVX20 INVXL INVX3 INVX4 INVX6 INVX8}
<CMD> set_ccopt_property delay_cells {DLY1X1 DLY1X4 DLY2X1 DLY2X4 DLY3X1 DLY3X4 DLY4X1 DLY4X4}
<CMD> create_ccopt_clock_tree_spec
Creating clock tree spec for modes (timing configs): CONSTRAINTS
extract_clock_generator_skew_groups=true: create_ccopt_clock_tree_spec will generate skew groups with a name prefix of "_clock_gen" to balance clock generator connected flops with the clock generator they drive.
Reset timing graph...
Ignoring AAE DB Resetting ...
Reset timing graph done.
Ignoring AAE DB Resetting ...
Analyzing clock structure...
Analyzing clock structure done.
Reset timing graph...
Ignoring AAE DB Resetting ...
Reset timing graph done.
Extracting original clock gating for clk...
  clock_tree clk contains 91 sinks and 0 clock gates.
Extracting original clock gating for clk done.
The skew group clk/CONSTRAINTS was created. It contains 91 sinks and 1 sources.
Checking clock tree convergence...
Checking clock tree convergence done.
<CMD> clock_opt_design
*** clock_opt_design #1 [begin] () : totSession cpu/real = 0:03:58.9/0:26:35.7 (0.1), mem = 5221.8M
**INFO: User's settings:
setOptMode -opt_view_pruning_hold_views_active_list            { Best_CASE }
setOptMode -opt_view_pruning_setup_views_active_list           { WORST_CASE }
setOptMode -opt_view_pruning_setup_views_persistent_list       { WORST_CASE}
setOptMode -opt_view_pruning_tdgr_setup_views_persistent_list  { WORST_CASE}
setOptMode -opt_drv_margin                                     0
setOptMode -opt_drv                                            true
setOptMode -opt_resize_flip_flops                              true
setOptMode -opt_setup_target_slack                             0

Hard fence disabled
**ERROR: (IMPSP-365):	Design has inst(s) with SITE 'CoreSiteDouble', but the floorplan has no rows defined for this site. Any locations found for such insts will be illegal; create rows for this site to avoid this.
Type 'man IMPSP-365' for more detail.
*** Starting refinePlace (0:03:59 mem=5221.8M) ***
Max route layer is changed from 127 to 11 because there is no routing track above this layer
Max route layer is changed from 127 to 11 because there is no routing track above this layer

Starting Small incrNP...
Density distribution unevenness ratio = 6.122%

Density distribution unevenness ratio = 0.497%
Move report: incrNP moves 457 insts, mean move: 2.95 um, max move: 11.15 um 
	Max move on inst (FE_RC_140_0): (46.80, 22.99) --> (49.40, 31.54)
Finished incrNP (cpu=0:00:00.7, real=0:00:00.0, mem=5221.8M)
End of Small incrNP (cpu=0:00:00.7, real=0:00:00.0)
Max route layer is changed from 127 to 11 because there is no routing track above this layer
Max route layer is changed from 127 to 11 because there is no routing track above this layer
Move report: Detail placement moves 199 insts, mean move: 0.64 um, max move: 7.33 um 
	Max move on inst (FE_RC_123_0): (32.80, 31.54) --> (30.60, 26.41)
	Runtime: CPU: 0:00:00.0 REAL: 0:00:00.0 MEM: 5192.9MB
Summary Report:
Instances move: 456 (out of 463 movable)
Instances flipped: 0
Mean displacement: 3.08 um
Max displacement: 11.95 um (Instance: FE_OFC15_n_139) (32, 34.96) -> (28.6, 26.41)
	Length: 2 sites, height: 1 rows, site name: CoreSite, cell type: INVXL
Physical-only instances move: 0 (out of 0 movable physical-only)
Runtime: CPU: 0:00:00.8 REAL: 0:00:00.0 MEM: 5192.9MB
*** Finished refinePlace (0:04:00 mem=5192.9M) ***
ccopt_args: 
Turning off fast DC mode.
Runtime...
(clock_opt_design): CTS Engine: auto. Used Spec: pre-existing CCOPT spec.
Placement constraints of type 'region' or 'fence' will not be downgraded to 'guide' because the property change_fences_to_guides has been set to false.
Set place::cacheFPlanSiteMark to 1
'setDesignMode -flowEffort standard' => 'setOptMode -usefulSkewCCOpt standard' 
Using CCOpt effort standard.
Updating ideal nets and annotations...
Reset timing graph...
Ignoring AAE DB Resetting ...
Reset timing graph done.
Ignoring AAE DB Resetting ...
Reset timing graph...
Ignoring AAE DB Resetting ...
Reset timing graph done.
Clock tree spec update: Ideal nets, transition and delay annotations were updated to match active timing constraints.
Updating ideal nets and annotations done. (took cpu=0:00:00.1 real=0:00:00.1)
CCOpt::Phase::Initialization...
Check Prerequisites...
Leaving CCOpt scope - CheckPlace...
**ERROR: (IMPSP-365):	Design has inst(s) with SITE 'CoreSiteDouble', but the floorplan has no rows defined for this site. Any locations found for such insts will be illegal; create rows for this site to avoid this.
Type 'man IMPSP-365' for more detail.
Begin checking placement ... (start mem=5202.9M, init mem=5234.9M)
TechSite Violation:	6
*info: Placed = 463           
*info: Unplaced = 0           
Placement Density:90.76%(1435/1581)
Placement Density (including fixed std cells):90.76%(1435/1581)
Finished checkPlace (total: cpu=0:00:00.0, real=0:00:00.0; vio checks: cpu=0:00:00.0, real=0:00:00.0; mem=5202.9M)
**WARN: (IMPCCOPT-2030):	Found placement violations. Run checkPlace for more details.
Leaving CCOpt scope - CheckPlace done. (took cpu=0:00:00.0 real=0:00:00.0)
Innovus will update I/O latencies
Reset timing graph...
Ignoring AAE DB Resetting ...
Reset timing graph done.
Ignoring AAE DB Resetting ...
No differences between SDC and CTS ideal net status found.
No differences between SDC and CTS transition time annotations found.
No differences between SDC and CTS delay annotations found.
Reset timing graph...
Ignoring AAE DB Resetting ...
Reset timing graph done.
Found 0 ideal nets, 0 pins with transition annotations, 0 instances with delay annotations, 0 nets with delay annotations, refer to logv for details.

Check Prerequisites done. (took cpu=0:00:00.1 real=0:00:00.1)
CCOpt::Phase::Initialization done. (took cpu=0:00:00.1 real=0:00:00.1)
Executing ccopt post-processing.
Synthesizing clock trees with CCOpt...
*** CTS #1 [begin] (clock_opt_design #1) : totSession cpu/real = 0:03:59.9/0:26:36.2 (0.2), mem = 5205.4M
CCOpt::Phase::PreparingToBalance...
Leaving CCOpt scope - Initializing power interface...
Leaving CCOpt scope - Initializing power interface done. (took cpu=0:00:00.0 real=0:00:00.0)
Found 2 advancing pin insertion delay (2.198% of 91 clock tree sinks)
Found 0 delaying pin insertion delay (0.000% of 91 clock tree sinks)
Leaving CCOpt scope - optDesignGlobalRouteStep...
Max route layer is changed from 127 to 11 because there is no routing track above this layer
Max route layer is changed from 127 to 11 because there is no routing track above this layer
[NR-eGR] Early global route reroute all routable nets
[NR-eGR] Track table information for default rule: 
[NR-eGR] Metal1 has single uniform track structure
[NR-eGR] Metal2 has single uniform track structure
[NR-eGR] Metal3 has single uniform track structure
[NR-eGR] Metal4 has single uniform track structure
[NR-eGR] Metal5 has single uniform track structure
[NR-eGR] Metal6 has single uniform track structure
[NR-eGR] Metal7 has single uniform track structure
[NR-eGR] Metal8 has single uniform track structure
[NR-eGR] Metal9 has single uniform track structure
[NR-eGR] Metal10 has single uniform track structure
[NR-eGR] Metal11 has single uniform track structure
[NR-eGR] Read 840 PG shapes
[NR-eGR] Read 0 clock shapes
[NR-eGR] Read 0 other shapes
[NR-eGR] #Routing Blockages  : 0
[NR-eGR] #Instance Blockages : 0
[NR-eGR] #PG Blockages       : 840
[NR-eGR] #Halo Blockages     : 0
[NR-eGR] #Boundary Blockages : 0
[NR-eGR] #Clock Blockages    : 0
[NR-eGR] #Other Blockages    : 0
[NR-eGR] #prerouted nets         : 0
[NR-eGR] #prerouted special nets : 0
[NR-eGR] #prerouted wires        : 0
[NR-eGR] Read 560 nets ( ignored 0 )
[NR-eGR] There are 1 clock nets ( 0 with NDR ).
[NR-eGR] ============ Routing rule table ============
[NR-eGR] Rule id: 0  Nets: 560
[NR-eGR] ========================================
[NR-eGR] 
[NR-eGR] Layer group 1: route 560 net(s) in layer range [2, 11]
[NR-eGR] Early Global Route overflow of layer group 1: 0.00% H + 0.00% V. EstWL: 6.477480e+03um
[NR-eGR] Congestion Analysis By layer: (blocked Gcells are excluded) 
[NR-eGR]                        OverCon            
[NR-eGR]                         #Gcell     %Gcell
[NR-eGR]        Layer             (1-0)    OverCon
[NR-eGR] ----------------------------------------------
[NR-eGR]  Metal1 ( 1)         0( 0.00%)   ( 0.00%) 
[NR-eGR]  Metal2 ( 2)         0( 0.00%)   ( 0.00%) 
[NR-eGR]  Metal3 ( 3)         0( 0.00%)   ( 0.00%) 
[NR-eGR]  Metal4 ( 4)         0( 0.00%)   ( 0.00%) 
[NR-eGR]  Metal5 ( 5)         0( 0.00%)   ( 0.00%) 
[NR-eGR]  Metal6 ( 6)         0( 0.00%)   ( 0.00%) 
[NR-eGR]  Metal7 ( 7)         0( 0.00%)   ( 0.00%) 
[NR-eGR]  Metal8 ( 8)         0( 0.00%)   ( 0.00%) 
[NR-eGR]  Metal9 ( 9)         0( 0.00%)   ( 0.00%) 
[NR-eGR] Metal10 (10)         0( 0.00%)   ( 0.00%) 
[NR-eGR] Metal11 (11)         0( 0.00%)   ( 0.00%) 
[NR-eGR] ----------------------------------------------
[NR-eGR]        Total         0( 0.00%)   ( 0.00%) 
[NR-eGR] 
[NR-eGR] Overflow after Early Global Route 0.00% H + 0.00% V
[NR-eGR] Connected 0 must-join pins/ports (post-process)
[NR-eGR] Total eGR-routed clock nets wire length: 347um, number of vias: 282
[NR-eGR] --------------------------------------------------------------------------
[NR-eGR]                  Length (um)  Vias 
[NR-eGR] -----------------------------------
[NR-eGR]  Metal1   (1H)             0  1808 
[NR-eGR]  Metal2   (2V)          3233  2788 
[NR-eGR]  Metal3   (3H)          3332   103 
[NR-eGR]  Metal4   (4V)           360     2 
[NR-eGR]  Metal5   (5H)            15     0 
[NR-eGR]  Metal6   (6V)             0     0 
[NR-eGR]  Metal7   (7H)             0     0 
[NR-eGR]  Metal8   (8V)             0     0 
[NR-eGR]  Metal9   (9H)             0     0 
[NR-eGR]  Metal10  (10V)            0     0 
[NR-eGR]  Metal11  (11H)            0     0 
[NR-eGR] -----------------------------------
[NR-eGR]           Total         6940  4701 
[NR-eGR] --------------------------------------------------------------------------
[NR-eGR] Total half perimeter of net bounding box: 5664um
[NR-eGR] Total length: 6940um, number of vias: 4701
[NR-eGR] --------------------------------------------------------------------------
[NR-eGR] Finished Early Global Route kernel ( CPU: 0.10 sec, Real: 0.04 sec, Curr Mem: 4.97 MB )
[NR-eGR] Finished Early Global Route ( CPU: 0.10 sec, Real: 0.05 sec, Curr Mem: 4.97 MB )
Leaving CCOpt scope - optDesignGlobalRouteStep done. (took cpu=0:00:00.1 real=0:00:00.1)
Legalization setup...
Using cell based legalization.
Initializing placement interface...
  Use check_library -place or consult logv if problems occur.
  Leaving CCOpt scope - Initializing placement interface...
**ERROR: (IMPSP-365):	Design has inst(s) with SITE 'CoreSiteDouble', but the floorplan has no rows defined for this site. Any locations found for such insts will be illegal; create rows for this site to avoid this.
Type 'man IMPSP-365' for more detail.
  Leaving CCOpt scope - Initializing placement interface done. (took cpu=0:00:00.0 real=0:00:00.0)
Initializing placement interface done.
Leaving CCOpt scope - Cleaning up placement interface...
Leaving CCOpt scope - Cleaning up placement interface done. (took cpu=0:00:00.0 real=0:00:00.0)
**WARN: (IMPSP-105):	'setPlaceMode -maxRouteLayer' will become obsolete from next release. Use 'setRouteMode -earlyGlobalMaxRouteLayer N' to set maximum routing layer.Type 'man IMPSP-105' for more detail.
Leaving CCOpt scope - Initializing placement interface...
**WARN: (IMPSP-270):	Cannot find a legal location for MASTER CELL 'BUFX2'.
Type 'man IMPSP-270' for more detail.
Leaving CCOpt scope - Initializing placement interface done. (took cpu=0:00:00.0 real=0:00:00.0)
Max route layer is changed from 127 to 11 because there is no routing track above this layer
[PSP]    Load db... (mem=5.0M)
[PSP]    Read data from FE... (mem=5.0M)
[PSP]    Done Read data from FE (cpu=0.001s, mem=5.0M)

[PSP]    Done Load db (cpu=0.001s, mem=5.0M)

[PSP]    Constructing placeable region... (mem=5.0M)
[PSP]    Compute region effective width... (mem=5.0M)
[PSP]    Done Compute region effective width (cpu=0.000s, mem=5.0M)

[PSP]    Done Constructing placeable region (cpu=0.000s, mem=5.0M)

Legalization setup done. (took cpu=0:00:00.1 real=0:00:00.1)
Validating CTS configuration...
Checking module port directions...
Checking module port directions done. (took cpu=0:00:00.0 real=0:00:00.0)
Non-default CCOpt properties:
  Public non-default CCOpt properties:
    buffer_cells is set for at least one object
    cts_merge_clock_gates is set for at least one object
    cts_merge_clock_logic is set for at least one object
    delay_cells is set for at least one object
    inverter_cells is set for at least one object
    route_type is set for at least one object
    target_max_trans_sdc is set for at least one object
  No private non-default CCOpt properties
Updating RC Grid density data for preRoute extraction ...
Initializing multi-corner resistance tables ...
Route type trimming info:
  No route type modifications were made.
Library trimming buffers in power domain auto-default and half-corner MAX_DEALY:setup.late removed 7 of 15 cells
Original list had 15 cells:
BUFX20 CLKBUFX20 CLKBUFX16 BUFX16 CLKBUFX12 BUFX12 CLKBUFX8 BUFX8 CLKBUFX6 BUFX6 CLKBUFX4 BUFX4 CLKBUFX3 BUFX3 CLKBUFX2 
New trimmed list has 8 cells:
BUFX20 CLKBUFX16 CLKBUFX12 CLKBUFX8 CLKBUFX6 CLKBUFX4 CLKBUFX3 CLKBUFX2 
Library trimming inverters in power domain auto-default and half-corner MAX_DEALY:setup.late removed 9 of 19 cells
Original list had 19 cells:
INVX20 CLKINVX20 INVX16 CLKINVX16 INVX12 CLKINVX12 INVX8 CLKINVX8 INVX6 CLKINVX6 INVX4 CLKINVX4 INVX3 CLKINVX3 INVX2 CLKINVX2 INVX1 CLKINVX1 INVXL 
New trimmed list has 10 cells:
INVX20 INVX16 INVX12 INVX8 INVX6 INVX4 INVX3 INVX2 INVX1 INVXL 
**WARN: (IMPCCOPT-2441):	The target_max_trans 0.020ns is too low for delay_corner MAX_DEALY and delay_type late for clock_tree clk and net_type leaf. CTS will proceed using 0.066ns.
**WARN: (IMPCCOPT-2441):	The target_max_trans 0.020ns is too low for delay_corner MAX_DEALY and delay_type late for clock_tree clk and net_type trunk. CTS will proceed using 0.066ns.
Clock tree balancer configuration for clock_tree clk:
Non-default CCOpt properties:
  Public non-default CCOpt properties:
    cts_merge_clock_gates: true (default: false)
    cts_merge_clock_logic: true (default: false)
    route_type (leaf): default_route_type_leaf (default: default)
    route_type (top): default_route_type_nonleaf (default: default)
    route_type (trunk): default_route_type_nonleaf (default: default)
  No private non-default CCOpt properties
For power domain auto-default:
  Buffers:     BUFX20 CLKBUFX16 CLKBUFX12 CLKBUFX8 CLKBUFX6 CLKBUFX4 CLKBUFX3 CLKBUFX2
  Inverters:   INVX20 INVX16 INVX12 INVX8 INVX6 INVX4 INVX3 INVX2 INVX1 INVXL
  Delay buffers: DLY1X1 DLY2X4 DLY1X4 DLY2X1 DLY3X1 DLY3X4 DLY4X1 DLY4X4
  Clock gates (with test): TLATNTSCAX20 TLATNTSCAX16 TLATNTSCAX12 TLATNTSCAX8 TLATNTSCAX6 TLATNTSCAX4 TLATNTSCAX3 TLATNTSCAX2
  Clock gates   (no test): TLATNCAX20 TLATNCAX16 TLATNCAX12 TLATNCAX8 TLATNCAX6 TLATNCAX4 TLATNCAX3 TLATNCAX2
  Unblocked area available for placement of any clock cells in power_domain auto-default: 1581.066um^2
Top Routing info:
  Route-type name: default_route_type_nonleaf; Top/bottom preferred layer name: Metal4/Metal3; 
  Unshielded; Mask Constraint: 0; Source: route_type.
Trunk Routing info:
  Route-type name: default_route_type_nonleaf; Top/bottom preferred layer name: Metal4/Metal3; 
  Unshielded; Preferred extra space: 1; Mask Constraint: 0; Source: route_type.
Leaf Routing info:
  Route-type name: default_route_type_leaf; Top/bottom preferred layer name: Metal4/Metal3; 
  Unshielded; Preferred extra space: 1; Mask Constraint: 0; Source: route_type.
For timing_corner MAX_DEALY:setup, late and power domain auto-default:
  Slew time target (leaf):    0.065ns
  Slew time target (trunk):   0.065ns
  Slew time target (top):     0.020ns (Note: no nets are considered top nets in this clock tree)
  Buffer unit delay: 0.072ns
  Buffer max distance: 177.143um
Fastest wire driving cells and distances:
  Buffer    : {lib_cell:BUFX20, fastest_considered_half_corner=MAX_DEALY:setup.late, optimalDrivingDistance=177.143um, saturatedSlew=0.057ns, speed=1571.810um per ns, cellArea=46.335um^2 per 1000um}
  Inverter  : {lib_cell:INVX20, fastest_considered_half_corner=MAX_DEALY:setup.late, optimalDrivingDistance=145.238um, saturatedSlew=0.055ns, speed=2561.517um per ns, cellArea=44.740um^2 per 1000um}
  Clock gate (with test): {lib_cell:TLATNTSCAX20, fastest_considered_half_corner=MAX_DEALY:setup.late, optimalDrivingDistance=112.542um, saturatedSlew=0.061ns, speed=358.186um per ns, cellArea=133.710um^2 per 1000um}
  Clock gate   (no test): {lib_cell:TLATNCAX20, fastest_considered_half_corner=MAX_DEALY:setup.late, optimalDrivingDistance=112.667um, saturatedSlew=0.061ns, speed=358.698um per ns, cellArea=121.420um^2 per 1000um}


Logic Sizing Table:

----------------------------------------------------------
Cell    Instance count    Source    Eligible library cells
----------------------------------------------------------
  (empty table)
----------------------------------------------------------


Clock tree balancer configuration for skew_group clk/CONSTRAINTS:
 Created from constraint modes: {[]}
  Sources:                     pin clk
  Total number of sinks:       91
  Delay constrained sinks:     91
  Constrains:                  default
  Non-leaf sinks:              0
  Ignore pins:                 0
 Timing corner MAX_DEALY:setup.late:
  Skew target:                 0.072ns
Primary reporting skew groups are:
skew_group clk/CONSTRAINTS with 91 clock sinks


Constraint summary
==================

Transition constraints are active in the following delay corners:

MAX_DEALY:setup.late

Cap constraints are active in the following delay corners:

MAX_DEALY:setup.late

Transition constraint summary:

-------------------------------------------------------------------------------------------
Delay corner                      Target (ns)    Num pins    Target source    Clock tree(s)
-------------------------------------------------------------------------------------------
MAX_DEALY:setup.late (primary)         -            -              -                -
              -                      0.065          93       tool modified    all
-------------------------------------------------------------------------------------------

Capacitance constraint summary:

------------------------------------------------------------------------------------------------------
Delay corner                      Limit (pF)    Num nets    Target source                Clock tree(s)
------------------------------------------------------------------------------------------------------
MAX_DEALY:setup.late (primary)        -            -                    -                      -
              -                     0.250          1        library_or_sdc_constraint    all
------------------------------------------------------------------------------------------------------


Clock DAG stats initial state:
  cell counts      : b=0, i=0, icg=0, dcg=0, l=0, total=0
  sink counts      : regular=91, enable_latch=0, load_capacitance=0, antenna=0, node_sink=0, total=91
  misc counts      : r=1, pp=0, mci=0
  cell areas       : b=0.000um^2, i=0.000um^2, icg=0.000um^2, dcg=0.000um^2, l=0.000um^2, total=0.000um^2
  hp wire lengths  : top=0.000um, trunk=0.000um, leaf=0.000um, total=0.000um
      flow.cputime  flow.realtime  timing.setup.tns  timing.setup.wns  snapshot
UM:*                                                                   InitialState
Have 8 CPUs available for CTS. Selected algorithms will run multithreaded.
No ideal or dont_touch nets found in the clock tree
No dont_touch hnets found in the clock tree
No dont_touch hpins found in the clock network.
Checking for illegal sizes of clock logic instances...
Checking for illegal sizes of clock logic instances done. (took cpu=0:00:00.0 real=0:00:00.0)
Validating CTS configuration done. (took cpu=0:00:00.6 real=0:00:00.5)
CCOpt configuration status: all checks passed.
Adding exclusion drivers to pins that are effective_sink_type exclude...
    Adding exclusion drivers (these will be instances of the smallest area library cells).
  No exclusion drivers are needed.
Adding exclusion drivers to pins that are effective_sink_type exclude done.
Antenna diode management...
  Found 0 antenna diodes in the clock trees.
  
Antenna diode management done.
Adding driver cells for primary IOs...
Adding driver cells for primary IOs done.
Adding driver cells for primary IOs...
Adding driver cells for primary IOs done.

----------------------------------------------------------------------------------------------
CCOpt reported the following when adding drivers below input ports and above output ports     
----------------------------------------------------------------------------------------------
  (empty table)
----------------------------------------------------------------------------------------------


Adding driver cell for primary IO roots...
Adding driver cell for primary IO roots done.
Maximizing clock DAG abstraction...
  Removing clock DAG drivers
Maximizing clock DAG abstraction done.
CCOpt::Phase::PreparingToBalance done. (took cpu=0:00:00.8 real=0:00:00.7)
Synthesizing clock trees...
  Preparing To Balance...
  Leaving CCOpt scope - Cleaning up placement interface...
  Leaving CCOpt scope - Cleaning up placement interface done. (took cpu=0:00:00.0 real=0:00:00.0)
  Leaving CCOpt scope - Initializing placement interface...
**WARN: (IMPSP-270):	Cannot find a legal location for MASTER CELL 'BUFX2'.
Type 'man IMPSP-270' for more detail.
  Leaving CCOpt scope - Initializing placement interface done. (took cpu=0:00:00.0 real=0:00:00.0)
  Merging duplicate siblings in DAG...
    Clock DAG stats before merging:
      cell counts      : b=0, i=0, icg=0, dcg=0, l=0, total=0
      sink counts      : regular=91, enable_latch=0, load_capacitance=0, antenna=0, node_sink=0, total=91
      misc counts      : r=1, pp=0, mci=0
      cell areas       : b=0.000um^2, i=0.000um^2, icg=0.000um^2, dcg=0.000um^2, l=0.000um^2, total=0.000um^2
      hp wire lengths  : top=0.000um, trunk=0.000um, leaf=0.000um, total=0.000um
      flow.cputime  flow.realtime  timing.setup.tns  timing.setup.wns  snapshot
UM:*                                                                   before merging
    Resynthesising clock tree into netlist...
      Reset timing graph...
Ignoring AAE DB Resetting ...
      Reset timing graph done.
    Resynthesising clock tree into netlist done.
    Merging duplicate clock dag driver clones in DAG...
    Merging duplicate clock dag driver clones in DAG done.
    
    Disconnecting clock tree from netlist...
    Disconnecting clock tree from netlist done.
  Merging duplicate siblings in DAG done.
  Applying movement limits...
  Applying movement limits done.
  Preparing To Balance done. (took cpu=0:00:00.1 real=0:00:00.1)
  CCOpt::Phase::Construction...
  Stage::Clustering...
  Clustering...
    Initialize for clustering...
    Clock DAG stats before clustering:
      cell counts      : b=0, i=0, icg=0, dcg=0, l=0, total=0
      sink counts      : regular=91, enable_latch=0, load_capacitance=0, antenna=0, node_sink=0, total=91
      misc counts      : r=1, pp=0, mci=0
      cell areas       : b=0.000um^2, i=0.000um^2, icg=0.000um^2, dcg=0.000um^2, l=0.000um^2, total=0.000um^2
      hp wire lengths  : top=0.000um, trunk=0.000um, leaf=0.000um, total=0.000um
      flow.cputime  flow.realtime  timing.setup.tns  timing.setup.wns  snapshot
UM:*                                                                   before clustering
    Computing max distances from locked parents...
      Computing distance_from_locked_parent_restrictions for 0 nodes driven by 0 locked parents
    Computing max distances from locked parents done.
    Computing optimal clock node locations...
    : ...20% ...40% ...60% ...80% ...100% 
    Computing optimal clock node locations done. (took cpu=0:00:00.0 real=0:00:00.0)
    Initialize for clustering done. (took cpu=0:00:00.0 real=0:00:00.0)
    Bottom-up phase...
    Clustering bottom-up starting from leaves...
      Clustering clock_tree clk...
      Clustering clock_tree clk done.
    Clustering bottom-up starting from leaves done.
    Rebuilding the clock tree after clustering...
    Rebuilding the clock tree after clustering done.
    Clock DAG stats after bottom-up phase:
      cell counts      : b=0, i=0, icg=0, dcg=0, l=0, total=0
      sink counts      : regular=91, enable_latch=0, load_capacitance=0, antenna=0, node_sink=0, total=91
      misc counts      : r=1, pp=0, mci=0
      cell areas       : b=0.000um^2, i=0.000um^2, icg=0.000um^2, dcg=0.000um^2, l=0.000um^2, total=0.000um^2
      hp wire lengths  : top=0.000um, trunk=0.000um, leaf=0.000um, total=0.000um
      flow.cputime  flow.realtime  timing.setup.tns  timing.setup.wns  snapshot
UM:*                                                                   after bottom-up phase
    Bottom-up phase done. (took cpu=0:00:00.1 real=0:00:00.1)
    Legalizing clock trees...
    Resynthesising clock tree into netlist...
      Reset timing graph...
Ignoring AAE DB Resetting ...
      Reset timing graph done.
    Resynthesising clock tree into netlist done.
    Commiting net attributes....
    Commiting net attributes. done.
    Leaving CCOpt scope - ClockRefiner...
**WARN: (IMPSP-105):	'setPlaceMode -maxRouteLayer' will become obsolete from next release. Use 'setRouteMode -earlyGlobalMaxRouteLayer N' to set maximum routing layer.Type 'man IMPSP-105' for more detail.
    Performing a single pass refine place with checks partially disabled for clock sinks and datapath.
*** Starting refinePlace (0:04:01 mem=7932.7M) ***
Total net bbox length = 5.664e+03 (2.882e+03 2.782e+03) (ext = 2.178e+03)
Max route layer is changed from 127 to 11 because there is no routing track above this layer
Max route layer is changed from 127 to 11 because there is no routing track above this layer
Max route layer is changed from 127 to 11 because there is no routing track above this layer
Max route layer is changed from 127 to 11 because there is no routing track above this layer
Move report: Detail placement moves 0 insts, mean move: 0.00 um, max move: 0.00 um 
	Runtime: CPU: 0:00:00.0 REAL: 0:00:01.0 MEM: 7900.7MB
Summary Report:
Instances move: 0 (out of 463 movable)
Instances flipped: 0
Mean displacement: 0.00 um
Max displacement: 0.00 um 
Physical-only instances move: 0 (out of 0 movable physical-only)
Total net bbox length = 5.664e+03 (2.882e+03 2.782e+03) (ext = 2.178e+03)
Runtime: CPU: 0:00:00.0 REAL: 0:00:01.0 MEM: 7900.7MB
*** Finished refinePlace (0:04:01 mem=7900.7M) ***
    ClockRefiner summary
    All clock instances: Moved 0, flipped 0 and cell swapped 0 (out of a total of 91).
**WARN: (IMPSP-105):	'setPlaceMode -maxRouteLayer' will become obsolete from next release. Use 'setRouteMode -earlyGlobalMaxRouteLayer N' to set maximum routing layer.Type 'man IMPSP-105' for more detail.
**WARN: (IMPSP-270):	Cannot find a legal location for MASTER CELL 'BUFX2'.
Type 'man IMPSP-270' for more detail.
    Leaving CCOpt scope - ClockRefiner done. (took cpu=0:00:00.1 real=0:00:00.1)
    Disconnecting clock tree from netlist...
    Disconnecting clock tree from netlist done.
    Leaving CCOpt scope - Cleaning up placement interface...
    Leaving CCOpt scope - Cleaning up placement interface done. (took cpu=0:00:00.0 real=0:00:00.0)
    Leaving CCOpt scope - Initializing placement interface...
**WARN: (IMPSP-270):	Cannot find a legal location for MASTER CELL 'BUFX2'.
Type 'man IMPSP-270' for more detail.
    Leaving CCOpt scope - Initializing placement interface done. (took cpu=0:00:00.0 real=0:00:00.0)
    Clock tree timing engine global stage delay update for MAX_DEALY:setup.late...
    Clock tree timing engine global stage delay update for MAX_DEALY:setup.late done. (took cpu=0:00:00.0 real=0:00:00.0)
    
    Clock tree legalization - Histogram:
    ====================================
    
    --------------------------------
    Movement (um)    Number of cells
    --------------------------------
      (empty table)
    --------------------------------
    
    
    Clock tree legalization - There are no Movements:
    =================================================
    
    ---------------------------------------------
    Movement (um)    Desired     Achieved    Node
                     location    location    
    ---------------------------------------------
      (empty table)
    ---------------------------------------------
    
    Legalizing clock trees done. (took cpu=0:00:00.1 real=0:00:00.1)
    Clock tree timing engine global stage delay update for MAX_DEALY:setup.late...
    Clock tree timing engine global stage delay update for MAX_DEALY:setup.late done. (took cpu=0:00:00.0 real=0:00:00.0)
    Clock DAG stats after 'Clustering':
      cell counts      : b=0, i=0, icg=0, dcg=0, l=0, total=0
      sink counts      : regular=91, enable_latch=0, load_capacitance=0, antenna=0, node_sink=0, total=91
      misc counts      : r=1, pp=0, mci=0
      cell areas       : b=0.000um^2, i=0.000um^2, icg=0.000um^2, dcg=0.000um^2, l=0.000um^2, total=0.000um^2
      cell capacitance : b=0.000pF, i=0.000pF, icg=0.000pF, dcg=0.000pF, l=0.000pF, total=0.000pF
      sink capacitance : total=0.019pF, avg=0.000pF, sd=0.000pF, min=0.000pF, max=0.000pF
      wire capacitance : top=0.000pF, trunk=0.000pF, leaf=0.031pF, total=0.031pF
      wire lengths     : top=0.000um, trunk=0.000um, leaf=340.304um, total=340.304um
      hp wire lengths  : top=0.000um, trunk=0.000um, leaf=0.000um, total=0.000um
    Clock DAG net violations after 'Clustering': none
    Clock DAG primary half-corner transition distribution after 'Clustering':
      Leaf : target=0.065ns count=1 avg=0.004ns sd=0.000ns min=0.004ns max=0.004ns {1 <= 0.039ns, 0 <= 0.052ns, 0 <= 0.058ns, 0 <= 0.061ns, 0 <= 0.065ns}
    Primary reporting skew groups after 'Clustering':
      skew_group clk/CONSTRAINTS: insertion delay [min=0.001, max=0.059, avg=0.002, sd=0.007, skn=7.411, kur=56.913], skew [0.059 vs 0.072], 100% {0.001, 0.059} (wid=0.001 ws=0.001) (gid=0.000 gs=0.000)
    Skew group summary after 'Clustering':
      skew_group clk/CONSTRAINTS: insertion delay [min=0.001, max=0.059, avg=0.002, sd=0.007, skn=7.411, kur=56.913], skew [0.059 vs 0.072], 100% {0.001, 0.059} (wid=0.001 ws=0.001) (gid=0.000 gs=0.000)
    Legalizer API calls during this step: 0 succeeded with high effort: 0 succeeded with medium effort: 0 succeeded with low effort: 0 succeeded with basic effort: 0 succeeded with basic unbounded effort: 0
  Clustering done. (took cpu=0:00:00.2 real=0:00:00.2)
  Looking for fanout violations...
  Looking for fanout violations done.
  CongRepair After Initial Clustering...
  Reset timing graph...
Ignoring AAE DB Resetting ...
  Reset timing graph done.
  Leaving CCOpt scope - Early Global Route...
  Clock implementation routing...
Net route status summary:
  Clock:         1 (unrouted=1, trialRouted=0, noStatus=0, routed=0, fixed=0, [crossesIlmBoundary=0, tooFewTerms=0, (crossesIlmBoundary AND tooFewTerms=0)])
  Non-clock:   605 (unrouted=46, trialRouted=559, noStatus=0, routed=0, fixed=0, [crossesIlmBoundary=0, tooFewTerms=46, (crossesIlmBoundary AND tooFewTerms=0)])
    Routing using eGR only...
      Early Global Route - eGR only step...
(ccopt eGR): There are 1 nets to be routed. 0 nets have skip routing designation.
(ccopt eGR): There are 1 nets for routing of which 1 have one or more fixed wires.
(ccopt eGR): Start to route 1 all nets
[PSP]    Started Early Global Route ( Curr Mem: 7.59 MB )
Max route layer is changed from 127 to 11 because there is no routing track above this layer
Max route layer is changed from 127 to 11 because there is no routing track above this layer
[PSP]    Started Early Global Route kernel ( Curr Mem: 7.59 MB )
[NR-eGR] Early global route reroute 1 out of 560 routable nets
[NR-eGR] Track table information for default rule: 
[NR-eGR] Metal1 has single uniform track structure
[NR-eGR] Metal2 has single uniform track structure
[NR-eGR] Metal3 has single uniform track structure
[NR-eGR] Metal4 has single uniform track structure
[NR-eGR] Metal5 has single uniform track structure
[NR-eGR] Metal6 has single uniform track structure
[NR-eGR] Metal7 has single uniform track structure
[NR-eGR] Metal8 has single uniform track structure
[NR-eGR] Metal9 has single uniform track structure
[NR-eGR] Metal10 has single uniform track structure
[NR-eGR] Metal11 has single uniform track structure
[NR-eGR] Read 1400 PG shapes
[NR-eGR] Read 0 clock shapes
[NR-eGR] Read 0 other shapes
[NR-eGR] #Routing Blockages  : 0
[NR-eGR] #Instance Blockages : 0
[NR-eGR] #PG Blockages       : 1400
[NR-eGR] #Halo Blockages     : 0
[NR-eGR] #Boundary Blockages : 0
[NR-eGR] #Clock Blockages    : 0
[NR-eGR] #Other Blockages    : 0
[NR-eGR] #prerouted nets         : 0
[NR-eGR] #prerouted special nets : 0
[NR-eGR] #prerouted wires        : 0
[NR-eGR] Read 560 nets ( ignored 559 )
[NR-eGR] Connected 0 must-join pins/ports (pre-process)
[NR-eGR] #via pillars        : 0
[NR-eGR] #must join all port : 0
[NR-eGR] #multiple ports     : 0
[NR-eGR] #has must join      : 0
[NR-eGR] There are 1 clock nets ( 1 with NDR ).
[NR-eGR] ============ Routing rule table ============
[NR-eGR] Rule id: 1  Nets: 1
[NR-eGR] ========================================
[NR-eGR] 
[NR-eGR] Layer group 1: route 1 net(s) in layer range [3, 4]
[NR-eGR] Early Global Route overflow of layer group 1: 0.00% H + 0.00% V. EstWL: 3.283200e+02um
[NR-eGR] Congestion Analysis By layer: (blocked Gcells are excluded) 
[NR-eGR]                        OverCon            
[NR-eGR]                         #Gcell     %Gcell
[NR-eGR]        Layer             (1-0)    OverCon
[NR-eGR] ----------------------------------------------
[NR-eGR]  Metal1 ( 1)         0( 0.00%)   ( 0.00%) 
[NR-eGR]  Metal2 ( 2)         0( 0.00%)   ( 0.00%) 
[NR-eGR]  Metal3 ( 3)         0( 0.00%)   ( 0.00%) 
[NR-eGR]  Metal4 ( 4)         0( 0.00%)   ( 0.00%) 
[NR-eGR]  Metal5 ( 5)         0( 0.00%)   ( 0.00%) 
[NR-eGR]  Metal6 ( 6)         0( 0.00%)   ( 0.00%) 
[NR-eGR]  Metal7 ( 7)         0( 0.00%)   ( 0.00%) 
[NR-eGR]  Metal8 ( 8)         0( 0.00%)   ( 0.00%) 
[NR-eGR]  Metal9 ( 9)         0( 0.00%)   ( 0.00%) 
[NR-eGR] Metal10 (10)         0( 0.00%)   ( 0.00%) 
[NR-eGR] Metal11 (11)         0( 0.00%)   ( 0.00%) 
[NR-eGR] ----------------------------------------------
[NR-eGR]        Total         0( 0.00%)   ( 0.00%) 
[NR-eGR] 
[NR-eGR] Overflow after Early Global Route 0.00% H + 0.00% V
[NR-eGR] Connected 0 must-join pins/ports (post-process)
[NR-eGR] Total eGR-routed clock nets wire length: 346um, number of vias: 251
[NR-eGR] --------------------------------------------------------------------------
[NR-eGR] Report for selected net(s) only.
[NR-eGR]                  Length (um)  Vias 
[NR-eGR] -----------------------------------
[NR-eGR]  Metal1   (1H)             0    91 
[NR-eGR]  Metal2   (2V)            99   112 
[NR-eGR]  Metal3   (3H)           154    48 
[NR-eGR]  Metal4   (4V)            93     0 
[NR-eGR]  Metal5   (5H)             0     0 
[NR-eGR]  Metal6   (6V)             0     0 
[NR-eGR]  Metal7   (7H)             0     0 
[NR-eGR]  Metal8   (8V)             0     0 
[NR-eGR]  Metal9   (9H)             0     0 
[NR-eGR]  Metal10  (10V)            0     0 
[NR-eGR]  Metal11  (11H)            0     0 
[NR-eGR] -----------------------------------
[NR-eGR]           Total          346   251 
[NR-eGR] --------------------------------------------------------------------------
[NR-eGR] Total half perimeter of net bounding box: 94um
[NR-eGR] Total length: 346um, number of vias: 251
[NR-eGR] --------------------------------------------------------------------------
[NR-eGR] Total routed clock nets wire length: 346um, number of vias: 251
[NR-eGR] --------------------------------------------------------------------------
[NR-eGR]                  Length (um)  Vias 
[NR-eGR] -----------------------------------
[NR-eGR]  Metal1   (1H)             0  1808 
[NR-eGR]  Metal2   (2V)          3134  2714 
[NR-eGR]  Metal3   (3H)          3344   146 
[NR-eGR]  Metal4   (4V)           446     2 
[NR-eGR]  Metal5   (5H)            15     0 
[NR-eGR]  Metal6   (6V)             0     0 
[NR-eGR]  Metal7   (7H)             0     0 
[NR-eGR]  Metal8   (8V)             0     0 
[NR-eGR]  Metal9   (9H)             0     0 
[NR-eGR]  Metal10  (10V)            0     0 
[NR-eGR]  Metal11  (11H)            0     0 
[NR-eGR] -----------------------------------
[NR-eGR]           Total         6939  4670 
[NR-eGR] --------------------------------------------------------------------------
[NR-eGR] Total half perimeter of net bounding box: 5664um
[NR-eGR] Total length: 6939um, number of vias: 4670
[NR-eGR] --------------------------------------------------------------------------
[NR-eGR] Finished Early Global Route kernel ( CPU: 0.04 sec, Real: 0.04 sec, Curr Mem: 7.62 MB )
[NR-eGR] Finished Early Global Route ( CPU: 0.04 sec, Real: 0.04 sec, Curr Mem: 7.62 MB )
      Early Global Route - eGR only step done. (took cpu=0:00:00.1 real=0:00:00.1)
    Routing using eGR only done.
Net route status summary:
  Clock:         1 (unrouted=0, trialRouted=0, noStatus=0, routed=1, fixed=0, [crossesIlmBoundary=0, tooFewTerms=0, (crossesIlmBoundary AND tooFewTerms=0)])
  Non-clock:   605 (unrouted=46, trialRouted=559, noStatus=0, routed=0, fixed=0, [crossesIlmBoundary=0, tooFewTerms=46, (crossesIlmBoundary AND tooFewTerms=0)])

CCOPT: Done with clock implementation routing.

  Clock implementation routing done.
  CCOpt: Starting congestion repair using flow wrapper...
    Congestion Repair...
*** IncrReplace #1 [begin] (CTS #1 / clock_opt_design #1) : totSession cpu/real = 0:04:01.1/0:26:37.3 (0.2), mem = 7932.0M
Info: Enable timing driven in postCTS congRepair.

*** Start incrementalPlace ***
Effort level <high> specified for tdgp_reg2reg_default path_group
No Views given, use default active views for adaptive view pruning
Active views:
  WORST_CASE
Max route layer is changed from 127 to 11 because there is no routing track above this layer
Max route layer is changed from 127 to 11 because there is no routing track above this layer
[NR-eGR] Started Early Global Route kernel ( Curr Mem: 7.71 MB )
[NR-eGR] Early global route reroute all routable nets
[NR-eGR] Track table information for default rule: 
[NR-eGR] Metal1 has single uniform track structure
[NR-eGR] Metal2 has single uniform track structure
[NR-eGR] Metal3 has single uniform track structure
[NR-eGR] Metal4 has single uniform track structure
[NR-eGR] Metal5 has single uniform track structure
[NR-eGR] Metal6 has single uniform track structure
[NR-eGR] Metal7 has single uniform track structure
[NR-eGR] Metal8 has single uniform track structure
[NR-eGR] Metal9 has single uniform track structure
[NR-eGR] Metal10 has single uniform track structure
[NR-eGR] Metal11 has single uniform track structure
[NR-eGR] Read 840 PG shapes
[NR-eGR] Read 0 clock shapes
[NR-eGR] Read 0 other shapes
[NR-eGR] #Routing Blockages  : 0
[NR-eGR] #Instance Blockages : 0
[NR-eGR] #PG Blockages       : 840
[NR-eGR] #Halo Blockages     : 0
[NR-eGR] #Boundary Blockages : 0
[NR-eGR] #Clock Blockages    : 0
[NR-eGR] #Other Blockages    : 0
[NR-eGR] #prerouted nets         : 1
[NR-eGR] #prerouted special nets : 0
[NR-eGR] #prerouted wires        : 260
[NR-eGR] Read 560 nets ( ignored 1 )
[NR-eGR] ============ Routing rule table ============
[NR-eGR] Rule id: 0  Nets: 559
[NR-eGR] ========================================
[NR-eGR] 
[NR-eGR] Layer group 1: route 559 net(s) in layer range [2, 11]
[NR-eGR] Early Global Route overflow of layer group 1: 0.00% H + 0.00% V. EstWL: 6.166260e+03um
[NR-eGR] Congestion Analysis By layer: (blocked Gcells are excluded) 
[NR-eGR]                        OverCon            
[NR-eGR]                         #Gcell     %Gcell
[NR-eGR]        Layer             (1-0)    OverCon
[NR-eGR] ----------------------------------------------
[NR-eGR]  Metal1 ( 1)         0( 0.00%)   ( 0.00%) 
[NR-eGR]  Metal2 ( 2)         0( 0.00%)   ( 0.00%) 
[NR-eGR]  Metal3 ( 3)         0( 0.00%)   ( 0.00%) 
[NR-eGR]  Metal4 ( 4)         0( 0.00%)   ( 0.00%) 
[NR-eGR]  Metal5 ( 5)         0( 0.00%)   ( 0.00%) 
[NR-eGR]  Metal6 ( 6)         0( 0.00%)   ( 0.00%) 
[NR-eGR]  Metal7 ( 7)         0( 0.00%)   ( 0.00%) 
[NR-eGR]  Metal8 ( 8)         0( 0.00%)   ( 0.00%) 
[NR-eGR]  Metal9 ( 9)         0( 0.00%)   ( 0.00%) 
[NR-eGR] Metal10 (10)         0( 0.00%)   ( 0.00%) 
[NR-eGR] Metal11 (11)         0( 0.00%)   ( 0.00%) 
[NR-eGR] ----------------------------------------------
[NR-eGR]        Total         0( 0.00%)   ( 0.00%) 
[NR-eGR] 
[NR-eGR] Overflow after Early Global Route 0.00% H + 0.00% V
[NR-eGR] Finished Early Global Route kernel ( CPU: 0.07 sec, Real: 0.03 sec, Curr Mem: 7.71 MB )
Early Global Route congestion estimation runtime: 0.04 seconds, mem = 7971.1M
Local HotSpot Analysis: normalized max congestion hotspot area = 0.00, normalized total congestion hotspot area = 0.00 (area is in unit of 4 std-cell row bins)

=== incrementalPlace Internal Loop 1 ===
      flow.cputime  flow.realtime  timing.setup.tns  timing.setup.wns  snapshot
UM:*                                                                   incrNP_iter_start
**ERROR: (IMPSP-365):	Design has inst(s) with SITE 'CoreSiteDouble', but the floorplan has no rows defined for this site. Any locations found for such insts will be illegal; create rows for this site to avoid this.
Type 'man IMPSP-365' for more detail.
AAE_INFO: opIsDesignInPostRouteState() is 0
#################################################################################
# Design Stage: PreRoute
# Design Name: Main
# Design Mode: 45nm
# Analysis Mode: MMMC Non-OCV 
# Parasitics Mode: No SPEF/RCDB 
# Signoff Settings: SI Off 
#################################################################################
Extraction called for design 'Main' of instances=463 and nets=606 using extraction engine 'preRoute' .
PreRoute RC Extraction called for design Main.
RC Extraction called in multi-corner(2) mode.
RCMode: PreRoute
      RC Corner Indexes            0       1   
Capacitance Scaling Factor   : 1.00000 1.00000 
Resistance Scaling Factor    : 1.00000 1.00000 
Clock Cap. Scaling Factor    : 1.00000 1.00000 
Clock Res. Scaling Factor    : 1.00000 1.00000 
Shrink Factor                : 1.00000
Using Quantus QRC technology file ...
Updating RC Grid density data for preRoute extraction ...
Initializing multi-corner resistance tables ...
PreRoute RC Extraction DONE (CPU Time: 0:00:00.0  Real Time: 0:00:00.0  MEM: 7969.117M)
Calculate delays in BcWc mode...
Start delay calculation (fullDC) (8 T). (MEM=3335.42)
Total number of fetched objects 560
End delay calculation. (MEM=3366.14 CPU=0:00:00.1 REAL=0:00:00.0)
End delay calculation (fullDC). (MEM=3366.14 CPU=0:00:00.1 REAL=0:00:00.0)
*** Finished SKP initialization (cpu=0:00:00.6, real=0:00:00.0)***
SKP will use view:
  WORST_CASE
Iteration  6: Total net bbox = 5.102e+03 (2.53e+03 2.57e+03)
              Est.  stn bbox = 5.919e+03 (2.91e+03 3.01e+03)
              cpu = 0:00:00.2 real = 0:00:00.0 mem = 8416.3M
Iteration  7: Total net bbox = 5.304e+03 (2.65e+03 2.66e+03)
              Est.  stn bbox = 6.133e+03 (3.04e+03 3.10e+03)
              cpu = 0:00:00.4 real = 0:00:00.0 mem = 8416.3M
Iteration  8: Total net bbox = 5.363e+03 (2.70e+03 2.66e+03)
              Est.  stn bbox = 6.181e+03 (3.08e+03 3.10e+03)
              cpu = 0:00:00.4 real = 0:00:01.0 mem = 8448.3M
Move report: Timing Driven Placement moves 463 insts, mean move: 1.63 um, max move: 9.19 um 
	Max move on inst (FE_RC_123_0): (30.60, 26.41) --> (32.96, 33.24)

Finished Incremental Placement (cpu=0:00:01.7, real=0:00:01.0, mem=8192.3M)
**ERROR: (IMPSP-365):	Design has inst(s) with SITE 'CoreSiteDouble', but the floorplan has no rows defined for this site. Any locations found for such insts will be illegal; create rows for this site to avoid this.
Type 'man IMPSP-365' for more detail.
*** Starting refinePlace (0:04:03 mem=8192.3M) ***
Total net bbox length = 5.569e+03 (2.848e+03 2.721e+03) (ext = 2.190e+03)
Max route layer is changed from 127 to 11 because there is no routing track above this layer
Max route layer is changed from 127 to 11 because there is no routing track above this layer
Max route layer is changed from 127 to 11 because there is no routing track above this layer
Max route layer is changed from 127 to 11 because there is no routing track above this layer
**WARN: (IMPSP-2020):	Cannot find a legal location for instance 'FE_OFC10_n_138' (Cell BUFX2).
Type 'man IMPSP-2020' for more detail.
    1234 TechSite Violation
**WARN: (IMPSP-2020):	Cannot find a legal location for instance 'FE_OFC13_n_145' (Cell BUFX2).
Type 'man IMPSP-2020' for more detail.
    1234 TechSite Violation
**WARN: (IMPSP-2020):	Cannot find a legal location for instance 'FE_OFC4_n_82' (Cell BUFX2).
Type 'man IMPSP-2020' for more detail.
**WARN: (IMPSP-2020):	Cannot find a legal location for instance 'FE_OFC5_n_83' (Cell BUFX2).
Type 'man IMPSP-2020' for more detail.
**WARN: (IMPSP-2020):	Cannot find a legal location for instance 'FE_OFC6_n_123' (Cell BUFX2).
Type 'man IMPSP-2020' for more detail.
**WARN: (IMPSP-2020):	Cannot find a legal location for instance 'FE_OFC7_n_125' (Cell BUFX2).
Type 'man IMPSP-2020' for more detail.
**ERROR: (IMPSP-2021):	Could not legalize <6> instances in the design. Check warning message IMPSP-270, IMPSP-452, IMPSP-2024, IMPSP-2039, IMPSP-2040, IMPSP-2042, or IMPSP-2020 in the log file for more details.Type 'man IMPSP-2021' for more detail.
Move report: Detail placement moves 463 insts, mean move: 0.38 um, max move: 4.08 um 
	Max move on inst (g7110__2346): (18.13, 45.23) --> (18.80, 48.64)
	Runtime: CPU: 0:00:00.0 REAL: 0:00:00.0 MEM: 8163.3MB
Summary Report:
Instances move: 463 (out of 463 movable)
Instances flipped: 0
Mean displacement: 0.38 um
Max displacement: 4.08 um (Instance: g7110__2346) (18.127, 45.234) -> (18.8, 48.64)
	Length: 7 sites, height: 1 rows, site name: CoreSite, cell type: MX2XL
Physical-only instances move: 0 (out of 0 movable physical-only)
Total net bbox length = 5.693e+03 (2.899e+03 2.794e+03) (ext = 2.189e+03)
Runtime: CPU: 0:00:00.0 REAL: 0:00:00.0 MEM: 8163.3MB
*** Finished refinePlace (0:04:03 mem=8163.3M) ***
Max route layer is changed from 127 to 11 because there is no routing track above this layer
Max route layer is changed from 127 to 11 because there is no routing track above this layer
[NR-eGR] Early global route reroute all routable nets
[NR-eGR] Track table information for default rule: 
[NR-eGR] Metal1 has single uniform track structure
[NR-eGR] Metal2 has single uniform track structure
[NR-eGR] Metal3 has single uniform track structure
[NR-eGR] Metal4 has single uniform track structure
[NR-eGR] Metal5 has single uniform track structure
[NR-eGR] Metal6 has single uniform track structure
[NR-eGR] Metal7 has single uniform track structure
[NR-eGR] Metal8 has single uniform track structure
[NR-eGR] Metal9 has single uniform track structure
[NR-eGR] Metal10 has single uniform track structure
[NR-eGR] Metal11 has single uniform track structure
[NR-eGR] Read 840 PG shapes
[NR-eGR] Read 0 clock shapes
[NR-eGR] Read 0 other shapes
[NR-eGR] #Routing Blockages  : 0
[NR-eGR] #Instance Blockages : 0
[NR-eGR] #PG Blockages       : 840
[NR-eGR] #Halo Blockages     : 0
[NR-eGR] #Boundary Blockages : 0
[NR-eGR] #Clock Blockages    : 0
[NR-eGR] #Other Blockages    : 0
[NR-eGR] #prerouted nets         : 1
[NR-eGR] #prerouted special nets : 0
[NR-eGR] #prerouted wires        : 260
[NR-eGR] Read 560 nets ( ignored 1 )
[NR-eGR] ============ Routing rule table ============
[NR-eGR] Rule id: 0  Nets: 559
[NR-eGR] ========================================
[NR-eGR] 
[NR-eGR] Layer group 1: route 559 net(s) in layer range [2, 11]
[NR-eGR] Early Global Route overflow of layer group 1: 0.00% H + 0.00% V. EstWL: 6.118380e+03um
[NR-eGR] Congestion Analysis By layer: (blocked Gcells are excluded) 
[NR-eGR]                        OverCon            
[NR-eGR]                         #Gcell     %Gcell
[NR-eGR]        Layer             (1-0)    OverCon
[NR-eGR] ----------------------------------------------
[NR-eGR]  Metal1 ( 1)         0( 0.00%)   ( 0.00%) 
[NR-eGR]  Metal2 ( 2)         0( 0.00%)   ( 0.00%) 
[NR-eGR]  Metal3 ( 3)         0( 0.00%)   ( 0.00%) 
[NR-eGR]  Metal4 ( 4)         0( 0.00%)   ( 0.00%) 
[NR-eGR]  Metal5 ( 5)         0( 0.00%)   ( 0.00%) 
[NR-eGR]  Metal6 ( 6)         0( 0.00%)   ( 0.00%) 
[NR-eGR]  Metal7 ( 7)         0( 0.00%)   ( 0.00%) 
[NR-eGR]  Metal8 ( 8)         0( 0.00%)   ( 0.00%) 
[NR-eGR]  Metal9 ( 9)         0( 0.00%)   ( 0.00%) 
[NR-eGR] Metal10 (10)         0( 0.00%)   ( 0.00%) 
[NR-eGR] Metal11 (11)         0( 0.00%)   ( 0.00%) 
[NR-eGR] ----------------------------------------------
[NR-eGR]        Total         0( 0.00%)   ( 0.00%) 
[NR-eGR] 
[NR-eGR] Overflow after Early Global Route 0.00% H + 0.00% V
[NR-eGR] Finished Early Global Route kernel ( CPU: 0.08 sec, Real: 0.04 sec, Curr Mem: 7.91 MB )
Early Global Route congestion estimation runtime: 0.04 seconds, mem = 8158.3M
Local HotSpot Analysis: normalized max congestion hotspot area = 0.00, normalized total congestion hotspot area = 0.00 (area is in unit of 4 std-cell row bins)
[NR-eGR] Connected 0 must-join pins/ports (post-process)
[NR-eGR] Total eGR-routed clock nets wire length: 0um, number of vias: 0
[NR-eGR] --------------------------------------------------------------------------
[NR-eGR]                  Length (um)  Vias 
[NR-eGR] -----------------------------------
[NR-eGR]  Metal1   (1H)             0  1808 
[NR-eGR]  Metal2   (2V)          2994  2610 
[NR-eGR]  Metal3   (3H)          3250   172 
[NR-eGR]  Metal4   (4V)           543    21 
[NR-eGR]  Metal5   (5H)           118     0 
[NR-eGR]  Metal6   (6V)             0     0 
[NR-eGR]  Metal7   (7H)             0     0 
[NR-eGR]  Metal8   (8V)             0     0 
[NR-eGR]  Metal9   (9H)             0     0 
[NR-eGR]  Metal10  (10V)            0     0 
[NR-eGR]  Metal11  (11H)            0     0 
[NR-eGR] -----------------------------------
[NR-eGR]           Total         6906  4611 
[NR-eGR] --------------------------------------------------------------------------
[NR-eGR] Total half perimeter of net bounding box: 5693um
[NR-eGR] Total length: 6906um, number of vias: 4611
[NR-eGR] --------------------------------------------------------------------------
Max route layer is changed from 127 to 11 because there is no routing track above this layer
Early Global Route wiring runtime: 0.04 seconds, mem = 8146.8M

*** Finished incrementalPlace (cpu=0:00:02.1, real=0:00:01.0)***
*** IncrReplace #1 [finish] (CTS #1 / clock_opt_design #1) : cpu/real = 0:00:02.1/0:00:01.1 (1.8), totSession cpu/real = 0:04:03.1/0:26:38.4 (0.2), mem = 7938.8M
Set ::gpsPrivate::dogPBIsIncrReplaceDoneInMaster 1
    Congestion Repair done. (took cpu=0:00:02.1 real=0:00:01.2)
  CCOpt: Starting congestion repair using flow wrapper done.
**WARN: (IMPSP-105):	'setPlaceMode -maxRouteLayer' will become obsolete from next release. Use 'setRouteMode -earlyGlobalMaxRouteLayer N' to set maximum routing layer.Type 'man IMPSP-105' for more detail.
**WARN: (IMPSP-105):	'setPlaceMode -maxRouteLayer' will become obsolete from next release. Use 'setRouteMode -earlyGlobalMaxRouteLayer N' to set maximum routing layer.Type 'man IMPSP-105' for more detail.
**WARN: (IMPSP-270):	Cannot find a legal location for MASTER CELL 'BUFX2'.
Type 'man IMPSP-270' for more detail.
  Leaving CCOpt scope - Early Global Route done. (took cpu=0:00:02.2 real=0:00:01.3)
  Leaving CCOpt scope - extractRC...
  Updating RC parasitics by calling: "extractRC -noRouteCheck"...
Extraction called for design 'Main' of instances=463 and nets=606 using extraction engine 'preRoute' .
PreRoute RC Extraction called for design Main.
RC Extraction called in multi-corner(2) mode.
RCMode: PreRoute
      RC Corner Indexes            0       1   
Capacitance Scaling Factor   : 1.00000 1.00000 
Resistance Scaling Factor    : 1.00000 1.00000 
Clock Cap. Scaling Factor    : 1.00000 1.00000 
Clock Res. Scaling Factor    : 1.00000 1.00000 
Shrink Factor                : 1.00000
PreRoute extraction is honoring NDR/Shielding/ExtraSpace for clock nets.
Using Quantus QRC technology file ...
Updating RC Grid density data for preRoute extraction ...
Initializing multi-corner resistance tables ...
PreRoute RC Extraction DONE (CPU Time: 0:00:00.0  Real Time: 0:00:00.0  MEM: 7941.883M)
  Updating RC parasitics by calling: "extractRC -noRouteCheck" done.
  Leaving CCOpt scope - extractRC done. (took cpu=0:00:00.0 real=0:00:00.0)
  Clock tree timing engine global stage delay update for MAX_DEALY:setup.late...
  Clock tree timing engine global stage delay update for MAX_DEALY:setup.late done. (took cpu=0:00:00.0 real=0:00:00.0)
  Clock DAG stats after clustering cong repair call:
    cell counts      : b=0, i=0, icg=0, dcg=0, l=0, total=0
    sink counts      : regular=91, enable_latch=0, load_capacitance=0, antenna=0, node_sink=0, total=91
    misc counts      : r=1, pp=0, mci=0
    cell areas       : b=0.000um^2, i=0.000um^2, icg=0.000um^2, dcg=0.000um^2, l=0.000um^2, total=0.000um^2
    cell capacitance : b=0.000pF, i=0.000pF, icg=0.000pF, dcg=0.000pF, l=0.000pF, total=0.000pF
    sink capacitance : total=0.019pF, avg=0.000pF, sd=0.000pF, min=0.000pF, max=0.000pF
    wire capacitance : top=0.000pF, trunk=0.000pF, leaf=0.030pF, total=0.030pF
    wire lengths     : top=0.000um, trunk=0.000um, leaf=325.245um, total=325.245um
    hp wire lengths  : top=0.000um, trunk=0.000um, leaf=0.000um, total=0.000um
  Clock DAG net violations after clustering cong repair call: none
  Clock DAG primary half-corner transition distribution after clustering cong repair call:
    Leaf : target=0.065ns count=1 avg=0.004ns sd=0.000ns min=0.004ns max=0.004ns {1 <= 0.039ns, 0 <= 0.052ns, 0 <= 0.058ns, 0 <= 0.061ns, 0 <= 0.065ns}
  Primary reporting skew groups after clustering cong repair call:
    skew_group clk/CONSTRAINTS: insertion delay [min=0.001, max=0.059, avg=0.002, sd=0.007, skn=7.410, kur=56.906], skew [0.059 vs 0.072], 100% {0.001, 0.059} (wid=0.001 ws=0.000) (gid=0.000 gs=0.000)
  Skew group summary after clustering cong repair call:
    skew_group clk/CONSTRAINTS: insertion delay [min=0.001, max=0.059, avg=0.002, sd=0.007, skn=7.410, kur=56.906], skew [0.059 vs 0.072], 100% {0.001, 0.059} (wid=0.001 ws=0.000) (gid=0.000 gs=0.000)
  CongRepair After Initial Clustering done. (took cpu=0:00:02.3 real=0:00:01.3)
  Stage::Clustering done. (took cpu=0:00:02.5 real=0:00:01.5)
  Stage::DRV Fixing...
  Fixing clock tree slew time and max cap violations...
    Fixing clock tree overload: ...20% ...40% ...60% ...80% ...100% 
    Clock DAG stats after 'Fixing clock tree slew time and max cap violations':
      cell counts      : b=0, i=0, icg=0, dcg=0, l=0, total=0
      sink counts      : regular=91, enable_latch=0, load_capacitance=0, antenna=0, node_sink=0, total=91
      misc counts      : r=1, pp=0, mci=0
      cell areas       : b=0.000um^2, i=0.000um^2, icg=0.000um^2, dcg=0.000um^2, l=0.000um^2, total=0.000um^2
      cell capacitance : b=0.000pF, i=0.000pF, icg=0.000pF, dcg=0.000pF, l=0.000pF, total=0.000pF
      sink capacitance : total=0.019pF, avg=0.000pF, sd=0.000pF, min=0.000pF, max=0.000pF
      wire capacitance : top=0.000pF, trunk=0.000pF, leaf=0.030pF, total=0.030pF
      wire lengths     : top=0.000um, trunk=0.000um, leaf=325.245um, total=325.245um
      hp wire lengths  : top=0.000um, trunk=0.000um, leaf=0.000um, total=0.000um
    Clock DAG net violations after 'Fixing clock tree slew time and max cap violations': none
    Clock DAG primary half-corner transition distribution after 'Fixing clock tree slew time and max cap violations':
      Leaf : target=0.065ns count=1 avg=0.004ns sd=0.000ns min=0.004ns max=0.004ns {1 <= 0.039ns, 0 <= 0.052ns, 0 <= 0.058ns, 0 <= 0.061ns, 0 <= 0.065ns}
    Primary reporting skew groups after 'Fixing clock tree slew time and max cap violations':
      skew_group clk/CONSTRAINTS: insertion delay [min=0.001, max=0.059], skew [0.059 vs 0.072]
    Skew group summary after 'Fixing clock tree slew time and max cap violations':
      skew_group clk/CONSTRAINTS: insertion delay [min=0.001, max=0.059], skew [0.059 vs 0.072]
    Legalizer API calls during this step: 0 succeeded with high effort: 0 succeeded with medium effort: 0 succeeded with low effort: 0 succeeded with basic effort: 0 succeeded with basic unbounded effort: 0
  Fixing clock tree slew time and max cap violations done. (took cpu=0:00:00.0 real=0:00:00.0)
  Fixing clock tree slew time and max cap violations - detailed pass...
    Fixing clock tree overload: ...20% ...40% ...60% ...80% ...100% 
    Clock DAG stats after 'Fixing clock tree slew time and max cap violations - detailed pass':
      cell counts      : b=0, i=0, icg=0, dcg=0, l=0, total=0
      sink counts      : regular=91, enable_latch=0, load_capacitance=0, antenna=0, node_sink=0, total=91
      misc counts      : r=1, pp=0, mci=0
      cell areas       : b=0.000um^2, i=0.000um^2, icg=0.000um^2, dcg=0.000um^2, l=0.000um^2, total=0.000um^2
      cell capacitance : b=0.000pF, i=0.000pF, icg=0.000pF, dcg=0.000pF, l=0.000pF, total=0.000pF
      sink capacitance : total=0.019pF, avg=0.000pF, sd=0.000pF, min=0.000pF, max=0.000pF
      wire capacitance : top=0.000pF, trunk=0.000pF, leaf=0.030pF, total=0.030pF
      wire lengths     : top=0.000um, trunk=0.000um, leaf=325.245um, total=325.245um
      hp wire lengths  : top=0.000um, trunk=0.000um, leaf=0.000um, total=0.000um
    Clock DAG net violations after 'Fixing clock tree slew time and max cap violations - detailed pass': none
    Clock DAG primary half-corner transition distribution after 'Fixing clock tree slew time and max cap violations - detailed pass':
      Leaf : target=0.065ns count=1 avg=0.004ns sd=0.000ns min=0.004ns max=0.004ns {1 <= 0.039ns, 0 <= 0.052ns, 0 <= 0.058ns, 0 <= 0.061ns, 0 <= 0.065ns}
    Primary reporting skew groups after 'Fixing clock tree slew time and max cap violations - detailed pass':
      skew_group clk/CONSTRAINTS: insertion delay [min=0.001, max=0.059, avg=0.002, sd=0.007, skn=7.410, kur=56.906], skew [0.059 vs 0.072], 100% {0.001, 0.059} (wid=0.001 ws=0.000) (gid=0.000 gs=0.000)
    Skew group summary after 'Fixing clock tree slew time and max cap violations - detailed pass':
      skew_group clk/CONSTRAINTS: insertion delay [min=0.001, max=0.059, avg=0.002, sd=0.007, skn=7.410, kur=56.906], skew [0.059 vs 0.072], 100% {0.001, 0.059} (wid=0.001 ws=0.000) (gid=0.000 gs=0.000)
    Legalizer API calls during this step: 0 succeeded with high effort: 0 succeeded with medium effort: 0 succeeded with low effort: 0 succeeded with basic effort: 0 succeeded with basic unbounded effort: 0
  Fixing clock tree slew time and max cap violations - detailed pass done. (took cpu=0:00:00.0 real=0:00:00.0)
  Stage::DRV Fixing done. (took cpu=0:00:00.0 real=0:00:00.0)
  Stage::Insertion Delay Reduction...
  Removing unnecessary root buffering...
    Clock DAG stats after 'Removing unnecessary root buffering':
      cell counts      : b=0, i=0, icg=0, dcg=0, l=0, total=0
      sink counts      : regular=91, enable_latch=0, load_capacitance=0, antenna=0, node_sink=0, total=91
      misc counts      : r=1, pp=0, mci=0
      cell areas       : b=0.000um^2, i=0.000um^2, icg=0.000um^2, dcg=0.000um^2, l=0.000um^2, total=0.000um^2
      cell capacitance : b=0.000pF, i=0.000pF, icg=0.000pF, dcg=0.000pF, l=0.000pF, total=0.000pF
      sink capacitance : total=0.019pF, avg=0.000pF, sd=0.000pF, min=0.000pF, max=0.000pF
      wire capacitance : top=0.000pF, trunk=0.000pF, leaf=0.030pF, total=0.030pF
      wire lengths     : top=0.000um, trunk=0.000um, leaf=325.245um, total=325.245um
      hp wire lengths  : top=0.000um, trunk=0.000um, leaf=0.000um, total=0.000um
    Clock DAG net violations after 'Removing unnecessary root buffering': none
    Clock DAG primary half-corner transition distribution after 'Removing unnecessary root buffering':
      Leaf : target=0.065ns count=1 avg=0.004ns sd=0.000ns min=0.004ns max=0.004ns {1 <= 0.039ns, 0 <= 0.052ns, 0 <= 0.058ns, 0 <= 0.061ns, 0 <= 0.065ns}
    Primary reporting skew groups after 'Removing unnecessary root buffering':
      skew_group clk/CONSTRAINTS: insertion delay [min=0.001, max=0.059], skew [0.059 vs 0.072]
    Skew group summary after 'Removing unnecessary root buffering':
      skew_group clk/CONSTRAINTS: insertion delay [min=0.001, max=0.059], skew [0.059 vs 0.072]
    Legalizer API calls during this step: 0 succeeded with high effort: 0 succeeded with medium effort: 0 succeeded with low effort: 0 succeeded with basic effort: 0 succeeded with basic unbounded effort: 0
  Removing unnecessary root buffering done. (took cpu=0:00:00.0 real=0:00:00.0)
  Removing unconstrained drivers...
    Clock DAG stats after 'Removing unconstrained drivers':
      cell counts      : b=0, i=0, icg=0, dcg=0, l=0, total=0
      sink counts      : regular=91, enable_latch=0, load_capacitance=0, antenna=0, node_sink=0, total=91
      misc counts      : r=1, pp=0, mci=0
      cell areas       : b=0.000um^2, i=0.000um^2, icg=0.000um^2, dcg=0.000um^2, l=0.000um^2, total=0.000um^2
      cell capacitance : b=0.000pF, i=0.000pF, icg=0.000pF, dcg=0.000pF, l=0.000pF, total=0.000pF
      sink capacitance : total=0.019pF, avg=0.000pF, sd=0.000pF, min=0.000pF, max=0.000pF
      wire capacitance : top=0.000pF, trunk=0.000pF, leaf=0.030pF, total=0.030pF
      wire lengths     : top=0.000um, trunk=0.000um, leaf=325.245um, total=325.245um
      hp wire lengths  : top=0.000um, trunk=0.000um, leaf=0.000um, total=0.000um
    Clock DAG net violations after 'Removing unconstrained drivers': none
    Clock DAG primary half-corner transition distribution after 'Removing unconstrained drivers':
      Leaf : target=0.065ns count=1 avg=0.004ns sd=0.000ns min=0.004ns max=0.004ns {1 <= 0.039ns, 0 <= 0.052ns, 0 <= 0.058ns, 0 <= 0.061ns, 0 <= 0.065ns}
    Primary reporting skew groups after 'Removing unconstrained drivers':
      skew_group clk/CONSTRAINTS: insertion delay [min=0.001, max=0.059], skew [0.059 vs 0.072]
    Skew group summary after 'Removing unconstrained drivers':
      skew_group clk/CONSTRAINTS: insertion delay [min=0.001, max=0.059], skew [0.059 vs 0.072]
    Legalizer API calls during this step: 0 succeeded with high effort: 0 succeeded with medium effort: 0 succeeded with low effort: 0 succeeded with basic effort: 0 succeeded with basic unbounded effort: 0
  Removing unconstrained drivers done. (took cpu=0:00:00.0 real=0:00:00.0)
  Reducing insertion delay 1...
    Clock DAG stats after 'Reducing insertion delay 1':
      cell counts      : b=0, i=0, icg=0, dcg=0, l=0, total=0
      sink counts      : regular=91, enable_latch=0, load_capacitance=0, antenna=0, node_sink=0, total=91
      misc counts      : r=1, pp=0, mci=0
      cell areas       : b=0.000um^2, i=0.000um^2, icg=0.000um^2, dcg=0.000um^2, l=0.000um^2, total=0.000um^2
      cell capacitance : b=0.000pF, i=0.000pF, icg=0.000pF, dcg=0.000pF, l=0.000pF, total=0.000pF
      sink capacitance : total=0.019pF, avg=0.000pF, sd=0.000pF, min=0.000pF, max=0.000pF
      wire capacitance : top=0.000pF, trunk=0.000pF, leaf=0.030pF, total=0.030pF
      wire lengths     : top=0.000um, trunk=0.000um, leaf=325.245um, total=325.245um
      hp wire lengths  : top=0.000um, trunk=0.000um, leaf=0.000um, total=0.000um
    Clock DAG net violations after 'Reducing insertion delay 1': none
    Clock DAG primary half-corner transition distribution after 'Reducing insertion delay 1':
      Leaf : target=0.065ns count=1 avg=0.004ns sd=0.000ns min=0.004ns max=0.004ns {1 <= 0.039ns, 0 <= 0.052ns, 0 <= 0.058ns, 0 <= 0.061ns, 0 <= 0.065ns}
    Primary reporting skew groups after 'Reducing insertion delay 1':
      skew_group clk/CONSTRAINTS: insertion delay [min=0.001, max=0.059], skew [0.059 vs 0.072]
    Skew group summary after 'Reducing insertion delay 1':
      skew_group clk/CONSTRAINTS: insertion delay [min=0.001, max=0.059], skew [0.059 vs 0.072]
    Legalizer API calls during this step: 8 succeeded with high effort: 8 succeeded with medium effort: 0 succeeded with low effort: 0 succeeded with basic effort: 0 succeeded with basic unbounded effort: 0
  Reducing insertion delay 1 done. (took cpu=0:00:00.0 real=0:00:00.0)
  Removing longest path buffering...
    Clock DAG stats after 'Removing longest path buffering':
      cell counts      : b=0, i=0, icg=0, dcg=0, l=0, total=0
      sink counts      : regular=91, enable_latch=0, load_capacitance=0, antenna=0, node_sink=0, total=91
      misc counts      : r=1, pp=0, mci=0
      cell areas       : b=0.000um^2, i=0.000um^2, icg=0.000um^2, dcg=0.000um^2, l=0.000um^2, total=0.000um^2
      cell capacitance : b=0.000pF, i=0.000pF, icg=0.000pF, dcg=0.000pF, l=0.000pF, total=0.000pF
      sink capacitance : total=0.019pF, avg=0.000pF, sd=0.000pF, min=0.000pF, max=0.000pF
      wire capacitance : top=0.000pF, trunk=0.000pF, leaf=0.030pF, total=0.030pF
      wire lengths     : top=0.000um, trunk=0.000um, leaf=325.245um, total=325.245um
      hp wire lengths  : top=0.000um, trunk=0.000um, leaf=0.000um, total=0.000um
    Clock DAG net violations after 'Removing longest path buffering': none
    Clock DAG primary half-corner transition distribution after 'Removing longest path buffering':
      Leaf : target=0.065ns count=1 avg=0.004ns sd=0.000ns min=0.004ns max=0.004ns {1 <= 0.039ns, 0 <= 0.052ns, 0 <= 0.058ns, 0 <= 0.061ns, 0 <= 0.065ns}
    Primary reporting skew groups after 'Removing longest path buffering':
      skew_group clk/CONSTRAINTS: insertion delay [min=0.001, max=0.059], skew [0.059 vs 0.072]
    Skew group summary after 'Removing longest path buffering':
      skew_group clk/CONSTRAINTS: insertion delay [min=0.001, max=0.059], skew [0.059 vs 0.072]
    Legalizer API calls during this step: 0 succeeded with high effort: 0 succeeded with medium effort: 0 succeeded with low effort: 0 succeeded with basic effort: 0 succeeded with basic unbounded effort: 0
  Removing longest path buffering done. (took cpu=0:00:00.0 real=0:00:00.0)
  Reducing delay of long paths...
    Clock DAG stats after 'Reducing delay of long paths':
      cell counts      : b=0, i=0, icg=0, dcg=0, l=0, total=0
      sink counts      : regular=91, enable_latch=0, load_capacitance=0, antenna=0, node_sink=0, total=91
      misc counts      : r=1, pp=0, mci=0
      cell areas       : b=0.000um^2, i=0.000um^2, icg=0.000um^2, dcg=0.000um^2, l=0.000um^2, total=0.000um^2
      cell capacitance : b=0.000pF, i=0.000pF, icg=0.000pF, dcg=0.000pF, l=0.000pF, total=0.000pF
      sink capacitance : total=0.019pF, avg=0.000pF, sd=0.000pF, min=0.000pF, max=0.000pF
      wire capacitance : top=0.000pF, trunk=0.000pF, leaf=0.030pF, total=0.030pF
      wire lengths     : top=0.000um, trunk=0.000um, leaf=325.245um, total=325.245um
      hp wire lengths  : top=0.000um, trunk=0.000um, leaf=0.000um, total=0.000um
    Clock DAG net violations after 'Reducing delay of long paths': none
    Clock DAG primary half-corner transition distribution after 'Reducing delay of long paths':
      Leaf : target=0.065ns count=1 avg=0.004ns sd=0.000ns min=0.004ns max=0.004ns {1 <= 0.039ns, 0 <= 0.052ns, 0 <= 0.058ns, 0 <= 0.061ns, 0 <= 0.065ns}
    Primary reporting skew groups after 'Reducing delay of long paths':
      skew_group clk/CONSTRAINTS: insertion delay [min=0.001, max=0.059, avg=0.002, sd=0.007, skn=7.410, kur=56.906], skew [0.059 vs 0.072], 100% {0.001, 0.059} (wid=0.001 ws=0.000) (gid=0.000 gs=0.000)
    Skew group summary after 'Reducing delay of long paths':
      skew_group clk/CONSTRAINTS: insertion delay [min=0.001, max=0.059, avg=0.002, sd=0.007, skn=7.410, kur=56.906], skew [0.059 vs 0.072], 100% {0.001, 0.059} (wid=0.001 ws=0.000) (gid=0.000 gs=0.000)
    Legalizer API calls during this step: 0 succeeded with high effort: 0 succeeded with medium effort: 0 succeeded with low effort: 0 succeeded with basic effort: 0 succeeded with basic unbounded effort: 0
  Reducing delay of long paths done. (took cpu=0:00:00.0 real=0:00:00.0)
  Stage::Insertion Delay Reduction done. (took cpu=0:00:00.0 real=0:00:00.0)
  CCOpt::Phase::Construction done. (took cpu=0:00:02.5 real=0:00:01.5)
  CCOpt::Phase::Implementation...
  Stage::Reducing Power...
  Improving clock tree routing...
    Iteration 1...
    Iteration 1 done.
    Clock DAG stats after 'Improving clock tree routing':
      cell counts      : b=0, i=0, icg=0, dcg=0, l=0, total=0
      sink counts      : regular=91, enable_latch=0, load_capacitance=0, antenna=0, node_sink=0, total=91
      misc counts      : r=1, pp=0, mci=0
      cell areas       : b=0.000um^2, i=0.000um^2, icg=0.000um^2, dcg=0.000um^2, l=0.000um^2, total=0.000um^2
      cell capacitance : b=0.000pF, i=0.000pF, icg=0.000pF, dcg=0.000pF, l=0.000pF, total=0.000pF
      sink capacitance : total=0.019pF, avg=0.000pF, sd=0.000pF, min=0.000pF, max=0.000pF
      wire capacitance : top=0.000pF, trunk=0.000pF, leaf=0.030pF, total=0.030pF
      wire lengths     : top=0.000um, trunk=0.000um, leaf=325.245um, total=325.245um
      hp wire lengths  : top=0.000um, trunk=0.000um, leaf=0.000um, total=0.000um
    Clock DAG net violations after 'Improving clock tree routing': none
    Clock DAG primary half-corner transition distribution after 'Improving clock tree routing':
      Leaf : target=0.065ns count=1 avg=0.004ns sd=0.000ns min=0.004ns max=0.004ns {1 <= 0.039ns, 0 <= 0.052ns, 0 <= 0.058ns, 0 <= 0.061ns, 0 <= 0.065ns}
    Primary reporting skew groups after 'Improving clock tree routing':
      skew_group clk/CONSTRAINTS: insertion delay [min=0.001, max=0.059], skew [0.059 vs 0.072]
    Skew group summary after 'Improving clock tree routing':
      skew_group clk/CONSTRAINTS: insertion delay [min=0.001, max=0.059], skew [0.059 vs 0.072]
    Legalizer API calls during this step: 0 succeeded with high effort: 0 succeeded with medium effort: 0 succeeded with low effort: 0 succeeded with basic effort: 0 succeeded with basic unbounded effort: 0
  Improving clock tree routing done. (took cpu=0:00:00.0 real=0:00:00.0)
  Reducing clock tree power 1...
    Resizing gates: 
    ...20% ...40% ...60% ...80% ...Legalizing clock trees...
    Legalizing clock trees done. (took cpu=0:00:00.0 real=0:00:00.0)
    100% 
    Clock DAG stats after 'Reducing clock tree power 1':
      cell counts      : b=0, i=0, icg=0, dcg=0, l=0, total=0
      sink counts      : regular=91, enable_latch=0, load_capacitance=0, antenna=0, node_sink=0, total=91
      misc counts      : r=1, pp=0, mci=0
      cell areas       : b=0.000um^2, i=0.000um^2, icg=0.000um^2, dcg=0.000um^2, l=0.000um^2, total=0.000um^2
      cell capacitance : b=0.000pF, i=0.000pF, icg=0.000pF, dcg=0.000pF, l=0.000pF, total=0.000pF
      sink capacitance : total=0.019pF, avg=0.000pF, sd=0.000pF, min=0.000pF, max=0.000pF
      wire capacitance : top=0.000pF, trunk=0.000pF, leaf=0.030pF, total=0.030pF
      wire lengths     : top=0.000um, trunk=0.000um, leaf=325.245um, total=325.245um
      hp wire lengths  : top=0.000um, trunk=0.000um, leaf=0.000um, total=0.000um
    Clock DAG net violations after 'Reducing clock tree power 1': none
    Clock DAG primary half-corner transition distribution after 'Reducing clock tree power 1':
      Leaf : target=0.065ns count=1 avg=0.004ns sd=0.000ns min=0.004ns max=0.004ns {1 <= 0.039ns, 0 <= 0.052ns, 0 <= 0.058ns, 0 <= 0.061ns, 0 <= 0.065ns}
    Primary reporting skew groups after 'Reducing clock tree power 1':
      skew_group clk/CONSTRAINTS: insertion delay [min=0.001, max=0.059], skew [0.059 vs 0.072]
    Skew group summary after 'Reducing clock tree power 1':
      skew_group clk/CONSTRAINTS: insertion delay [min=0.001, max=0.059], skew [0.059 vs 0.072]
    Legalizer API calls during this step: 0 succeeded with high effort: 0 succeeded with medium effort: 0 succeeded with low effort: 0 succeeded with basic effort: 0 succeeded with basic unbounded effort: 0
  Reducing clock tree power 1 done. (took cpu=0:00:00.0 real=0:00:00.0)
  Reducing clock tree power 2...
    Clock DAG stats after 'Reducing clock tree power 2':
      cell counts      : b=0, i=0, icg=0, dcg=0, l=0, total=0
      sink counts      : regular=91, enable_latch=0, load_capacitance=0, antenna=0, node_sink=0, total=91
      misc counts      : r=1, pp=0, mci=0
      cell areas       : b=0.000um^2, i=0.000um^2, icg=0.000um^2, dcg=0.000um^2, l=0.000um^2, total=0.000um^2
      cell capacitance : b=0.000pF, i=0.000pF, icg=0.000pF, dcg=0.000pF, l=0.000pF, total=0.000pF
      sink capacitance : total=0.019pF, avg=0.000pF, sd=0.000pF, min=0.000pF, max=0.000pF
      wire capacitance : top=0.000pF, trunk=0.000pF, leaf=0.030pF, total=0.030pF
      wire lengths     : top=0.000um, trunk=0.000um, leaf=325.245um, total=325.245um
      hp wire lengths  : top=0.000um, trunk=0.000um, leaf=0.000um, total=0.000um
    Clock DAG net violations after 'Reducing clock tree power 2': none
    Clock DAG primary half-corner transition distribution after 'Reducing clock tree power 2':
      Leaf : target=0.065ns count=1 avg=0.004ns sd=0.000ns min=0.004ns max=0.004ns {1 <= 0.039ns, 0 <= 0.052ns, 0 <= 0.058ns, 0 <= 0.061ns, 0 <= 0.065ns}
    Primary reporting skew groups after 'Reducing clock tree power 2':
      skew_group clk/CONSTRAINTS: insertion delay [min=0.001, max=0.059, avg=0.002, sd=0.007, skn=7.410, kur=56.906], skew [0.059 vs 0.072], 100% {0.001, 0.059} (wid=0.001 ws=0.000) (gid=0.000 gs=0.000)
    Skew group summary after 'Reducing clock tree power 2':
      skew_group clk/CONSTRAINTS: insertion delay [min=0.001, max=0.059, avg=0.002, sd=0.007, skn=7.410, kur=56.906], skew [0.059 vs 0.072], 100% {0.001, 0.059} (wid=0.001 ws=0.000) (gid=0.000 gs=0.000)
    Legalizer API calls during this step: 0 succeeded with high effort: 0 succeeded with medium effort: 0 succeeded with low effort: 0 succeeded with basic effort: 0 succeeded with basic unbounded effort: 0
  Reducing clock tree power 2 done. (took cpu=0:00:00.0 real=0:00:00.0)
  Stage::Reducing Power done. (took cpu=0:00:00.0 real=0:00:00.0)
  Stage::Balancing...
  Improving subtree skew...
    Clock DAG stats after 'Improving subtree skew':
      cell counts      : b=0, i=0, icg=0, dcg=0, l=0, total=0
      sink counts      : regular=91, enable_latch=0, load_capacitance=0, antenna=0, node_sink=0, total=91
      misc counts      : r=1, pp=0, mci=0
      cell areas       : b=0.000um^2, i=0.000um^2, icg=0.000um^2, dcg=0.000um^2, l=0.000um^2, total=0.000um^2
      cell capacitance : b=0.000pF, i=0.000pF, icg=0.000pF, dcg=0.000pF, l=0.000pF, total=0.000pF
      sink capacitance : total=0.019pF, avg=0.000pF, sd=0.000pF, min=0.000pF, max=0.000pF
      wire capacitance : top=0.000pF, trunk=0.000pF, leaf=0.030pF, total=0.030pF
      wire lengths     : top=0.000um, trunk=0.000um, leaf=325.245um, total=325.245um
      hp wire lengths  : top=0.000um, trunk=0.000um, leaf=0.000um, total=0.000um
    Clock DAG net violations after 'Improving subtree skew': none
    Clock DAG primary half-corner transition distribution after 'Improving subtree skew':
      Leaf : target=0.065ns count=1 avg=0.004ns sd=0.000ns min=0.004ns max=0.004ns {1 <= 0.039ns, 0 <= 0.052ns, 0 <= 0.058ns, 0 <= 0.061ns, 0 <= 0.065ns}
    Primary reporting skew groups after 'Improving subtree skew':
      skew_group clk/CONSTRAINTS: insertion delay [min=0.001, max=0.059, avg=0.002, sd=0.007, skn=7.410, kur=56.906], skew [0.059 vs 0.072], 100% {0.001, 0.059} (wid=0.001 ws=0.000) (gid=0.000 gs=0.000)
    Skew group summary after 'Improving subtree skew':
      skew_group clk/CONSTRAINTS: insertion delay [min=0.001, max=0.059, avg=0.002, sd=0.007, skn=7.410, kur=56.906], skew [0.059 vs 0.072], 100% {0.001, 0.059} (wid=0.001 ws=0.000) (gid=0.000 gs=0.000)
    Legalizer API calls during this step: 0 succeeded with high effort: 0 succeeded with medium effort: 0 succeeded with low effort: 0 succeeded with basic effort: 0 succeeded with basic unbounded effort: 0
  Improving subtree skew done. (took cpu=0:00:00.0 real=0:00:00.0)
  Offloading subtrees by buffering...
    Clock DAG stats after 'Offloading subtrees by buffering':
      cell counts      : b=0, i=0, icg=0, dcg=0, l=0, total=0
      sink counts      : regular=91, enable_latch=0, load_capacitance=0, antenna=0, node_sink=0, total=91
      misc counts      : r=1, pp=0, mci=0
      cell areas       : b=0.000um^2, i=0.000um^2, icg=0.000um^2, dcg=0.000um^2, l=0.000um^2, total=0.000um^2
      cell capacitance : b=0.000pF, i=0.000pF, icg=0.000pF, dcg=0.000pF, l=0.000pF, total=0.000pF
      sink capacitance : total=0.019pF, avg=0.000pF, sd=0.000pF, min=0.000pF, max=0.000pF
      wire capacitance : top=0.000pF, trunk=0.000pF, leaf=0.030pF, total=0.030pF
      wire lengths     : top=0.000um, trunk=0.000um, leaf=325.245um, total=325.245um
      hp wire lengths  : top=0.000um, trunk=0.000um, leaf=0.000um, total=0.000um
    Clock DAG net violations after 'Offloading subtrees by buffering': none
    Clock DAG primary half-corner transition distribution after 'Offloading subtrees by buffering':
      Leaf : target=0.065ns count=1 avg=0.004ns sd=0.000ns min=0.004ns max=0.004ns {1 <= 0.039ns, 0 <= 0.052ns, 0 <= 0.058ns, 0 <= 0.061ns, 0 <= 0.065ns}
    Primary reporting skew groups after 'Offloading subtrees by buffering':
      skew_group clk/CONSTRAINTS: insertion delay [min=0.001, max=0.059, avg=0.002, sd=0.007, skn=7.410, kur=56.906], skew [0.059 vs 0.072], 100% {0.001, 0.059} (wid=0.001 ws=0.000) (gid=0.000 gs=0.000)
    Skew group summary after 'Offloading subtrees by buffering':
      skew_group clk/CONSTRAINTS: insertion delay [min=0.001, max=0.059, avg=0.002, sd=0.007, skn=7.410, kur=56.906], skew [0.059 vs 0.072], 100% {0.001, 0.059} (wid=0.001 ws=0.000) (gid=0.000 gs=0.000)
    Legalizer API calls during this step: 0 succeeded with high effort: 0 succeeded with medium effort: 0 succeeded with low effort: 0 succeeded with basic effort: 0 succeeded with basic unbounded effort: 0
  Offloading subtrees by buffering done. (took cpu=0:00:00.0 real=0:00:00.0)
  AdjustingMinPinPIDs for balancing...
    Approximately balancing fragments step...
      Resolve constraints - Approximately balancing fragments...
      Resolving skew group constraints...
        Solving LP: 1 skew groups; 2 fragments, 2 fraglets and 3 vertices; 12 variables and 27 constraints; tolerance 1
      Resolving skew group constraints done.
      Resolve constraints - Approximately balancing fragments done. (took cpu=0:00:00.0 real=0:00:00.0)
      Estimate delay to be added in balancing - Approximately balancing fragments...
      Trial balancer estimated the amount of delay to be added in balancing: 0.000ns
      Estimate delay to be added in balancing - Approximately balancing fragments done. (took cpu=0:00:00.0 real=0:00:00.0)
      Approximately balancing fragments...
        Moving gates to improve sub-tree skew...
          Tried: 2 Succeeded: 0
          Topology Tried: 0 Succeeded: 0
          0 Succeeded with SS ratio
          0 Succeeded with Lollipop: 0 with tier one, 0 with tier two. 
          Total reducing skew: 0 Average reducing skew for 0 nets : 0
          Clock DAG stats after 'Moving gates to improve sub-tree skew':
            cell counts      : b=0, i=0, icg=0, dcg=0, l=0, total=0
            sink counts      : regular=91, enable_latch=0, load_capacitance=0, antenna=0, node_sink=0, total=91
            misc counts      : r=1, pp=0, mci=0
            cell areas       : b=0.000um^2, i=0.000um^2, icg=0.000um^2, dcg=0.000um^2, l=0.000um^2, total=0.000um^2
            cell capacitance : b=0.000pF, i=0.000pF, icg=0.000pF, dcg=0.000pF, l=0.000pF, total=0.000pF
            sink capacitance : total=0.019pF, avg=0.000pF, sd=0.000pF, min=0.000pF, max=0.000pF
            wire capacitance : top=0.000pF, trunk=0.000pF, leaf=0.030pF, total=0.030pF
            wire lengths     : top=0.000um, trunk=0.000um, leaf=325.245um, total=325.245um
            hp wire lengths  : top=0.000um, trunk=0.000um, leaf=0.000um, total=0.000um
          Clock DAG net violations after 'Moving gates to improve sub-tree skew': none
          Clock DAG primary half-corner transition distribution after 'Moving gates to improve sub-tree skew':
            Leaf : target=0.065ns count=1 avg=0.004ns sd=0.000ns min=0.004ns max=0.004ns {1 <= 0.039ns, 0 <= 0.052ns, 0 <= 0.058ns, 0 <= 0.061ns, 0 <= 0.065ns}
          Legalizer API calls during this step: 0 succeeded with high effort: 0 succeeded with medium effort: 0 succeeded with low effort: 0 succeeded with basic effort: 0 succeeded with basic unbounded effort: 0
        Moving gates to improve sub-tree skew done. (took cpu=0:00:00.0 real=0:00:00.0)
        Approximately balancing fragments bottom up...
          Clock DAG stats after 'Approximately balancing fragments bottom up':
            cell counts      : b=0, i=0, icg=0, dcg=0, l=0, total=0
            sink counts      : regular=91, enable_latch=0, load_capacitance=0, antenna=0, node_sink=0, total=91
            misc counts      : r=1, pp=0, mci=0
            cell areas       : b=0.000um^2, i=0.000um^2, icg=0.000um^2, dcg=0.000um^2, l=0.000um^2, total=0.000um^2
            cell capacitance : b=0.000pF, i=0.000pF, icg=0.000pF, dcg=0.000pF, l=0.000pF, total=0.000pF
            sink capacitance : total=0.019pF, avg=0.000pF, sd=0.000pF, min=0.000pF, max=0.000pF
            wire capacitance : top=0.000pF, trunk=0.000pF, leaf=0.030pF, total=0.030pF
            wire lengths     : top=0.000um, trunk=0.000um, leaf=325.245um, total=325.245um
            hp wire lengths  : top=0.000um, trunk=0.000um, leaf=0.000um, total=0.000um
          Clock DAG net violations after 'Approximately balancing fragments bottom up': none
          Clock DAG primary half-corner transition distribution after 'Approximately balancing fragments bottom up':
            Leaf : target=0.065ns count=1 avg=0.004ns sd=0.000ns min=0.004ns max=0.004ns {1 <= 0.039ns, 0 <= 0.052ns, 0 <= 0.058ns, 0 <= 0.061ns, 0 <= 0.065ns}
          Legalizer API calls during this step: 0 succeeded with high effort: 0 succeeded with medium effort: 0 succeeded with low effort: 0 succeeded with basic effort: 0 succeeded with basic unbounded effort: 0
        Approximately balancing fragments bottom up done. (took cpu=0:00:00.0 real=0:00:00.0)
        Approximately balancing fragments, wire and cell delays...
        Approximately balancing fragments, wire and cell delays, iteration 1...
          Clock DAG stats after Approximately balancing fragments, wire and cell delays, iteration 1:
            cell counts      : b=0, i=0, icg=0, dcg=0, l=0, total=0
            sink counts      : regular=91, enable_latch=0, load_capacitance=0, antenna=0, node_sink=0, total=91
            misc counts      : r=1, pp=0, mci=0
            cell areas       : b=0.000um^2, i=0.000um^2, icg=0.000um^2, dcg=0.000um^2, l=0.000um^2, total=0.000um^2
            cell capacitance : b=0.000pF, i=0.000pF, icg=0.000pF, dcg=0.000pF, l=0.000pF, total=0.000pF
            sink capacitance : total=0.019pF, avg=0.000pF, sd=0.000pF, min=0.000pF, max=0.000pF
            wire capacitance : top=0.000pF, trunk=0.000pF, leaf=0.030pF, total=0.030pF
            wire lengths     : top=0.000um, trunk=0.000um, leaf=325.245um, total=325.245um
            hp wire lengths  : top=0.000um, trunk=0.000um, leaf=0.000um, total=0.000um
          Clock DAG net violations after Approximately balancing fragments, wire and cell delays, iteration 1: none
          Clock DAG primary half-corner transition distribution after Approximately balancing fragments, wire and cell delays, iteration 1:
            Leaf : target=0.065ns count=1 avg=0.004ns sd=0.000ns min=0.004ns max=0.004ns {1 <= 0.039ns, 0 <= 0.052ns, 0 <= 0.058ns, 0 <= 0.061ns, 0 <= 0.065ns}
        Approximately balancing fragments, wire and cell delays, iteration 1 done.
        Approximately balancing fragments, wire and cell delays done. (took cpu=0:00:00.0 real=0:00:00.0)
      Approximately balancing fragments done.
      Clock DAG stats after 'Approximately balancing fragments step':
        cell counts      : b=0, i=0, icg=0, dcg=0, l=0, total=0
        sink counts      : regular=91, enable_latch=0, load_capacitance=0, antenna=0, node_sink=0, total=91
        misc counts      : r=1, pp=0, mci=0
        cell areas       : b=0.000um^2, i=0.000um^2, icg=0.000um^2, dcg=0.000um^2, l=0.000um^2, total=0.000um^2
        cell capacitance : b=0.000pF, i=0.000pF, icg=0.000pF, dcg=0.000pF, l=0.000pF, total=0.000pF
        sink capacitance : total=0.019pF, avg=0.000pF, sd=0.000pF, min=0.000pF, max=0.000pF
        wire capacitance : top=0.000pF, trunk=0.000pF, leaf=0.030pF, total=0.030pF
        wire lengths     : top=0.000um, trunk=0.000um, leaf=325.245um, total=325.245um
        hp wire lengths  : top=0.000um, trunk=0.000um, leaf=0.000um, total=0.000um
      Clock DAG net violations after 'Approximately balancing fragments step': none
      Clock DAG primary half-corner transition distribution after 'Approximately balancing fragments step':
        Leaf : target=0.065ns count=1 avg=0.004ns sd=0.000ns min=0.004ns max=0.004ns {1 <= 0.039ns, 0 <= 0.052ns, 0 <= 0.058ns, 0 <= 0.061ns, 0 <= 0.065ns}
      Legalizer API calls during this step: 0 succeeded with high effort: 0 succeeded with medium effort: 0 succeeded with low effort: 0 succeeded with basic effort: 0 succeeded with basic unbounded effort: 0
    Approximately balancing fragments step done. (took cpu=0:00:00.0 real=0:00:00.0)
    Clock DAG stats after Approximately balancing fragments:
      cell counts      : b=0, i=0, icg=0, dcg=0, l=0, total=0
      sink counts      : regular=91, enable_latch=0, load_capacitance=0, antenna=0, node_sink=0, total=91
      misc counts      : r=1, pp=0, mci=0
      cell areas       : b=0.000um^2, i=0.000um^2, icg=0.000um^2, dcg=0.000um^2, l=0.000um^2, total=0.000um^2
      cell capacitance : b=0.000pF, i=0.000pF, icg=0.000pF, dcg=0.000pF, l=0.000pF, total=0.000pF
      sink capacitance : total=0.019pF, avg=0.000pF, sd=0.000pF, min=0.000pF, max=0.000pF
      wire capacitance : top=0.000pF, trunk=0.000pF, leaf=0.030pF, total=0.030pF
      wire lengths     : top=0.000um, trunk=0.000um, leaf=325.245um, total=325.245um
      hp wire lengths  : top=0.000um, trunk=0.000um, leaf=0.000um, total=0.000um
    Clock DAG net violations after Approximately balancing fragments: none
    Clock DAG primary half-corner transition distribution after Approximately balancing fragments:
      Leaf : target=0.065ns count=1 avg=0.004ns sd=0.000ns min=0.004ns max=0.004ns {1 <= 0.039ns, 0 <= 0.052ns, 0 <= 0.058ns, 0 <= 0.061ns, 0 <= 0.065ns}
    Primary reporting skew groups after Approximately balancing fragments:
      skew_group clk/CONSTRAINTS: insertion delay [min=0.001, max=0.059], skew [0.059 vs 0.072]
    Skew group summary after Approximately balancing fragments:
      skew_group clk/CONSTRAINTS: insertion delay [min=0.001, max=0.059], skew [0.059 vs 0.072]
    Improving fragments clock skew...
      Clock DAG stats after 'Improving fragments clock skew':
        cell counts      : b=0, i=0, icg=0, dcg=0, l=0, total=0
        sink counts      : regular=91, enable_latch=0, load_capacitance=0, antenna=0, node_sink=0, total=91
        misc counts      : r=1, pp=0, mci=0
        cell areas       : b=0.000um^2, i=0.000um^2, icg=0.000um^2, dcg=0.000um^2, l=0.000um^2, total=0.000um^2
        cell capacitance : b=0.000pF, i=0.000pF, icg=0.000pF, dcg=0.000pF, l=0.000pF, total=0.000pF
        sink capacitance : total=0.019pF, avg=0.000pF, sd=0.000pF, min=0.000pF, max=0.000pF
        wire capacitance : top=0.000pF, trunk=0.000pF, leaf=0.030pF, total=0.030pF
        wire lengths     : top=0.000um, trunk=0.000um, leaf=325.245um, total=325.245um
        hp wire lengths  : top=0.000um, trunk=0.000um, leaf=0.000um, total=0.000um
      Clock DAG net violations after 'Improving fragments clock skew': none
      Clock DAG primary half-corner transition distribution after 'Improving fragments clock skew':
        Leaf : target=0.065ns count=1 avg=0.004ns sd=0.000ns min=0.004ns max=0.004ns {1 <= 0.039ns, 0 <= 0.052ns, 0 <= 0.058ns, 0 <= 0.061ns, 0 <= 0.065ns}
      Primary reporting skew groups after 'Improving fragments clock skew':
        skew_group clk/CONSTRAINTS: insertion delay [min=0.001, max=0.059], skew [0.059 vs 0.072]
      Skew group summary after 'Improving fragments clock skew':
        skew_group clk/CONSTRAINTS: insertion delay [min=0.001, max=0.059], skew [0.059 vs 0.072]
      Legalizer API calls during this step: 0 succeeded with high effort: 0 succeeded with medium effort: 0 succeeded with low effort: 0 succeeded with basic effort: 0 succeeded with basic unbounded effort: 0
    Improving fragments clock skew done. (took cpu=0:00:00.0 real=0:00:00.0)
    Legalizer API calls during this step: 0 succeeded with high effort: 0 succeeded with medium effort: 0 succeeded with low effort: 0 succeeded with basic effort: 0 succeeded with basic unbounded effort: 0
  AdjustingMinPinPIDs for balancing done. (took cpu=0:00:00.0 real=0:00:00.0)
  Approximately balancing step...
    Resolve constraints - Approximately balancing...
    Resolving skew group constraints...
      Solving LP: 1 skew groups; 2 fragments, 2 fraglets and 3 vertices; 12 variables and 27 constraints; tolerance 1
    Resolving skew group constraints done.
    Resolve constraints - Approximately balancing done. (took cpu=0:00:00.0 real=0:00:00.0)
    Approximately balancing...
      Approximately balancing, wire and cell delays...
      Approximately balancing, wire and cell delays, iteration 1...
        Clock DAG stats after Approximately balancing, wire and cell delays, iteration 1:
          cell counts      : b=0, i=0, icg=0, dcg=0, l=0, total=0
          sink counts      : regular=91, enable_latch=0, load_capacitance=0, antenna=0, node_sink=0, total=91
          misc counts      : r=1, pp=0, mci=0
          cell areas       : b=0.000um^2, i=0.000um^2, icg=0.000um^2, dcg=0.000um^2, l=0.000um^2, total=0.000um^2
          cell capacitance : b=0.000pF, i=0.000pF, icg=0.000pF, dcg=0.000pF, l=0.000pF, total=0.000pF
          sink capacitance : total=0.019pF, avg=0.000pF, sd=0.000pF, min=0.000pF, max=0.000pF
          wire capacitance : top=0.000pF, trunk=0.000pF, leaf=0.030pF, total=0.030pF
          wire lengths     : top=0.000um, trunk=0.000um, leaf=325.245um, total=325.245um
          hp wire lengths  : top=0.000um, trunk=0.000um, leaf=0.000um, total=0.000um
        Clock DAG net violations after Approximately balancing, wire and cell delays, iteration 1: none
        Clock DAG primary half-corner transition distribution after Approximately balancing, wire and cell delays, iteration 1:
          Leaf : target=0.065ns count=1 avg=0.004ns sd=0.000ns min=0.004ns max=0.004ns {1 <= 0.039ns, 0 <= 0.052ns, 0 <= 0.058ns, 0 <= 0.061ns, 0 <= 0.065ns}
      Approximately balancing, wire and cell delays, iteration 1 done.
      Approximately balancing, wire and cell delays done. (took cpu=0:00:00.0 real=0:00:00.0)
    Approximately balancing done.
    Clock DAG stats after 'Approximately balancing step':
      cell counts      : b=0, i=0, icg=0, dcg=0, l=0, total=0
      sink counts      : regular=91, enable_latch=0, load_capacitance=0, antenna=0, node_sink=0, total=91
      misc counts      : r=1, pp=0, mci=0
      cell areas       : b=0.000um^2, i=0.000um^2, icg=0.000um^2, dcg=0.000um^2, l=0.000um^2, total=0.000um^2
      cell capacitance : b=0.000pF, i=0.000pF, icg=0.000pF, dcg=0.000pF, l=0.000pF, total=0.000pF
      sink capacitance : total=0.019pF, avg=0.000pF, sd=0.000pF, min=0.000pF, max=0.000pF
      wire capacitance : top=0.000pF, trunk=0.000pF, leaf=0.030pF, total=0.030pF
      wire lengths     : top=0.000um, trunk=0.000um, leaf=325.245um, total=325.245um
      hp wire lengths  : top=0.000um, trunk=0.000um, leaf=0.000um, total=0.000um
    Clock DAG net violations after 'Approximately balancing step': none
    Clock DAG primary half-corner transition distribution after 'Approximately balancing step':
      Leaf : target=0.065ns count=1 avg=0.004ns sd=0.000ns min=0.004ns max=0.004ns {1 <= 0.039ns, 0 <= 0.052ns, 0 <= 0.058ns, 0 <= 0.061ns, 0 <= 0.065ns}
    Primary reporting skew groups after 'Approximately balancing step':
      skew_group clk/CONSTRAINTS: insertion delay [min=0.001, max=0.059], skew [0.059 vs 0.072]
    Skew group summary after 'Approximately balancing step':
      skew_group clk/CONSTRAINTS: insertion delay [min=0.001, max=0.059], skew [0.059 vs 0.072]
    Legalizer API calls during this step: 0 succeeded with high effort: 0 succeeded with medium effort: 0 succeeded with low effort: 0 succeeded with basic effort: 0 succeeded with basic unbounded effort: 0
  Approximately balancing step done. (took cpu=0:00:00.0 real=0:00:00.0)
  Approximately balancing paths...
    Added 0 buffers.
    Clock DAG stats after 'Approximately balancing paths':
      cell counts      : b=0, i=0, icg=0, dcg=0, l=0, total=0
      sink counts      : regular=91, enable_latch=0, load_capacitance=0, antenna=0, node_sink=0, total=91
      misc counts      : r=1, pp=0, mci=0
      cell areas       : b=0.000um^2, i=0.000um^2, icg=0.000um^2, dcg=0.000um^2, l=0.000um^2, total=0.000um^2
      cell capacitance : b=0.000pF, i=0.000pF, icg=0.000pF, dcg=0.000pF, l=0.000pF, total=0.000pF
      sink capacitance : total=0.019pF, avg=0.000pF, sd=0.000pF, min=0.000pF, max=0.000pF
      wire capacitance : top=0.000pF, trunk=0.000pF, leaf=0.030pF, total=0.030pF
      wire lengths     : top=0.000um, trunk=0.000um, leaf=325.245um, total=325.245um
      hp wire lengths  : top=0.000um, trunk=0.000um, leaf=0.000um, total=0.000um
    Clock DAG net violations after 'Approximately balancing paths': none
    Clock DAG primary half-corner transition distribution after 'Approximately balancing paths':
      Leaf : target=0.065ns count=1 avg=0.004ns sd=0.000ns min=0.004ns max=0.004ns {1 <= 0.039ns, 0 <= 0.052ns, 0 <= 0.058ns, 0 <= 0.061ns, 0 <= 0.065ns}
    Primary reporting skew groups after 'Approximately balancing paths':
      skew_group clk/CONSTRAINTS: insertion delay [min=0.001, max=0.059, avg=0.002, sd=0.007, skn=7.410, kur=56.906], skew [0.059 vs 0.072], 100% {0.001, 0.059} (wid=0.001 ws=0.000) (gid=0.000 gs=0.000)
    Skew group summary after 'Approximately balancing paths':
      skew_group clk/CONSTRAINTS: insertion delay [min=0.001, max=0.059, avg=0.002, sd=0.007, skn=7.410, kur=56.906], skew [0.059 vs 0.072], 100% {0.001, 0.059} (wid=0.001 ws=0.000) (gid=0.000 gs=0.000)
    Legalizer API calls during this step: 0 succeeded with high effort: 0 succeeded with medium effort: 0 succeeded with low effort: 0 succeeded with basic effort: 0 succeeded with basic unbounded effort: 0
  Approximately balancing paths done. (took cpu=0:00:00.0 real=0:00:00.0)
  Stage::Balancing done. (took cpu=0:00:00.0 real=0:00:00.0)
  Stage::Polishing...
  Clock tree timing engine global stage delay update for MAX_DEALY:setup.late...
  Clock tree timing engine global stage delay update for MAX_DEALY:setup.late done. (took cpu=0:00:00.0 real=0:00:00.0)
  Clock DAG stats before polishing:
    cell counts      : b=0, i=0, icg=0, dcg=0, l=0, total=0
    sink counts      : regular=91, enable_latch=0, load_capacitance=0, antenna=0, node_sink=0, total=91
    misc counts      : r=1, pp=0, mci=0
    cell areas       : b=0.000um^2, i=0.000um^2, icg=0.000um^2, dcg=0.000um^2, l=0.000um^2, total=0.000um^2
    cell capacitance : b=0.000pF, i=0.000pF, icg=0.000pF, dcg=0.000pF, l=0.000pF, total=0.000pF
    sink capacitance : total=0.019pF, avg=0.000pF, sd=0.000pF, min=0.000pF, max=0.000pF
    wire capacitance : top=0.000pF, trunk=0.000pF, leaf=0.030pF, total=0.030pF
    wire lengths     : top=0.000um, trunk=0.000um, leaf=325.245um, total=325.245um
    hp wire lengths  : top=0.000um, trunk=0.000um, leaf=0.000um, total=0.000um
  Clock DAG net violations before polishing: none
  Clock DAG primary half-corner transition distribution before polishing:
    Leaf : target=0.065ns count=1 avg=0.004ns sd=0.000ns min=0.004ns max=0.004ns {1 <= 0.039ns, 0 <= 0.052ns, 0 <= 0.058ns, 0 <= 0.061ns, 0 <= 0.065ns}
  Primary reporting skew groups before polishing:
    skew_group clk/CONSTRAINTS: insertion delay [min=0.001, max=0.059], skew [0.059 vs 0.072]
  Skew group summary before polishing:
    skew_group clk/CONSTRAINTS: insertion delay [min=0.001, max=0.059], skew [0.059 vs 0.072]
  Merging balancing drivers for power...
    Tried: 2 Succeeded: 0
    Clock DAG stats after 'Merging balancing drivers for power':
      cell counts      : b=0, i=0, icg=0, dcg=0, l=0, total=0
      sink counts      : regular=91, enable_latch=0, load_capacitance=0, antenna=0, node_sink=0, total=91
      misc counts      : r=1, pp=0, mci=0
      cell areas       : b=0.000um^2, i=0.000um^2, icg=0.000um^2, dcg=0.000um^2, l=0.000um^2, total=0.000um^2
      cell capacitance : b=0.000pF, i=0.000pF, icg=0.000pF, dcg=0.000pF, l=0.000pF, total=0.000pF
      sink capacitance : total=0.019pF, avg=0.000pF, sd=0.000pF, min=0.000pF, max=0.000pF
      wire capacitance : top=0.000pF, trunk=0.000pF, leaf=0.030pF, total=0.030pF
      wire lengths     : top=0.000um, trunk=0.000um, leaf=325.245um, total=325.245um
      hp wire lengths  : top=0.000um, trunk=0.000um, leaf=0.000um, total=0.000um
    Clock DAG net violations after 'Merging balancing drivers for power': none
    Clock DAG primary half-corner transition distribution after 'Merging balancing drivers for power':
      Leaf : target=0.065ns count=1 avg=0.004ns sd=0.000ns min=0.004ns max=0.004ns {1 <= 0.039ns, 0 <= 0.052ns, 0 <= 0.058ns, 0 <= 0.061ns, 0 <= 0.065ns}
    Primary reporting skew groups after 'Merging balancing drivers for power':
      skew_group clk/CONSTRAINTS: insertion delay [min=0.001, max=0.059], skew [0.059 vs 0.072]
    Skew group summary after 'Merging balancing drivers for power':
      skew_group clk/CONSTRAINTS: insertion delay [min=0.001, max=0.059], skew [0.059 vs 0.072]
    Legalizer API calls during this step: 0 succeeded with high effort: 0 succeeded with medium effort: 0 succeeded with low effort: 0 succeeded with basic effort: 0 succeeded with basic unbounded effort: 0
  Merging balancing drivers for power done. (took cpu=0:00:00.0 real=0:00:00.0)
  Improving clock skew...
    Clock DAG stats after 'Improving clock skew':
      cell counts      : b=0, i=0, icg=0, dcg=0, l=0, total=0
      sink counts      : regular=91, enable_latch=0, load_capacitance=0, antenna=0, node_sink=0, total=91
      misc counts      : r=1, pp=0, mci=0
      cell areas       : b=0.000um^2, i=0.000um^2, icg=0.000um^2, dcg=0.000um^2, l=0.000um^2, total=0.000um^2
      cell capacitance : b=0.000pF, i=0.000pF, icg=0.000pF, dcg=0.000pF, l=0.000pF, total=0.000pF
      sink capacitance : total=0.019pF, avg=0.000pF, sd=0.000pF, min=0.000pF, max=0.000pF
      wire capacitance : top=0.000pF, trunk=0.000pF, leaf=0.030pF, total=0.030pF
      wire lengths     : top=0.000um, trunk=0.000um, leaf=325.245um, total=325.245um
      hp wire lengths  : top=0.000um, trunk=0.000um, leaf=0.000um, total=0.000um
    Clock DAG net violations after 'Improving clock skew': none
    Clock DAG primary half-corner transition distribution after 'Improving clock skew':
      Leaf : target=0.065ns count=1 avg=0.004ns sd=0.000ns min=0.004ns max=0.004ns {1 <= 0.039ns, 0 <= 0.052ns, 0 <= 0.058ns, 0 <= 0.061ns, 0 <= 0.065ns}
    Primary reporting skew groups after 'Improving clock skew':
      skew_group clk/CONSTRAINTS: insertion delay [min=0.001, max=0.059, avg=0.002, sd=0.007, skn=7.410, kur=56.906], skew [0.059 vs 0.072], 100% {0.001, 0.059} (wid=0.001 ws=0.000) (gid=0.000 gs=0.000)
    Skew group summary after 'Improving clock skew':
      skew_group clk/CONSTRAINTS: insertion delay [min=0.001, max=0.059, avg=0.002, sd=0.007, skn=7.410, kur=56.906], skew [0.059 vs 0.072], 100% {0.001, 0.059} (wid=0.001 ws=0.000) (gid=0.000 gs=0.000)
    Legalizer API calls during this step: 0 succeeded with high effort: 0 succeeded with medium effort: 0 succeeded with low effort: 0 succeeded with basic effort: 0 succeeded with basic unbounded effort: 0
  Improving clock skew done. (took cpu=0:00:00.0 real=0:00:00.0)
  Moving gates to reduce wire capacitance...
    Modified slew target multipliers. Leaf=(1 to 0.9) Trunk=(1 to 0.95) Top=(1 to 0.95)
    Iteration 1...
      Artificially removing short and long paths...
        Legalizer API calls during this step: 0 succeeded with high effort: 0 succeeded with medium effort: 0 succeeded with low effort: 0 succeeded with basic effort: 0 succeeded with basic unbounded effort: 0
      Artificially removing short and long paths done. (took cpu=0:00:00.0 real=0:00:00.0)
      Moving gates to reduce wire capacitance - iteration 1: WireCapReduction...
        Legalizing clock trees...
        Legalizing clock trees done. (took cpu=0:00:00.0 real=0:00:00.0)
        Legalizer API calls during this step: 0 succeeded with high effort: 0 succeeded with medium effort: 0 succeeded with low effort: 0 succeeded with basic effort: 0 succeeded with basic unbounded effort: 0
      Moving gates to reduce wire capacitance - iteration 1: WireCapReduction done. (took cpu=0:00:00.0 real=0:00:00.0)
      Moving gates to reduce wire capacitance - iteration 1: MoveGates...
        Moving gates: 
        ...20% ...40% ...60% ...80% ...Legalizing clock trees...
        Legalizing clock trees done. (took cpu=0:00:00.0 real=0:00:00.0)
        100% 
        Legalizer API calls during this step: 0 succeeded with high effort: 0 succeeded with medium effort: 0 succeeded with low effort: 0 succeeded with basic effort: 0 succeeded with basic unbounded effort: 0
      Moving gates to reduce wire capacitance - iteration 1: MoveGates done. (took cpu=0:00:00.0 real=0:00:00.0)
    Iteration 1 done.
    Reverted slew target multipliers. Leaf=(0.9 to 1) Trunk=(0.95 to 1) Top=(0.95 to 1)
    Clock DAG stats after 'Moving gates to reduce wire capacitance':
      cell counts      : b=0, i=0, icg=0, dcg=0, l=0, total=0
      sink counts      : regular=91, enable_latch=0, load_capacitance=0, antenna=0, node_sink=0, total=91
      misc counts      : r=1, pp=0, mci=0
      cell areas       : b=0.000um^2, i=0.000um^2, icg=0.000um^2, dcg=0.000um^2, l=0.000um^2, total=0.000um^2
      cell capacitance : b=0.000pF, i=0.000pF, icg=0.000pF, dcg=0.000pF, l=0.000pF, total=0.000pF
      sink capacitance : total=0.019pF, avg=0.000pF, sd=0.000pF, min=0.000pF, max=0.000pF
      wire capacitance : top=0.000pF, trunk=0.000pF, leaf=0.030pF, total=0.030pF
      wire lengths     : top=0.000um, trunk=0.000um, leaf=325.245um, total=325.245um
      hp wire lengths  : top=0.000um, trunk=0.000um, leaf=0.000um, total=0.000um
    Clock DAG net violations after 'Moving gates to reduce wire capacitance': none
    Clock DAG primary half-corner transition distribution after 'Moving gates to reduce wire capacitance':
      Leaf : target=0.065ns count=1 avg=0.004ns sd=0.000ns min=0.004ns max=0.004ns {1 <= 0.039ns, 0 <= 0.052ns, 0 <= 0.058ns, 0 <= 0.061ns, 0 <= 0.065ns}
    Primary reporting skew groups after 'Moving gates to reduce wire capacitance':
      skew_group clk/CONSTRAINTS: insertion delay [min=0.001, max=0.059, avg=0.002, sd=0.007, skn=7.410, kur=56.906], skew [0.059 vs 0.072], 100% {0.001, 0.059} (wid=0.001 ws=0.000) (gid=0.000 gs=0.000)
    Skew group summary after 'Moving gates to reduce wire capacitance':
      skew_group clk/CONSTRAINTS: insertion delay [min=0.001, max=0.059, avg=0.002, sd=0.007, skn=7.410, kur=56.906], skew [0.059 vs 0.072], 100% {0.001, 0.059} (wid=0.001 ws=0.000) (gid=0.000 gs=0.000)
    Legalizer API calls during this step: 0 succeeded with high effort: 0 succeeded with medium effort: 0 succeeded with low effort: 0 succeeded with basic effort: 0 succeeded with basic unbounded effort: 0
  Moving gates to reduce wire capacitance done. (took cpu=0:00:00.0 real=0:00:00.0)
  Reducing clock tree power 3...
    Artificially removing short and long paths...
      Legalizer API calls during this step: 0 succeeded with high effort: 0 succeeded with medium effort: 0 succeeded with low effort: 0 succeeded with basic effort: 0 succeeded with basic unbounded effort: 0
    Artificially removing short and long paths done. (took cpu=0:00:00.0 real=0:00:00.0)
    Initial gate capacitance is (rise=0.019pF fall=0.017pF).
    Resizing gates: 
    ...20% ...40% ...60% ...80% ...Legalizing clock trees...
    Legalizing clock trees done. (took cpu=0:00:00.0 real=0:00:00.0)
    100% 
    Clock DAG stats after 'Reducing clock tree power 3':
      cell counts      : b=0, i=0, icg=0, dcg=0, l=0, total=0
      sink counts      : regular=91, enable_latch=0, load_capacitance=0, antenna=0, node_sink=0, total=91
      misc counts      : r=1, pp=0, mci=0
      cell areas       : b=0.000um^2, i=0.000um^2, icg=0.000um^2, dcg=0.000um^2, l=0.000um^2, total=0.000um^2
      cell capacitance : b=0.000pF, i=0.000pF, icg=0.000pF, dcg=0.000pF, l=0.000pF, total=0.000pF
      sink capacitance : total=0.019pF, avg=0.000pF, sd=0.000pF, min=0.000pF, max=0.000pF
      wire capacitance : top=0.000pF, trunk=0.000pF, leaf=0.030pF, total=0.030pF
      wire lengths     : top=0.000um, trunk=0.000um, leaf=325.245um, total=325.245um
      hp wire lengths  : top=0.000um, trunk=0.000um, leaf=0.000um, total=0.000um
    Clock DAG net violations after 'Reducing clock tree power 3': none
    Clock DAG primary half-corner transition distribution after 'Reducing clock tree power 3':
      Leaf : target=0.065ns count=1 avg=0.004ns sd=0.000ns min=0.004ns max=0.004ns {1 <= 0.039ns, 0 <= 0.052ns, 0 <= 0.058ns, 0 <= 0.061ns, 0 <= 0.065ns}
    Primary reporting skew groups after 'Reducing clock tree power 3':
      skew_group clk/CONSTRAINTS: insertion delay [min=0.001, max=0.059, avg=0.002, sd=0.007, skn=7.410, kur=56.906], skew [0.059 vs 0.072], 100% {0.001, 0.059} (wid=0.001 ws=0.000) (gid=0.000 gs=0.000)
    Skew group summary after 'Reducing clock tree power 3':
      skew_group clk/CONSTRAINTS: insertion delay [min=0.001, max=0.059, avg=0.002, sd=0.007, skn=7.410, kur=56.906], skew [0.059 vs 0.072], 100% {0.001, 0.059} (wid=0.001 ws=0.000) (gid=0.000 gs=0.000)
    Legalizer API calls during this step: 0 succeeded with high effort: 0 succeeded with medium effort: 0 succeeded with low effort: 0 succeeded with basic effort: 0 succeeded with basic unbounded effort: 0
  Reducing clock tree power 3 done. (took cpu=0:00:00.0 real=0:00:00.0)
  Improving insertion delay...
    Clock DAG stats after 'Improving insertion delay':
      cell counts      : b=0, i=0, icg=0, dcg=0, l=0, total=0
      sink counts      : regular=91, enable_latch=0, load_capacitance=0, antenna=0, node_sink=0, total=91
      misc counts      : r=1, pp=0, mci=0
      cell areas       : b=0.000um^2, i=0.000um^2, icg=0.000um^2, dcg=0.000um^2, l=0.000um^2, total=0.000um^2
      cell capacitance : b=0.000pF, i=0.000pF, icg=0.000pF, dcg=0.000pF, l=0.000pF, total=0.000pF
      sink capacitance : total=0.019pF, avg=0.000pF, sd=0.000pF, min=0.000pF, max=0.000pF
      wire capacitance : top=0.000pF, trunk=0.000pF, leaf=0.030pF, total=0.030pF
      wire lengths     : top=0.000um, trunk=0.000um, leaf=325.245um, total=325.245um
      hp wire lengths  : top=0.000um, trunk=0.000um, leaf=0.000um, total=0.000um
    Clock DAG net violations after 'Improving insertion delay': none
    Clock DAG primary half-corner transition distribution after 'Improving insertion delay':
      Leaf : target=0.065ns count=1 avg=0.004ns sd=0.000ns min=0.004ns max=0.004ns {1 <= 0.039ns, 0 <= 0.052ns, 0 <= 0.058ns, 0 <= 0.061ns, 0 <= 0.065ns}
    Primary reporting skew groups after 'Improving insertion delay':
      skew_group clk/CONSTRAINTS: insertion delay [min=0.001, max=0.059, avg=0.002, sd=0.007, skn=7.410, kur=56.906], skew [0.059 vs 0.072], 100% {0.001, 0.059} (wid=0.001 ws=0.000) (gid=0.000 gs=0.000)
    Skew group summary after 'Improving insertion delay':
      skew_group clk/CONSTRAINTS: insertion delay [min=0.001, max=0.059, avg=0.002, sd=0.007, skn=7.410, kur=56.906], skew [0.059 vs 0.072], 100% {0.001, 0.059} (wid=0.001 ws=0.000) (gid=0.000 gs=0.000)
    Legalizer API calls during this step: 0 succeeded with high effort: 0 succeeded with medium effort: 0 succeeded with low effort: 0 succeeded with basic effort: 0 succeeded with basic unbounded effort: 0
  Improving insertion delay done. (took cpu=0:00:00.0 real=0:00:00.0)
  Wire Opt OverFix...
    Wire Reduction extra effort...
      Modified slew target multipliers. Leaf=(1 to 0.95) Trunk=(1 to 1) Top=(1 to 1)
      Artificially removing short and long paths...
        Legalizer API calls during this step: 0 succeeded with high effort: 0 succeeded with medium effort: 0 succeeded with low effort: 0 succeeded with basic effort: 0 succeeded with basic unbounded effort: 0
      Artificially removing short and long paths done. (took cpu=0:00:00.0 real=0:00:00.0)
      Global shorten wires A0...
        Legalizer API calls during this step: 0 succeeded with high effort: 0 succeeded with medium effort: 0 succeeded with low effort: 0 succeeded with basic effort: 0 succeeded with basic unbounded effort: 0
      Global shorten wires A0 done. (took cpu=0:00:00.0 real=0:00:00.0)
      Move For Wirelength - core...
        Move for wirelength. considered=1, filtered=0, permitted=0, cannotCompute=0, computed=0, moveTooSmall=0, resolved=0, predictFail=0, currentlyIllegal=0, legalizationFail=0, legalizedMoveTooSmall=0, ignoredLeafDriver=0, worse=0, accepted=0
        Max accepted move=0.000um, total accepted move=0.000um
        Legalizer API calls during this step: 0 succeeded with high effort: 0 succeeded with medium effort: 0 succeeded with low effort: 0 succeeded with basic effort: 0 succeeded with basic unbounded effort: 0
      Move For Wirelength - core done. (took cpu=0:00:00.0 real=0:00:00.0)
      Global shorten wires A1...
        Legalizer API calls during this step: 0 succeeded with high effort: 0 succeeded with medium effort: 0 succeeded with low effort: 0 succeeded with basic effort: 0 succeeded with basic unbounded effort: 0
      Global shorten wires A1 done. (took cpu=0:00:00.0 real=0:00:00.0)
      Move For Wirelength - core...
        Move for wirelength. considered=1, filtered=0, permitted=0, cannotCompute=0, computed=0, moveTooSmall=0, resolved=0, predictFail=0, currentlyIllegal=0, legalizationFail=0, legalizedMoveTooSmall=0, ignoredLeafDriver=0, worse=0, accepted=0
        Max accepted move=0.000um, total accepted move=0.000um
        Legalizer API calls during this step: 0 succeeded with high effort: 0 succeeded with medium effort: 0 succeeded with low effort: 0 succeeded with basic effort: 0 succeeded with basic unbounded effort: 0
      Move For Wirelength - core done. (took cpu=0:00:00.0 real=0:00:00.0)
      Global shorten wires B...
        Legalizer API calls during this step: 0 succeeded with high effort: 0 succeeded with medium effort: 0 succeeded with low effort: 0 succeeded with basic effort: 0 succeeded with basic unbounded effort: 0
      Global shorten wires B done. (took cpu=0:00:00.0 real=0:00:00.0)
      Move For Wirelength - branch...
        Move for wirelength. considered=1, filtered=0, permitted=0, cannotCompute=0, computed=0, moveTooSmall=0, resolved=0, predictFail=0, currentlyIllegal=0, legalizationFail=0, legalizedMoveTooSmall=0, ignoredLeafDriver=0, worse=0, accepted=0
        Max accepted move=0.000um, total accepted move=0.000um
        Legalizer API calls during this step: 0 succeeded with high effort: 0 succeeded with medium effort: 0 succeeded with low effort: 0 succeeded with basic effort: 0 succeeded with basic unbounded effort: 0
      Move For Wirelength - branch done. (took cpu=0:00:00.0 real=0:00:00.0)
      Reverted slew target multipliers. Leaf=(0.95 to 1) Trunk=(1 to 1) Top=(1 to 1)
      Clock DAG stats after 'Wire Reduction extra effort':
        cell counts      : b=0, i=0, icg=0, dcg=0, l=0, total=0
        sink counts      : regular=91, enable_latch=0, load_capacitance=0, antenna=0, node_sink=0, total=91
        misc counts      : r=1, pp=0, mci=0
        cell areas       : b=0.000um^2, i=0.000um^2, icg=0.000um^2, dcg=0.000um^2, l=0.000um^2, total=0.000um^2
        cell capacitance : b=0.000pF, i=0.000pF, icg=0.000pF, dcg=0.000pF, l=0.000pF, total=0.000pF
        sink capacitance : total=0.019pF, avg=0.000pF, sd=0.000pF, min=0.000pF, max=0.000pF
        wire capacitance : top=0.000pF, trunk=0.000pF, leaf=0.030pF, total=0.030pF
        wire lengths     : top=0.000um, trunk=0.000um, leaf=325.245um, total=325.245um
        hp wire lengths  : top=0.000um, trunk=0.000um, leaf=0.000um, total=0.000um
      Clock DAG net violations after 'Wire Reduction extra effort': none
      Clock DAG primary half-corner transition distribution after 'Wire Reduction extra effort':
        Leaf : target=0.065ns count=1 avg=0.004ns sd=0.000ns min=0.004ns max=0.004ns {1 <= 0.039ns, 0 <= 0.052ns, 0 <= 0.058ns, 0 <= 0.061ns, 0 <= 0.065ns}
      Primary reporting skew groups after 'Wire Reduction extra effort':
        skew_group clk/CONSTRAINTS: insertion delay [min=0.001, max=0.059, avg=0.002, sd=0.007, skn=7.410, kur=56.906], skew [0.059 vs 0.072], 100% {0.001, 0.059} (wid=0.001 ws=0.000) (gid=0.000 gs=0.000)
      Skew group summary after 'Wire Reduction extra effort':
        skew_group clk/CONSTRAINTS: insertion delay [min=0.001, max=0.059, avg=0.002, sd=0.007, skn=7.410, kur=56.906], skew [0.059 vs 0.072], 100% {0.001, 0.059} (wid=0.001 ws=0.000) (gid=0.000 gs=0.000)
      Legalizer API calls during this step: 0 succeeded with high effort: 0 succeeded with medium effort: 0 succeeded with low effort: 0 succeeded with basic effort: 0 succeeded with basic unbounded effort: 0
    Wire Reduction extra effort done. (took cpu=0:00:00.0 real=0:00:00.0)
    Optimizing orientation...
    FlipOpt...
    Disconnecting clock tree from netlist...
    Disconnecting clock tree from netlist done.
    Orientation Wirelength Optimization: Attempted = 0 , Succeeded = 0 , Constraints Broken = 0 , CannotMove = 0 , Illegal = 0 , Other = 0
    Resynthesising clock tree into netlist...
      Reset timing graph...
Ignoring AAE DB Resetting ...
      Reset timing graph done.
    Resynthesising clock tree into netlist done.
    FlipOpt done. (took cpu=0:00:00.0 real=0:00:00.0)
    Optimizing orientation done. (took cpu=0:00:00.0 real=0:00:00.0)
    Clock DAG stats after 'Wire Opt OverFix':
      cell counts      : b=0, i=0, icg=0, dcg=0, l=0, total=0
      sink counts      : regular=91, enable_latch=0, load_capacitance=0, antenna=0, node_sink=0, total=91
      misc counts      : r=1, pp=0, mci=0
      cell areas       : b=0.000um^2, i=0.000um^2, icg=0.000um^2, dcg=0.000um^2, l=0.000um^2, total=0.000um^2
      cell capacitance : b=0.000pF, i=0.000pF, icg=0.000pF, dcg=0.000pF, l=0.000pF, total=0.000pF
      sink capacitance : total=0.019pF, avg=0.000pF, sd=0.000pF, min=0.000pF, max=0.000pF
      wire capacitance : top=0.000pF, trunk=0.000pF, leaf=0.032pF, total=0.032pF
      wire lengths     : top=0.000um, trunk=0.000um, leaf=346.145um, total=346.145um
      hp wire lengths  : top=0.000um, trunk=0.000um, leaf=0.000um, total=0.000um
    Clock DAG net violations after 'Wire Opt OverFix': none
    Clock DAG primary half-corner transition distribution after 'Wire Opt OverFix':
      Leaf : target=0.065ns count=1 avg=0.004ns sd=0.000ns min=0.004ns max=0.004ns {1 <= 0.039ns, 0 <= 0.052ns, 0 <= 0.058ns, 0 <= 0.061ns, 0 <= 0.065ns}
    Primary reporting skew groups after 'Wire Opt OverFix':
      skew_group clk/CONSTRAINTS: insertion delay [min=0.001, max=0.059, avg=0.002, sd=0.007, skn=7.411, kur=56.914], skew [0.059 vs 0.072], 100% {0.001, 0.059} (wid=0.001 ws=0.001) (gid=0.000 gs=0.000)
    Skew group summary after 'Wire Opt OverFix':
      skew_group clk/CONSTRAINTS: insertion delay [min=0.001, max=0.059, avg=0.002, sd=0.007, skn=7.411, kur=56.914], skew [0.059 vs 0.072], 100% {0.001, 0.059} (wid=0.001 ws=0.001) (gid=0.000 gs=0.000)
    Legalizer API calls during this step: 0 succeeded with high effort: 0 succeeded with medium effort: 0 succeeded with low effort: 0 succeeded with basic effort: 0 succeeded with basic unbounded effort: 0
  Wire Opt OverFix done. (took cpu=0:00:00.0 real=0:00:00.0)
  Total capacitance is (rise=0.051pF fall=0.049pF), of which (rise=0.032pF fall=0.032pF) is wire, and (rise=0.019pF fall=0.017pF) is gate.
  Stage::Polishing done. (took cpu=0:00:00.0 real=0:00:00.0)
  Stage::Updating netlist...
  Reset timing graph...
Ignoring AAE DB Resetting ...
  Reset timing graph done.
  Setting non-default rules before calling refine place.
  Leaving CCOpt scope - Cleaning up placement interface...
  Leaving CCOpt scope - Cleaning up placement interface done. (took cpu=0:00:00.0 real=0:00:00.0)
**WARN: (IMPSP-105):	'setPlaceMode -maxRouteLayer' will become obsolete from next release. Use 'setRouteMode -earlyGlobalMaxRouteLayer N' to set maximum routing layer.Type 'man IMPSP-105' for more detail.
  Leaving CCOpt scope - ClockRefiner...
  Soft fixed 0 clock instances.
  Performing clock and sink only refine place with checks partially disabled for sinks.
*** Starting refinePlace (0:04:03 mem=7939.0M) ***
Total net bbox length = 5.693e+03 (2.899e+03 2.794e+03) (ext = 2.189e+03)
Max route layer is changed from 127 to 11 because there is no routing track above this layer
Max route layer is changed from 127 to 11 because there is no routing track above this layer
Max route layer is changed from 127 to 11 because there is no routing track above this layer
Max route layer is changed from 127 to 11 because there is no routing track above this layer
Move report: Detail placement moves 10 insts, mean move: 1.22 um, max move: 2.60 um 
	Max move on inst (g7138__4733): (35.20, 45.22) --> (32.60, 45.22)
	Runtime: CPU: 0:00:00.0 REAL: 0:00:00.0 MEM: 7910.1MB
Summary Report:
Instances move: 10 (out of 463 movable)
Instances flipped: 2
Mean displacement: 1.22 um
Max displacement: 2.60 um (Instance: g7138__4733) (35.2, 45.22) -> (32.6, 45.22)
	Length: 3 sites, height: 1 rows, site name: CoreSite, cell type: NOR2X1
Physical-only instances move: 0 (out of 0 movable physical-only)
Total net bbox length = 5.703e+03 (2.909e+03 2.794e+03) (ext = 2.189e+03)
Runtime: CPU: 0:00:00.0 REAL: 0:00:00.0 MEM: 7910.1MB
*** Finished refinePlace (0:04:03 mem=7910.1M) ***
  ClockRefiner summary
  All clock instances: Moved 0, flipped 0 and cell swapped 0 (out of a total of 91).
  Restoring pStatusCts on 0 clock instances.
  Leaving CCOpt scope - ClockRefiner done. (took cpu=0:00:00.0 real=0:00:00.0)
  Stage::Updating netlist done. (took cpu=0:00:00.1 real=0:00:00.1)
  CCOpt::Phase::Implementation done. (took cpu=0:00:00.1 real=0:00:00.1)
  CCOpt::Phase::eGRPC...
  eGR Post Conditioning...
    Clock implementation routing...
      Leaving CCOpt scope - Routing Tools...
Net route status summary:
  Clock:         1 (unrouted=0, trialRouted=0, noStatus=0, routed=1, fixed=0, [crossesIlmBoundary=0, tooFewTerms=0, (crossesIlmBoundary AND tooFewTerms=0)])
  Non-clock:   605 (unrouted=46, trialRouted=559, noStatus=0, routed=0, fixed=0, [crossesIlmBoundary=0, tooFewTerms=46, (crossesIlmBoundary AND tooFewTerms=0)])
      Routing using eGR only...
        Early Global Route - eGR only step...
(ccopt eGR): There are 1 nets to be routed. 0 nets have skip routing designation.
(ccopt eGR): There are 1 nets for routing of which 1 have one or more fixed wires.
(ccopt eGR): Start to route 1 all nets
[PSP]    Started Early Global Route ( Curr Mem: 7.60 MB )
Max route layer is changed from 127 to 11 because there is no routing track above this layer
Max route layer is changed from 127 to 11 because there is no routing track above this layer
[PSP]    Started Early Global Route kernel ( Curr Mem: 7.60 MB )
[NR-eGR] Early global route reroute 1 out of 560 routable nets
[NR-eGR] Track table information for default rule: 
[NR-eGR] Metal1 has single uniform track structure
[NR-eGR] Metal2 has single uniform track structure
[NR-eGR] Metal3 has single uniform track structure
[NR-eGR] Metal4 has single uniform track structure
[NR-eGR] Metal5 has single uniform track structure
[NR-eGR] Metal6 has single uniform track structure
[NR-eGR] Metal7 has single uniform track structure
[NR-eGR] Metal8 has single uniform track structure
[NR-eGR] Metal9 has single uniform track structure
[NR-eGR] Metal10 has single uniform track structure
[NR-eGR] Metal11 has single uniform track structure
[NR-eGR] Read 1400 PG shapes
[NR-eGR] Read 0 clock shapes
[NR-eGR] Read 0 other shapes
[NR-eGR] #Routing Blockages  : 0
[NR-eGR] #Instance Blockages : 0
[NR-eGR] #PG Blockages       : 1400
[NR-eGR] #Halo Blockages     : 0
[NR-eGR] #Boundary Blockages : 0
[NR-eGR] #Clock Blockages    : 0
[NR-eGR] #Other Blockages    : 0
[NR-eGR] #prerouted nets         : 0
[NR-eGR] #prerouted special nets : 0
[NR-eGR] #prerouted wires        : 0
[NR-eGR] Read 560 nets ( ignored 559 )
[NR-eGR] Connected 0 must-join pins/ports (pre-process)
[NR-eGR] #via pillars        : 0
[NR-eGR] #must join all port : 0
[NR-eGR] #multiple ports     : 0
[NR-eGR] #has must join      : 0
[NR-eGR] There are 1 clock nets ( 1 with NDR ).
[NR-eGR] ============ Routing rule table ============
[NR-eGR] Rule id: 1  Nets: 1
[NR-eGR] ========================================
[NR-eGR] 
[NR-eGR] Layer group 1: route 1 net(s) in layer range [3, 4]
[NR-eGR] Early Global Route overflow of layer group 1: 0.00% H + 0.00% V. EstWL: 3.009600e+02um
[NR-eGR] Congestion Analysis By layer: (blocked Gcells are excluded) 
[NR-eGR]                        OverCon            
[NR-eGR]                         #Gcell     %Gcell
[NR-eGR]        Layer             (1-0)    OverCon
[NR-eGR] ----------------------------------------------
[NR-eGR]  Metal1 ( 1)         0( 0.00%)   ( 0.00%) 
[NR-eGR]  Metal2 ( 2)         0( 0.00%)   ( 0.00%) 
[NR-eGR]  Metal3 ( 3)         0( 0.00%)   ( 0.00%) 
[NR-eGR]  Metal4 ( 4)         0( 0.00%)   ( 0.00%) 
[NR-eGR]  Metal5 ( 5)         0( 0.00%)   ( 0.00%) 
[NR-eGR]  Metal6 ( 6)         0( 0.00%)   ( 0.00%) 
[NR-eGR]  Metal7 ( 7)         0( 0.00%)   ( 0.00%) 
[NR-eGR]  Metal8 ( 8)         0( 0.00%)   ( 0.00%) 
[NR-eGR]  Metal9 ( 9)         0( 0.00%)   ( 0.00%) 
[NR-eGR] Metal10 (10)         0( 0.00%)   ( 0.00%) 
[NR-eGR] Metal11 (11)         0( 0.00%)   ( 0.00%) 
[NR-eGR] ----------------------------------------------
[NR-eGR]        Total         0( 0.00%)   ( 0.00%) 
[NR-eGR] 
[NR-eGR] Overflow after Early Global Route 0.00% H + 0.00% V
[NR-eGR] Connected 0 must-join pins/ports (post-process)
[NR-eGR] Total eGR-routed clock nets wire length: 328um, number of vias: 227
[NR-eGR] --------------------------------------------------------------------------
[NR-eGR] Report for selected net(s) only.
[NR-eGR]                  Length (um)  Vias 
[NR-eGR] -----------------------------------
[NR-eGR]  Metal1   (1H)             0    91 
[NR-eGR]  Metal2   (2V)           105   103 
[NR-eGR]  Metal3   (3H)           145    33 
[NR-eGR]  Metal4   (4V)            78     0 
[NR-eGR]  Metal5   (5H)             0     0 
[NR-eGR]  Metal6   (6V)             0     0 
[NR-eGR]  Metal7   (7H)             0     0 
[NR-eGR]  Metal8   (8V)             0     0 
[NR-eGR]  Metal9   (9H)             0     0 
[NR-eGR]  Metal10  (10V)            0     0 
[NR-eGR]  Metal11  (11H)            0     0 
[NR-eGR] -----------------------------------
[NR-eGR]           Total          328   227 
[NR-eGR] --------------------------------------------------------------------------
[NR-eGR] Total half perimeter of net bounding box: 94um
[NR-eGR] Total length: 328um, number of vias: 227
[NR-eGR] --------------------------------------------------------------------------
[NR-eGR] Total routed clock nets wire length: 328um, number of vias: 227
[NR-eGR] --------------------------------------------------------------------------
[NR-eGR]                  Length (um)  Vias 
[NR-eGR] -----------------------------------
[NR-eGR]  Metal1   (1H)             0  1808 
[NR-eGR]  Metal2   (2V)          3000  2601 
[NR-eGR]  Metal3   (3H)          3240   157 
[NR-eGR]  Metal4   (4V)           528    21 
[NR-eGR]  Metal5   (5H)           118     0 
[NR-eGR]  Metal6   (6V)             0     0 
[NR-eGR]  Metal7   (7H)             0     0 
[NR-eGR]  Metal8   (8V)             0     0 
[NR-eGR]  Metal9   (9H)             0     0 
[NR-eGR]  Metal10  (10V)            0     0 
[NR-eGR]  Metal11  (11H)            0     0 
[NR-eGR] -----------------------------------
[NR-eGR]           Total         6887  4587 
[NR-eGR] --------------------------------------------------------------------------
[NR-eGR] Total half perimeter of net bounding box: 5703um
[NR-eGR] Total length: 6887um, number of vias: 4587
[NR-eGR] --------------------------------------------------------------------------
[NR-eGR] Finished Early Global Route kernel ( CPU: 0.04 sec, Real: 0.04 sec, Curr Mem: 7.63 MB )
[NR-eGR] Finished Early Global Route ( CPU: 0.04 sec, Real: 0.04 sec, Curr Mem: 7.63 MB )
        Early Global Route - eGR only step done. (took cpu=0:00:00.1 real=0:00:00.1)
      Routing using eGR only done.
Net route status summary:
  Clock:         1 (unrouted=0, trialRouted=0, noStatus=0, routed=1, fixed=0, [crossesIlmBoundary=0, tooFewTerms=0, (crossesIlmBoundary AND tooFewTerms=0)])
  Non-clock:   605 (unrouted=46, trialRouted=559, noStatus=0, routed=0, fixed=0, [crossesIlmBoundary=0, tooFewTerms=46, (crossesIlmBoundary AND tooFewTerms=0)])

CCOPT: Done with clock implementation routing.

      Leaving CCOpt scope - Routing Tools done. (took cpu=0:00:00.1 real=0:00:00.1)
    Clock implementation routing done.
    Leaving CCOpt scope - extractRC...
    Updating RC parasitics by calling: "extractRC -noRouteCheck"...
Extraction called for design 'Main' of instances=463 and nets=606 using extraction engine 'preRoute' .
PreRoute RC Extraction called for design Main.
RC Extraction called in multi-corner(2) mode.
RCMode: PreRoute
      RC Corner Indexes            0       1   
Capacitance Scaling Factor   : 1.00000 1.00000 
Resistance Scaling Factor    : 1.00000 1.00000 
Clock Cap. Scaling Factor    : 1.00000 1.00000 
Clock Res. Scaling Factor    : 1.00000 1.00000 
Shrink Factor                : 1.00000
PreRoute extraction is honoring NDR/Shielding/ExtraSpace for clock nets.
Using Quantus QRC technology file ...
Updating RC Grid density data for preRoute extraction ...
Initializing multi-corner resistance tables ...
PreRoute RC Extraction DONE (CPU Time: 0:00:00.0  Real Time: 0:00:00.0  MEM: 7939.094M)
    Updating RC parasitics by calling: "extractRC -noRouteCheck" done.
    Leaving CCOpt scope - extractRC done. (took cpu=0:00:00.0 real=0:00:00.0)
**WARN: (IMPSP-105):	'setPlaceMode -maxRouteLayer' will become obsolete from next release. Use 'setRouteMode -earlyGlobalMaxRouteLayer N' to set maximum routing layer.Type 'man IMPSP-105' for more detail.
    Leaving CCOpt scope - Initializing placement interface...
**WARN: (IMPSP-270):	Cannot find a legal location for MASTER CELL 'BUFX2'.
Type 'man IMPSP-270' for more detail.
    Leaving CCOpt scope - Initializing placement interface done. (took cpu=0:00:00.0 real=0:00:00.0)
    Calling post conditioning for eGRPC...
      eGRPC...
        eGRPC active optimizations:
         - Move Down
         - Downsizing before DRV sizing
         - DRV fixing with sizing
         - Move to fanout
         - Cloning
        
        Currently running CTS, using active skew data
        Loading clock net RC data...
        Preprocessing clock nets...
        Nets initialized for optimization: Seen: 1 Attempted: 1 Successful: 1 Unsuccessful: 0 Invalid: 0
        Preprocessing clock nets done. (took cpu=0:00:00.0 real=0:00:00.0)
        Loading clock net RC data done. (took cpu=0:00:00.0 real=0:00:00.0)
        ProEngine running disconnected to DB
        Disconnecting...
        Disconnecting Clock Trees
        Disconnecting done. (took cpu=0:00:00.0 real=0:00:00.0)
        Reset bufferability constraints...
        Resetting previous bufferability status on all nets so that eGRPC will attempt to fix all clock tree violations.
        Clock tree timing engine global stage delay update for MAX_DEALY:setup.late...
        Clock tree timing engine global stage delay update for MAX_DEALY:setup.late done. (took cpu=0:00:00.0 real=0:00:00.0)
        Reset bufferability constraints done. (took cpu=0:00:00.0 real=0:00:00.0)
        Clock DAG stats eGRPC initial state:
          cell counts      : b=0, i=0, icg=0, dcg=0, l=0, total=0
          sink counts      : regular=91, enable_latch=0, load_capacitance=0, antenna=0, node_sink=0, total=91
          misc counts      : r=1, pp=0, mci=0
          cell areas       : b=0.000um^2, i=0.000um^2, icg=0.000um^2, dcg=0.000um^2, l=0.000um^2, total=0.000um^2
          cell capacitance : b=0.000pF, i=0.000pF, icg=0.000pF, dcg=0.000pF, l=0.000pF, total=0.000pF
          sink capacitance : total=0.019pF, avg=0.000pF, sd=0.000pF, min=0.000pF, max=0.000pF
          wire capacitance : top=0.000pF, trunk=0.000pF, leaf=0.031pF, total=0.031pF
          wire lengths     : top=0.000um, trunk=0.000um, leaf=327.915um, total=327.915um
          hp wire lengths  : top=0.000um, trunk=0.000um, leaf=0.000um, total=0.000um
        Clock DAG net violations eGRPC initial state: none
        Clock DAG primary half-corner transition distribution eGRPC initial state:
          Leaf : target=0.065ns count=1 avg=0.004ns sd=0.000ns min=0.004ns max=0.004ns {1 <= 0.039ns, 0 <= 0.052ns, 0 <= 0.058ns, 0 <= 0.061ns, 0 <= 0.065ns}
        Primary reporting skew groups eGRPC initial state:
          skew_group clk/CONSTRAINTS: insertion delay [min=0.001, max=0.059, avg=0.002, sd=0.007, skn=7.408, kur=56.875], skew [0.059 vs 0.072], 100% {0.001, 0.059} (wid=0.001 ws=0.001) (gid=0.000 gs=0.000)
        Skew group summary eGRPC initial state:
          skew_group clk/CONSTRAINTS: insertion delay [min=0.001, max=0.059, avg=0.002, sd=0.007, skn=7.408, kur=56.875], skew [0.059 vs 0.072], 100% {0.001, 0.059} (wid=0.001 ws=0.001) (gid=0.000 gs=0.000)
        eGRPC Moving buffers...
          Violation analysis...
          Violation analysis done. (took cpu=0:00:00.0 real=0:00:00.0)
          Clock DAG stats after 'eGRPC Moving buffers':
            cell counts      : b=0, i=0, icg=0, dcg=0, l=0, total=0
            sink counts      : regular=91, enable_latch=0, load_capacitance=0, antenna=0, node_sink=0, total=91
            misc counts      : r=1, pp=0, mci=0
            cell areas       : b=0.000um^2, i=0.000um^2, icg=0.000um^2, dcg=0.000um^2, l=0.000um^2, total=0.000um^2
            cell capacitance : b=0.000pF, i=0.000pF, icg=0.000pF, dcg=0.000pF, l=0.000pF, total=0.000pF
            sink capacitance : total=0.019pF, avg=0.000pF, sd=0.000pF, min=0.000pF, max=0.000pF
            wire capacitance : top=0.000pF, trunk=0.000pF, leaf=0.031pF, total=0.031pF
            wire lengths     : top=0.000um, trunk=0.000um, leaf=327.915um, total=327.915um
            hp wire lengths  : top=0.000um, trunk=0.000um, leaf=0.000um, total=0.000um
          Clock DAG net violations after 'eGRPC Moving buffers': none
          Clock DAG primary half-corner transition distribution after 'eGRPC Moving buffers':
            Leaf : target=0.065ns count=1 avg=0.004ns sd=0.000ns min=0.004ns max=0.004ns {1 <= 0.039ns, 0 <= 0.052ns, 0 <= 0.058ns, 0 <= 0.061ns, 0 <= 0.065ns}
          Primary reporting skew groups after 'eGRPC Moving buffers':
            skew_group clk/CONSTRAINTS: insertion delay [min=0.001, max=0.059], skew [0.059 vs 0.072]
          Skew group summary after 'eGRPC Moving buffers':
            skew_group clk/CONSTRAINTS: insertion delay [min=0.001, max=0.059], skew [0.059 vs 0.072]
          Legalizer API calls during this step: 0 succeeded with high effort: 0 succeeded with medium effort: 0 succeeded with low effort: 0 succeeded with basic effort: 0 succeeded with basic unbounded effort: 0
        eGRPC Moving buffers done. (took cpu=0:00:00.0 real=0:00:00.0)
        eGRPC Initial Pass of Downsizing Clock Tree cells...
          Modifying slew-target multiplier from 1 to 0.9
          Artificially removing short and long paths...
            Legalizer API calls during this step: 0 succeeded with high effort: 0 succeeded with medium effort: 0 succeeded with low effort: 0 succeeded with basic effort: 0 succeeded with basic unbounded effort: 0
          Artificially removing short and long paths done. (took cpu=0:00:00.0 real=0:00:00.0)
          Downsizing prefiltering...
          Downsizing prefiltering done.
          Prefiltering Summary : numPassedPreFiltering = 0, numSkippedDueToCloseToSlewTarget = 0, numSkippedDueToCloseToSkewTarget = 1
          Downsizing Pass 0...
          Resizing gates: ...20% ...40% ...60% ...80% ...100% 
          Downsizing Pass 0 done. (took cpu=0:00:00.0 real=0:00:00.0)
          Downsizing Pass Summary 0, attempted = 0, resized = 0, running total = 0
          DoDownSizing Summary : numSized = 0
          Reverting slew-target multiplier from 0.9 to 1
          Clock DAG stats after 'eGRPC Initial Pass of Downsizing Clock Tree cells':
            cell counts      : b=0, i=0, icg=0, dcg=0, l=0, total=0
            sink counts      : regular=91, enable_latch=0, load_capacitance=0, antenna=0, node_sink=0, total=91
            misc counts      : r=1, pp=0, mci=0
            cell areas       : b=0.000um^2, i=0.000um^2, icg=0.000um^2, dcg=0.000um^2, l=0.000um^2, total=0.000um^2
            cell capacitance : b=0.000pF, i=0.000pF, icg=0.000pF, dcg=0.000pF, l=0.000pF, total=0.000pF
            sink capacitance : total=0.019pF, avg=0.000pF, sd=0.000pF, min=0.000pF, max=0.000pF
            wire capacitance : top=0.000pF, trunk=0.000pF, leaf=0.031pF, total=0.031pF
            wire lengths     : top=0.000um, trunk=0.000um, leaf=327.915um, total=327.915um
            hp wire lengths  : top=0.000um, trunk=0.000um, leaf=0.000um, total=0.000um
          Clock DAG net violations after 'eGRPC Initial Pass of Downsizing Clock Tree cells': none
          Clock DAG primary half-corner transition distribution after 'eGRPC Initial Pass of Downsizing Clock Tree cells':
            Leaf : target=0.065ns count=1 avg=0.004ns sd=0.000ns min=0.004ns max=0.004ns {1 <= 0.039ns, 0 <= 0.052ns, 0 <= 0.058ns, 0 <= 0.061ns, 0 <= 0.065ns}
          Primary reporting skew groups after 'eGRPC Initial Pass of Downsizing Clock Tree cells':
            skew_group clk/CONSTRAINTS: insertion delay [min=0.001, max=0.059], skew [0.059 vs 0.072]
          Skew group summary after 'eGRPC Initial Pass of Downsizing Clock Tree cells':
            skew_group clk/CONSTRAINTS: insertion delay [min=0.001, max=0.059], skew [0.059 vs 0.072]
          Legalizer API calls during this step: 0 succeeded with high effort: 0 succeeded with medium effort: 0 succeeded with low effort: 0 succeeded with basic effort: 0 succeeded with basic unbounded effort: 0
        eGRPC Initial Pass of Downsizing Clock Tree cells done. (took cpu=0:00:00.0 real=0:00:00.0)
        eGRPC Fixing DRVs...
          Fixing clock tree DRVs: ...20% ...40% ...60% ...80% ...100% 
          CCOpt-eGRPC: considered: 1, tested: 1, violation detected: 0, violation ignored (due to small violation): 0, cannot run: 0, attempted: 0, unsuccessful: 0, sized: 0
          
          Statistics: Fix DRVs (cell sizing):
          ===================================
          
          Cell changes by Net Type:
          
          -------------------------------------------------------------------------------------------------
          Net Type    Attempted    Upsized     Downsized    Swapped Same Size    Total Changed    Not Sized
          -------------------------------------------------------------------------------------------------
          top                0            0           0            0                    0                0
          trunk              0            0           0            0                    0                0
          leaf               0            0           0            0                    0                0
          -------------------------------------------------------------------------------------------------
          Total              0            0           0            0                    0                0
          -------------------------------------------------------------------------------------------------
          
          Upsized: 0, Downsized: 0, Sized but same area: 0, Unchanged: 0, Area change: 0.000um^2
          Max. move: 0.000um, Min. move: 0.000um, Avg. move: N/A
          
          Clock DAG stats after 'eGRPC Fixing DRVs':
            cell counts      : b=0, i=0, icg=0, dcg=0, l=0, total=0
            sink counts      : regular=91, enable_latch=0, load_capacitance=0, antenna=0, node_sink=0, total=91
            misc counts      : r=1, pp=0, mci=0
            cell areas       : b=0.000um^2, i=0.000um^2, icg=0.000um^2, dcg=0.000um^2, l=0.000um^2, total=0.000um^2
            cell capacitance : b=0.000pF, i=0.000pF, icg=0.000pF, dcg=0.000pF, l=0.000pF, total=0.000pF
            sink capacitance : total=0.019pF, avg=0.000pF, sd=0.000pF, min=0.000pF, max=0.000pF
            wire capacitance : top=0.000pF, trunk=0.000pF, leaf=0.031pF, total=0.031pF
            wire lengths     : top=0.000um, trunk=0.000um, leaf=327.915um, total=327.915um
            hp wire lengths  : top=0.000um, trunk=0.000um, leaf=0.000um, total=0.000um
          Clock DAG net violations after 'eGRPC Fixing DRVs': none
          Clock DAG primary half-corner transition distribution after 'eGRPC Fixing DRVs':
            Leaf : target=0.065ns count=1 avg=0.004ns sd=0.000ns min=0.004ns max=0.004ns {1 <= 0.039ns, 0 <= 0.052ns, 0 <= 0.058ns, 0 <= 0.061ns, 0 <= 0.065ns}
          Primary reporting skew groups after 'eGRPC Fixing DRVs':
            skew_group clk/CONSTRAINTS: insertion delay [min=0.001, max=0.059], skew [0.059 vs 0.072]
          Skew group summary after 'eGRPC Fixing DRVs':
            skew_group clk/CONSTRAINTS: insertion delay [min=0.001, max=0.059], skew [0.059 vs 0.072]
          Legalizer API calls during this step: 0 succeeded with high effort: 0 succeeded with medium effort: 0 succeeded with low effort: 0 succeeded with basic effort: 0 succeeded with basic unbounded effort: 0
        eGRPC Fixing DRVs done. (took cpu=0:00:00.0 real=0:00:00.0)
        Reconnecting optimized routes...
        Reset timing graph...
Ignoring AAE DB Resetting ...
        Reset timing graph done.
        Reconnecting optimized routes done. (took cpu=0:00:00.0 real=0:00:00.0)
        Violation analysis...
        Violation analysis done. (took cpu=0:00:00.0 real=0:00:00.0)
        Reset timing graph...
Ignoring AAE DB Resetting ...
        Reset timing graph done.
        Clock DAG stats before routing clock trees:
          cell counts      : b=0, i=0, icg=0, dcg=0, l=0, total=0
          sink counts      : regular=91, enable_latch=0, load_capacitance=0, antenna=0, node_sink=0, total=91
          misc counts      : r=1, pp=0, mci=0
          cell areas       : b=0.000um^2, i=0.000um^2, icg=0.000um^2, dcg=0.000um^2, l=0.000um^2, total=0.000um^2
          cell capacitance : b=0.000pF, i=0.000pF, icg=0.000pF, dcg=0.000pF, l=0.000pF, total=0.000pF
          sink capacitance : total=0.019pF, avg=0.000pF, sd=0.000pF, min=0.000pF, max=0.000pF
          wire capacitance : top=0.000pF, trunk=0.000pF, leaf=0.031pF, total=0.031pF
          wire lengths     : top=0.000um, trunk=0.000um, leaf=327.915um, total=327.915um
          hp wire lengths  : top=0.000um, trunk=0.000um, leaf=0.000um, total=0.000um
        Clock DAG net violations before routing clock trees: none
        Clock DAG primary half-corner transition distribution before routing clock trees:
          Leaf : target=0.065ns count=1 avg=0.004ns sd=0.000ns min=0.004ns max=0.004ns {1 <= 0.039ns, 0 <= 0.052ns, 0 <= 0.058ns, 0 <= 0.061ns, 0 <= 0.065ns}
        Primary reporting skew groups before routing clock trees:
          skew_group clk/CONSTRAINTS: insertion delay [min=0.001, max=0.059, avg=0.002, sd=0.007, skn=7.408, kur=56.875], skew [0.059 vs 0.072], 100% {0.001, 0.059} (wid=0.001 ws=0.001) (gid=0.000 gs=0.000)
        Skew group summary before routing clock trees:
          skew_group clk/CONSTRAINTS: insertion delay [min=0.001, max=0.059, avg=0.002, sd=0.007, skn=7.408, kur=56.875], skew [0.059 vs 0.072], 100% {0.001, 0.059} (wid=0.001 ws=0.001) (gid=0.000 gs=0.000)
        Legalizer API calls during this step: 0 succeeded with high effort: 0 succeeded with medium effort: 0 succeeded with low effort: 0 succeeded with basic effort: 0 succeeded with basic unbounded effort: 0
      eGRPC done.
    Calling post conditioning for eGRPC done.
  eGR Post Conditioning done.
  Refine place not called during Post Conditioning. Calling it now the eGR->PC Loop is complete.
  Leaving CCOpt scope - Cleaning up placement interface...
  Leaving CCOpt scope - Cleaning up placement interface done. (took cpu=0:00:00.0 real=0:00:00.0)
**WARN: (IMPSP-105):	'setPlaceMode -maxRouteLayer' will become obsolete from next release. Use 'setRouteMode -earlyGlobalMaxRouteLayer N' to set maximum routing layer.Type 'man IMPSP-105' for more detail.
  Leaving CCOpt scope - ClockRefiner...
  Soft fixed 0 clock instances.
  Performing Single Pass Refine Place.
*** Starting refinePlace (0:04:04 mem=7939.3M) ***
Total net bbox length = 5.703e+03 (2.909e+03 2.794e+03) (ext = 2.189e+03)
Max route layer is changed from 127 to 11 because there is no routing track above this layer
Max route layer is changed from 127 to 11 because there is no routing track above this layer
Max route layer is changed from 127 to 11 because there is no routing track above this layer
Max route layer is changed from 127 to 11 because there is no routing track above this layer
Move report: Detail placement moves 0 insts, mean move: 0.00 um, max move: 0.00 um 
	Runtime: CPU: 0:00:00.0 REAL: 0:00:00.0 MEM: 7907.3MB
Summary Report:
Instances move: 0 (out of 463 movable)
Instances flipped: 0
Mean displacement: 0.00 um
Max displacement: 0.00 um 
Physical-only instances move: 0 (out of 0 movable physical-only)
Total net bbox length = 5.703e+03 (2.909e+03 2.794e+03) (ext = 2.189e+03)
Runtime: CPU: 0:00:00.0 REAL: 0:00:00.0 MEM: 7907.3MB
*** Finished refinePlace (0:04:04 mem=7907.3M) ***
  ClockRefiner summary
  All clock instances: Moved 0, flipped 0 and cell swapped 0 (out of a total of 91).
  Restoring pStatusCts on 0 clock instances.
  Leaving CCOpt scope - ClockRefiner done. (took cpu=0:00:00.0 real=0:00:00.0)
  CCOpt::Phase::eGRPC done. (took cpu=0:00:00.2 real=0:00:00.2)
  CCOpt::Phase::Routing...
  Clock implementation routing...
    Leaving CCOpt scope - Routing Tools...
Net route status summary:
  Clock:         1 (unrouted=0, trialRouted=0, noStatus=0, routed=1, fixed=0, [crossesIlmBoundary=0, tooFewTerms=0, (crossesIlmBoundary AND tooFewTerms=0)])
  Non-clock:   605 (unrouted=46, trialRouted=559, noStatus=0, routed=0, fixed=0, [crossesIlmBoundary=0, tooFewTerms=46, (crossesIlmBoundary AND tooFewTerms=0)])
    Routing using eGR in eGR->NR Step...
      Early Global Route - eGR->Nr High Frequency step...
(ccopt eGR): There are 1 nets to be routed. 0 nets have skip routing designation.
(ccopt eGR): There are 1 nets for routing of which 1 have one or more fixed wires.
(ccopt eGR): Start to route 1 all nets
[PSP]    Started Early Global Route ( Curr Mem: 7.60 MB )
Max route layer is changed from 127 to 11 because there is no routing track above this layer
Max route layer is changed from 127 to 11 because there is no routing track above this layer
[PSP]    Started Early Global Route kernel ( Curr Mem: 7.60 MB )
[NR-eGR] Early global route reroute 1 out of 560 routable nets
[NR-eGR] Track table information for default rule: 
[NR-eGR] Metal1 has single uniform track structure
[NR-eGR] Metal2 has single uniform track structure
[NR-eGR] Metal3 has single uniform track structure
[NR-eGR] Metal4 has single uniform track structure
[NR-eGR] Metal5 has single uniform track structure
[NR-eGR] Metal6 has single uniform track structure
[NR-eGR] Metal7 has single uniform track structure
[NR-eGR] Metal8 has single uniform track structure
[NR-eGR] Metal9 has single uniform track structure
[NR-eGR] Metal10 has single uniform track structure
[NR-eGR] Metal11 has single uniform track structure
[NR-eGR] Read 1400 PG shapes
[NR-eGR] Read 0 clock shapes
[NR-eGR] Read 0 other shapes
[NR-eGR] #Routing Blockages  : 0
[NR-eGR] #Instance Blockages : 0
[NR-eGR] #PG Blockages       : 1400
[NR-eGR] #Halo Blockages     : 0
[NR-eGR] #Boundary Blockages : 0
[NR-eGR] #Clock Blockages    : 0
[NR-eGR] #Other Blockages    : 0
[NR-eGR] #prerouted nets         : 0
[NR-eGR] #prerouted special nets : 0
[NR-eGR] #prerouted wires        : 0
[NR-eGR] Read 560 nets ( ignored 559 )
[NR-eGR] Connected 0 must-join pins/ports (pre-process)
[NR-eGR] #via pillars        : 0
[NR-eGR] #must join all port : 0
[NR-eGR] #multiple ports     : 0
[NR-eGR] #has must join      : 0
[NR-eGR] There are 1 clock nets ( 1 with NDR ).
[NR-eGR] ============ Routing rule table ============
[NR-eGR] Rule id: 1  Nets: 1
[NR-eGR] ========================================
[NR-eGR] 
[NR-eGR] Layer group 1: route 1 net(s) in layer range [3, 4]
[NR-eGR] Early Global Route overflow of layer group 1: 0.00% H + 0.00% V. EstWL: 3.009600e+02um
[NR-eGR] Congestion Analysis By layer: (blocked Gcells are excluded) 
[NR-eGR]                        OverCon            
[NR-eGR]                         #Gcell     %Gcell
[NR-eGR]        Layer             (1-0)    OverCon
[NR-eGR] ----------------------------------------------
[NR-eGR]  Metal1 ( 1)         0( 0.00%)   ( 0.00%) 
[NR-eGR]  Metal2 ( 2)         0( 0.00%)   ( 0.00%) 
[NR-eGR]  Metal3 ( 3)         0( 0.00%)   ( 0.00%) 
[NR-eGR]  Metal4 ( 4)         0( 0.00%)   ( 0.00%) 
[NR-eGR]  Metal5 ( 5)         0( 0.00%)   ( 0.00%) 
[NR-eGR]  Metal6 ( 6)         0( 0.00%)   ( 0.00%) 
[NR-eGR]  Metal7 ( 7)         0( 0.00%)   ( 0.00%) 
[NR-eGR]  Metal8 ( 8)         0( 0.00%)   ( 0.00%) 
[NR-eGR]  Metal9 ( 9)         0( 0.00%)   ( 0.00%) 
[NR-eGR] Metal10 (10)         0( 0.00%)   ( 0.00%) 
[NR-eGR] Metal11 (11)         0( 0.00%)   ( 0.00%) 
[NR-eGR] ----------------------------------------------
[NR-eGR]        Total         0( 0.00%)   ( 0.00%) 
[NR-eGR] 
[NR-eGR] Overflow after Early Global Route 0.00% H + 0.00% V
[NR-eGR] Connected 0 must-join pins/ports (post-process)
[NR-eGR] Total eGR-routed clock nets wire length: 328um, number of vias: 227
[NR-eGR] --------------------------------------------------------------------------
[NR-eGR] Report for selected net(s) only.
[NR-eGR]                  Length (um)  Vias 
[NR-eGR] -----------------------------------
[NR-eGR]  Metal1   (1H)             0    91 
[NR-eGR]  Metal2   (2V)           105   103 
[NR-eGR]  Metal3   (3H)           145    33 
[NR-eGR]  Metal4   (4V)            78     0 
[NR-eGR]  Metal5   (5H)             0     0 
[NR-eGR]  Metal6   (6V)             0     0 
[NR-eGR]  Metal7   (7H)             0     0 
[NR-eGR]  Metal8   (8V)             0     0 
[NR-eGR]  Metal9   (9H)             0     0 
[NR-eGR]  Metal10  (10V)            0     0 
[NR-eGR]  Metal11  (11H)            0     0 
[NR-eGR] -----------------------------------
[NR-eGR]           Total          328   227 
[NR-eGR] --------------------------------------------------------------------------
[NR-eGR] Total half perimeter of net bounding box: 94um
[NR-eGR] Total length: 328um, number of vias: 227
[NR-eGR] --------------------------------------------------------------------------
[NR-eGR] Total routed clock nets wire length: 328um, number of vias: 227
[NR-eGR] --------------------------------------------------------------------------
[NR-eGR]                  Length (um)  Vias 
[NR-eGR] -----------------------------------
[NR-eGR]  Metal1   (1H)             0  1808 
[NR-eGR]  Metal2   (2V)          3000  2601 
[NR-eGR]  Metal3   (3H)          3240   157 
[NR-eGR]  Metal4   (4V)           528    21 
[NR-eGR]  Metal5   (5H)           118     0 
[NR-eGR]  Metal6   (6V)             0     0 
[NR-eGR]  Metal7   (7H)             0     0 
[NR-eGR]  Metal8   (8V)             0     0 
[NR-eGR]  Metal9   (9H)             0     0 
[NR-eGR]  Metal10  (10V)            0     0 
[NR-eGR]  Metal11  (11H)            0     0 
[NR-eGR] -----------------------------------
[NR-eGR]           Total         6887  4587 
[NR-eGR] --------------------------------------------------------------------------
[NR-eGR] Total half perimeter of net bounding box: 5703um
[NR-eGR] Total length: 6887um, number of vias: 4587
[NR-eGR] --------------------------------------------------------------------------
[NR-eGR] Finished Early Global Route kernel ( CPU: 0.04 sec, Real: 0.04 sec, Curr Mem: 7.63 MB )
[NR-eGR] Finished Early Global Route ( CPU: 0.05 sec, Real: 0.04 sec, Curr Mem: 7.63 MB )
      Early Global Route - eGR->Nr High Frequency step done. (took cpu=0:00:00.1 real=0:00:00.1)
    Routing using eGR in eGR->NR Step done.
    Routing using NR in eGR->NR Step...

CCOPT: Preparing to route 1 clock nets with NanoRoute.
  All net are default rule.
  Preferred NanoRoute mode settings: Current
#WARNING (NRIF-82) When route_detail_post_route_swap_via is set to 'false', the post route via swapping step will be performed on nets with attribute -multi_cut_via_effort, and to double cut vias.
-route_detail_auto_stop true
-route_detail_fix_antenna true
-route_detail_on_grid_only none
-route_detail_post_route_spread_wire auto
-route_detail_post_route_swap_via false
-route_detail_use_multi_cut_via_effort low
-route_ignore_antenna_top_cell_pin true
#WARNING (NRIF-67) In option 'OnGridOnly 0', 0 is an unknown type. It will be ignored.
#WARNING (NRIF-68) Option 'OnGridOnly 0' did not specify a correct type. It will be ignored.
      Clock detailed routing...
        NanoRoute...
#% Begin globalDetailRoute (date=09/27 22:27:36, mem=3235.0M)

globalDetailRoute

#Start globalDetailRoute on Sat Sep 27 22:27:36 2025
#
#import 0 vias (num_signal=0 num_non_signal=0 num_extra_signal=0)
#WARNING (NRIF-95) Option setNanoRouteMode -routeTopRoutingLayer has invalid value "0". Reset to max routing layer "11".
#NanoRoute Version 23.31-s109_1 NR240401-0735/23_11-UB
#WARNING (NRIF-95) Option setNanoRouteMode -routeTopRoutingLayer has invalid value "0". Reset to max routing layer "11".
#WARNING (NRIF-95) Option setNanoRouteMode -routeTopRoutingLayer has invalid value "0". Reset to max routing layer "11".
#WARNING (NRIF-79) Wrong option value for drouteUseMultiCutViaEffort <>, reset to default.
#WARNING (NRIF-67) In option 'OnGridOnly 0', 0 is an unknown type. It will be ignored.
#WARNING (NRIF-68) Option 'OnGridOnly 0' did not specify a correct type. It will be ignored.
#WARNING (NRDR-157) In option 'PostRouteSwapVia ',  is invalid and will be ignored.
#
#Wire/Via statistics before line assignment ...
#Total number of nets with non-default rule or having extra spacing = 1
#
#  Routing Statistics
#
#----------------+-----------+-----+
#  Layer         | Length(um)| Vias|
#----------------+-----------+-----+
#  Poly ( 0H)    |          0|    0|
#  Metal1 ( 1H)  |          0|   91|
#  Metal2 ( 2V)  |        105|  103|
#  Metal3 ( 3H)  |        145|   33|
#  Metal4 ( 4V)  |         78|    0|
#  Metal5 ( 5H)  |          0|    0|
#  Metal6 ( 6V)  |          0|    0|
#  Metal7 ( 7H)  |          0|    0|
#  Metal8 ( 8V)  |          0|    0|
#  Metal9 ( 9H)  |          0|    0|
#  Metal10 (10V) |          0|    0|
#  Metal11 (11H) |          0|    0|
#----------------+-----------+-----+
#  Total         |        328|  227|
#----------------+-----------+-----+
#
# Total half perimeter of net bounding box: 96 um.
#WARNING (NRIF-95) Option setNanoRouteMode -routeTopRoutingLayer has invalid value "0". Reset to max routing layer "11".
#WARNING (NRIF-79) Wrong option value for drouteUseMultiCutViaEffort <>, reset to default.
#WARNING (NRIF-67) In option 'OnGridOnly 0', 0 is an unknown type. It will be ignored.
#WARNING (NRIF-68) Option 'OnGridOnly 0' did not specify a correct type. It will be ignored.
#WARNING (NRDR-157) In option 'PostRouteSwapVia ',  is invalid and will be ignored.
#Start routing data preparation on Sat Sep 27 22:27:37 2025
#
#WARNING (NRIF-95) Option setNanoRouteMode -routeTopRoutingLayer has invalid value "0". Reset to max routing layer "11".
#WARNING (NRIF-79) Wrong option value for drouteUseMultiCutViaEffort <>, reset to default.
#WARNING (NRIF-67) In option 'OnGridOnly 0', 0 is an unknown type. It will be ignored.
#WARNING (NRIF-68) Option 'OnGridOnly 0' did not specify a correct type. It will be ignored.
#WARNING (NRDR-157) In option 'PostRouteSwapVia ',  is invalid and will be ignored.
#WARNING (NRIF-95) Option setNanoRouteMode -routeTopRoutingLayer has invalid value "0". Reset to max routing layer "11".
#Initial pin access analysis.
#Detail pin access analysis.
# Metal1       H   Track-Pitch = 0.19000    Line-2-Via Pitch = 0.13000
# Metal2       V   Track-Pitch = 0.20000    Line-2-Via Pitch = 0.15000
# Metal3       H   Track-Pitch = 0.19000    Line-2-Via Pitch = 0.15000
# Metal4       V   Track-Pitch = 0.20000    Line-2-Via Pitch = 0.15000
# Metal5       H   Track-Pitch = 0.19000    Line-2-Via Pitch = 0.15000
# Metal6       V   Track-Pitch = 0.20000    Line-2-Via Pitch = 0.15000
# Metal7       H   Track-Pitch = 0.19000    Line-2-Via Pitch = 0.15000
# Metal8       V   Track-Pitch = 0.20000    Line-2-Via Pitch = 0.15000
# Metal9       H   Track-Pitch = 0.19000    Line-2-Via Pitch = 0.15000
# Metal10      V   Track-Pitch = 0.50000    Line-2-Via Pitch = 0.42000
# Metal11      H   Track-Pitch = 0.47500    Line-2-Via Pitch = 0.43000
#Bottom routing layer index=1(Metal1), bottom routing layer for shielding=1(Metal1), bottom shield layer=1(Metal1)
#shield_bottom_stripe_layer=1(Metal1), shield_top_stripe_layer=11(Metal11)
#pin_access_rlayer=2(Metal2)
#shield_top_dpt_rlayer=-1 top_rlayer=11 top_trim_metal_rlayer=-1 rlayer_lowest=1 bottom_rlayer=1
#enable_trim_layer_shield=F enable_dpt_layer_shield=F has_line_end_grid=F
#enable_dpt_layer_shield=F
#has_line_end_grid=F
#cpu time = 00:00:00, elapsed time = 00:00:00, memory = 3253.78 (MB), peak = 3624.45 (MB)
#Regenerating Ggrids automatically.
#Auto generating G-grids with size=15 tracks, using layer Metal3's pitch = 0.19000.
#Using automatically generated G-grids.
#Done routing data preparation.
#cpu time = 00:00:02, elapsed time = 00:00:01, memory = 3260.61 (MB), peak = 3624.45 (MB)
#WARNING (NRIF-95) Option setNanoRouteMode -routeTopRoutingLayer has invalid value "0". Reset to max routing layer "11".
#WARNING (NRIF-79) Wrong option value for drouteUseMultiCutViaEffort <>, reset to default.
#WARNING (NRIF-67) In option 'OnGridOnly 0', 0 is an unknown type. It will be ignored.
#WARNING (NRIF-68) Option 'OnGridOnly 0' did not specify a correct type. It will be ignored.
#WARNING (NRDR-157) In option 'PostRouteSwapVia ',  is invalid and will be ignored.
Updating RC Grid density data for preRoute extraction ...
Initializing multi-corner resistance tables ...
#
#Distribution of nets:
#  
# #pin range           #net       % 
#------------------------------------
#          2             372 ( 61.4%)
#          3              50 (  8.3%)
#          4              75 ( 12.4%)
#          5              23 (  3.8%)
#          6              15 (  2.5%)
#          7               8 (  1.3%)
#          8               7 (  1.2%)
#          9               1 (  0.2%)
#  10  -  19               1 (  0.2%)
#  20  -  29               3 (  0.5%)
#  30  -  39               1 (  0.2%)
#  40  -  49               1 (  0.2%)
#  50  -  59               1 (  0.2%)
#  70  -  79               1 (  0.2%)
#  90  -  99               1 (  0.2%)
#     >=2000               0 (  0.0%)
#
#Total: 606 nets, 560 non-trivial nets
#                                    #net       % 
#-------------------------------------------------
#  Fully global routed                  1 ( 0.2%)
#  Clock                                1
#  Extra space                          1
#  Prefer layer range                   1
#
#Nets in 1 layer range:
#  Bottom Pref.Layer    Top Pref.Layer       #net       % 
#---------------------------------------------------------
#             Metal3           Metal4           1 (  0.2%)
#
#1 net selected.
#
#
#..
#
#Iteration 1.1: cpu:00:00:00, real:00:00:00, mem:3.2 GB, peak:3.5 GB --0.94 [8]--
#Iteration 2.1: cpu:00:00:00, real:00:00:00, mem:3.2 GB, peak:3.5 GB --0.92 [8]--
#Iteration 3.1: cpu:00:00:00, real:00:00:00, mem:3.2 GB, peak:3.5 GB --0.89 [8]--
#
#Line Assignment statistics:
#Cpu time = 00:00:00
#Elapsed time = 00:00:00
#Increased memory = 1.39 (MB)
#Total memory = 3277.31 (MB)
#Peak memory = 3624.45 (MB)
#End Line Assignment: cpu:00:00:00, real:00:00:00, mem:3.2 GB, peak:3.5 GB --0.90 [8]--
#
#Wire/Via statistics after line assignment ...
#Total number of nets with non-default rule or having extra spacing = 1
#
#  Routing Statistics
#
#----------------+-----------+-----+
#  Layer         | Length(um)| Vias|
#----------------+-----------+-----+
#  Poly ( 0H)    |          0|    0|
#  Metal1 ( 1H)  |          0|   91|
#  Metal2 ( 2V)  |        105|   95|
#  Metal3 ( 3H)  |        142|   30|
#  Metal4 ( 4V)  |         79|    0|
#  Metal5 ( 5H)  |          0|    0|
#  Metal6 ( 6V)  |          0|    0|
#  Metal7 ( 7H)  |          0|    0|
#  Metal8 ( 8V)  |          0|    0|
#  Metal9 ( 9H)  |          0|    0|
#  Metal10 (10V) |          0|    0|
#  Metal11 (11H) |          0|    0|
#----------------+-----------+-----+
#  Total         |        327|  216|
#----------------+-----------+-----+
#
# Total half perimeter of net bounding box: 96 um.
#Routing data preparation, pin analysis, line assignment statistics:
#Cpu time = 00:00:02
#Elapsed time = 00:00:01
#Increased memory = 23.12 (MB)
#Total memory = 3266.09 (MB)
#Peak memory = 3624.45 (MB)
#WARNING (NRIF-95) Option setNanoRouteMode -routeTopRoutingLayer has invalid value "0". Reset to max routing layer "11".
#WARNING (NRIF-79) Wrong option value for drouteUseMultiCutViaEffort <>, reset to default.
#WARNING (NRIF-67) In option 'OnGridOnly 0', 0 is an unknown type. It will be ignored.
#WARNING (NRIF-68) Option 'OnGridOnly 0' did not specify a correct type. It will be ignored.
#WARNING (NRDR-157) In option 'PostRouteSwapVia ',  is invalid and will be ignored.
#Skip comparing routing design signature in db-snapshot flow
#WARNING (NRIF-95) Option setNanoRouteMode -routeTopRoutingLayer has invalid value "0". Reset to max routing layer "11".
#WARNING (NRIF-79) Wrong option value for drouteUseMultiCutViaEffort <>, reset to default.
#WARNING (NRIF-67) In option 'OnGridOnly 0', 0 is an unknown type. It will be ignored.
#WARNING (NRIF-68) Option 'OnGridOnly 0' did not specify a correct type. It will be ignored.
#WARNING (NRDR-157) In option 'PostRouteSwapVia ',  is invalid and will be ignored.
#WARNING (NRIF-95) Option setNanoRouteMode -routeTopRoutingLayer has invalid value "0". Reset to max routing layer "11".
#Using multithreading with 8 threads.
#WARNING (NRIF-95) Option setNanoRouteMode -routeTopRoutingLayer has invalid value "0". Reset to max routing layer "11".
#WARNING (NRIF-79) Wrong option value for drouteUseMultiCutViaEffort <>, reset to default.
#WARNING (NRIF-67) In option 'OnGridOnly 0', 0 is an unknown type. It will be ignored.
#WARNING (NRIF-68) Option 'OnGridOnly 0' did not specify a correct type. It will be ignored.
#WARNING (NRDR-157) In option 'PostRouteSwapVia ',  is invalid and will be ignored.
#WARNING (NRIF-95) Option setNanoRouteMode -routeTopRoutingLayer has invalid value "0". Reset to max routing layer "11".
#WARNING (NRIF-79) Wrong option value for drouteUseMultiCutViaEffort <>, reset to default.
#WARNING (NRIF-67) In option 'OnGridOnly 0', 0 is an unknown type. It will be ignored.
#WARNING (NRIF-68) Option 'OnGridOnly 0' did not specify a correct type. It will be ignored.
#WARNING (NRDR-157) In option 'PostRouteSwapVia ',  is invalid and will be ignored.
#WARNING (NRIF-95) Option setNanoRouteMode -routeTopRoutingLayer has invalid value "0". Reset to max routing layer "11".
#WARNING (NRIF-79) Wrong option value for drouteUseMultiCutViaEffort <>, reset to default.
#WARNING (NRIF-67) In option 'OnGridOnly 0', 0 is an unknown type. It will be ignored.
#WARNING (NRIF-68) Option 'OnGridOnly 0' did not specify a correct type. It will be ignored.
#WARNING (NRDR-157) In option 'PostRouteSwapVia ',  is invalid and will be ignored.
#WARNING (NRIF-95) Option setNanoRouteMode -routeTopRoutingLayer has invalid value "0". Reset to max routing layer "11".
#WARNING (NRIF-79) Wrong option value for drouteUseMultiCutViaEffort <>, reset to default.
#WARNING (NRIF-67) In option 'OnGridOnly 0', 0 is an unknown type. It will be ignored.
#WARNING (NRIF-68) Option 'OnGridOnly 0' did not specify a correct type. It will be ignored.
#WARNING (NRDR-157) In option 'PostRouteSwapVia ',  is invalid and will be ignored.
#
#Start Detail Routing..
#start initial detail routing ...
#   number of violations = 0
#cpu time = 00:00:00, elapsed time = 00:00:00, memory = 3293.83 (MB), peak = 3624.45 (MB)
#Complete Detail Routing.
#Total number of nets with non-default rule or having extra spacing = 1
#
#  Routing Statistics
#
#----------------+-----------+-----+
#  Layer         | Length(um)| Vias|
#----------------+-----------+-----+
#  Poly ( 0H)    |          0|    0|
#  Metal1 ( 1H)  |          0|   91|
#  Metal2 ( 2V)  |         52|   85|
#  Metal3 ( 3H)  |        171|   62|
#  Metal4 ( 4V)  |        123|    0|
#  Metal5 ( 5H)  |          0|    0|
#  Metal6 ( 6V)  |          0|    0|
#  Metal7 ( 7H)  |          0|    0|
#  Metal8 ( 8V)  |          0|    0|
#  Metal9 ( 9H)  |          0|    0|
#  Metal10 (10V) |          0|    0|
#  Metal11 (11H) |          0|    0|
#----------------+-----------+-----+
#  Total         |        347|  238|
#----------------+-----------+-----+
#
# Total half perimeter of net bounding box: 96 um.
#Total number of DRC violations = 0
#Cpu time = 00:00:00
#Elapsed time = 00:00:00
#Increased memory = 17.77 (MB)
#Total memory = 3283.86 (MB)
#Peak memory = 3624.45 (MB)
#detailRoute Statistics:
#Cpu time = 00:00:00
#Elapsed time = 00:00:00
#Increased memory = 17.77 (MB)
#Total memory = 3283.86 (MB)
#Peak memory = 3624.45 (MB)
#
#globalDetailRoute statistics:
#Cpu time = 00:00:02
#Elapsed time = 00:00:01
#Increased memory = 54.67 (MB)
#Total memory = 3289.71 (MB)
#Peak memory = 3624.45 (MB)
#Number of warnings = 54
#Total number of warnings = 69
#Number of fails = 0
#Total number of fails = 0
#Complete globalDetailRoute on Sat Sep 27 22:27:38 2025
#
#
#  Scalability Statistics
#
#-------------------------+---------+-------------+------------+
#  globalDetailRoute      | cpu time| elapsed time| scalability|
#-------------------------+---------+-------------+------------+
#  Pre Callback           | 00:00:00|     00:00:00|         1.0|
#  Post Callback          | 00:00:00|     00:00:00|         1.0|
#  Timing Data Generation | 00:00:00|     00:00:00|         1.0|
#  DB Import              | 00:00:00|     00:00:00|         1.0|
#  DB Export              | 00:00:00|     00:00:00|         1.0|
#  Cell Pin Access        | 00:00:01|     00:00:00|         1.0|
#  Data Preparation       | 00:00:01|     00:00:01|         1.0|
#  Line Assignment        | 00:00:00|     00:00:00|         1.0|
#  Detail Routing         | 00:00:00|     00:00:00|         1.0|
#  Entire Command         | 00:00:02|     00:00:02|         1.5|
#-------------------------+---------+-------------+------------+
#
#% End globalDetailRoute (date=09/27 22:27:38, total cpu=0:00:02.3, real=0:00:02.0, peak res=3281.7M, current mem=3281.7M)
        NanoRoute done. (took cpu=0:00:02.4 real=0:00:01.6)
      Clock detailed routing done.
#WARNING (NRIF-67) In option 'OnGridOnly 0', 0 is an unknown type. It will be ignored.
#WARNING (NRIF-68) Option 'OnGridOnly 0' did not specify a correct type. It will be ignored.
Skipping check of guided vs. routed net lengths.
Set FIXED routing status on 1 net(s)
      Route Remaining Unrouted Nets...
Running earlyGlobalRoute to complete any remaining unrouted nets.
[NR-eGR] Started Early Global Route ( Curr Mem: 7.65 MB )
Max route layer is changed from 127 to 11 because there is no routing track above this layer
Max route layer is changed from 127 to 11 because there is no routing track above this layer
[NR-eGR] Started Early Global Route kernel ( Curr Mem: 7.65 MB )
[NR-eGR] Early global route reroute all routable nets
[NR-eGR] Track table information for default rule: 
[NR-eGR] Metal1 has single uniform track structure
[NR-eGR] Metal2 has single uniform track structure
[NR-eGR] Metal3 has single uniform track structure
[NR-eGR] Metal4 has single uniform track structure
[NR-eGR] Metal5 has single uniform track structure
[NR-eGR] Metal6 has single uniform track structure
[NR-eGR] Metal7 has single uniform track structure
[NR-eGR] Metal8 has single uniform track structure
[NR-eGR] Metal9 has single uniform track structure
[NR-eGR] Metal10 has single uniform track structure
[NR-eGR] Metal11 has single uniform track structure
[NR-eGR] Read 840 PG shapes
[NR-eGR] Read 0 clock shapes
[NR-eGR] Read 0 other shapes
[NR-eGR] #Routing Blockages  : 0
[NR-eGR] #Instance Blockages : 0
[NR-eGR] #PG Blockages       : 840
[NR-eGR] #Halo Blockages     : 0
[NR-eGR] #Boundary Blockages : 0
[NR-eGR] #Clock Blockages    : 0
[NR-eGR] #Other Blockages    : 0
[NR-eGR] #prerouted nets         : 1
[NR-eGR] #prerouted special nets : 0
[NR-eGR] #prerouted wires        : 234
[NR-eGR] Read 560 nets ( ignored 1 )
[NR-eGR] ============ Routing rule table ============
[NR-eGR] Rule id: 0  Nets: 559
[NR-eGR] ========================================
[NR-eGR] 
[NR-eGR] Layer group 1: route 559 net(s) in layer range [2, 11]
[NR-eGR] Early Global Route overflow of layer group 1: 0.00% H + 0.00% V. EstWL: 6.128640e+03um
[NR-eGR] Congestion Analysis By layer: (blocked Gcells are excluded) 
[NR-eGR]                        OverCon            
[NR-eGR]                         #Gcell     %Gcell
[NR-eGR]        Layer             (1-0)    OverCon
[NR-eGR] ----------------------------------------------
[NR-eGR]  Metal1 ( 1)         0( 0.00%)   ( 0.00%) 
[NR-eGR]  Metal2 ( 2)         0( 0.00%)   ( 0.00%) 
[NR-eGR]  Metal3 ( 3)         0( 0.00%)   ( 0.00%) 
[NR-eGR]  Metal4 ( 4)         0( 0.00%)   ( 0.00%) 
[NR-eGR]  Metal5 ( 5)         0( 0.00%)   ( 0.00%) 
[NR-eGR]  Metal6 ( 6)         0( 0.00%)   ( 0.00%) 
[NR-eGR]  Metal7 ( 7)         0( 0.00%)   ( 0.00%) 
[NR-eGR]  Metal8 ( 8)         0( 0.00%)   ( 0.00%) 
[NR-eGR]  Metal9 ( 9)         0( 0.00%)   ( 0.00%) 
[NR-eGR] Metal10 (10)         0( 0.00%)   ( 0.00%) 
[NR-eGR] Metal11 (11)         0( 0.00%)   ( 0.00%) 
[NR-eGR] ----------------------------------------------
[NR-eGR]        Total         0( 0.00%)   ( 0.00%) 
[NR-eGR] 
[NR-eGR] Overflow after Early Global Route 0.00% H + 0.00% V
[NR-eGR] Connected 0 must-join pins/ports (post-process)
[NR-eGR] Total eGR-routed clock nets wire length: 0um, number of vias: 0
[NR-eGR] --------------------------------------------------------------------------
[NR-eGR]                  Length (um)  Vias 
[NR-eGR] -----------------------------------
[NR-eGR]  Metal1   (1H)             0  1808 
[NR-eGR]  Metal2   (2V)          3034  2614 
[NR-eGR]  Metal3   (3H)          3341   169 
[NR-eGR]  Metal4   (4V)           489    10 
[NR-eGR]  Metal5   (5H)            51     0 
[NR-eGR]  Metal6   (6V)             0     0 
[NR-eGR]  Metal7   (7H)             0     0 
[NR-eGR]  Metal8   (8V)             0     0 
[NR-eGR]  Metal9   (9H)             0     0 
[NR-eGR]  Metal10  (10V)            0     0 
[NR-eGR]  Metal11  (11H)            0     0 
[NR-eGR] -----------------------------------
[NR-eGR]           Total         6915  4601 
[NR-eGR] --------------------------------------------------------------------------
[NR-eGR] Total half perimeter of net bounding box: 5703um
[NR-eGR] Total length: 6915um, number of vias: 4601
[NR-eGR] --------------------------------------------------------------------------
[NR-eGR] Finished Early Global Route kernel ( CPU: 0.10 sec, Real: 0.05 sec, Curr Mem: 7.65 MB )
[NR-eGR] Finished Early Global Route ( CPU: 0.10 sec, Real: 0.05 sec, Curr Mem: 7.65 MB )
      Route Remaining Unrouted Nets done. (took cpu=0:00:00.1 real=0:00:00.1)
    Routing using NR in eGR->NR Step done.
Net route status summary:
  Clock:         1 (unrouted=0, trialRouted=0, noStatus=0, routed=0, fixed=1, [crossesIlmBoundary=0, tooFewTerms=0, (crossesIlmBoundary AND tooFewTerms=0)])
  Non-clock:   605 (unrouted=46, trialRouted=559, noStatus=0, routed=0, fixed=0, [crossesIlmBoundary=0, tooFewTerms=46, (crossesIlmBoundary AND tooFewTerms=0)])

CCOPT: Done with clock implementation routing.

    Leaving CCOpt scope - Routing Tools done. (took cpu=0:00:02.6 real=0:00:01.7)
  Clock implementation routing done.
  Leaving CCOpt scope - extractRC...
  Updating RC parasitics by calling: "extractRC -noRouteCheck"...
Extraction called for design 'Main' of instances=463 and nets=606 using extraction engine 'preRoute' .
PreRoute RC Extraction called for design Main.
RC Extraction called in multi-corner(2) mode.
RCMode: PreRoute
      RC Corner Indexes            0       1   
Capacitance Scaling Factor   : 1.00000 1.00000 
Resistance Scaling Factor    : 1.00000 1.00000 
Clock Cap. Scaling Factor    : 1.00000 1.00000 
Clock Res. Scaling Factor    : 1.00000 1.00000 
Shrink Factor                : 1.00000
PreRoute extraction is honoring NDR/Shielding/ExtraSpace for clock nets.
Using Quantus QRC technology file ...
Updating RC Grid density data for preRoute extraction ...
Initializing multi-corner resistance tables ...
PreRoute RC Extraction DONE (CPU Time: 0:00:00.0  Real Time: 0:00:00.0  MEM: 7944.055M)
  Updating RC parasitics by calling: "extractRC -noRouteCheck" done.
  Leaving CCOpt scope - extractRC done. (took cpu=0:00:00.0 real=0:00:00.0)
  Clock tree timing engine global stage delay update for MAX_DEALY:setup.late...
  Clock tree timing engine global stage delay update for MAX_DEALY:setup.late done. (took cpu=0:00:00.0 real=0:00:00.0)
  Clock DAG stats after routing clock trees:
    cell counts      : b=0, i=0, icg=0, dcg=0, l=0, total=0
    sink counts      : regular=91, enable_latch=0, load_capacitance=0, antenna=0, node_sink=0, total=91
    misc counts      : r=1, pp=0, mci=0
    cell areas       : b=0.000um^2, i=0.000um^2, icg=0.000um^2, dcg=0.000um^2, l=0.000um^2, total=0.000um^2
    cell capacitance : b=0.000pF, i=0.000pF, icg=0.000pF, dcg=0.000pF, l=0.000pF, total=0.000pF
    sink capacitance : total=0.019pF, avg=0.000pF, sd=0.000pF, min=0.000pF, max=0.000pF
    wire capacitance : top=0.000pF, trunk=0.000pF, leaf=0.032pF, total=0.032pF
    wire lengths     : top=0.000um, trunk=0.000um, leaf=346.620um, total=346.620um
    hp wire lengths  : top=0.000um, trunk=0.000um, leaf=0.000um, total=0.000um
  Clock DAG net violations after routing clock trees: none
  Clock DAG primary half-corner transition distribution after routing clock trees:
    Leaf : target=0.065ns count=1 avg=0.004ns sd=0.000ns min=0.004ns max=0.004ns {1 <= 0.039ns, 0 <= 0.052ns, 0 <= 0.058ns, 0 <= 0.061ns, 0 <= 0.065ns}
  Primary reporting skew groups after routing clock trees:
    skew_group clk/CONSTRAINTS: insertion delay [min=0.001, max=0.059, avg=0.002, sd=0.007, skn=7.408, kur=56.880], skew [0.059 vs 0.072], 100% {0.001, 0.059} (wid=0.001 ws=0.001) (gid=0.000 gs=0.000)
  Skew group summary after routing clock trees:
    skew_group clk/CONSTRAINTS: insertion delay [min=0.001, max=0.059, avg=0.002, sd=0.007, skn=7.408, kur=56.880], skew [0.059 vs 0.072], 100% {0.001, 0.059} (wid=0.001 ws=0.001) (gid=0.000 gs=0.000)
  CCOpt::Phase::Routing done. (took cpu=0:00:02.6 real=0:00:01.8)
  CCOpt::Phase::PostConditioning...
**WARN: (IMPSP-105):	'setPlaceMode -maxRouteLayer' will become obsolete from next release. Use 'setRouteMode -earlyGlobalMaxRouteLayer N' to set maximum routing layer.Type 'man IMPSP-105' for more detail.
  Leaving CCOpt scope - Initializing placement interface...
**ERROR: (IMPSP-365):	Design has inst(s) with SITE 'CoreSiteDouble', but the floorplan has no rows defined for this site. Any locations found for such insts will be illegal; create rows for this site to avoid this.
Type 'man IMPSP-365' for more detail.
**WARN: (IMPSP-270):	Cannot find a legal location for MASTER CELL 'BUFX2'.
Type 'man IMPSP-270' for more detail.
  Leaving CCOpt scope - Initializing placement interface done. (took cpu=0:00:00.0 real=0:00:00.0)
  PostConditioning...
    PostConditioning active optimizations:
     - DRV fixing with initial upsizing, sizing and buffering
     - Skew fixing with sizing
    
    Currently running CTS, using active skew data
    ProEngine running partially connected to DB
    Reset bufferability constraints...
    Resetting previous bufferability status on all nets so that PostConditioning will attempt to fix all clock tree violations.
    Reset bufferability constraints done. (took cpu=0:00:00.0 real=0:00:00.0)
    PostConditioning Upsizing To Fix DRVs...
      Fixing clock tree DRVs with upsizing: ...20% ...40% ...60% ...80% ...100% 
      CCOpt-PostConditioning: considered: 1, tested: 1, violation detected: 0, violation ignored (due to small violation): 0, cannot run: 0, attempted: 0, unsuccessful: 0, sized: 0
      
      Statistics: Fix DRVs (initial upsizing):
      ========================================
      
      Cell changes by Net Type:
      
      -------------------------------------------------------------------------------------------------
      Net Type    Attempted    Upsized     Downsized    Swapped Same Size    Total Changed    Not Sized
      -------------------------------------------------------------------------------------------------
      top                0            0           0            0                    0                0
      trunk              0            0           0            0                    0                0
      leaf               0            0           0            0                    0                0
      -------------------------------------------------------------------------------------------------
      Total              0            0           0            0                    0                0
      -------------------------------------------------------------------------------------------------
      
      Upsized: 0, Downsized: 0, Sized but same area: 0, Unchanged: 0, Area change: 0.000um^2
      Max. move: 0.000um, Min. move: 0.000um, Avg. move: N/A
      
      Clock DAG stats after 'PostConditioning Upsizing To Fix DRVs':
        cell counts      : b=0, i=0, icg=0, dcg=0, l=0, total=0
        sink counts      : regular=91, enable_latch=0, load_capacitance=0, antenna=0, node_sink=0, total=91
        misc counts      : r=1, pp=0, mci=0
        cell areas       : b=0.000um^2, i=0.000um^2, icg=0.000um^2, dcg=0.000um^2, l=0.000um^2, total=0.000um^2
        cell capacitance : b=0.000pF, i=0.000pF, icg=0.000pF, dcg=0.000pF, l=0.000pF, total=0.000pF
        sink capacitance : total=0.019pF, avg=0.000pF, sd=0.000pF, min=0.000pF, max=0.000pF
        wire capacitance : top=0.000pF, trunk=0.000pF, leaf=0.032pF, total=0.032pF
        wire lengths     : top=0.000um, trunk=0.000um, leaf=346.620um, total=346.620um
        hp wire lengths  : top=0.000um, trunk=0.000um, leaf=0.000um, total=0.000um
      Clock DAG net violations after 'PostConditioning Upsizing To Fix DRVs': none
      Clock DAG primary half-corner transition distribution after 'PostConditioning Upsizing To Fix DRVs':
        Leaf : target=0.065ns count=1 avg=0.004ns sd=0.000ns min=0.004ns max=0.004ns {1 <= 0.039ns, 0 <= 0.052ns, 0 <= 0.058ns, 0 <= 0.061ns, 0 <= 0.065ns}
      Primary reporting skew groups after 'PostConditioning Upsizing To Fix DRVs':
        skew_group clk/CONSTRAINTS: insertion delay [min=0.001, max=0.059], skew [0.059 vs 0.072]
      Skew group summary after 'PostConditioning Upsizing To Fix DRVs':
        skew_group clk/CONSTRAINTS: insertion delay [min=0.001, max=0.059], skew [0.059 vs 0.072]
      Legalizer API calls during this step: 0 succeeded with high effort: 0 succeeded with medium effort: 0 succeeded with low effort: 0 succeeded with basic effort: 0 succeeded with basic unbounded effort: 0
    PostConditioning Upsizing To Fix DRVs done. (took cpu=0:00:00.0 real=0:00:00.0)
    Recomputing CTS skew targets...
    Resolving skew group constraints...
      Solving LP: 1 skew groups; 2 fragments, 2 fraglets and 3 vertices; 12 variables and 27 constraints; tolerance 1
    Resolving skew group constraints done.
    Recomputing CTS skew targets done. (took cpu=0:00:00.0 real=0:00:00.0)
    PostConditioning Fixing DRVs...
      Fixing clock tree DRVs: ...20% ...40% ...60% ...80% ...100% 
      CCOpt-PostConditioning: considered: 1, tested: 1, violation detected: 0, violation ignored (due to small violation): 0, cannot run: 0, attempted: 0, unsuccessful: 0, sized: 0
      
      Statistics: Fix DRVs (cell sizing):
      ===================================
      
      Cell changes by Net Type:
      
      -------------------------------------------------------------------------------------------------
      Net Type    Attempted    Upsized     Downsized    Swapped Same Size    Total Changed    Not Sized
      -------------------------------------------------------------------------------------------------
      top                0            0           0            0                    0                0
      trunk              0            0           0            0                    0                0
      leaf               0            0           0            0                    0                0
      -------------------------------------------------------------------------------------------------
      Total              0            0           0            0                    0                0
      -------------------------------------------------------------------------------------------------
      
      Upsized: 0, Downsized: 0, Sized but same area: 0, Unchanged: 0, Area change: 0.000um^2
      Max. move: 0.000um, Min. move: 0.000um, Avg. move: N/A
      
      Clock DAG stats after 'PostConditioning Fixing DRVs':
        cell counts      : b=0, i=0, icg=0, dcg=0, l=0, total=0
        sink counts      : regular=91, enable_latch=0, load_capacitance=0, antenna=0, node_sink=0, total=91
        misc counts      : r=1, pp=0, mci=0
        cell areas       : b=0.000um^2, i=0.000um^2, icg=0.000um^2, dcg=0.000um^2, l=0.000um^2, total=0.000um^2
        cell capacitance : b=0.000pF, i=0.000pF, icg=0.000pF, dcg=0.000pF, l=0.000pF, total=0.000pF
        sink capacitance : total=0.019pF, avg=0.000pF, sd=0.000pF, min=0.000pF, max=0.000pF
        wire capacitance : top=0.000pF, trunk=0.000pF, leaf=0.032pF, total=0.032pF
        wire lengths     : top=0.000um, trunk=0.000um, leaf=346.620um, total=346.620um
        hp wire lengths  : top=0.000um, trunk=0.000um, leaf=0.000um, total=0.000um
      Clock DAG net violations after 'PostConditioning Fixing DRVs': none
      Clock DAG primary half-corner transition distribution after 'PostConditioning Fixing DRVs':
        Leaf : target=0.065ns count=1 avg=0.004ns sd=0.000ns min=0.004ns max=0.004ns {1 <= 0.039ns, 0 <= 0.052ns, 0 <= 0.058ns, 0 <= 0.061ns, 0 <= 0.065ns}
      Primary reporting skew groups after 'PostConditioning Fixing DRVs':
        skew_group clk/CONSTRAINTS: insertion delay [min=0.001, max=0.059], skew [0.059 vs 0.072]
      Skew group summary after 'PostConditioning Fixing DRVs':
        skew_group clk/CONSTRAINTS: insertion delay [min=0.001, max=0.059], skew [0.059 vs 0.072]
      Legalizer API calls during this step: 0 succeeded with high effort: 0 succeeded with medium effort: 0 succeeded with low effort: 0 succeeded with basic effort: 0 succeeded with basic unbounded effort: 0
    PostConditioning Fixing DRVs done. (took cpu=0:00:00.0 real=0:00:00.0)
    Buffering to fix DRVs...
    Fixing DRVs with route buffering pass 1. Quick buffering: enabled
    Rebuffering to fix clock tree DRVs: ...20% ...40% ...60% ...80% ...100% 
    Inserted 0 buffers and inverters.
    success count. Default: 0, QS: 0, QD: 0, FS: 0, MQS: 0
    CCOpt-PostConditioning: nets considered: 1, nets tested: 1, nets violation detected: 0, nets violation ignored (due to small violation): 0, nets cannot run: 0, nets attempted: 0, nets unsuccessful: 0, buffered: 0
    Clock DAG stats PostConditioning after re-buffering DRV fixing:
      cell counts      : b=0, i=0, icg=0, dcg=0, l=0, total=0
      sink counts      : regular=91, enable_latch=0, load_capacitance=0, antenna=0, node_sink=0, total=91
      misc counts      : r=1, pp=0, mci=0
      cell areas       : b=0.000um^2, i=0.000um^2, icg=0.000um^2, dcg=0.000um^2, l=0.000um^2, total=0.000um^2
      cell capacitance : b=0.000pF, i=0.000pF, icg=0.000pF, dcg=0.000pF, l=0.000pF, total=0.000pF
      sink capacitance : total=0.019pF, avg=0.000pF, sd=0.000pF, min=0.000pF, max=0.000pF
      wire capacitance : top=0.000pF, trunk=0.000pF, leaf=0.032pF, total=0.032pF
      wire lengths     : top=0.000um, trunk=0.000um, leaf=346.620um, total=346.620um
      hp wire lengths  : top=0.000um, trunk=0.000um, leaf=0.000um, total=0.000um
    Clock DAG net violations PostConditioning after re-buffering DRV fixing: none
    Clock DAG primary half-corner transition distribution PostConditioning after re-buffering DRV fixing:
      Leaf : target=0.065ns count=1 avg=0.004ns sd=0.000ns min=0.004ns max=0.004ns {1 <= 0.039ns, 0 <= 0.052ns, 0 <= 0.058ns, 0 <= 0.061ns, 0 <= 0.065ns}
    Primary reporting skew groups PostConditioning after re-buffering DRV fixing:
      skew_group clk/CONSTRAINTS: insertion delay [min=0.001, max=0.059, avg=0.002, sd=0.007, skn=7.408, kur=56.880], skew [0.059 vs 0.072], 100% {0.001, 0.059} (wid=0.001 ws=0.001) (gid=0.000 gs=0.000)
    Skew group summary PostConditioning after re-buffering DRV fixing:
      skew_group clk/CONSTRAINTS: insertion delay [min=0.001, max=0.059, avg=0.002, sd=0.007, skn=7.408, kur=56.880], skew [0.059 vs 0.072], 100% {0.001, 0.059} (wid=0.001 ws=0.001) (gid=0.000 gs=0.000)
    Buffering to fix DRVs done. (took cpu=0:00:00.0 real=0:00:00.0)
    PostConditioning Fixing Skew by cell sizing...
      Resized 0 clock insts to decrease delay.
      Resized 0 clock insts to increase delay.
      
      Statistics: Fix Skew (cell sizing):
      ===================================
      
      Cell changes by Net Type:
      
      -------------------------------------------------------------------------------------------------
      Net Type    Attempted    Upsized     Downsized    Swapped Same Size    Total Changed    Not Sized
      -------------------------------------------------------------------------------------------------
      top                0            0           0            0                    0                0
      trunk              0            0           0            0                    0                0
      leaf               0            0           0            0                    0                0
      -------------------------------------------------------------------------------------------------
      Total              0            0           0            0                    0                0
      -------------------------------------------------------------------------------------------------
      
      Upsized: 0, Downsized: 0, Sized but same area: 0, Unchanged: 0, Area change: 0.000um^2
      Max. move: 0.000um, Min. move: 0.000um, Avg. move: N/A
      
      Clock DAG stats after 'PostConditioning Fixing Skew by cell sizing':
        cell counts      : b=0, i=0, icg=0, dcg=0, l=0, total=0
        sink counts      : regular=91, enable_latch=0, load_capacitance=0, antenna=0, node_sink=0, total=91
        misc counts      : r=1, pp=0, mci=0
        cell areas       : b=0.000um^2, i=0.000um^2, icg=0.000um^2, dcg=0.000um^2, l=0.000um^2, total=0.000um^2
        cell capacitance : b=0.000pF, i=0.000pF, icg=0.000pF, dcg=0.000pF, l=0.000pF, total=0.000pF
        sink capacitance : total=0.019pF, avg=0.000pF, sd=0.000pF, min=0.000pF, max=0.000pF
        wire capacitance : top=0.000pF, trunk=0.000pF, leaf=0.032pF, total=0.032pF
        wire lengths     : top=0.000um, trunk=0.000um, leaf=346.620um, total=346.620um
        hp wire lengths  : top=0.000um, trunk=0.000um, leaf=0.000um, total=0.000um
      Clock DAG net violations after 'PostConditioning Fixing Skew by cell sizing': none
      Clock DAG primary half-corner transition distribution after 'PostConditioning Fixing Skew by cell sizing':
        Leaf : target=0.065ns count=1 avg=0.004ns sd=0.000ns min=0.004ns max=0.004ns {1 <= 0.039ns, 0 <= 0.052ns, 0 <= 0.058ns, 0 <= 0.061ns, 0 <= 0.065ns}
      Primary reporting skew groups after 'PostConditioning Fixing Skew by cell sizing':
        skew_group clk/CONSTRAINTS: insertion delay [min=0.001, max=0.059, avg=0.002, sd=0.007, skn=7.408, kur=56.880], skew [0.059 vs 0.072], 100% {0.001, 0.059} (wid=0.001 ws=0.001) (gid=0.000 gs=0.000)
      Skew group summary after 'PostConditioning Fixing Skew by cell sizing':
        skew_group clk/CONSTRAINTS: insertion delay [min=0.001, max=0.059, avg=0.002, sd=0.007, skn=7.408, kur=56.880], skew [0.059 vs 0.072], 100% {0.001, 0.059} (wid=0.001 ws=0.001) (gid=0.000 gs=0.000)
      Legalizer API calls during this step: 0 succeeded with high effort: 0 succeeded with medium effort: 0 succeeded with low effort: 0 succeeded with basic effort: 0 succeeded with basic unbounded effort: 0
    PostConditioning Fixing Skew by cell sizing done. (took cpu=0:00:00.0 real=0:00:00.0)
    Reconnecting optimized routes...
    Reset timing graph...
Ignoring AAE DB Resetting ...
    Reset timing graph done.
    Reconnecting optimized routes done. (took cpu=0:00:00.0 real=0:00:00.0)
Skipping refinePlace: no changes were made during DRV and/or skew fixing steps so it is unnecessary.
    Legalizer API calls during this step: 0 succeeded with high effort: 0 succeeded with medium effort: 0 succeeded with low effort: 0 succeeded with basic effort: 0 succeeded with basic unbounded effort: 0
  PostConditioning done.
Net route status summary:
  Clock:         1 (unrouted=0, trialRouted=0, noStatus=0, routed=0, fixed=1, [crossesIlmBoundary=0, tooFewTerms=0, (crossesIlmBoundary AND tooFewTerms=0)])
  Non-clock:   605 (unrouted=46, trialRouted=559, noStatus=0, routed=0, fixed=0, [crossesIlmBoundary=0, tooFewTerms=46, (crossesIlmBoundary AND tooFewTerms=0)])
  Update timing and DAG stats after post-conditioning...
  Update timing and DAG stats after post-conditioning done. (took cpu=0:00:00.0 real=0:00:00.0)
  Clock tree timing engine global stage delay update for MAX_DEALY:setup.late...
  Clock tree timing engine global stage delay update for MAX_DEALY:setup.late done. (took cpu=0:00:00.0 real=0:00:00.0)
  Clock DAG stats after post-conditioning:
    cell counts      : b=0, i=0, icg=0, dcg=0, l=0, total=0
    sink counts      : regular=91, enable_latch=0, load_capacitance=0, antenna=0, node_sink=0, total=91
    misc counts      : r=1, pp=0, mci=0
    cell areas       : b=0.000um^2, i=0.000um^2, icg=0.000um^2, dcg=0.000um^2, l=0.000um^2, total=0.000um^2
    cell capacitance : b=0.000pF, i=0.000pF, icg=0.000pF, dcg=0.000pF, l=0.000pF, total=0.000pF
    sink capacitance : total=0.019pF, avg=0.000pF, sd=0.000pF, min=0.000pF, max=0.000pF
    wire capacitance : top=0.000pF, trunk=0.000pF, leaf=0.032pF, total=0.032pF
    wire lengths     : top=0.000um, trunk=0.000um, leaf=346.620um, total=346.620um
    hp wire lengths  : top=0.000um, trunk=0.000um, leaf=0.000um, total=0.000um
  Clock DAG net violations after post-conditioning: none
  Clock DAG primary half-corner transition distribution after post-conditioning:
    Leaf : target=0.065ns count=1 avg=0.004ns sd=0.000ns min=0.004ns max=0.004ns {1 <= 0.039ns, 0 <= 0.052ns, 0 <= 0.058ns, 0 <= 0.061ns, 0 <= 0.065ns}
  Primary reporting skew groups after post-conditioning:
    skew_group clk/CONSTRAINTS: insertion delay [min=0.001, max=0.059, avg=0.002, sd=0.007, skn=7.408, kur=56.880], skew [0.059 vs 0.072], 100% {0.001, 0.059} (wid=0.001 ws=0.001) (gid=0.000 gs=0.000)
  Skew group summary after post-conditioning:
    skew_group clk/CONSTRAINTS: insertion delay [min=0.001, max=0.059, avg=0.002, sd=0.007, skn=7.408, kur=56.880], skew [0.059 vs 0.072], 100% {0.001, 0.059} (wid=0.001 ws=0.001) (gid=0.000 gs=0.000)
  CCOpt::Phase::PostConditioning done. (took cpu=0:00:00.1 real=0:00:00.1)
  Post-balance tidy up or trial balance steps...
  
  Clock DAG stats at end of CTS:
  ==============================
  
  -------------------------------------------------------
  Cell type                 Count    Area     Capacitance
  -------------------------------------------------------
  Buffers                     0      0.000       0.000
  Inverters                   0      0.000       0.000
  Integrated Clock Gates      0      0.000       0.000
  Discrete Clock Gates        0      0.000       0.000
  Clock Logic                 0      0.000       0.000
  All                         0      0.000       0.000
  -------------------------------------------------------
  
  Clock DAG miscellaneous counts at end of CTS:
  =============================================
  
  ------------------------------
  Type                     Count
  ------------------------------
  Roots                      1
  Preserved Ports            0
  Multiple Clock Inputs      0
  ------------------------------
  
  
  Clock DAG sink counts at end of CTS:
  ====================================
  
  -------------------------
  Sink type           Count
  -------------------------
  Regular              91
  Enable Latch          0
  Load Capacitance      0
  Antenna Diode         0
  Node Sink             0
  Total                91
  -------------------------
  
  
  Clock DAG wire lengths at end of CTS:
  =====================================
  
  --------------------
  Type     Wire Length
  --------------------
  Top          0.000
  Trunk        0.000
  Leaf       346.620
  Total      346.620
  --------------------
  
  
  Clock DAG hp wire lengths at end of CTS:
  ========================================
  
  -----------------------
  Type     hp Wire Length
  -----------------------
  Top          0.000
  Trunk        0.000
  Leaf         0.000
  Total        0.000
  -----------------------
  
  
  Clock DAG capacitances at end of CTS:
  =====================================
  
  --------------------------------
  Type     Gate     Wire     Total
  --------------------------------
  Top      0.000    0.000    0.000
  Trunk    0.000    0.000    0.000
  Leaf     0.019    0.032    0.051
  Total    0.019    0.032    0.051
  --------------------------------
  
  
  Clock DAG sink capacitances at end of CTS:
  ==========================================
  
  -----------------------------------------------
  Total    Average    Std. Dev.    Min      Max
  -----------------------------------------------
  0.019     0.000       0.000      0.000    0.000
  -----------------------------------------------
  
  
  Clock DAG net violations at end of CTS:
  =======================================
  
  None
  
  
  Clock DAG primary half-corner transition distribution at end of CTS:
  ====================================================================
  
  --------------------------------------------------------------------------------------------------------------------------------------------------------------
  Net Type    Target    Count    Average    Std. Dev.    Min      Max      Distribution                                                              Over Target
  --------------------------------------------------------------------------------------------------------------------------------------------------------------
  Leaf        0.065       1       0.004       0.000      0.004    0.004    {1 <= 0.039ns, 0 <= 0.052ns, 0 <= 0.058ns, 0 <= 0.061ns, 0 <= 0.065ns}         -
  --------------------------------------------------------------------------------------------------------------------------------------------------------------
  
  
  Primary reporting skew groups summary at end of CTS:
  ====================================================
  
  ---------------------------------------------------------------------------------------------------------------------------------------------------------------------------------------------
  Half-corner             Skew Group         Min ID    Max ID    Skew     Skew target    Wire skew    Worst sink skew    Average ID    Std.Dev    Skewness    Kurtosis    Skew window occupancy
  ---------------------------------------------------------------------------------------------------------------------------------------------------------------------------------------------
  MAX_DEALY:setup.late    clk/CONSTRAINTS    0.001     0.059     0.059       0.072         0.001           0.059           0.002        0.007      7.408       56.880     100% {0.001, 0.059}
  ---------------------------------------------------------------------------------------------------------------------------------------------------------------------------------------------
  
  
  Skew group summary at end of CTS:
  =================================
  
  ---------------------------------------------------------------------------------------------------------------------------------------------------------------------------------------------
  Half-corner             Skew Group         Min ID    Max ID    Skew     Skew target    Wire skew    Worst sink skew    Average ID    Std.Dev    Skewness    Kurtosis    Skew window occupancy
  ---------------------------------------------------------------------------------------------------------------------------------------------------------------------------------------------
  MAX_DEALY:setup.late    clk/CONSTRAINTS    0.001     0.059     0.059       0.072         0.001           0.059           0.002        0.007      7.408       56.880     100% {0.001, 0.059}
  ---------------------------------------------------------------------------------------------------------------------------------------------------------------------------------------------
  
  
  Found a total of 0 clock tree pins with a slew violation.
  
  Post-balance tidy up or trial balance steps done. (took cpu=0:00:00.0 real=0:00:00.0)
Synthesizing clock trees done.
Tidy Up And Update Timing...
External - Set all clocks to propagated mode...
Innovus updating I/O latencies
AAE_INFO: opIsDesignInPostRouteState() is 0
#################################################################################
# Design Stage: PreRoute
# Design Name: Main
# Design Mode: 45nm
# Analysis Mode: MMMC Non-OCV 
# Parasitics Mode: No SPEF/RCDB 
# Signoff Settings: SI Off 
#################################################################################
Start delay calculation (fullDC) (8 T). (MEM=3404.57)
Total number of fetched objects 560
Total number of fetched objects 560
End delay calculation. (MEM=3454.21 CPU=0:00:00.1 REAL=0:00:00.0)
End delay calculation (fullDC). (MEM=3454.21 CPU=0:00:00.1 REAL=0:00:00.0)
	Clock: clk, View: Best_CASE, Ideal Latency: 0, Propagated Latency: 0.00142418
	 Executing: set_clock_latency -source -early -min -rise -0.00142418 [get_pins clk]
	Clock: clk, View: Best_CASE, Ideal Latency: 0, Propagated Latency: 0.00142418
	 Executing: set_clock_latency -source -late -min -rise -0.00142418 [get_pins clk]
	Clock: clk, View: Best_CASE, Ideal Latency: 0, Propagated Latency: 0.00142417
	 Executing: set_clock_latency -source -early -min -fall -0.00142417 [get_pins clk]
	Clock: clk, View: Best_CASE, Ideal Latency: 0, Propagated Latency: 0.00142417
	 Executing: set_clock_latency -source -late -min -fall -0.00142417 [get_pins clk]
	Clock: clk, View: WORST_CASE, Ideal Latency: -0.000994505, Propagated Latency: 0.00081978
	 Executing: set_clock_latency -source -early -max -rise -0.00181429 [get_pins clk]
	Clock: clk, View: WORST_CASE, Ideal Latency: -0.000994505, Propagated Latency: 0.00081978
	 Executing: set_clock_latency -source -late -max -rise -0.00181429 [get_pins clk]
	Clock: clk, View: WORST_CASE, Ideal Latency: -0.000994505, Propagated Latency: 0.000819797
	 Executing: set_clock_latency -source -early -max -fall -0.0018143 [get_pins clk]
	Clock: clk, View: WORST_CASE, Ideal Latency: -0.000994505, Propagated Latency: 0.000819797
	 Executing: set_clock_latency -source -late -max -fall -0.0018143 [get_pins clk]
Setting all clocks to propagated mode.
External - Set all clocks to propagated mode done. (took cpu=0:00:00.5 real=0:00:00.4)
Clock DAG stats after update timingGraph:
  cell counts      : b=0, i=0, icg=0, dcg=0, l=0, total=0
  sink counts      : regular=91, enable_latch=0, load_capacitance=0, antenna=0, node_sink=0, total=91
  misc counts      : r=1, pp=0, mci=0
  cell areas       : b=0.000um^2, i=0.000um^2, icg=0.000um^2, dcg=0.000um^2, l=0.000um^2, total=0.000um^2
  cell capacitance : b=0.000pF, i=0.000pF, icg=0.000pF, dcg=0.000pF, l=0.000pF, total=0.000pF
  sink capacitance : total=0.019pF, avg=0.000pF, sd=0.000pF, min=0.000pF, max=0.000pF
  wire capacitance : top=0.000pF, trunk=0.000pF, leaf=0.032pF, total=0.032pF
  wire lengths     : top=0.000um, trunk=0.000um, leaf=346.620um, total=346.620um
  hp wire lengths  : top=0.000um, trunk=0.000um, leaf=0.000um, total=0.000um
Clock DAG net violations after update timingGraph: none
Clock DAG primary half-corner transition distribution after update timingGraph:
  Leaf : target=0.065ns count=1 avg=0.004ns sd=0.000ns min=0.004ns max=0.004ns {1 <= 0.039ns, 0 <= 0.052ns, 0 <= 0.058ns, 0 <= 0.061ns, 0 <= 0.065ns}
Primary reporting skew groups after update timingGraph:
  skew_group clk/CONSTRAINTS: insertion delay [min=0.001, max=0.059, avg=0.002, sd=0.007, skn=7.408, kur=56.880], skew [0.059 vs 0.072], 100% {0.001, 0.059} (wid=0.001 ws=0.001) (gid=0.000 gs=0.000)
Skew group summary after update timingGraph:
  skew_group clk/CONSTRAINTS: insertion delay [min=0.001, max=0.059, avg=0.002, sd=0.007, skn=7.408, kur=56.880], skew [0.059 vs 0.072], 100% {0.001, 0.059} (wid=0.001 ws=0.001) (gid=0.000 gs=0.000)
Logging CTS constraint violations...
  No violations found.
Logging CTS constraint violations done.
Tidy Up And Update Timing done. (took cpu=0:00:00.5 real=0:00:00.4)
Runtime done. (took cpu=0:00:07.1 real=0:00:05.0)
Runtime Summary
===============
Clock Runtime:  (26%) Core CTS           1.30 (Init 0.81, Construction 0.16, Implementation 0.08, eGRPC 0.07, PostConditioning 0.05, Other 0.13)
Clock Runtime:  (40%) CTS services       1.98 (RefinePlace 0.16, EarlyGlobalClock 0.19, NanoRoute 1.56, ExtractRC 0.06, TimingAnalysis 0.00)
Clock Runtime:  (33%) Other CTS          1.65 (Init 0.07, CongRepair/EGR-DP 1.21, TimingUpdate 0.37, Other 0.00)
Clock Runtime: (100%) Total              4.94

Leaving CCOpt scope - Cleaning up placement interface...
Leaving CCOpt scope - Cleaning up placement interface done. (took cpu=0:00:00.0 real=0:00:00.0)
**WARN: (IMPSP-105):	'setPlaceMode -maxRouteLayer' will become obsolete from next release. Use 'setRouteMode -earlyGlobalMaxRouteLayer N' to set maximum routing layer.Type 'man IMPSP-105' for more detail.
*** CTS #1 [finish] (clock_opt_design #1) : cpu/real = 0:00:06.8/0:00:04.8 (1.4), totSession cpu/real = 0:04:06.7/0:26:41.1 (0.2), mem = 7931.1M
Synthesizing clock trees with CCOpt done.
      flow.cputime  flow.realtime  timing.setup.tns  timing.setup.wns  snapshot
UM:*                                                                   cts
Begin: Reorder Scan Chains
*** Scan Trace Summary (runtime: cpu: 0:00:00.0 , real: 0:00:00.0): 
Successfully traced 1 scan chain  (total 91 scan bits).
Start applying DEF ordered sections ...
Successfully applied all DEF ordered sections.
*** Scan Sanity Check Summary:
*** 1 scan chain  passed sanity check.
DBG: sciUnitLenDelay = 0.123450
Set analysis mode to hold.
AAE_INFO: opIsDesignInPostRouteState() is 0
#################################################################################
# Design Stage: PreRoute
# Design Name: Main
# Design Mode: 45nm
# Analysis Mode: MMMC Non-OCV 
# Parasitics Mode: No SPEF/RCDB 
# Signoff Settings: SI Off 
#################################################################################
Calculate delays in BcWc mode...
Start delay calculation (fullDC) (8 T). (MEM=3387.32)
*** Calculating scaling factor for MIN_TIMING libraries using the default operating condition of each library.
Total number of fetched objects 560
End delay calculation. (MEM=3467.23 CPU=0:00:00.1 REAL=0:00:00.0)
End delay calculation (fullDC). (MEM=3467.23 CPU=0:00:00.1 REAL=0:00:00.0)
DBG: scgNrActiveHoldView = 1
*** Scan Trace Summary (runtime: cpu: 0:00:00.0 , real: 0:00:00.0): 
Successfully traced 1 scan chain  (total 91 scan bits).
Start applying DEF ordered sections ...
Successfully applied all DEF ordered sections.
*** Scan Sanity Check Summary:
*** 1 scan chain  passed sanity check.
AAE_INFO: opIsDesignInPostRouteState() is 0
#################################################################################
# Design Stage: PreRoute
# Design Name: Main
# Design Mode: 45nm
# Analysis Mode: MMMC Non-OCV 
# Parasitics Mode: No SPEF/RCDB 
# Signoff Settings: SI Off 
#################################################################################
Calculate delays in BcWc mode...
Start delay calculation (fullDC) (8 T). (MEM=3496.55)
Total number of fetched objects 560
End delay calculation. (MEM=3549.1 CPU=0:00:00.1 REAL=0:00:00.0)
End delay calculation (fullDC). (MEM=3549.1 CPU=0:00:00.1 REAL=0:00:00.0)
Restore timing analysis mode.
*** Summary: Scan Reorder within scan chain
Initial total scan wire length:      724.565 (floating:      666.495)
Final   total scan wire length:      724.565 (floating:      666.495)
Improvement:        0.000   percent  0.00 (floating improvement:        0.000   percent  0.00)
Initial scan reorder max long connection: not available for -stitchChainsAfterFreeMerging
Final   scan reorder max long connection:       26.000
Total net length = 5.902e+03 (3.001e+03 2.900e+03) (ext = 2.439e+03)
*** End of ScanReorder (cpu=0:00:00.7, real=0:00:00.0, mem=5758.1M) ***
End: Reorder Scan Chains
**optDesign ... cpu = 0:00:00, real = 0:00:00, mem = 3323.7M, totSessionCpu=0:04:07 **
GigaOpt running with 8 threads.
*** InitOpt #1 [begin] (clock_opt_design #1) : totSession cpu/real = 0:04:07.5/0:26:41.6 (0.2), mem = 5240.1M
**INFO: setDesignMode -flowEffort standard -> setting 'setOptMode -allEndPoints true' for the duration of this command.
Need call spDPlaceInit before registerPrioInstLoc.
Info: Using SynthesisEngine executable '/eda/cadence/2024-25/RHELx86/DDIEXPORT_23.31.000/INNOVUS231/bin/innovus_'.
      (normalized executable '/mnt/cae_storage_sw/eda/cadence/2024-25/RHELx86/DDIEXPORT_23.31.000/INNOVUS231/bin/innovus_')
      SynthesisEngine workers will not check out additional licenses.
**INFO: Using Advanced Metric Collection system.
**optDesign ... cpu = 0:00:01, real = 0:00:07, mem = 3419.9M, totSessionCpu=0:04:08 **
#optDebug: { P: 45 W: 8195 FE: standard PE: none LDR: 1}
*** optDesign -postCTS ***
DRC Margin: user margin 0.0; extra margin 0.2
Hold Target Slack: user slack 0
Setup Target Slack: user slack 0; extra slack 0.0
setUsefulSkewMode -opt_skew_eco_route false
Multi-VT timing optimization disabled based on library information.
Start to check current routing status for nets...
All nets are already routed correctly.
End to check current routing status for nets (mem=5316.3M)
	CornerforLayerOpt timing analysis view Best_CASE has been selected for calibration 
	CornerforLayerOpt timing analysis view Best_CASE has been selected for calibration 
	CornerforLayerOpt timing analysis view Best_CASE has been selected for calibration 
	CornerforLayerOpt timing analysis view Best_CASE has been selected for calibration 
Compute RC Scale Done ...
**ERROR: (IMPSP-365):	Design has inst(s) with SITE 'CoreSiteDouble', but the floorplan has no rows defined for this site. Any locations found for such insts will be illegal; create rows for this site to avoid this.
Starting delay calculation for Setup views
AAE_INFO: opIsDesignInPostRouteState() is 0
#################################################################################
# Design Stage: PreRoute
# Design Name: Main
# Design Mode: 45nm
# Analysis Mode: MMMC Non-OCV 
# Parasitics Mode: No SPEF/RCDB 
# Signoff Settings: SI Off 
#################################################################################
Calculate delays in BcWc mode...
Start delay calculation (fullDC) (8 T). (MEM=3539.02)
*** Calculating scaling factor for MAX_TIMING libraries using the default operating condition of each library.
Total number of fetched objects 560
End delay calculation. (MEM=3601.37 CPU=0:00:00.1 REAL=0:00:00.0)
End delay calculation (fullDC). (MEM=3601.37 CPU=0:00:00.1 REAL=0:00:00.0)
*** Done Building Timing Graph (cpu=0:00:00.4 real=0:00:00.0 totSessionCpu=0:04:09 mem=5855.4M)

------------------------------------------------------------------
             Initial Summary
------------------------------------------------------------------

Setup views included:
 WORST_CASE 

+--------------------+---------+---------+---------+
|     Setup mode     |   all   | reg2reg | default |
+--------------------+---------+---------+---------+
|           WNS (ns):| -0.165  | -0.165  | -0.150  |
|           TNS (ns):| -0.366  | -0.216  | -0.150  |
|    Violating Paths:|    3    |    2    |    1    |
|          All Paths:|   276   |   181   |   178   |
+--------------------+---------+---------+---------+

+----------------+-------------------------------+------------------+
|                |              Real             |       Total      |
|    DRVs        +------------------+------------+------------------|
|                |  Nr nets(terms)  | Worst Vio  |  Nr nets(terms)  |
+----------------+------------------+------------+------------------+
|   max_cap      |      0 (0)       |   0.000    |      0 (0)       |
|   max_tran     |      0 (0)       |   0.000    |      0 (0)       |
|   max_fanout   |      0 (0)       |     0      |      0 (0)       |
|   max_length   |      0 (0)       |     0      |      0 (0)       |
+----------------+------------------+------------+------------------+

Density: 90.764%
------------------------------------------------------------------
**optDesign ... cpu = 0:00:02, real = 0:00:08, mem = 3568.6M, totSessionCpu=0:04:09 **
*** InitOpt #1 [finish] (clock_opt_design #1) : cpu/real = 0:00:01.7/0:00:08.5 (0.2), totSession cpu/real = 0:04:09.2/0:26:50.1 (0.2), mem = 5463.4M
** INFO : this run is activating low effort ccoptDesign flow
OPTC: m4 20.0 50.0 [ 125.0 20.0 50.0 ]
OPTC: view 50.0:125.0 [ 0.0500 ]
-opt_post_cts_congestion_repair false      # bool, default=false, private
Begin: GigaOpt Route Type Constraints Refinement
*** CongRefineRouteType #1 [begin] (clock_opt_design #1) : totSession cpu/real = 0:04:09.4/0:26:50.2 (0.2), mem = 5434.4M
Updated routing constraints on 0 nets.
Bottom Preferred Layer:
+---------------+------------+----------+
|     Layer     |    CLK     |   Rule   |
+---------------+------------+----------+
| Metal3 (z=3)  |          1 | default  |
+---------------+------------+----------+
Via Pillar Rule:
    None
*** CongRefineRouteType #1 [finish] (clock_opt_design #1) : cpu/real = 0:00:00.0/0:00:00.0 (1.3), totSession cpu/real = 0:04:09.4/0:26:50.2 (0.2), mem = 5466.4M
End: GigaOpt Route Type Constraints Refinement
*** SimplifyNetlist #1 [begin] (clock_opt_design #1) : totSession cpu/real = 0:04:09.5/0:26:50.3 (0.2), mem = 5466.4M
Info: 1 net with fixed/cover wires excluded.
Info: 1 clock net  excluded from IPO operation.

Netlist preparation processing... 
Removed 0 instance
*info: Marking 0 isolation instances dont touch
*info: Marking 0 level shifter instances dont touch
*** SimplifyNetlist #1 [finish] (clock_opt_design #1) : cpu/real = 0:00:00.4/0:00:00.4 (1.0), totSession cpu/real = 0:04:09.9/0:26:50.7 (0.2), mem = 5473.7M
*** ExcludedClockNetOpt #1 [begin] (clock_opt_design #1) : totSession cpu/real = 0:04:10.0/0:26:50.8 (0.2), mem = 5473.7M
*** Starting optimizing excluded clock nets MEM= 5473.7M) ***
*info: No excluded clock nets to be optimized.
*** Finished optimizing excluded clock nets (CPU Time= 0:00:00.0  MEM= 5473.7M) ***
*** ExcludedClockNetOpt #1 [finish] (clock_opt_design #1) : cpu/real = 0:00:00.0/0:00:00.0 (0.0), totSession cpu/real = 0:04:10.0/0:26:50.8 (0.2), mem = 5473.7M
*** ExcludedClockNetOpt #2 [begin] (clock_opt_design #1) : totSession cpu/real = 0:04:10.0/0:26:50.8 (0.2), mem = 5473.7M
*** Starting optimizing excluded clock nets MEM= 5473.7M) ***
*info: No excluded clock nets to be optimized.
*** Finished optimizing excluded clock nets (CPU Time= 0:00:00.0  MEM= 5473.7M) ***
*** ExcludedClockNetOpt #2 [finish] (clock_opt_design #1) : cpu/real = 0:00:00.0/0:00:00.0 (0.0), totSession cpu/real = 0:04:10.0/0:26:50.8 (0.2), mem = 5473.7M
Info: Done creating the CCOpt slew target map.
Begin: GigaOpt high fanout net optimization
*** DrvOpt #1 [begin] (clock_opt_design #1) : totSession cpu/real = 0:04:10.0/0:26:50.9 (0.2), mem = 5473.7M
Info: 1 net with fixed/cover wires excluded.
Info: 1 clock net  excluded from IPO operation.
	CornerforLayerOpt timing analysis view Best_CASE has been selected for calibration 
	CornerforLayerOpt timing analysis view Best_CASE has been selected for calibration 
	CornerforLayerOpt timing analysis view Best_CASE has been selected for calibration 
	CornerforLayerOpt timing analysis view Best_CASE has been selected for calibration 
	CornerforLayerOpt timing analysis view Best_CASE has been selected for calibration 
	CornerforLayerOpt timing analysis view Best_CASE has been selected for calibration 
	CornerforLayerOpt timing analysis view Best_CASE has been selected for calibration 
	CornerforLayerOpt timing analysis view Best_CASE has been selected for calibration 
*** DrvOpt #1 [finish] (clock_opt_design #1) : cpu/real = 0:00:00.2/0:00:00.2 (1.1), totSession cpu/real = 0:04:10.3/0:26:51.1 (0.2), mem = 5477.4M
End: GigaOpt high fanout net optimization
Number of setup views: 1
Begin: GigaOpt Global Optimization
*info: use new DP (enabled)
Info: 1 net with fixed/cover wires excluded.
Info: 1 clock net  excluded from IPO operation.
*** GlobalOpt #1 [begin] (clock_opt_design #1) : totSession cpu/real = 0:04:10.3/0:26:51.1 (0.2), mem = 5477.4M
*info: 1 clock net excluded
*info: 26 no-driver nets excluded.
*info: 1 net with fixed/cover wires excluded.
** GigaOpt Global Opt WNS Slack -0.165  TNS Slack -0.366 
+--------+--------+---------+------------+--------+----------+---------+---------------------------------+
|  WNS   |  TNS   | Density |    Real    |  Mem   |Worst View|Pathgroup|            End Point            |
+--------+--------+---------+------------+--------+----------+---------+---------------------------------+
|  -0.165|  -0.366|   90.76%|   0:00:00.0| 5952.1M|WORST_CASE|  reg2reg| OGF_R3_reg/D                    |
|  -0.165|  -0.366|   90.76%|   0:00:00.0| 6129.8M|WORST_CASE|  reg2reg| OGF_R3_reg/D                    |
|  -0.165|  -0.366|   90.76%|   0:00:00.0| 6129.8M|WORST_CASE|  reg2reg| OGF_R3_reg/D                    |
|  -0.165|  -0.366|   90.76%|   0:00:00.0| 6129.8M|WORST_CASE|  reg2reg| OGF_R3_reg/D                    |
|  -0.085|  -0.157|   90.89%|   0:00:00.0| 6136.8M|WORST_CASE|  default| z_p                             |
|  -0.085|  -0.157|   90.89%|   0:00:00.0| 6143.8M|WORST_CASE|  default| z_p                             |
|  -0.085|  -0.157|   90.89%|   0:00:00.0| 6144.8M|WORST_CASE|  default| z_p                             |
|  -0.085|  -0.157|   90.89%|   0:00:00.0| 6144.8M|WORST_CASE|  default| z_p                             |
|  -0.085|  -0.157|   90.89%|   0:00:00.0| 6144.8M|WORST_CASE|  default| z_p                             |
|  -0.085|  -0.157|   90.94%|   0:00:00.0| 6166.8M|WORST_CASE|  default| z_p                             |
|  -0.085|  -0.157|   90.94%|   0:00:00.0| 6167.8M|WORST_CASE|  default| z_p                             |
|  -0.085|  -0.157|   90.94%|   0:00:00.0| 6167.8M|WORST_CASE|  default| z_p                             |
|  -0.085|  -0.157|   90.94%|   0:00:00.0| 6167.8M|WORST_CASE|  default| z_p                             |
|  -0.085|  -0.157|   90.94%|   0:00:00.0| 6167.8M|WORST_CASE|  default| z_p                             |
|  -0.085|  -0.157|   90.94%|   0:00:00.0| 6167.8M|WORST_CASE|  default| z_p                             |
|  -0.085|  -0.157|   90.94%|   0:00:00.0| 6167.8M|WORST_CASE|  default| z_p                             |
|  -0.085|  -0.157|   90.96%|   0:00:00.0| 6169.8M|WORST_CASE|  default| z_p                             |
|  -0.085|  -0.157|   90.96%|   0:00:00.0| 6170.8M|WORST_CASE|  default| z_p                             |
+--------+--------+---------+------------+--------+----------+---------+---------------------------------+

*** Finish post-CTS Global Setup Fixing (cpu=0:00:00.4 real=0:00:00.0 mem=6170.8M) ***

*** Finish post-CTS Setup Fixing (cpu=0:00:00.4 real=0:00:00.0 mem=6170.8M) ***
Bottom Preferred Layer:
+---------------+------------+----------+
|     Layer     |    CLK     |   Rule   |
+---------------+------------+----------+
| Metal3 (z=3)  |          1 | default  |
+---------------+------------+----------+
Via Pillar Rule:
    None
** GigaOpt Global Opt End WNS Slack -0.085  TNS Slack -0.157 
*** GlobalOpt #1 [finish] (clock_opt_design #1) : cpu/real = 0:00:00.9/0:00:00.6 (1.5), totSession cpu/real = 0:04:11.2/0:26:51.7 (0.2), mem = 5579.8M
End: GigaOpt Global Optimization
*** Timing NOT met, worst failing slack is -0.085
*** Check timing (0:00:00.0)
Info: 1 net with fixed/cover wires excluded.
Info: 1 clock net  excluded from IPO operation.
Begin: Area Reclaim Optimization
*** AreaOpt #1 [begin] (clock_opt_design #1) : totSession cpu/real = 0:04:11.4/0:26:51.9 (0.2), mem = 5969.5M
Reclaim Optimization WNS Slack -0.085  TNS Slack -0.157 Density 90.96
+---------+---------+--------+--------+------------+--------+
| Density | Commits |  WNS   |  TNS   |    Real    |  Mem   |
+---------+---------+--------+--------+------------+--------+
|   90.96%|        -|  -0.085|  -0.157|   0:00:00.0| 5971.5M|
|   90.81%|        4|  -0.085|  -0.157|   0:00:00.0| 6180.1M|
|   90.81%|        0|  -0.085|  -0.157|   0:00:00.0| 6180.1M|
|   90.68%|        3|  -0.085|  -0.157|   0:00:00.0| 6180.1M|
|   90.66%|        1|  -0.085|  -0.157|   0:00:00.0| 6180.1M|
|   90.66%|        0|  -0.085|  -0.157|   0:00:00.0| 6180.1M|
|   90.66%|        0|  -0.085|  -0.157|   0:00:00.0| 6180.1M|
+---------+---------+--------+--------+------------+--------+
Reclaim Optimization End WNS Slack -0.085  TNS Slack -0.157 Density 90.66
Bottom Preferred Layer:
+---------------+------------+----------+
|     Layer     |    CLK     |   Rule   |
+---------------+------------+----------+
| Metal3 (z=3)  |          1 | default  |
+---------------+------------+----------+
Via Pillar Rule:
    None

Number of times islegalLocAvaiable called = 0 skipped = 0, called in commitmove = 0, skipped in commitmove = 0
End: Core Area Reclaim Optimization (cpu = 0:00:00.5) (real = 0:00:01.0) **
*** AreaOpt #1 [finish] (clock_opt_design #1) : cpu/real = 0:00:00.5/0:00:00.4 (1.2), totSession cpu/real = 0:04:11.9/0:26:52.3 (0.2), mem = 6180.1M
Executing incremental physical updates
Executing incremental physical updates
End: Area Reclaim Optimization (cpu=0:00:01, real=0:00:01, mem=5632.12M, totSessionCpu=0:04:12).
Begin: GigaOpt Optimization in WNS mode
Info: 1 net with fixed/cover wires excluded.
Info: 1 clock net  excluded from IPO operation.
*** WnsOpt #1 [begin] (clock_opt_design #1) : totSession cpu/real = 0:04:12.0/0:26:52.4 (0.2), mem = 5632.1M
*info: 1 clock net excluded
*info: 26 no-driver nets excluded.
*info: 1 net with fixed/cover wires excluded.
** GigaOpt Optimizer WNS Slack -0.085 TNS Slack -0.157 Density 90.66
OptDebug: Start of Optimizer WNS Pass 0:
+----------+------+------+
|Path Group|   WNS|   TNS|
+----------+------+------+
|default   |-0.085|-0.085|
|reg2reg   |-0.072|-0.072|
|HEPG      |-0.072|-0.072|
|All Paths |-0.085|-0.157|
+----------+------+------+

CCOptDebug: Start of Optimizer WNS Pass 0: reg2reg* WNS -0.073ns TNS -; HEPG WNS -0.073ns TNS -; all paths WNS -0.085ns TNS -0.157ns; Real time 0:00:17.0
Active Path Group: reg2reg  
Info: initial physical memory for 9 CRR processes is 867.20MB.
+--------+---------+--------+---------+---------+------------+--------+----------+---------+---------------------------------+
|  WNS   | All WNS |  TNS   | All TNS | Density |    Real    |  Mem   |Worst View|Pathgroup|            End Point            |
+--------+---------+--------+---------+---------+------------+--------+----------+---------+---------------------------------+
|  -0.072|   -0.085|  -0.072|   -0.157|   90.66%|   0:00:00.0| 6059.8M|WORST_CASE|  reg2reg| OGF_R3_reg/D                    |
|   0.018|   -0.056|   0.000|   -0.056|   93.62%|   0:00:00.0| 6264.0M|WORST_CASE|  reg2reg| OGF_R3_reg/D                    |
|   0.033|   -0.042|   0.000|   -0.042|   94.14%|   0:00:01.0| 6268.0M|WORST_CASE|  reg2reg| OGF_R3_reg/D                    |
|   0.061|   -0.014|   0.000|   -0.014|   95.09%|   0:00:00.0| 6271.0M|WORST_CASE|  reg2reg| OGF_R3_reg/D                    |
|   0.061|   -0.014|   0.000|   -0.014|   95.09%|   0:00:00.0| 6271.0M|WORST_CASE|  reg2reg| OGF_R3_reg/D                    |
+--------+---------+--------+---------+---------+------------+--------+----------+---------+---------------------------------+

*** Finish Core Optimize Step (cpu=0:00:01.1 real=0:00:01.0 mem=6271.0M) ***
Active Path Group: default 
+--------+---------+--------+---------+---------+------------+--------+----------+---------+---------------------------------+
|  WNS   | All WNS |  TNS   | All TNS | Density |    Real    |  Mem   |Worst View|Pathgroup|            End Point            |
+--------+---------+--------+---------+---------+------------+--------+----------+---------+---------------------------------+
|  -0.014|   -0.014|  -0.014|   -0.014|   95.09%|   0:00:00.0| 6271.0M|WORST_CASE|  default| z_p                             |
|   0.001|    0.001|   0.000|    0.000|   94.83%|   0:00:00.0| 6287.0M|WORST_CASE|  default| z_p                             |
|   0.001|    0.001|   0.000|    0.000|   95.20%|   0:00:00.0| 6288.0M|WORST_CASE|  default| z_p                             |
+--------+---------+--------+---------+---------+------------+--------+----------+---------+---------------------------------+

*** Finish Core Optimize Step (cpu=0:00:01.4 real=0:00:00.0 mem=6288.0M) ***

*** Finished Optimize Step Cumulative (cpu=0:00:02.7 real=0:00:06.0 mem=6288.0M) ***
OptDebug: End of Optimizer WNS Pass 0:
+----------+-----+-----+
|Path Group|  WNS|  TNS|
+----------+-----+-----+
|default   |0.001|0.000|
|reg2reg   |0.068|0.000|
|HEPG      |0.068|0.000|
|All Paths |0.001|0.000|
+----------+-----+-----+

CCOptDebug: End of Optimizer WNS Pass 0: reg2reg* WNS 0.068ns TNS -; HEPG WNS 0.068ns TNS -; all paths WNS 0.001ns TNS 0.000ns; Real time 0:00:23.0
** GigaOpt Optimizer WNS Slack 0.001 TNS Slack 0.000 Density 95.20
Begin: Area Reclaim Optimization
*** AreaOpt #2 [begin] (WnsOpt #1 / clock_opt_design #1) : totSession cpu/real = 0:04:15.3/0:26:58.7 (0.2), mem = 6288.0M
Reclaim Optimization WNS Slack 0.001  TNS Slack 0.000 Density 95.20
+---------+---------+--------+--------+------------+--------+
| Density | Commits |  WNS   |  TNS   |    Real    |  Mem   |
+---------+---------+--------+--------+------------+--------+
|   95.20%|        -|   0.001|   0.000|   0:00:00.0| 6288.0M|
|   95.20%|        0|   0.001|   0.000|   0:00:00.0| 6288.0M|
|   94.61%|        8|   0.011|   0.000|   0:00:00.0| 6288.0M|
|   94.61%|        0|   0.011|   0.000|   0:00:00.0| 6288.0M|
+---------+---------+--------+--------+------------+--------+
Reclaim Optimization End WNS Slack 0.011  TNS Slack 0.000 Density 94.61
Bottom Preferred Layer:
+---------------+------------+----------+
|     Layer     |    CLK     |   Rule   |
+---------------+------------+----------+
| Metal3 (z=3)  |          1 | default  |
+---------------+------------+----------+
Via Pillar Rule:
    None

Number of times islegalLocAvaiable called = 19 skipped = 0, called in commitmove = 8, skipped in commitmove = 0
End: Core Area Reclaim Optimization (cpu = 0:00:00.2) (real = 0:00:00.0) **
*** AreaOpt #2 [finish] (WnsOpt #1 / clock_opt_design #1) : cpu/real = 0:00:00.2/0:00:00.1 (1.4), totSession cpu/real = 0:04:15.5/0:26:58.8 (0.2), mem = 6288.0M
End: Area Reclaim Optimization (cpu=0:00:00, real=0:00:00, mem=6287.98M, totSessionCpu=0:04:15).
*** Starting refinePlace (0:04:16 mem=6288.0M) ***
Total net bbox length = 5.752e+03 (2.941e+03 2.811e+03) (ext = 2.189e+03)
Max route layer is changed from 127 to 11 because there is no routing track above this layer
Max route layer is changed from 127 to 11 because there is no routing track above this layer

Starting Small incrNP...
Density distribution unevenness ratio = 2.560%

Density distribution unevenness ratio = 0.929%
Move report: incrNP moves 467 insts, mean move: 2.27 um, max move: 8.53 um 
	Max move on inst (FE_OFC16_n_143): (28.20, 40.09) --> (31.60, 45.22)
Finished incrNP (cpu=0:00:00.6, real=0:00:01.0, mem=6290.4M)
End of Small incrNP (cpu=0:00:00.6, real=0:00:01.0)
Max route layer is changed from 127 to 11 because there is no routing track above this layer
Max route layer is changed from 127 to 11 because there is no routing track above this layer
Move report: Detail placement moves 338 insts, mean move: 0.76 um, max move: 3.71 um 
	Max move on inst (g7035__2346): (31.80, 48.64) --> (33.80, 46.93)
	Runtime: CPU: 0:00:00.0 REAL: 0:00:00.0 MEM: 6258.4MB
Summary Report:
Instances move: 464 (out of 488 movable)
Instances flipped: 16
Mean displacement: 2.53 um
Max displacement: 8.33 um (Instance: FE_OFC16_n_143) (28.2, 40.09) -> (31.4, 45.22)
	Length: 2 sites, height: 1 rows, site name: CoreSite, cell type: INVXL
Physical-only instances move: 0 (out of 0 movable physical-only)
Total net bbox length = 5.813e+03 (2.976e+03 2.837e+03) (ext = 2.197e+03)
Runtime: CPU: 0:00:00.6 REAL: 0:00:01.0 MEM: 6258.4MB
*** Finished refinePlace (0:04:16 mem=6258.4M) ***
*** maximum move = 8.33 um ***
*** Finished re-routing un-routed nets (6258.4M) ***

*** Finish Physical Update (cpu=0:00:00.6 real=0:00:01.0 mem=6290.4M) ***
** GigaOpt Optimizer WNS Slack 0.011 TNS Slack 0.000 Density 94.61
OptDebug: Start of Optimizer WNS Pass 1:
+----------+-----+-----+
|Path Group|  WNS|  TNS|
+----------+-----+-----+
|default   |0.011|0.000|
|reg2reg   |0.053|0.000|
|HEPG      |0.053|0.000|
|All Paths |0.011|0.000|
+----------+-----+-----+

CCOptDebug: Start of Optimizer WNS Pass 1: reg2reg* WNS 0.053ns TNS -; HEPG WNS 0.053ns TNS -; all paths WNS 0.011ns TNS 0.000ns; Real time 0:00:24.0
Active Path Group: default 
+--------+---------+--------+---------+---------+------------+--------+----------+---------+---------------------------------+
|  WNS   | All WNS |  TNS   | All TNS | Density |    Real    |  Mem   |Worst View|Pathgroup|            End Point            |
+--------+---------+--------+---------+---------+------------+--------+----------+---------+---------------------------------+
|   0.011|    0.011|   0.000|    0.000|   94.61%|   0:00:00.0| 6290.4M|WORST_CASE|  default| z_p                             |
|   0.031|    0.031|   0.000|    0.000|   95.09%|   0:00:00.0| 6290.4M|WORST_CASE|  default| z_p                             |
|   0.034|    0.034|   0.000|    0.000|   95.00%|   0:00:00.0| 6298.4M|WORST_CASE|  default| z_p                             |
|   0.034|    0.034|   0.000|    0.000|   95.00%|   0:00:00.0| 6298.4M|WORST_CASE|  default| z_p                             |
+--------+---------+--------+---------+---------+------------+--------+----------+---------+---------------------------------+

*** Finish Core Optimize Step (cpu=0:00:01.7 real=0:00:00.0 mem=6298.4M) ***

*** Finished Optimize Step Cumulative (cpu=0:00:01.7 real=0:00:00.0 mem=6298.4M) ***
OptDebug: End of Optimizer WNS Pass 1:
+----------+-----+-----+
|Path Group|  WNS|  TNS|
+----------+-----+-----+
|default   |0.034|0.000|
|reg2reg   |0.068|0.000|
|HEPG      |0.068|0.000|
|All Paths |0.034|0.000|
+----------+-----+-----+

CCOptDebug: End of Optimizer WNS Pass 1: reg2reg* WNS 0.068ns TNS -; HEPG WNS 0.068ns TNS -; all paths WNS 0.034ns TNS 0.000ns; Real time 0:00:24.0
** GigaOpt Optimizer WNS Slack 0.034 TNS Slack 0.000 Density 95.00
Begin: Area Reclaim Optimization
*** AreaOpt #3 [begin] (WnsOpt #1 / clock_opt_design #1) : totSession cpu/real = 0:04:18.0/0:26:59.7 (0.2), mem = 6298.4M
Reclaim Optimization WNS Slack 0.034  TNS Slack 0.000 Density 95.00
+---------+---------+--------+--------+------------+--------+
| Density | Commits |  WNS   |  TNS   |    Real    |  Mem   |
+---------+---------+--------+--------+------------+--------+
|   95.00%|        -|   0.034|   0.000|   0:00:00.0| 6298.4M|
|   94.96%|        1|   0.034|   0.000|   0:00:00.0| 6298.4M|
|   94.81%|        1|   0.034|   0.000|   0:00:00.0| 6298.4M|
|   94.81%|        0|   0.034|   0.000|   0:00:00.0| 6298.4M|
+---------+---------+--------+--------+------------+--------+
Reclaim Optimization End WNS Slack 0.034  TNS Slack 0.000 Density 94.81
Bottom Preferred Layer:
+---------------+------------+----------+
|     Layer     |    CLK     |   Rule   |
+---------------+------------+----------+
| Metal3 (z=3)  |          1 | default  |
+---------------+------------+----------+
Via Pillar Rule:
    None

Number of times islegalLocAvaiable called = 9 skipped = 0, called in commitmove = 1, skipped in commitmove = 0
End: Core Area Reclaim Optimization (cpu = 0:00:00.1) (real = 0:00:00.0) **
*** AreaOpt #3 [finish] (WnsOpt #1 / clock_opt_design #1) : cpu/real = 0:00:00.1/0:00:00.1 (1.6), totSession cpu/real = 0:04:18.1/0:26:59.8 (0.2), mem = 6298.4M
End: Area Reclaim Optimization (cpu=0:00:00, real=0:00:00, mem=6298.39M, totSessionCpu=0:04:18).
*** Starting refinePlace (0:04:18 mem=6298.4M) ***
Total net bbox length = 5.834e+03 (2.991e+03 2.843e+03) (ext = 2.198e+03)
Max route layer is changed from 127 to 11 because there is no routing track above this layer
Max route layer is changed from 127 to 11 because there is no routing track above this layer

Starting Small incrNP...
Density distribution unevenness ratio = 1.398%
Skipped incrNP (cpu=0:00:00.0, real=0:00:00.0, mem=6298.4M)
End of Small incrNP (cpu=0:00:00.0, real=0:00:00.0)
Max route layer is changed from 127 to 11 because there is no routing track above this layer
Max route layer is changed from 127 to 11 because there is no routing track above this layer
Move report: Detail placement moves 110 insts, mean move: 1.02 um, max move: 10.11 um 
	Max move on inst (g7159): (36.00, 43.51) --> (44.40, 41.80)
	Runtime: CPU: 0:00:00.0 REAL: 0:00:00.0 MEM: 6271.4MB
Summary Report:
Instances move: 110 (out of 487 movable)
Instances flipped: 185
Mean displacement: 1.02 um
Max displacement: 10.11 um (Instance: g7159) (36, 43.51) -> (44.4, 41.8)
	Length: 2 sites, height: 1 rows, site name: CoreSite, cell type: INVX1
Physical-only instances move: 0 (out of 0 movable physical-only)
Total net bbox length = 5.918e+03 (3.055e+03 2.863e+03) (ext = 2.192e+03)
Runtime: CPU: 0:00:00.0 REAL: 0:00:00.0 MEM: 6271.4MB
*** Finished refinePlace (0:04:18 mem=6271.4M) ***
*** maximum move = 10.11 um ***
*** Finished re-routing un-routed nets (6266.4M) ***

*** Finish Physical Update (cpu=0:00:00.1 real=0:00:00.0 mem=6299.4M) ***
** GigaOpt Optimizer WNS Slack 0.034 TNS Slack 0.000 Density 94.81
OptDebug: End of Setup Fixing:
+----------+-----+-----+
|Path Group|  WNS|  TNS|
+----------+-----+-----+
|default   |0.034|0.000|
|reg2reg   |0.068|0.000|
|HEPG      |0.068|0.000|
|All Paths |0.034|0.000|
+----------+-----+-----+

Bottom Preferred Layer:
+---------------+------------+----------+
|     Layer     |    CLK     |   Rule   |
+---------------+------------+----------+
| Metal3 (z=3)  |          1 | default  |
+---------------+------------+----------+
Via Pillar Rule:
    None

*** Finish post-CTS Setup Fixing (cpu=0:00:05.9 real=0:00:07.0 mem=6299.4M) ***

*** WnsOpt #1 [finish] (clock_opt_design #1) : cpu/real = 0:00:06.4/0:00:07.6 (0.8), totSession cpu/real = 0:04:18.4/0:27:00.0 (0.2), mem = 5720.4M
End: GigaOpt Optimization in WNS mode
Info: 1 net with fixed/cover wires excluded.
Info: 1 clock net  excluded from IPO operation.
Begin: Area Reclaim Optimization
*** AreaOpt #4 [begin] (clock_opt_design #1) : totSession cpu/real = 0:04:18.6/0:27:00.2 (0.2), mem = 6106.2M
Reclaim Optimization WNS Slack 0.034  TNS Slack 0.000 Density 94.81
+---------+---------+--------+--------+------------+--------+
| Density | Commits |  WNS   |  TNS   |    Real    |  Mem   |
+---------+---------+--------+--------+------------+--------+
|   94.81%|        -|   0.034|   0.000|   0:00:00.0| 6112.2M|
|   94.81%|        0|   0.034|   0.000|   0:00:00.0| 6131.3M|
|   94.81%|        0|   0.034|   0.000|   0:00:00.0| 6131.3M|
|   94.81%|        0|   0.034|   0.000|   0:00:00.0| 6131.3M|
|   94.79%|        1|   0.036|   0.000|   0:00:00.0| 6226.6M|
|   94.79%|        0|   0.036|   0.000|   0:00:00.0| 6226.6M|
|   94.79%|        0|   0.036|   0.000|   0:00:00.0| 6226.6M|
+---------+---------+--------+--------+------------+--------+
Reclaim Optimization End WNS Slack 0.036  TNS Slack 0.000 Density 94.79
Bottom Preferred Layer:
+---------------+------------+----------+
|     Layer     |    CLK     |   Rule   |
+---------------+------------+----------+
| Metal3 (z=3)  |          1 | default  |
+---------------+------------+----------+
Via Pillar Rule:
    None

Number of times islegalLocAvaiable called = 4 skipped = 0, called in commitmove = 1, skipped in commitmove = 0
End: Core Area Reclaim Optimization (cpu = 0:00:00.4) (real = 0:00:00.0) **
*** Starting refinePlace (0:04:19 mem=6226.6M) ***
Total net bbox length = 5.917e+03 (3.055e+03 2.862e+03) (ext = 2.192e+03)
Max route layer is changed from 127 to 11 because there is no routing track above this layer
Max route layer is changed from 127 to 11 because there is no routing track above this layer
Max route layer is changed from 127 to 11 because there is no routing track above this layer
Move report: Detail placement moves 0 insts, mean move: 0.00 um, max move: 0.00 um 
	Runtime: CPU: 0:00:00.0 REAL: 0:00:00.0 MEM: 6194.6MB
Summary Report:
Instances move: 0 (out of 487 movable)
Instances flipped: 0
Mean displacement: 0.00 um
Max displacement: 0.00 um 
Physical-only instances move: 0 (out of 0 movable physical-only)
Total net bbox length = 5.917e+03 (3.055e+03 2.862e+03) (ext = 2.192e+03)
Runtime: CPU: 0:00:00.0 REAL: 0:00:00.0 MEM: 6194.6MB
*** Finished refinePlace (0:04:19 mem=6194.6M) ***
*** maximum move = 0.00 um ***
*** Finished re-routing un-routed nets (6194.6M) ***

*** Finish Physical Update (cpu=0:00:00.1 real=0:00:00.0 mem=6226.6M) ***
*** AreaOpt #4 [finish] (clock_opt_design #1) : cpu/real = 0:00:00.5/0:00:00.4 (1.2), totSession cpu/real = 0:04:19.1/0:27:00.6 (0.2), mem = 6226.6M
End: Area Reclaim Optimization (cpu=0:00:00, real=0:00:00, mem=5723.64M, totSessionCpu=0:04:19).
*** LocalWireReclaim #1 [begin] (clock_opt_design #1) : totSession cpu/real = 0:04:19.2/0:27:00.7 (0.2), mem = 5723.6M
Starting local wire reclaim
*** Starting refinePlace (0:04:19 mem=5723.6M) ***
Max route layer is changed from 127 to 11 because there is no routing track above this layer
Max route layer is changed from 127 to 11 because there is no routing track above this layer
Max route layer is changed from 127 to 11 because there is no routing track above this layer
*** Finished SKP initialization (cpu=0:00:00.3, real=0:00:00.0)***
Timing cost in AAE based: 2390.2275187730128891
Max route layer is changed from 127 to 11 because there is no routing track above this layer
Max route layer is changed from 127 to 11 because there is no routing track above this layer
Call icdpEval cleanup ...
Move report: Detail placement moves 88 insts, mean move: 2.85 um, max move: 16.95 um 
	Max move on inst (g7120): (39.80, 36.67) --> (31.40, 45.22)
	Runtime: CPU: 0:00:00.5 REAL: 0:00:00.0 MEM: 5691.6MB
Summary Report:
Instances move: 88 (out of 487 movable)
Instances flipped: 0
Mean displacement: 2.85 um
Max displacement: 16.95 um (Instance: g7120) (39.8, 36.67) -> (31.4, 45.22)
	Length: 2 sites, height: 1 rows, site name: CoreSite, cell type: INVXL
Physical-only instances move: 0 (out of 0 movable physical-only)
Runtime: CPU: 0:00:00.5 REAL: 0:00:00.0 MEM: 5691.6MB
*** Finished refinePlace (0:04:20 mem=5691.6M) ***
*** LocalWireReclaim #1 [finish] (clock_opt_design #1) : cpu/real = 0:00:00.5/0:00:00.3 (1.5), totSession cpu/real = 0:04:19.7/0:27:01.1 (0.2), mem = 5691.6M
AAE_INFO: opIsDesignInPostRouteState() is 0
#################################################################################
# Design Stage: PreRoute
# Design Name: Main
# Design Mode: 45nm
# Analysis Mode: MMMC Non-OCV 
# Parasitics Mode: No SPEF/RCDB 
# Signoff Settings: SI Off 
#################################################################################
Calculate delays in BcWc mode...
Start delay calculation (fullDC) (8 T). (MEM=3677.01)
Total number of fetched objects 581
End delay calculation. (MEM=3699.88 CPU=0:00:00.1 REAL=0:00:00.0)
End delay calculation (fullDC). (MEM=3699.88 CPU=0:00:00.1 REAL=0:00:00.0)
eGR doReRoute: optGuide
Max route layer is changed from 127 to 11 because there is no routing track above this layer
Max route layer is changed from 127 to 11 because there is no routing track above this layer
[NR-eGR] Early global route reroute all routable nets
[NR-eGR] Track table information for default rule: 
[NR-eGR] Metal1 has single uniform track structure
[NR-eGR] Metal2 has single uniform track structure
[NR-eGR] Metal3 has single uniform track structure
[NR-eGR] Metal4 has single uniform track structure
[NR-eGR] Metal5 has single uniform track structure
[NR-eGR] Metal6 has single uniform track structure
[NR-eGR] Metal7 has single uniform track structure
[NR-eGR] Metal8 has single uniform track structure
[NR-eGR] Metal9 has single uniform track structure
[NR-eGR] Metal10 has single uniform track structure
[NR-eGR] Metal11 has single uniform track structure
[NR-eGR] Read 840 PG shapes
[NR-eGR] Read 0 clock shapes
[NR-eGR] Read 0 other shapes
[NR-eGR] #Routing Blockages  : 0
[NR-eGR] #Instance Blockages : 0
[NR-eGR] #PG Blockages       : 840
[NR-eGR] #Halo Blockages     : 0
[NR-eGR] #Boundary Blockages : 0
[NR-eGR] #Clock Blockages    : 0
[NR-eGR] #Other Blockages    : 0
[NR-eGR] #prerouted nets         : 1
[NR-eGR] #prerouted special nets : 0
[NR-eGR] #prerouted wires        : 234
[NR-eGR] Read 581 nets ( ignored 1 )
[NR-eGR] ============ Routing rule table ============
[NR-eGR] Rule id: 0  Nets: 580
[NR-eGR] ========================================
[NR-eGR] 
[NR-eGR] Layer group 1: route 580 net(s) in layer range [2, 11]
[NR-eGR] Early Global Route overflow of layer group 1: 0.00% H + 0.00% V. EstWL: 6.352650e+03um
[NR-eGR] Congestion Analysis By layer: (blocked Gcells are excluded) 
[NR-eGR]                        OverCon            
[NR-eGR]                         #Gcell     %Gcell
[NR-eGR]        Layer             (1-0)    OverCon
[NR-eGR] ----------------------------------------------
[NR-eGR]  Metal1 ( 1)         0( 0.00%)   ( 0.00%) 
[NR-eGR]  Metal2 ( 2)         0( 0.00%)   ( 0.00%) 
[NR-eGR]  Metal3 ( 3)         0( 0.00%)   ( 0.00%) 
[NR-eGR]  Metal4 ( 4)         0( 0.00%)   ( 0.00%) 
[NR-eGR]  Metal5 ( 5)         0( 0.00%)   ( 0.00%) 
[NR-eGR]  Metal6 ( 6)         0( 0.00%)   ( 0.00%) 
[NR-eGR]  Metal7 ( 7)         0( 0.00%)   ( 0.00%) 
[NR-eGR]  Metal8 ( 8)         0( 0.00%)   ( 0.00%) 
[NR-eGR]  Metal9 ( 9)         0( 0.00%)   ( 0.00%) 
[NR-eGR] Metal10 (10)         0( 0.00%)   ( 0.00%) 
[NR-eGR] Metal11 (11)         0( 0.00%)   ( 0.00%) 
[NR-eGR] ----------------------------------------------
[NR-eGR]        Total         0( 0.00%)   ( 0.00%) 
[NR-eGR] 
[NR-eGR] Overflow after Early Global Route 0.00% H + 0.00% V
[NR-eGR] Connected 0 must-join pins/ports (post-process)
[NR-eGR] Total eGR-routed clock nets wire length: 0um, number of vias: 0
[NR-eGR] --------------------------------------------------------------------------
[NR-eGR]                  Length (um)  Vias 
[NR-eGR] -----------------------------------
[NR-eGR]  Metal1   (1H)             0  1869 
[NR-eGR]  Metal2   (2V)          3054  2707 
[NR-eGR]  Metal3   (3H)          3393   194 
[NR-eGR]  Metal4   (4V)           547    31 
[NR-eGR]  Metal5   (5H)           100     0 
[NR-eGR]  Metal6   (6V)             0     0 
[NR-eGR]  Metal7   (7H)             0     0 
[NR-eGR]  Metal8   (8V)             0     0 
[NR-eGR]  Metal9   (9H)             0     0 
[NR-eGR]  Metal10  (10V)            0     0 
[NR-eGR]  Metal11  (11H)            0     0 
[NR-eGR] -----------------------------------
[NR-eGR]           Total         7094  4801 
[NR-eGR] --------------------------------------------------------------------------
[NR-eGR] Total half perimeter of net bounding box: 5846um
[NR-eGR] Total length: 7094um, number of vias: 4801
[NR-eGR] --------------------------------------------------------------------------
[NR-eGR] Finished Early Global Route kernel ( CPU: 0.10 sec, Real: 0.06 sec, Curr Mem: 5.28 MB )
[NR-eGR] Finished Early Global Route ( CPU: 0.10 sec, Real: 0.06 sec, Curr Mem: 5.28 MB )
Extraction called for design 'Main' of instances=487 and nets=627 using extraction engine 'preRoute' .
PreRoute RC Extraction called for design Main.
RC Extraction called in multi-corner(2) mode.
RCMode: PreRoute
      RC Corner Indexes            0       1   
Capacitance Scaling Factor   : 1.00000 1.00000 
Resistance Scaling Factor    : 1.00000 1.00000 
Clock Cap. Scaling Factor    : 1.00000 1.00000 
Clock Res. Scaling Factor    : 1.00000 1.00000 
Shrink Factor                : 1.00000
PreRoute extraction is honoring NDR/Shielding/ExtraSpace for clock nets.
Using Quantus QRC technology file ...
Updating RC Grid density data for preRoute extraction ...
Initializing multi-corner resistance tables ...
PreRoute RC Extraction DONE (CPU Time: 0:00:00.0  Real Time: 0:00:00.0  MEM: 5538.660M)
Compute RC Scale Done ...
[hotspot] +------------+---------------+---------------+
[hotspot] |            |   max hotspot | total hotspot |
[hotspot] +------------+---------------+---------------+
[hotspot] | normalized |          0.00 |          0.00 |
[hotspot] +------------+---------------+---------------+
Local HotSpot Analysis: normalized max congestion hotspot area = 0.00, normalized total congestion hotspot area = 0.00 (area is in unit of 4 std-cell row bins)
Begin: GigaOpt Route Type Constraints Refinement
*** CongRefineRouteType #2 [begin] (clock_opt_design #1) : totSession cpu/real = 0:04:20.4/0:27:01.6 (0.2), mem = 5538.7M
Updated routing constraints on 0 nets.
Bottom Preferred Layer:
+---------------+------------+----------+
|     Layer     |    CLK     |   Rule   |
+---------------+------------+----------+
| Metal3 (z=3)  |          1 | default  |
+---------------+------------+----------+
Via Pillar Rule:
    None
*** CongRefineRouteType #2 [finish] (clock_opt_design #1) : cpu/real = 0:00:00.0/0:00:00.0 (0.0), totSession cpu/real = 0:04:20.4/0:27:01.6 (0.2), mem = 5538.7M
End: GigaOpt Route Type Constraints Refinement
skip EGR on cluster skew clock nets.
Starting delay calculation for Setup views
AAE_INFO: opIsDesignInPostRouteState() is 0
#################################################################################
# Design Stage: PreRoute
# Design Name: Main
# Design Mode: 45nm
# Analysis Mode: MMMC Non-OCV 
# Parasitics Mode: No SPEF/RCDB 
# Signoff Settings: SI Off 
#################################################################################
Calculate delays in BcWc mode...
Start delay calculation (fullDC) (8 T). (MEM=3651)
Total number of fetched objects 581
End delay calculation. (MEM=3678.17 CPU=0:00:00.1 REAL=0:00:00.0)
End delay calculation (fullDC). (MEM=3678.17 CPU=0:00:00.1 REAL=0:00:00.0)
*** Done Building Timing Graph (cpu=0:00:00.3 real=0:00:00.0 totSessionCpu=0:04:21 mem=6024.3M)
Begin: GigaOpt postEco DRV Optimization
*** DrvOpt #2 [begin] (clock_opt_design #1) : totSession cpu/real = 0:04:20.9/0:27:01.9 (0.2), mem = 6024.3M
Info: 1 net with fixed/cover wires excluded.
Info: 1 clock net  excluded from IPO operation.
**ERROR: (IMPSP-365):	Design has inst(s) with SITE 'CoreSiteDouble', but the floorplan has no rows defined for this site. Any locations found for such insts will be illegal; create rows for this site to avoid this.
	CornerforLayerOpt timing analysis view Best_CASE has been selected for calibration 
	CornerforLayerOpt timing analysis view Best_CASE has been selected for calibration 
	CornerforLayerOpt timing analysis view Best_CASE has been selected for calibration 
	CornerforLayerOpt timing analysis view Best_CASE has been selected for calibration 
	CornerforLayerOpt timing analysis view Best_CASE has been selected for calibration 
	CornerforLayerOpt timing analysis view Best_CASE has been selected for calibration 
	CornerforLayerOpt timing analysis view Best_CASE has been selected for calibration 
	CornerforLayerOpt timing analysis view Best_CASE has been selected for calibration 
+-------------------------------------------------------------------------------------------------------------------------------------------------------+
|        max-tran       |        max-cap        |  max-fanout |  max-length |       setup       |        |        |        |       |          |         |
+-------------------------------------------------------------------------------------------------------------------------------------------------------+
| nets | terms|  wViol  | nets | terms|  wViol  | nets | terms| nets | terms|   WNS   |   TNS   |  #Buf  |  #Inv  | #Resize|Density|   Real   |   Mem   |
+-------------------------------------------------------------------------------------------------------------------------------------------------------+
|     1|     2|    -0.01|     0|     0|     0.00|     0|     0|     0|     0|    -0.02|    -0.02|       0|       0|       0| 94.79%|          |         |
|     0|     0|     0.00|     0|     0|     0.00|     0|     0|     0|     0|    -0.02|    -0.02|       1|       0|       0| 94.90%| 0:00:00.0|  6204.3M|
|     0|     0|     0.00|     0|     0|     0.00|     0|     0|     0|     0|    -0.02|    -0.02|       0|       0|       0| 94.90%| 0:00:00.0|  6204.3M|
+-------------------------------------------------------------------------------------------------------------------------------------------------------+
Bottom Preferred Layer:
+---------------+------------+----------+
|     Layer     |    CLK     |   Rule   |
+---------------+------------+----------+
| Metal3 (z=3)  |          1 | default  |
+---------------+------------+----------+
Via Pillar Rule:
    None

*** Finish DRV Fixing (cpu=0:00:00.0 real=0:00:00.0 mem=6204.3M) ***

*** DrvOpt #2 [finish] (clock_opt_design #1) : cpu/real = 0:00:00.3/0:00:00.3 (1.1), totSession cpu/real = 0:04:21.1/0:27:02.2 (0.2), mem = 5608.3M
End: GigaOpt postEco DRV Optimization
GigaOpt: WNS changes after postEco optimization: 0.000 -> -0.003 (bump = 0.003)
GigaOpt: Skipping nonLegal postEco optimization
Design TNS changes after trial route: 0.000 -> -0.024
Begin: GigaOpt TNS non-legal recovery
Info: 1 net with fixed/cover wires excluded.
Info: 1 clock net  excluded from IPO operation.
*** TnsOpt #1 [begin] (clock_opt_design #1) : totSession cpu/real = 0:04:21.3/0:27:02.3 (0.2), mem = 5608.3M
*info: 1 clock net excluded
*info: 26 no-driver nets excluded.
*info: 1 net with fixed/cover wires excluded.
** GigaOpt Optimizer WNS Slack -0.024 TNS Slack -0.024 Density 94.90
OptDebug: Start of Optimizer TNS Pass:
+----------+------+------+
|Path Group|   WNS|   TNS|
+----------+------+------+
|default   |-0.024|-0.024|
|reg2reg   |-0.001|-0.001|
|HEPG      |-0.001|-0.001|
|All Paths |-0.024|-0.024|
+----------+------+------+

CCOptDebug: Start of Optimizer TNS Pass: reg2reg* WNS -0.001ns TNS -; HEPG WNS -0.001ns TNS -; all paths WNS -0.023ns TNS -0.024ns; Real time 0:00:27.0
Active Path Group: reg2reg  
+--------+---------+--------+---------+---------+------------+--------+----------+---------+---------------------------------+
|  WNS   | All WNS |  TNS   | All TNS | Density |    Real    |  Mem   |Worst View|Pathgroup|            End Point            |
+--------+---------+--------+---------+---------+------------+--------+----------+---------+---------------------------------+
|  -0.001|   -0.024|  -0.001|   -0.024|   94.90%|   0:00:00.0| 6034.0M|WORST_CASE|  reg2reg| OGF_R3_reg/D                    |
|  -0.001|   -0.024|  -0.001|   -0.024|   94.90%|   0:00:00.0| 6207.6M|WORST_CASE|  reg2reg| OGF_R3_reg/D                    |
+--------+---------+--------+---------+---------+------------+--------+----------+---------+---------------------------------+

*** Finish Core Optimize Step (cpu=0:00:00.5 real=0:00:00.0 mem=6207.6M) ***
Active Path Group: default 
+--------+---------+--------+---------+---------+------------+--------+----------+---------+---------------------------------+
|  WNS   | All WNS |  TNS   | All TNS | Density |    Real    |  Mem   |Worst View|Pathgroup|            End Point            |
+--------+---------+--------+---------+---------+------------+--------+----------+---------+---------------------------------+
|  -0.024|   -0.024|  -0.024|   -0.024|   94.90%|   0:00:00.0| 6207.6M|WORST_CASE|  default| z_p                             |
|  -0.024|   -0.024|  -0.024|   -0.024|   94.90%|   0:00:00.0| 6207.6M|WORST_CASE|  default| z_p                             |
+--------+---------+--------+---------+---------+------------+--------+----------+---------+---------------------------------+

*** Finish Core Optimize Step (cpu=0:00:00.1 real=0:00:00.0 mem=6207.6M) ***

*** Finished Optimize Step Cumulative (cpu=0:00:00.6 real=0:00:00.0 mem=6207.6M) ***
OptDebug: End of Optimizer TNS Pass:
+----------+------+------+
|Path Group|   WNS|   TNS|
+----------+------+------+
|default   |-0.024|-0.024|
|reg2reg   |-0.001|-0.001|
|HEPG      |-0.001|-0.001|
|All Paths |-0.024|-0.024|
+----------+------+------+

CCOptDebug: End of Optimizer TNS Pass: reg2reg* WNS -0.001ns TNS -; HEPG WNS -0.001ns TNS -; all paths WNS -0.023ns TNS -0.024ns; Real time 0:00:27.0
OptDebug: End of Setup Fixing:
+----------+------+------+
|Path Group|   WNS|   TNS|
+----------+------+------+
|default   |-0.024|-0.024|
|reg2reg   |-0.001|-0.001|
|HEPG      |-0.001|-0.001|
|All Paths |-0.024|-0.024|
+----------+------+------+

Bottom Preferred Layer:
+---------------+------------+----------+
|     Layer     |    CLK     |   Rule   |
+---------------+------------+----------+
| Metal3 (z=3)  |          1 | default  |
+---------------+------------+----------+
Via Pillar Rule:
    None

*** Finish post-CTS Setup Fixing (cpu=0:00:00.8 real=0:00:00.0 mem=6207.6M) ***

*** TnsOpt #1 [finish] (clock_opt_design #1) : cpu/real = 0:00:00.9/0:00:00.6 (1.6), totSession cpu/real = 0:04:22.2/0:27:02.9 (0.2), mem = 5648.6M
End: GigaOpt TNS non-legal recovery
VT info 11.992853621 9
**WARN: (IMPOPT-7293):	Vt partitioning has found only one partition, so aborting this LEF Safe optimization step. Please run report_power -leakage to get more info on the Vt partition created.
Register exp ratio and priority group on 0 nets on 582 nets : 

Active setup views:
 WORST_CASE
  Dominating endpoints: 0
  Dominating TNS: -0.000

Extraction called for design 'Main' of instances=488 and nets=628 using extraction engine 'preRoute' .
PreRoute RC Extraction called for design Main.
RC Extraction called in multi-corner(2) mode.
RCMode: PreRoute
      RC Corner Indexes            0       1   
Capacitance Scaling Factor   : 1.00000 1.00000 
Resistance Scaling Factor    : 1.00000 1.00000 
Clock Cap. Scaling Factor    : 1.00000 1.00000 
Clock Res. Scaling Factor    : 1.00000 1.00000 
Shrink Factor                : 1.00000
PreRoute extraction is honoring NDR/Shielding/ExtraSpace for clock nets.
Using Quantus QRC technology file ...
Updating RC Grid density data for preRoute extraction ...
Initializing multi-corner resistance tables ...
PreRoute RC Extraction DONE (CPU Time: 0:00:00.0  Real Time: 0:00:01.0  MEM: 5585.809M)
Starting delay calculation for Setup views
AAE_INFO: opIsDesignInPostRouteState() is 0
#################################################################################
# Design Stage: PreRoute
# Design Name: Main
# Design Mode: 45nm
# Analysis Mode: MMMC Non-OCV 
# Parasitics Mode: No SPEF/RCDB 
# Signoff Settings: SI Off 
#################################################################################
Calculate delays in BcWc mode...
Start delay calculation (fullDC) (8 T). (MEM=3680.21)
Total number of fetched objects 582
End delay calculation. (MEM=3703.03 CPU=0:00:00.1 REAL=0:00:00.0)
End delay calculation (fullDC). (MEM=3703.03 CPU=0:00:00.1 REAL=0:00:00.0)
*** Done Building Timing Graph (cpu=0:00:00.3 real=0:00:00.0 totSessionCpu=0:04:23 mem=6041.5M)
OPTC: user 20.0
Reported timing to dir ./timingReports
**optDesign ... cpu = 0:00:15, real = 0:00:22, mem = 3676.7M, totSessionCpu=0:04:23 **

------------------------------------------------------------------
     optDesign Final Summary
------------------------------------------------------------------

Setup views included:
 WORST_CASE 

+--------------------+---------+---------+---------+
|     Setup mode     |   all   | reg2reg | default |
+--------------------+---------+---------+---------+
|           WNS (ns):| -0.023  | -0.001  | -0.023  |
|           TNS (ns):| -0.024  | -0.001  | -0.023  |
|    Violating Paths:|    2    |    1    |    1    |
|          All Paths:|   276   |   181   |   178   |
+--------------------+---------+---------+---------+

+----------------+-------------------------------+------------------+
|                |              Real             |       Total      |
|    DRVs        +------------------+------------+------------------|
|                |  Nr nets(terms)  | Worst Vio  |  Nr nets(terms)  |
+----------------+------------------+------------+------------------+
|   max_cap      |      0 (0)       |   0.000    |      0 (0)       |
|   max_tran     |      0 (0)       |   0.000    |      0 (0)       |
|   max_fanout   |      0 (0)       |     0      |      0 (0)       |
|   max_length   |      0 (0)       |     0      |      0 (0)       |
+----------------+------------------+------------+------------------+

Density: 94.895%
Routing Overflow: 0.00% H and 0.00% V
------------------------------------------------------------------
Begin: Collecting metrics
 ------------------------------------------------------------------------------------------------------------------------------------------------------- 
| Snapshot                | WNS                  | TNS                  | Density (%) | Hotspot                   | Resource               | DRVs       |
|                         | HEPG (ns) | ALL (ns) | HEPG (ns) | ALL (ns) |             | Max (bins) | Total (bins) | Real (s) | Memory (MB) | Tran | Cap |
|-------------------------+-----------+----------+-----------+----------+-------------+------------+--------------+----------+-------------+------+-----|
| initial_summary         |    -0.165 |   -0.165 |           |       -0 |       90.76 |            |              | 0:00:00  |        5463 |    0 |   0 |
| route_type_refinement   |           |          |           |          |             |            |              | 0:00:00  |        5466 |      |     |
| simplify_netlist        |           |          |           |          |             |            |              | 0:00:00  |        5474 |      |     |
| excluded_clk_net_fixing |           |          |           |          |             |            |              | 0:00:00  |        5474 |      |     |
| global_opt              |           |   -0.085 |           |       -0 |       90.96 |            |              | 0:00:01  |        5580 |      |     |
| area_reclaiming         |    -0.072 |   -0.085 |        -0 |       -0 |       90.66 |            |              | 0:00:01  |        5632 |      |     |
| wns_fixing              |     0.068 |    0.034 |         0 |        0 |       94.81 |            |              | 0:00:07  |        6299 |      |     |
| area_reclaiming_2       |     0.055 |    0.036 |         0 |        0 |       94.79 |            |              | 0:00:00  |        5724 |      |     |
| local_wire_reclaim      |           |          |           |          |             |            |              | 0:00:01  |        5692 |      |     |
| global_route            |           |          |           |          |             |       0.00 |         0.00 | 0:00:00  |        5539 |      |     |
| route_type_refinement_2 |           |          |           |          |             |            |              | 0:00:00  |        5539 |      |     |
| drv_eco_fixing          |    -0.001 |   -0.024 |        -0 |       -0 |       94.90 |            |              | 0:00:01  |        5608 |    0 |   0 |
| tns_eco_fixing          |    -0.001 |   -0.024 |        -0 |       -0 |       94.90 |            |              | 0:00:00  |        6208 |      |     |
| final_summary           |    -0.001 |   -0.023 |           |       -0 |       94.90 |            |              | 0:00:01  |        5619 |    0 |   0 |
 ------------------------------------------------------------------------------------------------------------------------------------------------------- 
End: Collecting metrics
**optDesign ... cpu = 0:00:16, real = 0:00:23, mem = 3683.8M, totSessionCpu=0:04:23 **
*** Finished optDesign ***
      flow.cputime  flow.realtime  timing.setup.tns  timing.setup.wns  snapshot
UM:*                                                                   final
      flow.cputime  flow.realtime  timing.setup.tns  timing.setup.wns  snapshot
UM:*                                                                   opt_design_postcts
Info: final physical memory for 9 CRR processes is 952.59MB.
Info: Summary of CRR changes:
      - Timing transform commits:       0
Info: Destroy the CCOpt slew target map.
Set place::cacheFPlanSiteMark to 0
(clock_opt_design): dumping clock statistics to metric
Updating ideal nets and annotations...
Clock tree spec update: Ideal nets, transition and delay annotations were updated to match active timing constraints.
Updating ideal nets and annotations done. (took cpu=0:00:00.0 real=0:00:00.0)
No differences between SDC and CTS ideal net status found.
Clock tree timing engine global stage delay update for MAX_DEALY:setup.early...
Clock tree timing engine global stage delay update for MAX_DEALY:setup.early done. (took cpu=0:00:00.0 real=0:00:00.0)
Clock tree timing engine global stage delay update for MAX_DEALY:setup.late...
Clock tree timing engine global stage delay update for MAX_DEALY:setup.late done. (took cpu=0:00:00.0 real=0:00:00.0)
Clock tree timing engine global stage delay update for MIN_DEALY:hold.early...
Clock tree timing engine global stage delay update for MIN_DEALY:hold.early done. (took cpu=0:00:00.0 real=0:00:00.0)
Clock tree timing engine global stage delay update for MIN_DEALY:hold.late...
Clock tree timing engine global stage delay update for MIN_DEALY:hold.late done. (took cpu=0:00:00.0 real=0:00:00.0)
UM: Running design category ...
**ERROR: (IMPSP-365):	Design has inst(s) with SITE 'CoreSiteDouble', but the floorplan has no rows defined for this site. Any locations found for such insts will be illegal; create rows for this site to avoid this.
      flow.cputime  flow.realtime  timing.setup.tns  timing.setup.wns  snapshot
UM:             25             33         -0.024 ns         -0.023 ns  clock_opt_design

*** Summary of all messages that are not suppressed in this session:
Severity  ID               Count  Summary                                  
WARNING   IMPSP-105           10  'setPlaceMode -maxRouteLayer' will becom...
WARNING   IMPSP-270            7  Cannot find a legal location for MASTER ...
ERROR     IMPSP-365            8  Design has inst(s) with SITE '%s', but t...
ERROR     IMPSP-2021           1  Could not legalize <%d> instances in the...
WARNING   IMPSP-2020           6  Cannot find a legal location for instanc...
WARNING   IMPOPT-7293          1  Vt partitioning has found only one parti...
WARNING   IMPCCOPT-2441        2  The target_max_trans %s is too low for d...
WARNING   IMPCCOPT-2030        1  Found placement violations. Run checkPla...
*** Message Summary: 27 warning(s), 9 error(s)

*** clock_opt_design #1 [finish] () : cpu/real = 0:00:24.7/0:00:31.2 (0.8), totSession cpu/real = 0:04:23.6/0:27:06.9 (0.2), mem = 5656.8M
Ending "clock_opt_design" (total cpu=0:00:24.7, real=0:00:31.0, peak res=3864.9M, current mem=3568.0M)
<CMD> timeDesign -postCTS
*** timeDesign #2 [begin] () : totSession cpu/real = 0:04:23.6/0:27:06.9 (0.2), mem = 5519.8M
Start to check current routing status for nets...
All nets are already routed correctly.
End to check current routing status for nets (mem=5519.8M)
**ERROR: (IMPSP-365):	Design has inst(s) with SITE 'CoreSiteDouble', but the floorplan has no rows defined for this site. Any locations found for such insts will be illegal; create rows for this site to avoid this.

------------------------------------------------------------------
          timeDesign Summary
------------------------------------------------------------------

Setup views included:
 WORST_CASE 

+--------------------+---------+---------+---------+
|     Setup mode     |   all   | reg2reg | default |
+--------------------+---------+---------+---------+
|           WNS (ns):| -0.023  | -0.001  | -0.023  |
|           TNS (ns):| -0.024  | -0.001  | -0.023  |
|    Violating Paths:|    2    |    1    |    1    |
|          All Paths:|   276   |   181   |   178   |
+--------------------+---------+---------+---------+

+----------------+-------------------------------+------------------+
|                |              Real             |       Total      |
|    DRVs        +------------------+------------+------------------|
|                |  Nr nets(terms)  | Worst Vio  |  Nr nets(terms)  |
+----------------+------------------+------------+------------------+
|   max_cap      |      0 (0)       |   0.000    |      0 (0)       |
|   max_tran     |      0 (0)       |   0.000    |      0 (0)       |
|   max_fanout   |      0 (0)       |     0      |      0 (0)       |
|   max_length   |      0 (0)       |     0      |      0 (0)       |
+----------------+------------------+------------+------------------+

Density: 94.895%
Routing Overflow: 0.00% H and 0.00% V
------------------------------------------------------------------
Reported timing to dir ./timingReports
Total CPU time: 0.21 sec
Total Real time: 1.0 sec
Total Memory Usage: 5519.925781 Mbytes
*** timeDesign #2 [finish] () : cpu/real = 0:00:00.2/0:00:01.0 (0.2), totSession cpu/real = 0:04:23.9/0:27:07.9 (0.2), mem = 5519.9M
<CMD> optDesign -postCTS
**optDesign ... cpu = 0:00:00, real = 0:00:00, mem = 3568.6M, totSessionCpu=0:04:24 **
*** optDesign #1 [begin] () : totSession cpu/real = 0:04:23.9/0:27:07.9 (0.2), mem = 5519.9M
GigaOpt running with 8 threads.
*** InitOpt #1 [begin] (optDesign #1) : totSession cpu/real = 0:04:23.9/0:27:07.9 (0.2), mem = 5519.9M
**INFO: User settings:
setDesignMode -process                                         45
setExtractRCMode -coupling_c_th                                0.1
setExtractRCMode -engine                                       preRoute
setExtractRCMode -relative_c_th                                1
setExtractRCMode -total_c_th                                   0
setUsefulSkewMode -opt_skew_eco_route                          false
setUsefulSkewMode -opt_skew_max_allowed_delay                  1
setUsefulSkewMode -opt_skew_no_boundary                        false
setDelayCalMode -enable_high_fanout                            true
setDelayCalMode -eng_enablePrePlacedFlow                       false
setDelayCalMode -engine                                        aae
setDelayCalMode -ignoreNetLoad                                 false
setDelayCalMode -socv_accuracy_mode                            low
setOptMode -opt_view_pruning_setup_views_active_list           { WORST_CASE }
setOptMode -opt_view_pruning_setup_views_persistent_list       { WORST_CASE}
setOptMode -opt_view_pruning_tdgr_setup_views_persistent_list  { WORST_CASE}
setOptMode -opt_drv_margin                                     0
setOptMode -opt_drv                                            true
setOptMode -opt_resize_flip_flops                              true
setOptMode -opt_preserve_all_sequential                        false
setOptMode -opt_setup_target_slack                             0
setPlaceMode -maxRouteLayer                                    7
setPlaceMode -place_design_floorplan_mode                      false
setPlaceMode -place_detail_check_route                         false
setPlaceMode -place_detail_preserve_routing                    true
setPlaceMode -place_detail_remove_affected_routing             false
setPlaceMode -place_detail_swap_eeq_cells                      false
setPlaceMode -place_global_clock_gate_aware                    true
setPlaceMode -place_global_cong_effort                         auto
setPlaceMode -place_global_ignore_scan                         true
setPlaceMode -place_global_ignore_spare                        false
setPlaceMode -place_global_module_aware_spare                  false
setPlaceMode -place_global_place_io_pins                       false
setPlaceMode -place_global_reorder_scan                        true
setPlaceMode -powerDriven                                      false
setPlaceMode -timingDriven                                     true
setAnalysisMode -checkType                                     setup
setAnalysisMode -clkSrcPath                                    true
setAnalysisMode -clockPropagation                              sdcControl
setAnalysisMode -skew                                          true
setAnalysisMode -usefulSkew                                    true
setAnalysisMode -virtualIPO                                    false
setRouteMode -earlyGlobalHonorMsvRouteConstraint               false
setRouteMode -earlyGlobalRoutePartitionPinGuide                true

**INFO: setDesignMode -flowEffort standard -> setting 'setOptMode -allEndPoints true' for the duration of this command.
Need call spDPlaceInit before registerPrioInstLoc.
**ERROR: (IMPSP-365):	Design has inst(s) with SITE 'CoreSiteDouble', but the floorplan has no rows defined for this site. Any locations found for such insts will be illegal; create rows for this site to avoid this.
Type 'man IMPSP-365' for more detail.
Info: Using SynthesisEngine executable '/eda/cadence/2024-25/RHELx86/DDIEXPORT_23.31.000/INNOVUS231/bin/innovus_'.
      (normalized executable '/mnt/cae_storage_sw/eda/cadence/2024-25/RHELx86/DDIEXPORT_23.31.000/INNOVUS231/bin/innovus_')
      SynthesisEngine workers will not check out additional licenses.
**INFO: Using Advanced Metric Collection system.
**optDesign ... cpu = 0:00:01, real = 0:00:09, mem = 3583.0M, totSessionCpu=0:04:24 **
#optDebug: { P: 45 W: 4195 FE: standard PE: none LDR: 1}
*** optDesign -postCTS ***
DRC Margin: user margin 0.0; extra margin 0.2
Hold Target Slack: user slack 0
Setup Target Slack: user slack 0; extra slack 0.0
setUsefulSkewMode -opt_skew_eco_route false
Multi-VT timing optimization disabled based on library information.
Start to check current routing status for nets...
All nets are already routed correctly.
End to check current routing status for nets (mem=5489.9M)
	CornerforLayerOpt timing analysis view Best_CASE has been selected for calibration 
	CornerforLayerOpt timing analysis view Best_CASE has been selected for calibration 
	CornerforLayerOpt timing analysis view Best_CASE has been selected for calibration 
	CornerforLayerOpt timing analysis view Best_CASE has been selected for calibration 
Compute RC Scale Done ...
**ERROR: (IMPSP-365):	Design has inst(s) with SITE 'CoreSiteDouble', but the floorplan has no rows defined for this site. Any locations found for such insts will be illegal; create rows for this site to avoid this.

------------------------------------------------------------------
             Initial Summary
------------------------------------------------------------------

Setup views included:
 WORST_CASE 

+--------------------+---------+---------+---------+
|     Setup mode     |   all   | reg2reg | default |
+--------------------+---------+---------+---------+
|           WNS (ns):| -0.023  | -0.001  | -0.023  |
|           TNS (ns):| -0.024  | -0.001  | -0.023  |
|    Violating Paths:|    2    |    1    |    1    |
|          All Paths:|   276   |   181   |   178   |
+--------------------+---------+---------+---------+

+----------------+-------------------------------+------------------+
|                |              Real             |       Total      |
|    DRVs        +------------------+------------+------------------|
|                |  Nr nets(terms)  | Worst Vio  |  Nr nets(terms)  |
+----------------+------------------+------------+------------------+
|   max_cap      |      0 (0)       |   0.000    |      0 (0)       |
|   max_tran     |      0 (0)       |   0.000    |      0 (0)       |
|   max_fanout   |      0 (0)       |     0      |      0 (0)       |
|   max_length   |      0 (0)       |     0      |      0 (0)       |
+----------------+------------------+------------+------------------+

Density: 94.895%
------------------------------------------------------------------
**optDesign ... cpu = 0:00:01, real = 0:00:10, mem = 3684.5M, totSessionCpu=0:04:25 **
*** InitOpt #1 [finish] (optDesign #1) : cpu/real = 0:00:01.4/0:00:09.3 (0.1), totSession cpu/real = 0:04:25.2/0:27:17.2 (0.2), mem = 5618.8M
** INFO : this run is activating low effort ccoptDesign flow
OPTC: m4 20.0 50.0 [ 125.0 20.0 50.0 ]
OPTC: view 50.0:125.0 [ 0.0500 ]
-opt_post_cts_congestion_repair false      # bool, default=false, private
Begin: GigaOpt Route Type Constraints Refinement
*** CongRefineRouteType #1 [begin] (optDesign #1) : totSession cpu/real = 0:04:25.4/0:27:17.3 (0.2), mem = 5587.8M
Updated routing constraints on 0 nets.
Bottom Preferred Layer:
+---------------+------------+----------+
|     Layer     |    CLK     |   Rule   |
+---------------+------------+----------+
| Metal3 (z=3)  |          1 | default  |
+---------------+------------+----------+
Via Pillar Rule:
    None
*** CongRefineRouteType #1 [finish] (optDesign #1) : cpu/real = 0:00:00.0/0:00:00.0 (1.5), totSession cpu/real = 0:04:25.4/0:27:17.3 (0.2), mem = 5619.8M
End: GigaOpt Route Type Constraints Refinement
*** SimplifyNetlist #1 [begin] (optDesign #1) : totSession cpu/real = 0:04:25.5/0:27:17.4 (0.2), mem = 5619.8M
Info: 1 net with fixed/cover wires excluded.
Info: 1 clock net  excluded from IPO operation.

Netlist preparation processing... 
Removed 0 instance
*info: Marking 0 isolation instances dont touch
*info: Marking 0 level shifter instances dont touch
*** SimplifyNetlist #1 [finish] (optDesign #1) : cpu/real = 0:00:00.4/0:00:00.4 (1.0), totSession cpu/real = 0:04:25.9/0:27:17.8 (0.2), mem = 5620.1M
*** ExcludedClockNetOpt #1 [begin] (optDesign #1) : totSession cpu/real = 0:04:25.9/0:27:17.9 (0.2), mem = 5620.1M
*** Starting optimizing excluded clock nets MEM= 5620.1M) ***
*info: No excluded clock nets to be optimized.
*** Finished optimizing excluded clock nets (CPU Time= 0:00:00.0  MEM= 5620.1M) ***
*** ExcludedClockNetOpt #1 [finish] (optDesign #1) : cpu/real = 0:00:00.0/0:00:00.0 (0.0), totSession cpu/real = 0:04:25.9/0:27:17.9 (0.2), mem = 5620.1M
*** ExcludedClockNetOpt #2 [begin] (optDesign #1) : totSession cpu/real = 0:04:25.9/0:27:17.9 (0.2), mem = 5620.1M
*** Starting optimizing excluded clock nets MEM= 5620.1M) ***
*info: No excluded clock nets to be optimized.
*** Finished optimizing excluded clock nets (CPU Time= 0:00:00.0  MEM= 5620.1M) ***
*** ExcludedClockNetOpt #2 [finish] (optDesign #1) : cpu/real = 0:00:00.0/0:00:00.0 (0.0), totSession cpu/real = 0:04:25.9/0:27:17.9 (0.2), mem = 5620.1M
Info: Done creating the CCOpt slew target map.
Begin: GigaOpt high fanout net optimization
*** DrvOpt #1 [begin] (optDesign #1) : totSession cpu/real = 0:04:26.0/0:27:17.9 (0.2), mem = 5620.1M
Info: 1 net with fixed/cover wires excluded.
Info: 1 clock net  excluded from IPO operation.
	CornerforLayerOpt timing analysis view Best_CASE has been selected for calibration 
	CornerforLayerOpt timing analysis view Best_CASE has been selected for calibration 
	CornerforLayerOpt timing analysis view Best_CASE has been selected for calibration 
	CornerforLayerOpt timing analysis view Best_CASE has been selected for calibration 
	CornerforLayerOpt timing analysis view Best_CASE has been selected for calibration 
	CornerforLayerOpt timing analysis view Best_CASE has been selected for calibration 
	CornerforLayerOpt timing analysis view Best_CASE has been selected for calibration 
	CornerforLayerOpt timing analysis view Best_CASE has been selected for calibration 
*** DrvOpt #1 [finish] (optDesign #1) : cpu/real = 0:00:00.2/0:00:00.2 (1.0), totSession cpu/real = 0:04:26.3/0:27:18.2 (0.2), mem = 5620.8M
End: GigaOpt high fanout net optimization
Number of setup views: 1
Begin: GigaOpt Global Optimization
*info: use new DP (enabled)
Info: 1 net with fixed/cover wires excluded.
Info: 1 clock net  excluded from IPO operation.
*** GlobalOpt #1 [begin] (optDesign #1) : totSession cpu/real = 0:04:26.3/0:27:18.2 (0.2), mem = 5620.8M
*info: 1 clock net excluded
*info: 26 no-driver nets excluded.
*info: 1 net with fixed/cover wires excluded.
** GigaOpt Global Opt WNS Slack -0.024  TNS Slack -0.024 
+--------+--------+---------+------------+--------+----------+---------+---------------------------------+
|  WNS   |  TNS   | Density |    Real    |  Mem   |Worst View|Pathgroup|            End Point            |
+--------+--------+---------+------------+--------+----------+---------+---------------------------------+
|  -0.024|  -0.024|   94.90%|   0:00:00.0| 6045.5M|WORST_CASE|  default| z_p                             |
|  -0.024|  -0.024|   94.90%|   0:00:00.0| 6114.7M|WORST_CASE|  default| z_p                             |
|  -0.024|  -0.024|   94.90%|   0:00:00.0| 6115.7M|WORST_CASE|  default| z_p                             |
|  -0.024|  -0.024|   94.90%|   0:00:00.0| 6115.7M|WORST_CASE|  default| z_p                             |
|  -0.024|  -0.024|   94.90%|   0:00:00.0| 6115.7M|WORST_CASE|  default| z_p                             |
|  -0.024|  -0.024|   94.90%|   0:00:00.0| 6134.8M|WORST_CASE|  default| z_p                             |
|  -0.024|  -0.024|   94.90%|   0:00:00.0| 6135.8M|WORST_CASE|  default| z_p                             |
|  -0.024|  -0.024|   94.90%|   0:00:00.0| 6135.8M|WORST_CASE|  default| z_p                             |
|  -0.024|  -0.024|   94.90%|   0:00:00.0| 6135.8M|WORST_CASE|  default| z_p                             |
|  -0.024|  -0.024|   94.90%|   0:00:00.0| 6135.8M|WORST_CASE|  default| z_p                             |
|  -0.024|  -0.024|   94.90%|   0:00:00.0| 6135.8M|WORST_CASE|  default| z_p                             |
|  -0.024|  -0.024|   94.90%|   0:00:00.0| 6135.8M|WORST_CASE|  default| z_p                             |
|  -0.024|  -0.024|   94.90%|   0:00:00.0| 6135.8M|WORST_CASE|  default| z_p                             |
|  -0.024|  -0.024|   94.90%|   0:00:00.0| 6135.8M|WORST_CASE|  default| z_p                             |
|  -0.024|  -0.024|   94.90%|   0:00:00.0| 6135.8M|WORST_CASE|  default| z_p                             |
|  -0.024|  -0.024|   94.90%|   0:00:00.0| 6135.8M|WORST_CASE|  default| z_p                             |
|  -0.024|  -0.024|   94.90%|   0:00:00.0| 6135.8M|WORST_CASE|  default| z_p                             |
|  -0.024|  -0.024|   94.90%|   0:00:00.0| 6135.8M|WORST_CASE|  default| z_p                             |
+--------+--------+---------+------------+--------+----------+---------+---------------------------------+

*** Finish post-CTS Global Setup Fixing (cpu=0:00:00.2 real=0:00:00.0 mem=6135.8M) ***

*** Finish post-CTS Setup Fixing (cpu=0:00:00.2 real=0:00:00.0 mem=6135.8M) ***
Bottom Preferred Layer:
+---------------+------------+----------+
|     Layer     |    CLK     |   Rule   |
+---------------+------------+----------+
| Metal3 (z=3)  |          1 | default  |
+---------------+------------+----------+
Via Pillar Rule:
    None
** GigaOpt Global Opt End WNS Slack -0.024  TNS Slack -0.024 
*** GlobalOpt #1 [finish] (optDesign #1) : cpu/real = 0:00:00.7/0:00:00.6 (1.3), totSession cpu/real = 0:04:27.0/0:27:18.7 (0.2), mem = 5654.8M
End: GigaOpt Global Optimization
*** Timing NOT met, worst failing slack is -0.023
*** Check timing (0:00:00.0)
Info: 1 net with fixed/cover wires excluded.
Info: 1 clock net  excluded from IPO operation.
Begin: Area Reclaim Optimization
*** AreaOpt #1 [begin] (optDesign #1) : totSession cpu/real = 0:04:27.1/0:27:18.9 (0.2), mem = 6044.5M
Reclaim Optimization WNS Slack -0.024  TNS Slack -0.024 Density 94.90
+---------+---------+--------+--------+------------+--------+
| Density | Commits |  WNS   |  TNS   |    Real    |  Mem   |
+---------+---------+--------+--------+------------+--------+
|   94.90%|        -|  -0.024|  -0.024|   0:00:00.0| 6046.5M|
|   94.81%|        2|  -0.022|  -0.023|   0:00:00.0| 6259.2M|
|   94.81%|        0|  -0.022|  -0.023|   0:00:00.0| 6259.2M|
|   94.70%|        1|  -0.022|  -0.023|   0:00:00.0| 6259.2M|
|   94.51%|        4|  -0.021|  -0.021|   0:00:00.0| 6261.2M|
|   94.51%|        0|  -0.021|  -0.021|   0:00:00.0| 6261.2M|
|   94.51%|        0|  -0.021|  -0.021|   0:00:00.0| 6261.2M|
+---------+---------+--------+--------+------------+--------+
Reclaim Optimization End WNS Slack -0.021  TNS Slack -0.021 Density 94.51
Bottom Preferred Layer:
+---------------+------------+----------+
|     Layer     |    CLK     |   Rule   |
+---------------+------------+----------+
| Metal3 (z=3)  |          1 | default  |
+---------------+------------+----------+
Via Pillar Rule:
    None

Number of times islegalLocAvaiable called = 0 skipped = 0, called in commitmove = 0, skipped in commitmove = 0
End: Core Area Reclaim Optimization (cpu = 0:00:00.6) (real = 0:00:01.0) **
*** AreaOpt #1 [finish] (optDesign #1) : cpu/real = 0:00:00.6/0:00:00.5 (1.2), totSession cpu/real = 0:04:27.7/0:27:19.4 (0.2), mem = 6261.2M
Executing incremental physical updates
Executing incremental physical updates
End: Area Reclaim Optimization (cpu=0:00:01, real=0:00:01, mem=5720.18M, totSessionCpu=0:04:28).
Begin: GigaOpt Optimization in WNS mode
Info: 1 net with fixed/cover wires excluded.
Info: 1 clock net  excluded from IPO operation.
*** WnsOpt #1 [begin] (optDesign #1) : totSession cpu/real = 0:04:27.9/0:27:19.5 (0.2), mem = 5720.2M
*info: 1 clock net excluded
*info: 26 no-driver nets excluded.
*info: 1 net with fixed/cover wires excluded.
** GigaOpt Optimizer WNS Slack -0.021 TNS Slack -0.021 Density 94.51
OptDebug: Start of Optimizer WNS Pass 0:
+----------+------+------+
|Path Group|   WNS|   TNS|
+----------+------+------+
|default   |-0.021|-0.021|
|reg2reg   | 0.002| 0.000|
|HEPG      | 0.002| 0.000|
|All Paths |-0.021|-0.021|
+----------+------+------+

Active Path Group: reg2reg  
Info: initial physical memory for 9 CRR processes is 867.25MB.
+--------+---------+--------+---------+---------+------------+--------+----------+---------+---------------------------------+
|  WNS   | All WNS |  TNS   | All TNS | Density |    Real    |  Mem   |Worst View|Pathgroup|            End Point            |
+--------+---------+--------+---------+---------+------------+--------+----------+---------+---------------------------------+
|   0.002|   -0.021|   0.000|   -0.021|   94.51%|   0:00:00.0| 6112.9M|WORST_CASE|  reg2reg| OGF_R3_reg/D                    |
|   0.042|   -0.002|   0.000|   -0.002|   94.64%|   0:00:00.0| 6313.5M|WORST_CASE|  reg2reg| OGF_R3_reg/D                    |
|   0.063|    0.018|   0.000|    0.000|   95.05%|   0:00:01.0| 6341.3M|        NA|       NA| NA                              |
|   0.063|    0.018|   0.000|    0.000|   95.05%|   0:00:00.0| 6341.3M|WORST_CASE|       NA| NA                              |
+--------+---------+--------+---------+---------+------------+--------+----------+---------+---------------------------------+

*** Finish Core Optimize Step (cpu=0:00:00.8 real=0:00:01.0 mem=6341.3M) ***
Active Path Group: default 
+--------+---------+--------+---------+---------+------------+--------+----------+---------+---------------------------------+
|  WNS   | All WNS |  TNS   | All TNS | Density |    Real    |  Mem   |Worst View|Pathgroup|            End Point            |
+--------+---------+--------+---------+---------+------------+--------+----------+---------+---------------------------------+
|   0.018|    0.018|   0.000|    0.000|   95.05%|   0:00:00.0| 6341.3M|WORST_CASE|  default| z_p                             |
|   0.018|    0.018|   0.000|    0.000|   95.05%|   0:00:00.0| 6349.3M|WORST_CASE|  default| z_p                             |
|   0.035|    0.035|   0.000|    0.000|   95.05%|   0:00:00.0| 6350.3M|WORST_CASE|  default| z_p                             |
|   0.035|    0.035|   0.000|    0.000|   95.00%|   0:00:00.0| 6350.3M|WORST_CASE|  default| z_p                             |
+--------+---------+--------+---------+---------+------------+--------+----------+---------+---------------------------------+

*** Finish Core Optimize Step (cpu=0:00:01.4 real=0:00:00.0 mem=6350.3M) ***

*** Finished Optimize Step Cumulative (cpu=0:00:02.4 real=0:00:06.0 mem=6350.3M) ***
OptDebug: End of Optimizer WNS Pass 0:
+----------+-----+-----+
|Path Group|  WNS|  TNS|
+----------+-----+-----+
|default   |0.035|0.000|
|reg2reg   |0.065|0.000|
|HEPG      |0.065|0.000|
|All Paths |0.035|0.000|
+----------+-----+-----+

** GigaOpt Optimizer WNS Slack 0.035 TNS Slack 0.000 Density 95.00
Begin: Area Reclaim Optimization
*** AreaOpt #2 [begin] (WnsOpt #1 / optDesign #1) : totSession cpu/real = 0:04:30.8/0:27:25.6 (0.2), mem = 6350.3M
Reclaim Optimization WNS Slack 0.035  TNS Slack 0.000 Density 95.00
+---------+---------+--------+--------+------------+--------+
| Density | Commits |  WNS   |  TNS   |    Real    |  Mem   |
+---------+---------+--------+--------+------------+--------+
|   95.00%|        -|   0.035|   0.000|   0:00:00.0| 6350.3M|
|   94.90%|        1|   0.035|   0.000|   0:00:00.0| 6350.3M|
|   94.59%|        7|   0.041|   0.000|   0:00:00.0| 6350.3M|
|   94.59%|        0|   0.041|   0.000|   0:00:00.0| 6350.3M|
+---------+---------+--------+--------+------------+--------+
Reclaim Optimization End WNS Slack 0.041  TNS Slack 0.000 Density 94.59
Bottom Preferred Layer:
+---------------+------------+----------+
|     Layer     |    CLK     |   Rule   |
+---------------+------------+----------+
| Metal3 (z=3)  |          1 | default  |
+---------------+------------+----------+
Via Pillar Rule:
    None

Number of times islegalLocAvaiable called = 12 skipped = 0, called in commitmove = 7, skipped in commitmove = 0
End: Core Area Reclaim Optimization (cpu = 0:00:00.2) (real = 0:00:00.0) **
*** AreaOpt #2 [finish] (WnsOpt #1 / optDesign #1) : cpu/real = 0:00:00.2/0:00:00.1 (1.5), totSession cpu/real = 0:04:31.0/0:27:25.8 (0.2), mem = 6350.3M
End: Area Reclaim Optimization (cpu=0:00:00, real=0:00:00, mem=6350.29M, totSessionCpu=0:04:31).
*** Starting refinePlace (0:04:31 mem=6350.3M) ***
Total net bbox length = 5.830e+03 (2.991e+03 2.839e+03) (ext = 2.172e+03)
Max route layer is changed from 127 to 11 because there is no routing track above this layer
Max route layer is changed from 127 to 11 because there is no routing track above this layer

Starting Small incrNP...
Density distribution unevenness ratio = 1.064%
Skipped incrNP (cpu=0:00:00.0, real=0:00:00.0, mem=6350.3M)
End of Small incrNP (cpu=0:00:00.0, real=0:00:00.0)
Max route layer is changed from 127 to 11 because there is no routing track above this layer
Max route layer is changed from 127 to 11 because there is no routing track above this layer
Move report: Detail placement moves 68 insts, mean move: 0.83 um, max move: 2.71 um 
	Max move on inst (g6961__7098): (46.80, 17.86) --> (45.80, 16.15)
	Runtime: CPU: 0:00:00.0 REAL: 0:00:00.0 MEM: 6321.3MB
Summary Report:
Instances move: 68 (out of 481 movable)
Instances flipped: 0
Mean displacement: 0.83 um
Max displacement: 2.71 um (Instance: g6961__7098) (46.8, 17.86) -> (45.8, 16.15)
	Length: 4 sites, height: 1 rows, site name: CoreSite, cell type: AND2XL
Physical-only instances move: 0 (out of 0 movable physical-only)
Total net bbox length = 5.846e+03 (3.004e+03 2.842e+03) (ext = 2.171e+03)
Runtime: CPU: 0:00:00.0 REAL: 0:00:00.0 MEM: 6321.3MB
*** Finished refinePlace (0:04:31 mem=6321.3M) ***
*** maximum move = 2.71 um ***
*** Finished re-routing un-routed nets (6318.3M) ***

*** Finish Physical Update (cpu=0:00:00.1 real=0:00:00.0 mem=6351.3M) ***
** GigaOpt Optimizer WNS Slack 0.041 TNS Slack 0.000 Density 94.59
OptDebug: Start of Optimizer WNS Pass 1:
+----------+-----+-----+
|Path Group|  WNS|  TNS|
+----------+-----+-----+
|default   |0.041|0.000|
|reg2reg   |0.066|0.000|
|HEPG      |0.066|0.000|
|All Paths |0.041|0.000|
+----------+-----+-----+

Active Path Group: default 
+--------+---------+--------+---------+---------+------------+--------+----------+---------+---------------------------------+
|  WNS   | All WNS |  TNS   | All TNS | Density |    Real    |  Mem   |Worst View|Pathgroup|            End Point            |
+--------+---------+--------+---------+---------+------------+--------+----------+---------+---------------------------------+
|   0.041|    0.041|   0.000|    0.000|   94.59%|   0:00:00.0| 6351.3M|WORST_CASE|  default| z_p                             |
|   0.051|    0.051|   0.000|    0.000|   95.07%|   0:00:00.0| 6351.3M|WORST_CASE|  default| z_p                             |
|   0.051|    0.051|   0.000|    0.000|   95.07%|   0:00:00.0| 6351.3M|WORST_CASE|  default| z_p                             |
+--------+---------+--------+---------+---------+------------+--------+----------+---------+---------------------------------+

*** Finish Core Optimize Step (cpu=0:00:00.3 real=0:00:00.0 mem=6351.3M) ***

*** Finished Optimize Step Cumulative (cpu=0:00:00.3 real=0:00:00.0 mem=6351.3M) ***
OptDebug: End of Optimizer WNS Pass 1:
+----------+-----+-----+
|Path Group|  WNS|  TNS|
+----------+-----+-----+
|default   |0.051|0.000|
|reg2reg   |0.066|0.000|
|HEPG      |0.066|0.000|
|All Paths |0.051|0.000|
+----------+-----+-----+

** GigaOpt Optimizer WNS Slack 0.051 TNS Slack 0.000 Density 95.07
Begin: Area Reclaim Optimization
*** AreaOpt #3 [begin] (WnsOpt #1 / optDesign #1) : totSession cpu/real = 0:04:31.6/0:27:26.1 (0.2), mem = 6351.3M
Reclaim Optimization WNS Slack 0.051  TNS Slack 0.000 Density 95.07
+---------+---------+--------+--------+------------+--------+
| Density | Commits |  WNS   |  TNS   |    Real    |  Mem   |
+---------+---------+--------+--------+------------+--------+
|   95.07%|        -|   0.051|   0.000|   0:00:00.0| 6351.3M|
|   95.07%|        0|   0.051|   0.000|   0:00:00.0| 6351.3M|
|   94.94%|        3|   0.051|   0.000|   0:00:00.0| 6351.3M|
|   94.94%|        0|   0.051|   0.000|   0:00:00.0| 6351.3M|
+---------+---------+--------+--------+------------+--------+
Reclaim Optimization End WNS Slack 0.051  TNS Slack 0.000 Density 94.94
Bottom Preferred Layer:
+---------------+------------+----------+
|     Layer     |    CLK     |   Rule   |
+---------------+------------+----------+
| Metal3 (z=3)  |          1 | default  |
+---------------+------------+----------+
Via Pillar Rule:
    None

Number of times islegalLocAvaiable called = 7 skipped = 0, called in commitmove = 3, skipped in commitmove = 0
End: Core Area Reclaim Optimization (cpu = 0:00:00.1) (real = 0:00:00.0) **
*** AreaOpt #3 [finish] (WnsOpt #1 / optDesign #1) : cpu/real = 0:00:00.1/0:00:00.1 (1.6), totSession cpu/real = 0:04:31.7/0:27:26.2 (0.2), mem = 6351.3M
End: Area Reclaim Optimization (cpu=0:00:00, real=0:00:00, mem=6351.29M, totSessionCpu=0:04:32).
*** Starting refinePlace (0:04:32 mem=6351.3M) ***
Total net bbox length = 5.846e+03 (3.005e+03 2.842e+03) (ext = 2.170e+03)
Max route layer is changed from 127 to 11 because there is no routing track above this layer
Max route layer is changed from 127 to 11 because there is no routing track above this layer

Starting Small incrNP...
Density distribution unevenness ratio = 0.755%
Skipped incrNP (cpu=0:00:00.0, real=0:00:00.0, mem=6351.3M)
End of Small incrNP (cpu=0:00:00.0, real=0:00:00.0)
Max route layer is changed from 127 to 11 because there is no routing track above this layer
Max route layer is changed from 127 to 11 because there is no routing track above this layer
Move report: Detail placement moves 67 insts, mean move: 0.91 um, max move: 8.33 um 
	Max move on inst (FE_OFC14_n_139): (29.80, 36.67) --> (26.60, 41.80)
	Runtime: CPU: 0:00:00.0 REAL: 0:00:00.0 MEM: 6324.3MB
Summary Report:
Instances move: 67 (out of 481 movable)
Instances flipped: 7
Mean displacement: 0.91 um
Max displacement: 8.33 um (Instance: FE_OFC14_n_139) (29.8, 36.67) -> (26.6, 41.8)
	Length: 2 sites, height: 1 rows, site name: CoreSite, cell type: INVXL
Physical-only instances move: 0 (out of 0 movable physical-only)
Total net bbox length = 5.887e+03 (3.020e+03 2.867e+03) (ext = 2.167e+03)
Runtime: CPU: 0:00:00.0 REAL: 0:00:00.0 MEM: 6324.3MB
*** Finished refinePlace (0:04:32 mem=6324.3M) ***
*** maximum move = 8.33 um ***
*** Finished re-routing un-routed nets (6318.3M) ***

*** Finish Physical Update (cpu=0:00:00.1 real=0:00:00.0 mem=6351.3M) ***
** GigaOpt Optimizer WNS Slack 0.051 TNS Slack 0.000 Density 94.94
OptDebug: End of Setup Fixing:
+----------+-----+-----+
|Path Group|  WNS|  TNS|
+----------+-----+-----+
|default   |0.051|0.000|
|reg2reg   |0.066|0.000|
|HEPG      |0.066|0.000|
|All Paths |0.051|0.000|
+----------+-----+-----+

Bottom Preferred Layer:
+---------------+------------+----------+
|     Layer     |    CLK     |   Rule   |
+---------------+------------+----------+
| Metal3 (z=3)  |          1 | default  |
+---------------+------------+----------+
Via Pillar Rule:
    None

*** Finish post-CTS Setup Fixing (cpu=0:00:03.7 real=0:00:07.0 mem=6351.3M) ***

*** WnsOpt #1 [finish] (optDesign #1) : cpu/real = 0:00:04.1/0:00:07.0 (0.6), totSession cpu/real = 0:04:32.0/0:27:26.5 (0.2), mem = 5802.3M
End: GigaOpt Optimization in WNS mode
Info: 1 net with fixed/cover wires excluded.
Info: 1 clock net  excluded from IPO operation.
Begin: Area Reclaim Optimization
*** AreaOpt #4 [begin] (optDesign #1) : totSession cpu/real = 0:04:32.2/0:27:26.6 (0.2), mem = 6187.0M
Reclaim Optimization WNS Slack 0.051  TNS Slack 0.000 Density 94.94
+---------+---------+--------+--------+------------+--------+
| Density | Commits |  WNS   |  TNS   |    Real    |  Mem   |
+---------+---------+--------+--------+------------+--------+
|   94.94%|        -|   0.051|   0.000|   0:00:00.0| 6193.1M|
|   94.90%|        1|   0.053|   0.000|   0:00:00.0| 6326.6M|
|   94.90%|        0|   0.053|   0.000|   0:00:00.0| 6326.6M|
|   94.90%|        0|   0.053|   0.000|   0:00:00.0| 6326.6M|
|   94.81%|        3|   0.055|   0.000|   0:00:00.0| 6345.7M|
|   94.81%|        0|   0.055|   0.000|   0:00:00.0| 6345.7M|
|   94.81%|        0|   0.055|   0.000|   0:00:00.0| 6345.7M|
+---------+---------+--------+--------+------------+--------+
Reclaim Optimization End WNS Slack 0.055  TNS Slack 0.000 Density 94.81
Bottom Preferred Layer:
+---------------+------------+----------+
|     Layer     |    CLK     |   Rule   |
+---------------+------------+----------+
| Metal3 (z=3)  |          1 | default  |
+---------------+------------+----------+
Via Pillar Rule:
    None

Number of times islegalLocAvaiable called = 3 skipped = 0, called in commitmove = 3, skipped in commitmove = 0
End: Core Area Reclaim Optimization (cpu = 0:00:00.5) (real = 0:00:00.0) **
*** Starting refinePlace (0:04:33 mem=6345.7M) ***
Total net bbox length = 5.884e+03 (3.019e+03 2.865e+03) (ext = 2.167e+03)
Max route layer is changed from 127 to 11 because there is no routing track above this layer
Max route layer is changed from 127 to 11 because there is no routing track above this layer
Max route layer is changed from 127 to 11 because there is no routing track above this layer
Move report: Detail placement moves 0 insts, mean move: 0.00 um, max move: 0.00 um 
	Runtime: CPU: 0:00:00.0 REAL: 0:00:01.0 MEM: 6313.7MB
Summary Report:
Instances move: 0 (out of 480 movable)
Instances flipped: 0
Mean displacement: 0.00 um
Max displacement: 0.00 um 
Physical-only instances move: 0 (out of 0 movable physical-only)
Total net bbox length = 5.884e+03 (3.019e+03 2.865e+03) (ext = 2.167e+03)
Runtime: CPU: 0:00:00.0 REAL: 0:00:01.0 MEM: 6313.7MB
*** Finished refinePlace (0:04:33 mem=6313.7M) ***
*** maximum move = 0.00 um ***
*** Finished re-routing un-routed nets (6313.7M) ***

*** Finish Physical Update (cpu=0:00:00.1 real=0:00:01.0 mem=6345.7M) ***
*** AreaOpt #4 [finish] (optDesign #1) : cpu/real = 0:00:00.6/0:00:00.5 (1.2), totSession cpu/real = 0:04:32.7/0:27:27.1 (0.2), mem = 6345.7M
End: Area Reclaim Optimization (cpu=0:00:01, real=0:00:01, mem=5804.69M, totSessionCpu=0:04:33).
*** LocalWireReclaim #1 [begin] (optDesign #1) : totSession cpu/real = 0:04:32.9/0:27:27.3 (0.2), mem = 5804.7M
Starting local wire reclaim
*** Starting refinePlace (0:04:33 mem=5804.7M) ***
Max route layer is changed from 127 to 11 because there is no routing track above this layer
Max route layer is changed from 127 to 11 because there is no routing track above this layer
Max route layer is changed from 127 to 11 because there is no routing track above this layer
*** Finished SKP initialization (cpu=0:00:00.3, real=0:00:00.0)***
Timing cost in AAE based: 2433.8448148678962752
Max route layer is changed from 127 to 11 because there is no routing track above this layer
Max route layer is changed from 127 to 11 because there is no routing track above this layer
Call icdpEval cleanup ...
Move report: Detail placement moves 36 insts, mean move: 1.82 um, max move: 6.33 um 
	Max move on inst (FE_OFC15_n_139): (27.60, 34.96) --> (26.40, 40.09)
	Runtime: CPU: 0:00:00.5 REAL: 0:00:00.0 MEM: 5772.7MB
Summary Report:
Instances move: 36 (out of 480 movable)
Instances flipped: 0
Mean displacement: 1.82 um
Max displacement: 6.33 um (Instance: FE_OFC15_n_139) (27.6, 34.96) -> (26.4, 40.09)
	Length: 2 sites, height: 1 rows, site name: CoreSite, cell type: INVXL
Physical-only instances move: 0 (out of 0 movable physical-only)
Runtime: CPU: 0:00:00.5 REAL: 0:00:00.0 MEM: 5772.7MB
*** Finished refinePlace (0:04:33 mem=5772.7M) ***
*** LocalWireReclaim #1 [finish] (optDesign #1) : cpu/real = 0:00:00.5/0:00:00.3 (1.5), totSession cpu/real = 0:04:33.4/0:27:27.6 (0.2), mem = 5772.7M
AAE_INFO: opIsDesignInPostRouteState() is 0
#################################################################################
# Design Stage: PreRoute
# Design Name: Main
# Design Mode: 45nm
# Analysis Mode: MMMC Non-OCV 
# Parasitics Mode: No SPEF/RCDB 
# Signoff Settings: SI Off 
#################################################################################
Calculate delays in BcWc mode...
Start delay calculation (fullDC) (8 T). (MEM=3766.09)
Total number of fetched objects 574
End delay calculation. (MEM=3789.07 CPU=0:00:00.1 REAL=0:00:00.0)
End delay calculation (fullDC). (MEM=3789.07 CPU=0:00:00.1 REAL=0:00:00.0)
eGR doReRoute: optGuide
Max route layer is changed from 127 to 11 because there is no routing track above this layer
Max route layer is changed from 127 to 11 because there is no routing track above this layer
[NR-eGR] Early global route reroute all routable nets
[NR-eGR] Track table information for default rule: 
[NR-eGR] Metal1 has single uniform track structure
[NR-eGR] Metal2 has single uniform track structure
[NR-eGR] Metal3 has single uniform track structure
[NR-eGR] Metal4 has single uniform track structure
[NR-eGR] Metal5 has single uniform track structure
[NR-eGR] Metal6 has single uniform track structure
[NR-eGR] Metal7 has single uniform track structure
[NR-eGR] Metal8 has single uniform track structure
[NR-eGR] Metal9 has single uniform track structure
[NR-eGR] Metal10 has single uniform track structure
[NR-eGR] Metal11 has single uniform track structure
[NR-eGR] Read 840 PG shapes
[NR-eGR] Read 0 clock shapes
[NR-eGR] Read 0 other shapes
[NR-eGR] #Routing Blockages  : 0
[NR-eGR] #Instance Blockages : 0
[NR-eGR] #PG Blockages       : 840
[NR-eGR] #Halo Blockages     : 0
[NR-eGR] #Boundary Blockages : 0
[NR-eGR] #Clock Blockages    : 0
[NR-eGR] #Other Blockages    : 0
[NR-eGR] #prerouted nets         : 1
[NR-eGR] #prerouted special nets : 0
[NR-eGR] #prerouted wires        : 234
[NR-eGR] Read 574 nets ( ignored 1 )
[NR-eGR] ============ Routing rule table ============
[NR-eGR] Rule id: 0  Nets: 573
[NR-eGR] ========================================
[NR-eGR] 
[NR-eGR] Layer group 1: route 573 net(s) in layer range [2, 11]
[NR-eGR] Early Global Route overflow of layer group 1: 0.00% H + 0.00% V. EstWL: 6.381720e+03um
[NR-eGR] Congestion Analysis By layer: (blocked Gcells are excluded) 
[NR-eGR]                        OverCon            
[NR-eGR]                         #Gcell     %Gcell
[NR-eGR]        Layer             (1-0)    OverCon
[NR-eGR] ----------------------------------------------
[NR-eGR]  Metal1 ( 1)         0( 0.00%)   ( 0.00%) 
[NR-eGR]  Metal2 ( 2)         0( 0.00%)   ( 0.00%) 
[NR-eGR]  Metal3 ( 3)         0( 0.00%)   ( 0.00%) 
[NR-eGR]  Metal4 ( 4)         0( 0.00%)   ( 0.00%) 
[NR-eGR]  Metal5 ( 5)         0( 0.00%)   ( 0.00%) 
[NR-eGR]  Metal6 ( 6)         0( 0.00%)   ( 0.00%) 
[NR-eGR]  Metal7 ( 7)         0( 0.00%)   ( 0.00%) 
[NR-eGR]  Metal8 ( 8)         0( 0.00%)   ( 0.00%) 
[NR-eGR]  Metal9 ( 9)         0( 0.00%)   ( 0.00%) 
[NR-eGR] Metal10 (10)         0( 0.00%)   ( 0.00%) 
[NR-eGR] Metal11 (11)         0( 0.00%)   ( 0.00%) 
[NR-eGR] ----------------------------------------------
[NR-eGR]        Total         0( 0.00%)   ( 0.00%) 
[NR-eGR] 
[NR-eGR] Overflow after Early Global Route 0.00% H + 0.00% V
[NR-eGR] Connected 0 must-join pins/ports (post-process)
[NR-eGR] Total eGR-routed clock nets wire length: 0um, number of vias: 0
[NR-eGR] --------------------------------------------------------------------------
[NR-eGR]                  Length (um)  Vias 
[NR-eGR] -----------------------------------
[NR-eGR]  Metal1   (1H)             0  1850 
[NR-eGR]  Metal2   (2V)          3096  2678 
[NR-eGR]  Metal3   (3H)          3449   196 
[NR-eGR]  Metal4   (4V)           498    22 
[NR-eGR]  Metal5   (5H)            75     4 
[NR-eGR]  Metal6   (6V)            17     0 
[NR-eGR]  Metal7   (7H)             0     0 
[NR-eGR]  Metal8   (8V)             0     0 
[NR-eGR]  Metal9   (9H)             0     0 
[NR-eGR]  Metal10  (10V)            0     0 
[NR-eGR]  Metal11  (11H)            0     0 
[NR-eGR] -----------------------------------
[NR-eGR]           Total         7135  4750 
[NR-eGR] --------------------------------------------------------------------------
[NR-eGR] Total half perimeter of net bounding box: 5868um
[NR-eGR] Total length: 7135um, number of vias: 4750
[NR-eGR] --------------------------------------------------------------------------
[NR-eGR] Finished Early Global Route kernel ( CPU: 0.15 sec, Real: 0.07 sec, Curr Mem: 5.38 MB )
[NR-eGR] Finished Early Global Route ( CPU: 0.15 sec, Real: 0.08 sec, Curr Mem: 5.38 MB )
Extraction called for design 'Main' of instances=480 and nets=620 using extraction engine 'preRoute' .
PreRoute RC Extraction called for design Main.
RC Extraction called in multi-corner(2) mode.
RCMode: PreRoute
      RC Corner Indexes            0       1   
Capacitance Scaling Factor   : 1.00000 1.00000 
Resistance Scaling Factor    : 1.00000 1.00000 
Clock Cap. Scaling Factor    : 1.00000 1.00000 
Clock Res. Scaling Factor    : 1.00000 1.00000 
Shrink Factor                : 1.00000
PreRoute extraction is honoring NDR/Shielding/ExtraSpace for clock nets.
Using Quantus QRC technology file ...
Updating RC Grid density data for preRoute extraction ...
Initializing multi-corner resistance tables ...
PreRoute RC Extraction DONE (CPU Time: 0:00:00.0  Real Time: 0:00:00.0  MEM: 5654.785M)
Compute RC Scale Done ...
[hotspot] +------------+---------------+---------------+
[hotspot] |            |   max hotspot | total hotspot |
[hotspot] +------------+---------------+---------------+
[hotspot] | normalized |          0.00 |          0.00 |
[hotspot] +------------+---------------+---------------+
Local HotSpot Analysis: normalized max congestion hotspot area = 0.00, normalized total congestion hotspot area = 0.00 (area is in unit of 4 std-cell row bins)
Begin: GigaOpt Route Type Constraints Refinement
*** CongRefineRouteType #2 [begin] (optDesign #1) : totSession cpu/real = 0:04:34.2/0:27:28.2 (0.2), mem = 5654.9M
Updated routing constraints on 0 nets.
Bottom Preferred Layer:
+---------------+------------+----------+
|     Layer     |    CLK     |   Rule   |
+---------------+------------+----------+
| Metal3 (z=3)  |          1 | default  |
+---------------+------------+----------+
Via Pillar Rule:
    None
*** CongRefineRouteType #2 [finish] (optDesign #1) : cpu/real = 0:00:00.0/0:00:00.0 (0.0), totSession cpu/real = 0:04:34.2/0:27:28.2 (0.2), mem = 5654.9M
End: GigaOpt Route Type Constraints Refinement
skip EGR on cluster skew clock nets.
Starting delay calculation for Setup views
AAE_INFO: opIsDesignInPostRouteState() is 0
#################################################################################
# Design Stage: PreRoute
# Design Name: Main
# Design Mode: 45nm
# Analysis Mode: MMMC Non-OCV 
# Parasitics Mode: No SPEF/RCDB 
# Signoff Settings: SI Off 
#################################################################################
Calculate delays in BcWc mode...
Start delay calculation (fullDC) (8 T). (MEM=3750.8)
Total number of fetched objects 574
End delay calculation. (MEM=3784.25 CPU=0:00:00.1 REAL=0:00:00.0)
End delay calculation (fullDC). (MEM=3784.25 CPU=0:00:00.1 REAL=0:00:00.0)
*** Done Building Timing Graph (cpu=0:00:00.3 real=0:00:00.0 totSessionCpu=0:04:35 mem=6121.6M)
Begin: GigaOpt postEco DRV Optimization
*** DrvOpt #2 [begin] (optDesign #1) : totSession cpu/real = 0:04:34.6/0:27:28.5 (0.2), mem = 6121.6M
Info: 1 net with fixed/cover wires excluded.
Info: 1 clock net  excluded from IPO operation.
**ERROR: (IMPSP-365):	Design has inst(s) with SITE 'CoreSiteDouble', but the floorplan has no rows defined for this site. Any locations found for such insts will be illegal; create rows for this site to avoid this.
	CornerforLayerOpt timing analysis view Best_CASE has been selected for calibration 
	CornerforLayerOpt timing analysis view Best_CASE has been selected for calibration 
	CornerforLayerOpt timing analysis view Best_CASE has been selected for calibration 
	CornerforLayerOpt timing analysis view Best_CASE has been selected for calibration 
	CornerforLayerOpt timing analysis view Best_CASE has been selected for calibration 
	CornerforLayerOpt timing analysis view Best_CASE has been selected for calibration 
	CornerforLayerOpt timing analysis view Best_CASE has been selected for calibration 
	CornerforLayerOpt timing analysis view Best_CASE has been selected for calibration 
+-------------------------------------------------------------------------------------------------------------------------------------------------------+
|        max-tran       |        max-cap        |  max-fanout |  max-length |       setup       |        |        |        |       |          |         |
+-------------------------------------------------------------------------------------------------------------------------------------------------------+
| nets | terms|  wViol  | nets | terms|  wViol  | nets | terms| nets | terms|   WNS   |   TNS   |  #Buf  |  #Inv  | #Resize|Density|   Real   |   Mem   |
+-------------------------------------------------------------------------------------------------------------------------------------------------------+
|     0|     0|     0.00|     0|     0|     0.00|     0|     0|     0|     0|     0.05|     0.00|       0|       0|       0| 94.81%|          |         |
|     0|     0|     0.00|     0|     0|     0.00|     0|     0|     0|     0|     0.05|     0.00|       0|       0|       0| 94.81%| 0:00:00.0|  6281.6M|
+-------------------------------------------------------------------------------------------------------------------------------------------------------+
Bottom Preferred Layer:
+---------------+------------+----------+
|     Layer     |    CLK     |   Rule   |
+---------------+------------+----------+
| Metal3 (z=3)  |          1 | default  |
+---------------+------------+----------+
Via Pillar Rule:
    None

*** Finish DRV Fixing (cpu=0:00:00.0 real=0:00:00.0 mem=6281.6M) ***

*** DrvOpt #2 [finish] (optDesign #1) : cpu/real = 0:00:00.3/0:00:00.2 (1.1), totSession cpu/real = 0:04:34.9/0:27:28.7 (0.2), mem = 5697.6M
End: GigaOpt postEco DRV Optimization
Running refinePlace -preserveRouting true -hardFence false
*** Starting refinePlace (0:04:35 mem=5697.6M) ***
Max route layer is changed from 127 to 11 because there is no routing track above this layer
Max route layer is changed from 127 to 11 because there is no routing track above this layer

Starting Small incrNP...
Density distribution unevenness ratio = 0.607%
Skipped incrNP (cpu=0:00:00.0, real=0:00:00.0, mem=5697.6M)
End of Small incrNP (cpu=0:00:00.0, real=0:00:00.0)
Max route layer is changed from 127 to 11 because there is no routing track above this layer
Max route layer is changed from 127 to 11 because there is no routing track above this layer
Move report: Detail placement moves 0 insts, mean move: 0.00 um, max move: 0.00 um 
	Runtime: CPU: 0:00:00.0 REAL: 0:00:00.0 MEM: 5665.6MB
Summary Report:
Instances move: 0 (out of 480 movable)
Instances flipped: 0
Mean displacement: 0.00 um
Max displacement: 0.00 um 
Physical-only instances move: 0 (out of 0 movable physical-only)
Runtime: CPU: 0:00:00.0 REAL: 0:00:00.0 MEM: 5665.6MB
*** Finished refinePlace (0:04:35 mem=5665.6M) ***
Register exp ratio and priority group on 0 nets on 574 nets : 

Active setup views:
 WORST_CASE
  Dominating endpoints: 0
  Dominating TNS: -0.000

Extraction called for design 'Main' of instances=480 and nets=620 using extraction engine 'preRoute' .
PreRoute RC Extraction called for design Main.
RC Extraction called in multi-corner(2) mode.
RCMode: PreRoute
      RC Corner Indexes            0       1   
Capacitance Scaling Factor   : 1.00000 1.00000 
Resistance Scaling Factor    : 1.00000 1.00000 
Clock Cap. Scaling Factor    : 1.00000 1.00000 
Clock Res. Scaling Factor    : 1.00000 1.00000 
Shrink Factor                : 1.00000
PreRoute extraction is honoring NDR/Shielding/ExtraSpace for clock nets.
Using Quantus QRC technology file ...
Updating RC Grid density data for preRoute extraction ...
Initializing multi-corner resistance tables ...
PreRoute RC Extraction DONE (CPU Time: 0:00:00.0  Real Time: 0:00:00.0  MEM: 5654.777M)
Starting delay calculation for Setup views
AAE_INFO: opIsDesignInPostRouteState() is 0
#################################################################################
# Design Stage: PreRoute
# Design Name: Main
# Design Mode: 45nm
# Analysis Mode: MMMC Non-OCV 
# Parasitics Mode: No SPEF/RCDB 
# Signoff Settings: SI Off 
#################################################################################
Calculate delays in BcWc mode...
Start delay calculation (fullDC) (8 T). (MEM=3751.71)
Total number of fetched objects 574
End delay calculation. (MEM=3782.91 CPU=0:00:00.1 REAL=0:00:00.0)
End delay calculation (fullDC). (MEM=3782.91 CPU=0:00:00.1 REAL=0:00:00.0)
*** Done Building Timing Graph (cpu=0:00:00.3 real=0:00:01.0 totSessionCpu=0:04:36 mem=6119.0M)
OPTC: user 20.0
Reported timing to dir ./timingReports
**optDesign ... cpu = 0:00:12, real = 0:00:22, mem = 3750.9M, totSessionCpu=0:04:36 **

------------------------------------------------------------------
     optDesign Final Summary
------------------------------------------------------------------

Setup views included:
 WORST_CASE 

+--------------------+---------+---------+---------+
|     Setup mode     |   all   | reg2reg | default |
+--------------------+---------+---------+---------+
|           WNS (ns):|  0.050  |  0.063  |  0.050  |
|           TNS (ns):|  0.000  |  0.000  |  0.000  |
|    Violating Paths:|    0    |    0    |    0    |
|          All Paths:|   276   |   181   |   178   |
+--------------------+---------+---------+---------+

+----------------+-------------------------------+------------------+
|                |              Real             |       Total      |
|    DRVs        +------------------+------------+------------------|
|                |  Nr nets(terms)  | Worst Vio  |  Nr nets(terms)  |
+----------------+------------------+------------+------------------+
|   max_cap      |      0 (0)       |   0.000    |      0 (0)       |
|   max_tran     |      0 (0)       |   0.000    |      0 (0)       |
|   max_fanout   |      0 (0)       |     0      |      0 (0)       |
|   max_length   |      0 (0)       |     0      |      0 (0)       |
+----------------+------------------+------------+------------------+

Density: 94.809%
Routing Overflow: 0.00% H and 0.00% V
------------------------------------------------------------------
Begin: Collecting metrics
 ------------------------------------------------------------------------------------------------------------------------------------------------------- 
| Snapshot                | WNS                  | TNS                  | Density (%) | Hotspot                   | Resource               | DRVs       |
|                         | HEPG (ns) | ALL (ns) | HEPG (ns) | ALL (ns) |             | Max (bins) | Total (bins) | Real (s) | Memory (MB) | Tran | Cap |
|-------------------------+-----------+----------+-----------+----------+-------------+------------+--------------+----------+-------------+------+-----|
| initial_summary         |    -0.001 |   -0.023 |           |       -0 |       94.90 |            |              | 0:00:01  |        5619 |    0 |   0 |
| route_type_refinement   |           |          |           |          |             |            |              | 0:00:00  |        5620 |      |     |
| simplify_netlist        |           |          |           |          |             |            |              | 0:00:00  |        5620 |      |     |
| excluded_clk_net_fixing |           |          |           |          |             |            |              | 0:00:00  |        5620 |      |     |
| global_opt              |           |   -0.024 |           |       -0 |       94.90 |            |              | 0:00:00  |        5655 |      |     |
| area_reclaiming         |     0.002 |   -0.021 |         0 |       -0 |       94.51 |            |              | 0:00:01  |        5720 |      |     |
| wns_fixing              |     0.066 |    0.051 |         0 |        0 |       94.94 |            |              | 0:00:07  |        6351 |      |     |
| area_reclaiming_2       |     0.060 |    0.055 |         0 |        0 |       94.81 |            |              | 0:00:01  |        5805 |      |     |
| local_wire_reclaim      |           |          |           |          |             |            |              | 0:00:00  |        5773 |      |     |
| global_route            |           |          |           |          |             |       0.00 |         0.00 | 0:00:01  |        5655 |      |     |
| route_type_refinement_2 |           |          |           |          |             |            |              | 0:00:00  |        5655 |      |     |
| drv_eco_fixing          |     0.063 |    0.050 |         0 |        0 |       94.81 |            |              | 0:00:00  |        5698 |    0 |   0 |
| final_summary           |     0.063 |    0.050 |           |        0 |       94.81 |            |              | 0:00:01  |        5700 |    0 |   0 |
 ------------------------------------------------------------------------------------------------------------------------------------------------------- 
End: Collecting metrics
**optDesign ... cpu = 0:00:12, real = 0:00:23, mem = 3756.2M, totSessionCpu=0:04:36 **
*** Finished optDesign ***
      flow.cputime  flow.realtime  timing.setup.tns  timing.setup.wns  snapshot
UM:*                                                                   final
      flow.cputime  flow.realtime  timing.setup.tns  timing.setup.wns  snapshot
UM:*                                                                   opt_design_postcts
Info: final physical memory for 9 CRR processes is 942.80MB.
Info: Summary of CRR changes:
      - Timing transform commits:       0
Info: Destroy the CCOpt slew target map.

*** Summary of all messages that are not suppressed in this session:
Severity  ID               Count  Summary                                  
ERROR     IMPSP-365            3  Design has inst(s) with SITE '%s', but t...
*** Message Summary: 0 warning(s), 3 error(s)

*** optDesign #1 [finish] () : cpu/real = 0:00:12.3/0:00:24.2 (0.5), totSession cpu/real = 0:04:36.2/0:27:32.1 (0.2), mem = 5700.1M
<CMD> setNanoRouteMode -quiet -drouteFixAntenna 1
<CMD> setNanoRouteMode -quiet -routeInsertAntennaDiode 0
<CMD> setNanoRouteMode -quiet -routeWithTimingDriven 0
<CMD> setNanoRouteMode -quiet -routeWithEco 0
<CMD> setNanoRouteMode -quiet -routeWithLithoDriven 0
<CMD> setNanoRouteMode -quiet -droutePostRouteLithoRepair 0
<CMD> setNanoRouteMode -quiet -routeWithSiDriven 0
<CMD> setNanoRouteMode -quiet -drouteAutoStop 1
<CMD> setNanoRouteMode -quiet -routeSelectedNetOnly 0
<CMD> setNanoRouteMode -quiet -routeTopRoutingLayer 5
#WARNING (NRIF-91) Option setNanoRouteMode -route_top_routing_layer is obsolete. It will continue to work for the current release. To ensure compatibility with future releases, use option setDesignMode -topRoutingLayer instead.
<CMD> setNanoRouteMode -quiet -routeBottomRoutingLayer 1
#WARNING (NRIF-90) Option setNanoRouteMode -route_bottom_routing_layer is obsolete. It will continue to work for the current release. To ensure compatibility with future releases, use option setDesignMode -bottomRoutingLayer instead.
<CMD> setNanoRouteMode -quiet -drouteEndIteration 1
<CMD> setNanoRouteMode -quiet -routeWithTimingDriven false
<CMD> setNanoRouteMode -quiet -routeWithSiDriven false
<CMD> routeDesign -globalDetail
#% Begin routeDesign (date=09/27 22:28:34, mem=3642.2M)
#routeDesign: cpu time = 00:00:00, elapsed time = 00:00:00, memory = 3642.18 (MB), peak = 3936.36 (MB)
AAE_INFO: Pre Route call back at the beginning of routeDesign
#**INFO: setDesignMode -flowEffort standard
#**INFO: setDesignMode -powerEffort none
#WARNING (NRIG-96) Selected single pass global detail route "-globalDetail". Clock eco and post optimizations will not be run. See "man NRIG-96" for more details.
**INFO: User settings:
setNanoRouteMode -route_detail_auto_stop                    true
setNanoRouteMode -route_detail_end_iteration                1
setNanoRouteMode -route_detail_fix_antenna                  true
setNanoRouteMode -route_detail_on_grid_only                 0
setNanoRouteMode -route_detail_post_route_litho_repair      false
setNanoRouteMode -route_detail_post_route_spread_wire       1
setNanoRouteMode -route_detail_post_route_swap_via          {}
setNanoRouteMode -route_detail_use_multi_cut_via_effort     {}
setNanoRouteMode -route_route_side                          front
setNanoRouteMode -route_extract_third_party_compatible      false
setNanoRouteMode -route_global_exp_timing_driven_std_delay  41.9
setNanoRouteMode -route_bottom_routing_layer                1
setNanoRouteMode -route_ignore_antenna_top_cell_pin         false
setNanoRouteMode -route_antenna_diode_insertion             false
setNanoRouteMode -route_selected_net_only                   false
setNanoRouteMode -route_top_routing_layer                   5
setNanoRouteMode -route_with_eco                            false
setNanoRouteMode -route_with_litho_driven                   false
setNanoRouteMode -route_with_si_driven                      false
setNanoRouteMode -route_with_timing_driven                  false
setNanoRouteMode -timingEngine                              {}
setDesignMode -process                                      45
setExtractRCMode -coupling_c_th                             0.1
setExtractRCMode -engine                                    preRoute
setExtractRCMode -relative_c_th                             1
setExtractRCMode -total_c_th                                0
setDelayCalMode -enable_high_fanout                         true
setDelayCalMode -eng_enablePrePlacedFlow                    false
setDelayCalMode -engine                                     aae
setDelayCalMode -ignoreNetLoad                              false
setDelayCalMode -socv_accuracy_mode                         low
setSIMode -separate_delta_delay_on_data                     true

#**INFO: multi-cut via swapping will not be performed after routing.
#**INFO: All auto set options tuned by routeDesign will be restored to their original settings on command completion.
**ERROR: (IMPSP-365):	Design has inst(s) with SITE 'CoreSiteDouble', but the floorplan has no rows defined for this site. Any locations found for such insts will be illegal; create rows for this site to avoid this.
Type 'man IMPSP-365' for more detail.
Begin checking placement ... (start mem=5612.1M, init mem=5612.1M)
TechSite Violation:	7
*info: Placed = 480           
*info: Unplaced = 0           
Placement Density:94.80%(1498/1581)
Placement Density (including fixed std cells):94.80%(1498/1581)
Finished checkPlace (total: cpu=0:00:00.0, real=0:00:00.0; vio checks: cpu=0:00:00.0, real=0:00:00.0; mem=5580.1M)
#WARNING (NRIG-77) Found placement violations. Please investigate and correct before routing. Routing with placement violations can cause long runtime and may be irresolvable.
#Use routeDesign -placementCheck to stop on violations. Use routeDesign -noPlacementCheck to skip the check.

changeUseClockNetStatus Option :  -noFixedNetWires 
*** Changed status on (1) nets in Clock.
*** End changeUseClockNetStatus (cpu=0:00:00.0, real=0:00:00.0, mem=5580.1M) ***
% Begin globalDetailRoute (date=09/27 22:28:34, mem=3641.8M)

globalDetailRoute

#Start globalDetailRoute on Sat Sep 27 22:28:34 2025
#
#WARNING (NRIG-1303) The congestion map does not match the GCELL grid. Clearing the congestion map.
#NanoRoute Version 23.31-s109_1 NR240401-0735/23_11-UB
#WARNING (NRIF-79) Wrong option value for drouteUseMultiCutViaEffort <>, reset to default.
#WARNING (NRIF-67) In option 'OnGridOnly 0', 0 is an unknown type. It will be ignored.
#WARNING (NRIF-68) Option 'OnGridOnly 0' did not specify a correct type. It will be ignored.
#WARNING (NRDR-157) In option 'PostRouteSwapVia ',  is invalid and will be ignored.
#WARNING (NRIF-79) Wrong option value for drouteUseMultiCutViaEffort <>, reset to default.
#WARNING (NRIF-67) In option 'OnGridOnly 0', 0 is an unknown type. It will be ignored.
#WARNING (NRIF-68) Option 'OnGridOnly 0' did not specify a correct type. It will be ignored.
#WARNING (NRDR-157) In option 'PostRouteSwapVia ',  is invalid and will be ignored.
#WARNING (NRIF-79) Wrong option value for drouteUseMultiCutViaEffort <>, reset to default.
#WARNING (NRIF-67) In option 'OnGridOnly 0', 0 is an unknown type. It will be ignored.
#WARNING (NRIF-68) Option 'OnGridOnly 0' did not specify a correct type. It will be ignored.
#WARNING (NRDR-157) In option 'PostRouteSwapVia ',  is invalid and will be ignored.
#Total number of trivial nets (e.g. < 2 pins) = 46 (skipped).
#Total number of routable nets = 574.
#Total number of nets in the design = 620.
#574 routable nets do not have any wires.
#574 nets will be global routed.
#1 global routed or unrouted (routable) net has been constrained (e.g. have preferred extra spacing, require shielding etc.)
#Using multithreading with 8 threads.
#WARNING (NRIF-79) Wrong option value for drouteUseMultiCutViaEffort <>, reset to default.
#WARNING (NRIF-67) In option 'OnGridOnly 0', 0 is an unknown type. It will be ignored.
#WARNING (NRIF-68) Option 'OnGridOnly 0' did not specify a correct type. It will be ignored.
#WARNING (NRDR-157) In option 'PostRouteSwapVia ',  is invalid and will be ignored.
#Start routing data preparation on Sat Sep 27 22:28:34 2025
#
#WARNING (NRIF-79) Wrong option value for drouteUseMultiCutViaEffort <>, reset to default.
#WARNING (NRIF-67) In option 'OnGridOnly 0', 0 is an unknown type. It will be ignored.
#WARNING (NRIF-68) Option 'OnGridOnly 0' did not specify a correct type. It will be ignored.
#WARNING (NRDR-157) In option 'PostRouteSwapVia ',  is invalid and will be ignored.
#Rebuild pin access data for design.
#Initial pin access analysis.
#Detail pin access analysis.
# Metal1       H   Track-Pitch = 0.19000    Line-2-Via Pitch = 0.13000
# Metal2       V   Track-Pitch = 0.20000    Line-2-Via Pitch = 0.15000
# Metal3       H   Track-Pitch = 0.19000    Line-2-Via Pitch = 0.15000
# Metal4       V   Track-Pitch = 0.20000    Line-2-Via Pitch = 0.15000
# Metal5       H   Track-Pitch = 0.19000    Line-2-Via Pitch = 0.15000
# Metal6       V   Track-Pitch = 0.20000    Line-2-Via Pitch = 0.15000
# Metal7       H   Track-Pitch = 0.19000    Line-2-Via Pitch = 0.15000
# Metal8       V   Track-Pitch = 0.20000    Line-2-Via Pitch = 0.15000
# Metal9       H   Track-Pitch = 0.19000    Line-2-Via Pitch = 0.15000
# Metal10      V   Track-Pitch = 0.50000    Line-2-Via Pitch = 0.42000
# Metal11      H   Track-Pitch = 0.47500    Line-2-Via Pitch = 0.43000
#Bottom routing layer index=1(Metal1), bottom routing layer for shielding=1(Metal1), bottom shield layer=1(Metal1)
#shield_bottom_stripe_layer=1(Metal1), shield_top_stripe_layer=5(Metal5)
#pin_access_rlayer=2(Metal2)
#shield_top_dpt_rlayer=-1 top_rlayer=5 top_trim_metal_rlayer=-1 rlayer_lowest=1 bottom_rlayer=1
#enable_trim_layer_shield=F enable_dpt_layer_shield=F has_line_end_grid=F
#enable_dpt_layer_shield=F
#has_line_end_grid=F
#cpu time = 00:00:00, elapsed time = 00:00:00, memory = 3652.54 (MB), peak = 3936.36 (MB)
#Regenerating Ggrids automatically.
#Auto generating G-grids with size=15 tracks, using layer Metal3's pitch = 0.19000.
#Using automatically generated G-grids.
#Done routing data preparation.
#cpu time = 00:00:01, elapsed time = 00:00:00, memory = 3654.83 (MB), peak = 3936.36 (MB)
#WARNING (NRIF-79) Wrong option value for drouteUseMultiCutViaEffort <>, reset to default.
#WARNING (NRIF-67) In option 'OnGridOnly 0', 0 is an unknown type. It will be ignored.
#WARNING (NRIF-68) Option 'OnGridOnly 0' did not specify a correct type. It will be ignored.
#WARNING (NRDR-157) In option 'PostRouteSwapVia ',  is invalid and will be ignored.
#
#Finished routing data preparation on Sat Sep 27 22:28:34 2025
#
#Cpu time = 00:00:01
#Elapsed time = 00:00:00
#Increased memory = 6.32 (MB)
#Total memory = 3654.83 (MB)
#Peak memory = 3936.36 (MB)
#
#
#Start global routing on Sat Sep 27 22:28:34 2025
#
#
#Start global routing initialization on Sat Sep 27 22:28:34 2025
#
#Number of eco nets is 1
#
#Start global routing data preparation on Sat Sep 27 22:28:34 2025
#
#Start routing resource analysis on Sat Sep 27 22:28:34 2025
#
#Routing resource analysis is done on Sat Sep 27 22:28:34 2025
#
#  Resource Analysis:
#
#               Routing  #Avail      #Track     #Total     %Gcell
#  Layer      Direction   Track     Blocked      Gcell    Blocked
#  --------------------------------------------------------------
#  Metal1         H         237         140         625    30.88%
#  Metal2         V         294          67         625     7.68%
#  Metal3         H         366          11         625     0.00%
#  Metal4         V         309          52         625     7.68%
#  Metal5         H         366          11         625     0.00%
#  --------------------------------------------------------------
#  Total                   1572      15.16%        3125     9.25%
#
#  1 nets (0.16%) with 1 preferred extra spacing.
#
#
#
#Global routing data preparation is done on Sat Sep 27 22:28:34 2025
#
#cpu time = 00:00:00, elapsed time = 00:00:00, memory = 3658.05 (MB), peak = 3936.36 (MB)
#
#
#Global routing initialization is done on Sat Sep 27 22:28:34 2025
#
#cpu time = 00:00:00, elapsed time = 00:00:00, memory = 3658.05 (MB), peak = 3936.36 (MB)
#
#start global routing iteration 1...
#cpu time = 00:00:00, elapsed time = 00:00:00, memory = 3658.76 (MB), peak = 3936.36 (MB)
#
#start global routing iteration 2...
#cpu time = 00:00:00, elapsed time = 00:00:00, memory = 3658.81 (MB), peak = 3936.36 (MB)
#
#
#Total number of trivial nets (e.g. < 2 pins) = 46 (skipped).
#Total number of routable nets = 574.
#Total number of nets in the design = 620.
#
#574 routable nets have routed wires.
#1 global routed or unrouted (routable) net has been constrained (e.g. have preferred extra spacing, require shielding etc.)
#
#Routed nets constraints summary:
#------------------------------------------------
#        Rules   Pref Extra Space   Unconstrained  
#------------------------------------------------
#      Default                  1             573  
#------------------------------------------------
#        Total                  1             573  
#------------------------------------------------
#
#Routing constraints summary of the whole design:
#------------------------------------------------
#        Rules   Pref Extra Space   Unconstrained  
#------------------------------------------------
#      Default                  1             573  
#------------------------------------------------
#        Total                  1             573  
#------------------------------------------------
#
#
#  Congestion Analysis: (blocked Gcells are excluded)
#
#                 OverCon          
#                  #Gcell    %Gcell
#     Layer           (1)   OverCon
#  --------------------------------
#  Metal1        0(0.00%)   (0.00%)
#  Metal2        0(0.00%)   (0.00%)
#  Metal3        0(0.00%)   (0.00%)
#  Metal4        0(0.00%)   (0.00%)
#  Metal5        0(0.00%)   (0.00%)
#  --------------------------------
#     Total      0(0.00%)   (0.00%)
#
#  The worst congested Gcell overcon (routing demand over resource in number of tracks) = 1
#  Overflow after GR: 0.00% H + 0.00% V
#
#Hotspot report including placement blocked areas
[hotspot] +----------------+-------------------+-------------------+-------------------------------------+
[hotspot] |      layer     |    max hotspot    |   total hotspot   |            hotspot bbox             |
[hotspot] +----------------+-------------------+-------------------+-------------------------------------+
[hotspot] |   Metal1(H)    |              0.00 |              0.00 |   (none)                            |
[hotspot] |   Metal2(V)    |              0.00 |              0.00 |   (none)                            |
[hotspot] |   Metal3(H)    |              0.00 |              0.00 |   (none)                            |
[hotspot] |   Metal4(V)    |              0.00 |              0.00 |   (none)                            |
[hotspot] |   Metal5(H)    |              0.00 |              0.00 |   (none)                            |
[hotspot] +----------------+-------------------+-------------------+-------------------------------------+
[hotspot] |      worst     |              0.00 |              0.00 |                                     |
[hotspot] +----------------+-------------------+-------------------+-------------------------------------+
[hotspot] |   all layers   |              0.00 |              0.00 |                                     |
[hotspot] +----------------+-------------------+-------------------+-------------------------------------+
Local HotSpot Analysis (blockage included) (3d): normalized congestion max/total hotspot area = 0.00/0.00 (area is in unit of 4 std-cell row bins)
#Complete Global Routing.
#Total number of nets with non-default rule or having extra spacing = 1
#
#  Routing Statistics
#
#----------------+-----------+-----+
#  Layer         | Length(um)| Vias|
#----------------+-----------+-----+
#  Poly ( 0H)    |          0|    0|
#  Metal1 ( 1H)  |        382| 1831|
#  Metal2 ( 2V)  |       2558| 1121|
#  Metal3 ( 3H)  |       2930|  168|
#  Metal4 ( 4V)  |        619|    4|
#  Metal5 ( 5H)  |         26|    0|
#  Metal6 ( 6V)  |          0|    0|
#  Metal7 ( 7H)  |          0|    0|
#  Metal8 ( 8V)  |          0|    0|
#  Metal9 ( 9H)  |          0|    0|
#  Metal10 (10V) |          0|    0|
#  Metal11 (11H) |          0|    0|
#----------------+-----------+-----+
#  Total         |       6516| 3124|
#----------------+-----------+-----+
#
# Total half perimeter of net bounding box: 6322 um.
#Max overcon = 0 track.
#Total overcon = 0.00%.
#Worst layer Gcell overcon rate = 0.00%.
#
#Global routing statistics:
#Cpu time = 00:00:00
#Elapsed time = 00:00:00
#Increased memory = 2.57 (MB)
#Total memory = 3657.41 (MB)
#Peak memory = 3936.36 (MB)
#
#Finished global routing on Sat Sep 27 22:28:34 2025
#
#
#WARNING (NRIF-79) Wrong option value for drouteUseMultiCutViaEffort <>, reset to default.
#WARNING (NRIF-67) In option 'OnGridOnly 0', 0 is an unknown type. It will be ignored.
#WARNING (NRIF-68) Option 'OnGridOnly 0' did not specify a correct type. It will be ignored.
#WARNING (NRDR-157) In option 'PostRouteSwapVia ',  is invalid and will be ignored.
#WARNING (NRIF-79) Wrong option value for drouteUseMultiCutViaEffort <>, reset to default.
#WARNING (NRIF-67) In option 'OnGridOnly 0', 0 is an unknown type. It will be ignored.
#WARNING (NRIF-68) Option 'OnGridOnly 0' did not specify a correct type. It will be ignored.
#WARNING (NRDR-157) In option 'PostRouteSwapVia ',  is invalid and will be ignored.
#cpu time = 00:00:00, elapsed time = 00:00:00, memory = 3657.41 (MB), peak = 3936.36 (MB)
#WARNING (NRIF-79) Wrong option value for drouteUseMultiCutViaEffort <>, reset to default.
#WARNING (NRIF-67) In option 'OnGridOnly 0', 0 is an unknown type. It will be ignored.
#WARNING (NRIF-68) Option 'OnGridOnly 0' did not specify a correct type. It will be ignored.
#WARNING (NRDR-157) In option 'PostRouteSwapVia ',  is invalid and will be ignored.
#Start Track Assignment.
#Done with 762 horizontal wires in 1 hboxes and 720 vertical wires in 1 hboxes.
#Done with 201 horizontal wires in 1 hboxes and 165 vertical wires in 1 hboxes.
#Done with 1 horizontal wires in 1 hboxes and 1 vertical wires in 1 hboxes.
#
#Track assignment summary:
# layer   (wire length)   (overlap)     (long ovlp)	(with obs/pg/clk)  
#------------------------------------------------------------------------
# Metal1       378.68 	  0.00%  	  0.00% 	  0.00%
# Metal2      2493.05 	  0.05%  	  0.00% 	  0.00%
# Metal3      2728.47 	  0.17%  	  0.00% 	  0.01%
# Metal4       489.67 	  0.00%  	  0.00% 	  0.00%
# Metal5        26.75 	  0.00%  	  0.00% 	  0.00%
#------------------------------------------------------------------------
# All        6116.62  	  0.10% 	  0.00% 	  0.00%
#Complete Track Assignment.
#Total number of nets with non-default rule or having extra spacing = 1
#
#  Routing Statistics
#
#----------------+-----------+-----+
#  Layer         | Length(um)| Vias|
#----------------+-----------+-----+
#  Poly ( 0H)    |          0|    0|
#  Metal1 ( 1H)  |        376| 1831|
#  Metal2 ( 2V)  |       2508| 1121|
#  Metal3 ( 3H)  |       2882|  168|
#  Metal4 ( 4V)  |        602|    4|
#  Metal5 ( 5H)  |         27|    0|
#  Metal6 ( 6V)  |          0|    0|
#  Metal7 ( 7H)  |          0|    0|
#  Metal8 ( 8V)  |          0|    0|
#  Metal9 ( 9H)  |          0|    0|
#  Metal10 (10V) |          0|    0|
#  Metal11 (11H) |          0|    0|
#----------------+-----------+-----+
#  Total         |       6395| 3124|
#----------------+-----------+-----+
#
# Total half perimeter of net bounding box: 6322 um.
#cpu time = 00:00:00, elapsed time = 00:00:00, memory = 3657.49 (MB), peak = 3936.36 (MB)
#
#number of short segments in preferred routing layers
#	Metal3    Metal4    Total 
#	18        6         24        
#
#Routing data preparation, pin analysis, global routing and track assignment statistics:
#Cpu time = 00:00:02
#Elapsed time = 00:00:01
#Increased memory = 9.21 (MB)
#Total memory = 3657.49 (MB)
#Peak memory = 3936.36 (MB)
#Using multithreading with 8 threads.
#WARNING (NRIF-79) Wrong option value for drouteUseMultiCutViaEffort <>, reset to default.
#WARNING (NRIF-67) In option 'OnGridOnly 0', 0 is an unknown type. It will be ignored.
#WARNING (NRIF-68) Option 'OnGridOnly 0' did not specify a correct type. It will be ignored.
#WARNING (NRDR-157) In option 'PostRouteSwapVia ',  is invalid and will be ignored.
#WARNING (NRIF-79) Wrong option value for drouteUseMultiCutViaEffort <>, reset to default.
#WARNING (NRIF-67) In option 'OnGridOnly 0', 0 is an unknown type. It will be ignored.
#WARNING (NRIF-68) Option 'OnGridOnly 0' did not specify a correct type. It will be ignored.
#WARNING (NRDR-157) In option 'PostRouteSwapVia ',  is invalid and will be ignored.
#WARNING (NRIF-79) Wrong option value for drouteUseMultiCutViaEffort <>, reset to default.
#WARNING (NRIF-67) In option 'OnGridOnly 0', 0 is an unknown type. It will be ignored.
#WARNING (NRIF-68) Option 'OnGridOnly 0' did not specify a correct type. It will be ignored.
#WARNING (NRDR-157) In option 'PostRouteSwapVia ',  is invalid and will be ignored.
#WARNING (NRIF-79) Wrong option value for drouteUseMultiCutViaEffort <>, reset to default.
#WARNING (NRIF-67) In option 'OnGridOnly 0', 0 is an unknown type. It will be ignored.
#WARNING (NRIF-68) Option 'OnGridOnly 0' did not specify a correct type. It will be ignored.
#WARNING (NRDR-157) In option 'PostRouteSwapVia ',  is invalid and will be ignored.
#
#Start Detail Routing..
#start initial detail routing ...
#   number of violations = 7
#
#  By Layer and Type:
#
#---------+-------+------+-------+
#  -      | EOLSpc| Short| Totals|
#---------+-------+------+-------+
#  Metal1 |      3|     4|      7|
#  Totals |      3|     4|      7|
#---------+-------+------+-------+
#
#477 out of 480 instances (99.4%) need to be verified(marked ipoed), dirty area = 30.7%.
#   number of violations = 7
#
#  By Layer and Type:
#
#---------+-------+------+-------+
#  -      | EOLSpc| Short| Totals|
#---------+-------+------+-------+
#  Metal1 |      3|     4|      7|
#  Totals |      3|     4|      7|
#---------+-------+------+-------+
#
#cpu time = 00:00:02, elapsed time = 00:00:01, memory = 3699.13 (MB), peak = 3936.36 (MB)
#start 1st optimization iteration ...
#   number of violations = 1
#
#  By Layer and Type:
#
#---------+------+-------+
#  -      | Short| Totals|
#---------+------+-------+
#  Metal1 |     1|      1|
#  Totals |     1|      1|
#---------+------+-------+
#
#cpu time = 00:00:00, elapsed time = 00:00:00, memory = 3697.95 (MB), peak = 3936.36 (MB)
#Complete Detail Routing.
#Total number of nets with non-default rule or having extra spacing = 1
#
#  Routing Statistics
#
#----------------+-----------+-----+
#  Layer         | Length(um)| Vias|
#----------------+-----------+-----+
#  Poly ( 0H)    |          0|    0|
#  Metal1 ( 1H)  |        420| 1914|
#  Metal2 ( 2V)  |       2936| 1401|
#  Metal3 ( 3H)  |       2914|  268|
#  Metal4 ( 4V)  |        795|    4|
#  Metal5 ( 5H)  |         27|    0|
#  Metal6 ( 6V)  |          0|    0|
#  Metal7 ( 7H)  |          0|    0|
#  Metal8 ( 8V)  |          0|    0|
#  Metal9 ( 9H)  |          0|    0|
#  Metal10 (10V) |          0|    0|
#  Metal11 (11H) |          0|    0|
#----------------+-----------+-----+
#  Total         |       7093| 3587|
#----------------+-----------+-----+
#
# Total half perimeter of net bounding box: 6322 um.
#Total number of DRC violations = 1
#Cpu time = 00:00:02
#Elapsed time = 00:00:01
#Increased memory = 23.69 (MB)
#Total memory = 3681.18 (MB)
#Peak memory = 3936.36 (MB)
#
#start routing for process antenna violation fix ...
#WARNING (NRIF-79) Wrong option value for drouteUseMultiCutViaEffort <>, reset to default.
#WARNING (NRIF-67) In option 'OnGridOnly 0', 0 is an unknown type. It will be ignored.
#WARNING (NRIF-68) Option 'OnGridOnly 0' did not specify a correct type. It will be ignored.
#WARNING (NRDR-157) In option 'PostRouteSwapVia ',  is invalid and will be ignored.
#WARNING (NRIF-79) Wrong option value for drouteUseMultiCutViaEffort <>, reset to default.
#WARNING (NRIF-67) In option 'OnGridOnly 0', 0 is an unknown type. It will be ignored.
#WARNING (NRIF-68) Option 'OnGridOnly 0' did not specify a correct type. It will be ignored.
#WARNING (NRDR-157) In option 'PostRouteSwapVia ',  is invalid and will be ignored.
#
#  By Layer and Type:
#
#---------+------+-------+
#  -      | Short| Totals|
#---------+------+-------+
#  Metal1 |     1|      1|
#  Totals |     1|      1|
#---------+------+-------+
#
#cpu time = 00:00:00, elapsed time = 00:00:00, memory = 3681.16 (MB), peak = 3936.36 (MB)
#
#Total number of nets with non-default rule or having extra spacing = 1
#
#  Routing Statistics
#
#----------------+-----------+-----+
#  Layer         | Length(um)| Vias|
#----------------+-----------+-----+
#  Poly ( 0H)    |          0|    0|
#  Metal1 ( 1H)  |        420| 1914|
#  Metal2 ( 2V)  |       2936| 1401|
#  Metal3 ( 3H)  |       2914|  268|
#  Metal4 ( 4V)  |        795|    4|
#  Metal5 ( 5H)  |         27|    0|
#  Metal6 ( 6V)  |          0|    0|
#  Metal7 ( 7H)  |          0|    0|
#  Metal8 ( 8V)  |          0|    0|
#  Metal9 ( 9H)  |          0|    0|
#  Metal10 (10V) |          0|    0|
#  Metal11 (11H) |          0|    0|
#----------------+-----------+-----+
#  Total         |       7093| 3587|
#----------------+-----------+-----+
#
# Total half perimeter of net bounding box: 6322 um.
#Total number of DRC violations = 1
#Total number of process antenna violations = 0
#Total number of net violated process antenna rule = 0
#
#
#Total number of nets with non-default rule or having extra spacing = 1
#
#  Routing Statistics
#
#----------------+-----------+-----+
#  Layer         | Length(um)| Vias|
#----------------+-----------+-----+
#  Poly ( 0H)    |          0|    0|
#  Metal1 ( 1H)  |        420| 1914|
#  Metal2 ( 2V)  |       2936| 1401|
#  Metal3 ( 3H)  |       2914|  268|
#  Metal4 ( 4V)  |        795|    4|
#  Metal5 ( 5H)  |         27|    0|
#  Metal6 ( 6V)  |          0|    0|
#  Metal7 ( 7H)  |          0|    0|
#  Metal8 ( 8V)  |          0|    0|
#  Metal9 ( 9H)  |          0|    0|
#  Metal10 (10V) |          0|    0|
#  Metal11 (11H) |          0|    0|
#----------------+-----------+-----+
#  Total         |       7093| 3587|
#----------------+-----------+-----+
#
# Total half perimeter of net bounding box: 6322 um.
#Total number of DRC violations = 1
#Total number of process antenna violations = 0
#Total number of net violated process antenna rule = 0
#
#WARNING (NRIF-79) Wrong option value for drouteUseMultiCutViaEffort <>, reset to default.
#WARNING (NRIF-67) In option 'OnGridOnly 0', 0 is an unknown type. It will be ignored.
#WARNING (NRIF-68) Option 'OnGridOnly 0' did not specify a correct type. It will be ignored.
#WARNING (NRDR-157) In option 'PostRouteSwapVia ',  is invalid and will be ignored.
#WARNING (NRIF-79) Wrong option value for drouteUseMultiCutViaEffort <>, reset to default.
#WARNING (NRIF-67) In option 'OnGridOnly 0', 0 is an unknown type. It will be ignored.
#WARNING (NRIF-68) Option 'OnGridOnly 0' did not specify a correct type. It will be ignored.
#WARNING (NRDR-157) In option 'PostRouteSwapVia ',  is invalid and will be ignored.
#
#Start Post Route wire spreading..
#WARNING (NRIF-79) Wrong option value for drouteUseMultiCutViaEffort <>, reset to default.
#WARNING (NRIF-67) In option 'OnGridOnly 0', 0 is an unknown type. It will be ignored.
#WARNING (NRIF-68) Option 'OnGridOnly 0' did not specify a correct type. It will be ignored.
#WARNING (NRDR-157) In option 'PostRouteSwapVia ',  is invalid and will be ignored.
#WARNING (NRIF-79) Wrong option value for drouteUseMultiCutViaEffort <>, reset to default.
#WARNING (NRIF-67) In option 'OnGridOnly 0', 0 is an unknown type. It will be ignored.
#WARNING (NRIF-68) Option 'OnGridOnly 0' did not specify a correct type. It will be ignored.
#WARNING (NRDR-157) In option 'PostRouteSwapVia ',  is invalid and will be ignored.
#
#Start DRC checking..
#   number of violations = 1
#
#  By Layer and Type:
#
#---------+------+-------+
#  -      | Short| Totals|
#---------+------+-------+
#  Metal1 |     1|      1|
#  Totals |     1|      1|
#---------+------+-------+
#
#cpu time = 00:00:00, elapsed time = 00:00:00, memory = 3695.66 (MB), peak = 3936.36 (MB)
#CELL_VIEW Main,init has 1 DRC violations
#Total number of DRC violations = 1
#Total number of process antenna violations = 0
#Total number of net violated process antenna rule = 0
#WARNING (NRIF-79) Wrong option value for drouteUseMultiCutViaEffort <>, reset to default.
#WARNING (NRIF-67) In option 'OnGridOnly 0', 0 is an unknown type. It will be ignored.
#WARNING (NRIF-68) Option 'OnGridOnly 0' did not specify a correct type. It will be ignored.
#WARNING (NRDR-157) In option 'PostRouteSwapVia ',  is invalid and will be ignored.
#WARNING (EMS-27) Message (NRIF-79) has exceeded the current message display limit of 20.
#To increase the message display limit, refer to the product command reference manual.
#WARNING (EMS-27) Message (NRIF-67) has exceeded the current message display limit of 20.
#To increase the message display limit, refer to the product command reference manual.
#WARNING (EMS-27) Message (NRIF-68) has exceeded the current message display limit of 20.
#To increase the message display limit, refer to the product command reference manual.
#WARNING (EMS-27) Message (NRDR-157) has exceeded the current message display limit of 20.
#To increase the message display limit, refer to the product command reference manual.
#
#Start data preparation for wire spreading...
#
#Data preparation is done on Sat Sep 27 22:28:36 2025
#
#
#Start Post Route Wire Spread.
#Done with 117 horizontal wires in 2 hboxes and 74 vertical wires in 2 hboxes.
#Complete Post Route Wire Spread.
#
#Total number of nets with non-default rule or having extra spacing = 1
#
#  Routing Statistics
#
#----------------+-----------+-----+
#  Layer         | Length(um)| Vias|
#----------------+-----------+-----+
#  Poly ( 0H)    |          0|    0|
#  Metal1 ( 1H)  |        429| 1914|
#  Metal2 ( 2V)  |       2952| 1401|
#  Metal3 ( 3H)  |       2953|  268|
#  Metal4 ( 4V)  |        809|    4|
#  Metal5 ( 5H)  |         27|    0|
#  Metal6 ( 6V)  |          0|    0|
#  Metal7 ( 7H)  |          0|    0|
#  Metal8 ( 8V)  |          0|    0|
#  Metal9 ( 9H)  |          0|    0|
#  Metal10 (10V) |          0|    0|
#  Metal11 (11H) |          0|    0|
#----------------+-----------+-----+
#  Total         |       7170| 3587|
#----------------+-----------+-----+
#
# Total half perimeter of net bounding box: 6322 um.
#
#Start DRC checking..
#   number of violations = 1
#
#  By Layer and Type:
#
#---------+------+-------+
#  -      | Short| Totals|
#---------+------+-------+
#  Metal1 |     1|      1|
#  Totals |     1|      1|
#---------+------+-------+
#
#cpu time = 00:00:00, elapsed time = 00:00:00, memory = 3695.32 (MB), peak = 3936.36 (MB)
#CELL_VIEW Main,init has 1 DRC violations
#Total number of DRC violations = 1
#Total number of process antenna violations = 0
#Total number of net violated process antenna rule = 0
#   number of violations = 1
#
#  By Layer and Type:
#
#---------+------+-------+
#  -      | Short| Totals|
#---------+------+-------+
#  Metal1 |     1|      1|
#  Totals |     1|      1|
#---------+------+-------+
#
#cpu time = 00:00:00, elapsed time = 00:00:00, memory = 3683.57 (MB), peak = 3936.36 (MB)
#CELL_VIEW Main,init has 1 DRC violations
#Total number of DRC violations = 1
#Total number of process antenna violations = 0
#Total number of net violated process antenna rule = 0
#Post Route wire spread is done.
#Total number of nets with non-default rule or having extra spacing = 1
#
#  Routing Statistics
#
#----------------+-----------+-----+
#  Layer         | Length(um)| Vias|
#----------------+-----------+-----+
#  Poly ( 0H)    |          0|    0|
#  Metal1 ( 1H)  |        429| 1914|
#  Metal2 ( 2V)  |       2952| 1401|
#  Metal3 ( 3H)  |       2953|  268|
#  Metal4 ( 4V)  |        809|    4|
#  Metal5 ( 5H)  |         27|    0|
#  Metal6 ( 6V)  |          0|    0|
#  Metal7 ( 7H)  |          0|    0|
#  Metal8 ( 8V)  |          0|    0|
#  Metal9 ( 9H)  |          0|    0|
#  Metal10 (10V) |          0|    0|
#  Metal11 (11H) |          0|    0|
#----------------+-----------+-----+
#  Total         |       7170| 3587|
#----------------+-----------+-----+
#
# Total half perimeter of net bounding box: 6322 um.
#detailRoute Statistics:
#Cpu time = 00:00:02
#Elapsed time = 00:00:02
#Increased memory = 26.08 (MB)
#Total memory = 3683.57 (MB)
#Peak memory = 3936.36 (MB)
#
#globalDetailRoute statistics:
#Cpu time = 00:00:04
#Elapsed time = 00:00:02
#Increased memory = -63.70 (MB)
#Total memory = 3578.07 (MB)
#Peak memory = 3936.36 (MB)
#Number of warnings = 85
#Total number of warnings = 161
#Number of fails = 0
#Total number of fails = 0
#Complete globalDetailRoute on Sat Sep 27 22:28:36 2025
#
% End globalDetailRoute (date=09/27 22:28:36, total cpu=0:00:04.2, real=0:00:02.0, peak res=3641.8M, current mem=3570.9M)
#Default setup view is reset to WORST_CASE.
#Default setup view is reset to WORST_CASE.
AAE_INFO: Post Route call back at the end of routeDesign
#routeDesign: cpu time = 00:00:04, elapsed time = 00:00:02, memory = 3548.61 (MB), peak = 3936.36 (MB)
#
#  Scalability Statistics
#
#----------------------------+---------+-------------+------------+
#  routeDesign               | cpu time| elapsed time| scalability|
#----------------------------+---------+-------------+------------+
#  Pre Callback              | 00:00:00|     00:00:00|         1.0|
#  Post Callback             | 00:00:00|     00:00:00|         1.0|
#  Timing Data Generation    | 00:00:00|     00:00:00|         1.0|
#  DB Import                 | 00:00:00|     00:00:00|         1.0|
#  DB Export                 | 00:00:00|     00:00:00|         1.0|
#  Cell Pin Access           | 00:00:01|     00:00:00|         1.0|
#  Data Preparation          | 00:00:00|     00:00:00|         1.0|
#  Global Routing            | 00:00:00|     00:00:00|         1.0|
#  Track Assignment          | 00:00:00|     00:00:00|         1.0|
#  Detail Routing            | 00:00:02|     00:00:01|         1.5|
#  Antenna Fixing            | 00:00:00|     00:00:00|         1.0|
#  Post Route Wire Spreading | 00:00:00|     00:00:00|         1.0|
#  Entire Command            | 00:00:04|     00:00:02|         1.7|
#----------------------------+---------+-------------+------------+
#

*** Summary of all messages that are not suppressed in this session:
Severity  ID               Count  Summary                                  
ERROR     IMPSP-365            1  Design has inst(s) with SITE '%s', but t...
WARNING   NRDR-157            25  In option '%s %s', %s is invalid and wil...
WARNING   NRIG-1303            1  The congestion map does not match the GC...
WARNING   NRIF-67             25  In option '%s %s', %s is an unknown type...
WARNING   NRIF-68             25  Option '%s %s' did not specify a correct...
WARNING   NRIF-79             25  Wrong option value for %s <%s>, reset to...
*** Message Summary: 101 warning(s), 1 error(s)

#% End routeDesign (date=09/27 22:28:36, total cpu=0:00:04.4, real=0:00:02.0, peak res=3642.2M, current mem=3548.6M)
<CMD> zoomBox -1.33250 3.59200 73.48100 70.56600
<CMD> zoomBox 4.25650 9.68950 67.84800 66.61750
<CMD> zoomBox 9.00700 14.87200 63.06000 63.26100
<CMD> zoomBox 13.04500 19.27700 58.99050 60.40800
<CMD> zoomBox 9.00650 14.87100 63.06050 63.26100
<CMD> zoomBox 4.25550 9.68800 67.84850 66.61750
<CMD> zoomBox -1.33400 3.59050 73.48150 70.56650
<CMD> zoomBox -7.91000 -3.58300 80.10850 75.21250
<CMD> zoomBox 24.34050 2.83150 78.39500 51.22200
<CMD> zoomBox 32.03950 4.36300 77.98600 45.49500
<CMD> zoomBox 48.87450 7.71100 77.09200 32.97150
<CMD> zoomBox 52.89350 8.51050 76.87850 29.98200
<CMD> zoomBox 58.30500 11.98200 73.03500 25.16850
<CMD> zoomBox 59.59700 12.81100 72.11750 24.01950
<CMD> zoomBox 62.42100 14.62350 70.11100 21.50750
<CMD> zoomBox 63.09550 15.05600 69.63200 20.90750
<CMD> zoomBox 59.59500 12.81000 72.11750 24.02050
<CMD> zoomBox 54.99350 9.85800 75.38500 28.11250
<CMD> zoomBox 44.07500 2.85250 83.13900 37.82300
<CMD> zoomBox 35.30150 -2.77700 89.36950 45.62550
<CMD> zoomBox 29.72200 -6.35650 93.33150 50.58750
<CMD> fit
<CMD> setDelayCalMode -SIAware false
<CMD> setAnalysisMode -analysisType onChipVariation
<CMD> timeDesign -postRoute
*** timeDesign #3 [begin] () : totSession cpu/real = 0:05:32.5/0:58:17.4 (0.1), mem = 4559.2M
**WARN: (IMPOPT-7139):	'setExtractRCMode -coupled false' has been implicitly activated since current delay calulation is under SIAware false mode.
#Extract in post route mode
#Finish check_net_pin_list step Enter extract_rc_in_nr_cmd
#Fast data preparation for tQuantus.
#WARNING (NRIF-79) Wrong option value for drouteUseMultiCutViaEffort <>, reset to default.
#WARNING (NRIF-67) In option 'OnGridOnly 0', 0 is an unknown type. It will be ignored.
#WARNING (NRIF-68) Option 'OnGridOnly 0' did not specify a correct type. It will be ignored.
#WARNING (NRDR-157) In option 'PostRouteSwapVia ',  is invalid and will be ignored.
#Start routing data preparation on Sat Sep 27 22:59:15 2025
#
#WARNING (NRIF-79) Wrong option value for drouteUseMultiCutViaEffort <>, reset to default.
#WARNING (NRIF-67) In option 'OnGridOnly 0', 0 is an unknown type. It will be ignored.
#WARNING (NRIF-68) Option 'OnGridOnly 0' did not specify a correct type. It will be ignored.
#WARNING (NRDR-157) In option 'PostRouteSwapVia ',  is invalid and will be ignored.
# Metal1       H   Track-Pitch = 0.19000    Line-2-Via Pitch = 0.13000
# Metal2       V   Track-Pitch = 0.20000    Line-2-Via Pitch = 0.15000
# Metal3       H   Track-Pitch = 0.19000    Line-2-Via Pitch = 0.15000
# Metal4       V   Track-Pitch = 0.20000    Line-2-Via Pitch = 0.15000
# Metal5       H   Track-Pitch = 0.19000    Line-2-Via Pitch = 0.15000
# Metal6       V   Track-Pitch = 0.20000    Line-2-Via Pitch = 0.15000
# Metal7       H   Track-Pitch = 0.19000    Line-2-Via Pitch = 0.15000
# Metal8       V   Track-Pitch = 0.20000    Line-2-Via Pitch = 0.15000
# Metal9       H   Track-Pitch = 0.19000    Line-2-Via Pitch = 0.15000
# Metal10      V   Track-Pitch = 0.50000    Line-2-Via Pitch = 0.42000
# Metal11      H   Track-Pitch = 0.47500    Line-2-Via Pitch = 0.43000
#Regenerating Ggrids automatically.
#Auto generating G-grids with size=15 tracks, using layer Metal3's pitch = 0.19000.
#Using automatically generated G-grids.
#Done routing data preparation.
#cpu time = 00:00:00, elapsed time = 00:00:00, memory = 3559.12 (MB), peak = 3936.36 (MB)
#WARNING (NRIF-79) Wrong option value for drouteUseMultiCutViaEffort <>, reset to default.
#WARNING (NRIF-67) In option 'OnGridOnly 0', 0 is an unknown type. It will be ignored.
#WARNING (NRIF-68) Option 'OnGridOnly 0' did not specify a correct type. It will be ignored.
#WARNING (NRDR-157) In option 'PostRouteSwapVia ',  is invalid and will be ignored.
#Start routing data preparation on Sat Sep 27 22:59:15 2025
#
#WARNING (NRIF-79) Wrong option value for drouteUseMultiCutViaEffort <>, reset to default.
#WARNING (NRIF-67) In option 'OnGridOnly 0', 0 is an unknown type. It will be ignored.
#WARNING (NRIF-68) Option 'OnGridOnly 0' did not specify a correct type. It will be ignored.
#WARNING (NRDR-157) In option 'PostRouteSwapVia ',  is invalid and will be ignored.
#Bottom routing layer index=1(Metal1), bottom routing layer for shielding=1(Metal1), bottom shield layer=1(Metal1)
#shield_bottom_stripe_layer=1(Metal1), shield_top_stripe_layer=5(Metal5)
#pin_access_rlayer=2(Metal2)
#shield_top_dpt_rlayer=-1 top_rlayer=5 top_trim_metal_rlayer=-1 rlayer_lowest=1 bottom_rlayer=1
#enable_trim_layer_shield=F enable_dpt_layer_shield=F has_line_end_grid=F
#enable_dpt_layer_shield=F
#has_line_end_grid=F
#Regenerating Ggrids automatically.
#Auto generating G-grids with size=15 tracks, using layer Metal3's pitch = 0.19000.
#Using automatically generated G-grids.
#Done routing data preparation.
#cpu time = 00:00:00, elapsed time = 00:00:00, memory = 3565.50 (MB), peak = 3936.36 (MB)
#
#Start tQuantus RC extraction...
#Start building rc corner(s)...
#Number of RC Corner = 2
#Corner RC_BEST /mnt/cae_storage_sw/eda/cadence/pdks/gpdk045/gpdk045_v_6_0/qrc/rcbest/qrcTechFile 40.000000 (real) 
#Corner RC_WORST /mnt/cae_storage_sw/eda/cadence/pdks/gpdk045/gpdk045_v_6_0/qrc/rcworst/qrcTechFile 125.000000 (real) 
#(i=11, n=11 2000)
#metal1_conn -> Metal1 (1)
#metal2_conn -> Metal2 (2)
#metal3_conn -> Metal3 (3)
#metal4_conn -> Metal4 (4)
#metal5_conn -> Metal5 (5)
#metal6_conn -> Metal6 (6)
#metal7_conn -> Metal7 (7)
#metal8_conn -> Metal8 (8)
#metal9_conn -> Metal9 (9)
#metal10_conn -> Metal10 (10)
#metal11_conn -> Metal11 (11)
#SADV-On
# Corner(s) : 
#RC_BEST [40.00] 
#RC_WORST [125.00]
# Corner id: 0
# Layout Scale: 1.000000
# Has Metal Fill model: yes
# Temperature was set
# Temperature : 40.000000
# Ref. Temp   : 25.000000
# Corner id: 1
# Layout Scale: 1.000000
# Has Metal Fill model: yes
# Temperature was set
# Temperature : 125.000000
# Ref. Temp   : 25.000000
#SADV-Off
#total pattern=286 [22, 1584]
#Reading previously stored rc_model file ( rc_model.bin ) ...
#found CAPMODEL /mnt/cae_storage_sw/eda/cadence/pdks/gpdk045/gpdk045_v_6_0/qrc/rcbest/qrcTechFile
#found CAPMODEL /mnt/cae_storage_sw/eda/cadence/pdks/gpdk045/gpdk045_v_6_0/qrc/rcworst/qrcTechFile
#found RESMODEL /mnt/cae_storage_sw/eda/cadence/pdks/gpdk045/gpdk045_v_6_0/qrc/rcbest/qrcTechFile 40.000000 
#found RESMODEL /mnt/cae_storage_sw/eda/cadence/pdks/gpdk045/gpdk045_v_6_0/qrc/rcworst/qrcTechFile 125.000000 
#CCE Version read = IQuantus/TQuantus 22.1.1-s233
#number model r/c [2,2] [22,1584] read
#0 rcmodel(s) requires rebuild
#Build RC corners: cpu time = 00:00:01, elapsed time = 00:00:01, memory = 3567.18 (MB), peak = 3936.36 (MB)
#Finish check_net_pin_list step Enter extract
#Start init net ripin tree building
#Finish init net ripin tree building
#Cpu time = 00:00:00
#Elapsed time = 00:00:00
#Increased memory = 0.00 (MB)
#Total memory = 3567.18 (MB)
#Peak memory = 3936.36 (MB)
#Using multithreading with 8 threads.
#begin processing metal fill model file
#end processing metal fill model file
#WARNING (NRIF-79) Wrong option value for drouteUseMultiCutViaEffort <>, reset to default.
#WARNING (NRIF-67) In option 'OnGridOnly 0', 0 is an unknown type. It will be ignored.
#WARNING (NRIF-68) Option 'OnGridOnly 0' did not specify a correct type. It will be ignored.
#WARNING (NRDR-157) In option 'PostRouteSwapVia ',  is invalid and will be ignored.
#Length limit = 200 pitches
#opt mode = 2
#Finish check_net_pin_list step Fix net pin list
#Start generate extraction boxes.
#
#Extract using 30 x 30 Hboxes
#2x2 initial hboxes
#Use area based hbox pruning.
#0/0 hboxes pruned.
#Complete generating extraction boxes.
#Start step Extraction
#Extract 1 hboxes with 8 threads on machine with  3.99GHz 512KB Cache 32CPU...
#Process 0 special clock nets for rc extraction
#Total 574 nets were built. 0 nodes added to break long wires. 0 net(s) have incomplete routes.
#Run Statistics for Extraction:
#   Cpu time = 00:00:00, elapsed time = 00:00:00 .
#   Increased memory =    35.21 (MB), total memory =  3602.59 (MB), peak memory =  3936.36 (MB)
#Register nets and terms for rcdb /tmp/innovus_temp_3492364_51c43ac2-0182-4538-a4ac-e911dde1ab7b_ei-vm-018.othr.de_bas33767_QHfncd/nr3492364_tb2VCJ.rcdb.d
#Finish registering nets and terms for rcdb.
#Simplify RC tree: cpu time = 00:00:00, elapsed time = 00:00:00, memory = 3576.24 (MB), peak = 3936.36 (MB)
#WARNING (NRIF-79) Wrong option value for drouteUseMultiCutViaEffort <>, reset to default.
#WARNING (NRIF-67) In option 'OnGridOnly 0', 0 is an unknown type. It will be ignored.
#WARNING (NRIF-68) Option 'OnGridOnly 0' did not specify a correct type. It will be ignored.
#WARNING (NRDR-157) In option 'PostRouteSwapVia ',  is invalid and will be ignored.
#RC Statistics: 2875 Res, 1514 Ground Cap, 0 XCap (Edge to Edge)
#RC V/H edge ratio: 0.40, Avg V/H Edge Length: 2713.71 (1386), Avg L-Edge Length: 6946.70 (811)
#Nets and terms are pre-registered for rcdb /tmp/innovus_temp_3492364_51c43ac2-0182-4538-a4ac-e911dde1ab7b_ei-vm-018.othr.de_bas33767_QHfncd/nr3492364_tb2VCJ.rcdb.d.
#Start writing RC data.
#Finish writing RC data
#Finish writing rcdb with 3451 nodes, 2877 edges, and 0 xcaps
#cpu time = 00:00:00, elapsed time = 00:00:00, memory = 3573.79 (MB), peak = 3936.36 (MB)
Restoring parasitic data from file '/tmp/innovus_temp_3492364_51c43ac2-0182-4538-a4ac-e911dde1ab7b_ei-vm-018.othr.de_bas33767_QHfncd/nr3492364_tb2VCJ.rcdb.d' ...
Reading RCDB with compressed RC data.
Reading RCDB with compressed RC data.
Begin read_parasitics... (cpu: 0:00:00.0 real: 0:00:00.0 mem: 4689.496M)
Following multi-corner parasitics specified:
	/tmp/innovus_temp_3492364_51c43ac2-0182-4538-a4ac-e911dde1ab7b_ei-vm-018.othr.de_bas33767_QHfncd/nr3492364_tb2VCJ.rcdb.d (rcdb)
Reading RCDB with compressed RC data.
		Cell Main has rcdb /tmp/innovus_temp_3492364_51c43ac2-0182-4538-a4ac-e911dde1ab7b_ei-vm-018.othr.de_bas33767_QHfncd/nr3492364_tb2VCJ.rcdb.d specified
Cell Main, hinst 
Reading RCDB with compressed RC data.
Done read_parasitics... (cpu: 0:00:00.0 real: 0:00:00.0 mem: 4689.496M)
#
#Restore RCDB.
#
#Complete tQuantus RC extraction.
#Cpu time = 00:00:01
#Elapsed time = 00:00:01
#Increased memory = 8.99 (MB)
#Total memory = 3574.49 (MB)
#Peak memory = 3936.36 (MB)
#
#0 inserted nodes are removed
#Restored 0 tie nets, 0 tie snets, 0 partial nets
#Start Design Signature (0)
#Finish Inst Signature in MT(1169842)
#Finish Net Signature in MT(21910028)
#Finish SNet Signature in MT (45674876)
#Run time and memory report for RC extraction:
#RC extraction running on  3.99GHz 512KB Cache 32CPU.
#Run Statistics for snet signature:
#   Cpu time = 00:00:00, elapsed time = 00:00:00 , scale factor =  1.31/8, scale score = 0.16.
#    Increased memory =    -0.01 (MB), total memory =  3563.41 (MB), peak memory =  3936.36 (MB)
#Run Statistics for Net Final Signature:
#   Cpu time = 00:00:00, elapsed time = 00:00:00 .
#   Increased memory =     0.00 (MB), total memory =  3563.42 (MB), peak memory =  3936.36 (MB)
#Run Statistics for Net launch:
#   Cpu time = 00:00:00, elapsed time = 00:00:00 , scale factor =  3.00/8, scale score = 0.38.
#    Increased memory =     0.02 (MB), total memory =  3563.42 (MB), peak memory =  3936.36 (MB)
#Run Statistics for Net init_dbsNet_slist:
#   Cpu time = 00:00:00, elapsed time = 00:00:00 .
#   Increased memory =     0.00 (MB), total memory =  3563.40 (MB), peak memory =  3936.36 (MB)
#Run Statistics for net signature:
#   Cpu time = 00:00:00, elapsed time = 00:00:00 , scale factor =  2.63/8, scale score = 0.33.
#    Increased memory =     0.02 (MB), total memory =  3563.42 (MB), peak memory =  3936.36 (MB)
#Run Statistics for inst signature:
#   Cpu time = 00:00:00, elapsed time = 00:00:00 , scale factor =  1.41/8, scale score = 0.18.
#    Increased memory =    -6.05 (MB), total memory =  3563.40 (MB), peak memory =  3936.36 (MB)
**ERROR: (IMPSP-365):	Design has inst(s) with SITE 'CoreSiteDouble', but the floorplan has no rows defined for this site. Any locations found for such insts will be illegal; create rows for this site to avoid this.
Starting delay calculation for Setup views
AAE_INFO: opIsDesignInPostRouteState() is 1
AAE_INFO: deleting AAE DB due to opIsDesignInPostRouteState() is changed ...
AAE DB initialization (MEM=4601.21 CPU=0:00:00.0 REAL=0:00:00.0) 
#################################################################################
# Design Stage: PostRoute
# Design Name: Main
# Design Mode: 45nm
# Analysis Mode: MMMC OCV 
# Parasitics Mode: SPEF/RCDB 
# Signoff Settings: SI Off 
#################################################################################
Start delay calculation (fullDC) (8 T). (MEM=3668.18)
Initializing multi-corner resistance tables ...
Reading RCDB with compressed RC data.
AAE_INFO: 8 threads acquired from CTE.
Total number of fetched objects 574
End delay calculation. (MEM=3742.62 CPU=0:00:00.1 REAL=0:00:00.0)
End delay calculation (fullDC). (MEM=3719.97 CPU=0:00:00.4 REAL=0:00:01.0)
*** Done Building Timing Graph (cpu=0:00:00.6 real=0:00:01.0 totSessionCpu=0:05:34 mem=5614.7M)

------------------------------------------------------------------
          timeDesign Summary
------------------------------------------------------------------

Setup views included:
 WORST_CASE 

+--------------------+---------+---------+---------+
|     Setup mode     |   all   | reg2reg | default |
+--------------------+---------+---------+---------+
|           WNS (ns):|  0.043  |  0.060  |  0.043  |
|           TNS (ns):|  0.000  |  0.000  |  0.000  |
|    Violating Paths:|    0    |    0    |    0    |
|          All Paths:|   276   |   181   |   178   |
+--------------------+---------+---------+---------+

+----------------+-------------------------------+------------------+
|                |              Real             |       Total      |
|    DRVs        +------------------+------------+------------------|
|                |  Nr nets(terms)  | Worst Vio  |  Nr nets(terms)  |
+----------------+------------------+------------+------------------+
|   max_cap      |      0 (0)       |   0.000    |      0 (0)       |
|   max_tran     |      0 (0)       |   0.000    |      0 (0)       |
|   max_fanout   |      0 (0)       |     0      |      0 (0)       |
|   max_length   |      0 (0)       |     0      |      0 (0)       |
+----------------+------------------+------------+------------------+

Density: 94.809%
------------------------------------------------------------------
Reported timing to dir ./timingReports
Total CPU time: 1.91 sec
Total Real time: 4.0 sec
Total Memory Usage: 5647.808594 Mbytes
*** timeDesign #3 [finish] () : cpu/real = 0:00:01.9/0:00:03.7 (0.5), totSession cpu/real = 0:05:34.4/0:58:21.1 (0.1), mem = 5647.8M
<CMD> optDesign -postRoute
**optDesign ... cpu = 0:00:00, real = 0:00:00, mem = 3684.9M, totSessionCpu=0:05:34 **
*** optDesign #2 [begin] () : totSession cpu/real = 0:05:34.4/0:58:21.1 (0.1), mem = 5647.8M
GigaOpt running with 8 threads.
*** InitOpt #1 [begin] (optDesign #2) : totSession cpu/real = 0:05:34.4/0:58:21.1 (0.1), mem = 6159.8M
**INFO: User settings:
setNanoRouteMode -route_detail_auto_stop                                                  true
setNanoRouteMode -route_detail_end_iteration                                              1
setNanoRouteMode -route_detail_fix_antenna                                                true
setNanoRouteMode -route_detail_on_grid_only                                               0
setNanoRouteMode -route_detail_post_route_litho_repair                                    false
setNanoRouteMode -route_detail_post_route_spread_wire                                     1
setNanoRouteMode -route_detail_post_route_swap_via                                        {}
setNanoRouteMode -route_detail_use_lef_pin_taper_rule                                     true
setNanoRouteMode -route_detail_use_multi_cut_via_effort                                   {}
setNanoRouteMode -extract_design_signature                                                45674876
setNanoRouteMode -extract_rc_model_file                                                   rc_model.bin
setNanoRouteMode -route_extract_third_party_compatible                                    false
setNanoRouteMode -route_global_exp_timing_driven_std_delay                                41.9
setNanoRouteMode -route_global_exp_timing_driven_use_tif_timing_engine_for_import_design  false
setNanoRouteMode -route_bottom_routing_layer                                              1
setNanoRouteMode -route_ignore_antenna_top_cell_pin                                       false
setNanoRouteMode -route_antenna_diode_insertion                                           false
setNanoRouteMode -route_selected_net_only                                                 false
setNanoRouteMode -route_top_routing_layer                                                 5
setNanoRouteMode -route_with_eco                                                          false
setNanoRouteMode -route_with_litho_driven                                                 false
setNanoRouteMode -route_with_si_driven                                                    false
setNanoRouteMode -route_with_timing_driven                                                false
setNanoRouteMode -timingEngine                                                            {}
setDesignMode -process                                                                    45
setExtractRCMode -coupled                                                                 false
setExtractRCMode -coupling_c_th                                                           0.1
setExtractRCMode -engine                                                                  postRoute
setExtractRCMode -relative_c_th                                                           1
setExtractRCMode -total_c_th                                                              0
setUsefulSkewMode -opt_skew_eco_route                                                     false
setUsefulSkewMode -opt_skew_max_allowed_delay                                             1
setUsefulSkewMode -opt_skew_no_boundary                                                   false
setDelayCalMode -enable_high_fanout                                                       true
setDelayCalMode -eng_enablePrePlacedFlow                                                  false
setDelayCalMode -engine                                                                   aae
setDelayCalMode -ignoreNetLoad                                                            false
setDelayCalMode -SIAware                                                                  false
setDelayCalMode -socv_accuracy_mode                                                       low
setOptMode -opt_view_pruning_setup_views_active_list                                      { WORST_CASE }
setOptMode -opt_view_pruning_setup_views_persistent_list                                  { WORST_CASE}
setOptMode -opt_view_pruning_tdgr_setup_views_persistent_list                             { WORST_CASE}
setOptMode -opt_drv_margin                                                                0
setOptMode -opt_drv                                                                       true
setOptMode -opt_resize_flip_flops                                                         true
setOptMode -opt_preserve_all_sequential                                                   false
setOptMode -opt_setup_target_slack                                                        0
setSIMode -separate_delta_delay_on_data                                                   true
setPlaceMode -maxRouteLayer                                                               7
setPlaceMode -place_design_floorplan_mode                                                 false
setPlaceMode -place_detail_check_route                                                    false
setPlaceMode -place_detail_preserve_routing                                               true
setPlaceMode -place_detail_remove_affected_routing                                        false
setPlaceMode -place_detail_swap_eeq_cells                                                 false
setPlaceMode -place_global_clock_gate_aware                                               true
setPlaceMode -place_global_cong_effort                                                    auto
setPlaceMode -place_global_ignore_scan                                                    true
setPlaceMode -place_global_ignore_spare                                                   false
setPlaceMode -place_global_module_aware_spare                                             false
setPlaceMode -place_global_place_io_pins                                                  false
setPlaceMode -place_global_reorder_scan                                                   true
setPlaceMode -powerDriven                                                                 false
setPlaceMode -timingDriven                                                                true
setAnalysisMode -analysisType                                                             onChipVariation
setAnalysisMode -checkType                                                                setup
setAnalysisMode -clkSrcPath                                                               true
setAnalysisMode -clockPropagation                                                         sdcControl
setAnalysisMode -skew                                                                     true
setAnalysisMode -usefulSkew                                                               true
setAnalysisMode -virtualIPO                                                               false

**INFO: setDesignMode -flowEffort standard -> setting 'setOptMode -allEndPoints true' for the duration of this command.
Disable merging buffers from different footprints for postRoute code for non-MSV designs
Need call spDPlaceInit before registerPrioInstLoc.
**ERROR: (IMPSP-365):	Design has inst(s) with SITE 'CoreSiteDouble', but the floorplan has no rows defined for this site. Any locations found for such insts will be illegal; create rows for this site to avoid this.
Type 'man IMPSP-365' for more detail.
Info: Using SynthesisEngine executable '/eda/cadence/2024-25/RHELx86/DDIEXPORT_23.31.000/INNOVUS231/bin/innovus_'.
      (normalized executable '/mnt/cae_storage_sw/eda/cadence/2024-25/RHELx86/DDIEXPORT_23.31.000/INNOVUS231/bin/innovus_')
      SynthesisEngine workers will not check out additional licenses.
**INFO: Using Advanced Metric Collection system.
**optDesign ... cpu = 0:00:00, real = 0:00:08, mem = 3712.6M, totSessionCpu=0:05:35 **
Existing Dirty Nets : 0
New Signature Flow (optDesignCheckOptions) ....
#Taking db snapshot
#Taking db snapshot ... done
**ERROR: (IMPSP-365):	Design has inst(s) with SITE 'CoreSiteDouble', but the floorplan has no rows defined for this site. Any locations found for such insts will be illegal; create rows for this site to avoid this.
Type 'man IMPSP-365' for more detail.
Begin checking placement ... (start mem=6153.8M, init mem=6185.8M)
TechSite Violation:	7
*info: Placed = 480           
*info: Unplaced = 0           
Placement Density:94.80%(1498/1581)
Placement Density (including fixed std cells):94.80%(1498/1581)
Finished checkPlace (total: cpu=0:00:00.0, real=0:00:00.0; vio checks: cpu=0:00:00.0, real=0:00:00.0; mem=6153.8M)
**WARN: (IMPOPT-306):	Found placement violations in the postRoute mode.
**INFO: It is recommended to fix the placement violations and reroute the design
**INFO: Command refinePlace may be used to fix the placement violations
#optDebug: { P: 45 W: 5195 FE: standard PE: none LDR: 1}
**WARN: (IMPOPT-7139):	'setExtractRCMode -coupled false' has been implicitly activated since current delay calulation is under SIAware false mode.
*** optDesign -postRoute ***
DRC Margin: user margin 0.0; extra margin 0
Setup Target Slack: user slack 0
Hold Target Slack: user slack 0
**ERROR: (IMPSP-365):	Design has inst(s) with SITE 'CoreSiteDouble', but the floorplan has no rows defined for this site. Any locations found for such insts will be illegal; create rows for this site to avoid this.
Multi-VT timing optimization disabled based on library information.
*** InitOpt #1 [finish] (optDesign #2) : cpu/real = 0:00:00.6/0:00:08.5 (0.1), totSession cpu/real = 0:05:35.0/0:58:29.7 (0.1), mem = 6185.8M
** INFO : this run is activating 'postRoute' automaton
**INFO: flowCheckPoint #1 InitialSummary
#Start Design Signature (0)
#Finish Inst Signature in MT(1169842)
#Finish Net Signature in MT(21910028)
#Finish SNet Signature in MT (45674876)
#Run time and memory report for RC extraction:
#RC extraction running on  3.99GHz 512KB Cache 32CPU.
#Run Statistics for snet signature:
#   Cpu time = 00:00:00, elapsed time = 00:00:00 , scale factor =  1.25/8, scale score = 0.16.
#    Increased memory =    -0.03 (MB), total memory =  3700.21 (MB), peak memory =  3936.36 (MB)
#Run Statistics for Net Final Signature:
#   Cpu time = 00:00:00, elapsed time = 00:00:00 .
#   Increased memory =     0.00 (MB), total memory =  3700.25 (MB), peak memory =  3936.36 (MB)
#Run Statistics for Net launch:
#   Cpu time = 00:00:00, elapsed time = 00:00:00 , scale factor =  2.96/8, scale score = 0.37.
#    Increased memory =     0.03 (MB), total memory =  3700.25 (MB), peak memory =  3936.36 (MB)
#Run Statistics for Net init_dbsNet_slist:
#   Cpu time = 00:00:00, elapsed time = 00:00:00 .
#   Increased memory =     0.00 (MB), total memory =  3700.21 (MB), peak memory =  3936.36 (MB)
#Run Statistics for net signature:
#   Cpu time = 00:00:00, elapsed time = 00:00:00 , scale factor =  2.45/8, scale score = 0.31.
#    Increased memory =     0.03 (MB), total memory =  3700.25 (MB), peak memory =  3936.36 (MB)
#Run Statistics for inst signature:
#   Cpu time = 00:00:00, elapsed time = 00:00:00 , scale factor =  1.29/8, scale score = 0.16.
#    Increased memory =   -16.09 (MB), total memory =  3700.21 (MB), peak memory =  3936.36 (MB)
The design is extracted. Skipping TQuantus.
*** BuildHoldData #1 [begin] (optDesign #2) : totSession cpu/real = 0:05:35.0/0:58:29.7 (0.1), mem = 6175.8M
Saving timing graph ...
Done save timing graph
Starting delay calculation for Hold views
AAE_INFO: opIsDesignInPostRouteState() is 1
#################################################################################
# Design Stage: PostRoute
# Design Name: Main
# Design Mode: 45nm
# Analysis Mode: MMMC OCV 
# Parasitics Mode: SPEF/RCDB 
# Signoff Settings: SI Off 
#################################################################################
Start delay calculation (fullDC) (8 T). (MEM=3982.15)
*** Calculating scaling factor for MIN_TIMING libraries using the default operating condition of each library.
Reading RCDB with compressed RC data.
AAE_INFO: 8 threads acquired from CTE.
Total number of fetched objects 574
End delay calculation. (MEM=4014.61 CPU=0:00:00.1 REAL=0:00:00.0)
End delay calculation (fullDC). (MEM=4014.61 CPU=0:00:00.1 REAL=0:00:00.0)
*** Done Building Timing Graph (cpu=0:00:00.2 real=0:00:00.0 totSessionCpu=0:05:36 mem=5617.2M)

Active hold views:
 Best_CASE
  Dominating endpoints: 0
  Dominating TNS: -0.000

Done building cte hold timing graph (HoldAware) cpu=0:00:00.8 real=0:00:01.0 totSessionCpu=0:05:36 mem=5910.9M ***
Warning: No proper clock gate cell delay was found for clock standard delay computation.
Restoring timing graph ...
AAE_INFO: Resetting and re-constructing cache for AAE clocks ...
Done restore timing graph

------------------------------------------------------------------
     Initial Non-SI Timing Summary
------------------------------------------------------------------

Setup views included:
 WORST_CASE 

+--------------------+---------+---------+---------+
|     Setup mode     |   all   | reg2reg | default |
+--------------------+---------+---------+---------+
|           WNS (ns):|  0.043  |  0.060  |  0.043  |
|           TNS (ns):|  0.000  |  0.000  |  0.000  |
|    Violating Paths:|    0    |    0    |    0    |
|          All Paths:|   276   |   181   |   178   |
+--------------------+---------+---------+---------+

+----------------+-------------------------------+------------------+
|                |              Real             |       Total      |
|    DRVs        +------------------+------------+------------------|
|                |  Nr nets(terms)  | Worst Vio  |  Nr nets(terms)  |
+----------------+------------------+------------+------------------+
|   max_cap      |      0 (0)       |   0.000    |      0 (0)       |
|   max_tran     |      0 (0)       |   0.000    |      0 (0)       |
|   max_fanout   |      0 (0)       |     0      |      0 (0)       |
|   max_length   |      0 (0)       |     0      |      0 (0)       |
+----------------+------------------+------------+------------------+

Density: 94.809%
------------------------------------------------------------------
*** BuildHoldData #1 [finish] (optDesign #2) : cpu/real = 0:00:01.3/0:00:01.4 (0.9), totSession cpu/real = 0:05:36.3/0:58:31.1 (0.1), mem = 5930.0M
**optDesign ... cpu = 0:00:02, real = 0:00:09, mem = 3674.3M, totSessionCpu=0:05:36 **
OPTC: m4 20.0 50.0 [ 125.0 20.0 50.0 ]
OPTC: view 50.0:125.0 [ 0.0500 ]
Info: Done creating the CCOpt slew target map.
**INFO: flowCheckPoint #2 OptimizationPass1
*** ClockDrv #1 [begin] (optDesign #2) : totSession cpu/real = 0:05:36.5/0:58:31.2 (0.1), mem = 5510.0M
Running CCOpt-PRO on entire clock network
Leaving CCOpt scope - Initializing power interface...
Leaving CCOpt scope - Initializing power interface done. (took cpu=0:00:00.0 real=0:00:00.0)
Net route status summary:
  Clock:         1 (unrouted=0, trialRouted=0, noStatus=0, routed=1, fixed=0, [crossesIlmBoundary=0, tooFewTerms=0, (crossesIlmBoundary AND tooFewTerms=0)])
  Non-clock:   619 (unrouted=46, trialRouted=0, noStatus=0, routed=573, fixed=0, [crossesIlmBoundary=0, tooFewTerms=46, (crossesIlmBoundary AND tooFewTerms=0)])
-effortLevel medium                        # enums={low medium high signoff}, default=undefined
Clock tree cells fixed by user: 0 out of 0
PRO...
Relaxing adjacent_rows_legal and cell_density for the duration of PRO. To stop this set pro_respect_cell_density_and_adjacent_row_legal to true.
Initializing clock structures...
  Creating own balancer
  Permitting the movement of (non-FIXED) datapath insts as required for sized/new clock tree insts
  Initializing legalizer
  Using cell based legalization.
**WARN: (IMPSP-105):	'setPlaceMode -maxRouteLayer' will become obsolete from next release. Use 'setRouteMode -earlyGlobalMaxRouteLayer N' to set maximum routing layer.Type 'man IMPSP-105' for more detail.
  Leaving CCOpt scope - Initializing placement interface...
  Leaving CCOpt scope - Initializing placement interface done. (took cpu=0:00:00.0 real=0:00:00.0)
[PSP]    Load db... (mem=5.3M)
[PSP]    Read data from FE... (mem=5.3M)
[PSP]    Done Read data from FE (cpu=0.001s, mem=5.3M)

[PSP]    Done Load db (cpu=0.001s, mem=5.3M)

[PSP]    Constructing placeable region... (mem=5.3M)
[PSP]    Compute region effective width... (mem=5.3M)
[PSP]    Done Compute region effective width (cpu=0.000s, mem=5.3M)

[PSP]    Done Constructing placeable region (cpu=0.000s, mem=5.3M)

  Reconstructing clock tree datastructures, skew aware...
    Validating CTS configuration...
    Checking module port directions...
    Checking module port directions done. (took cpu=0:00:00.0 real=0:00:00.0)
    Non-default CCOpt properties:
      Public non-default CCOpt properties:
        adjacent_rows_legal: true (default: false)
        buffer_cells is set for at least one object
        cell_density is set for at least one object
        cell_halo_rows: 0 (default: 1)
        cell_halo_sites: 0 (default: 4)
        delay_cells is set for at least one object
        inverter_cells is set for at least one object
        route_type is set for at least one object
        target_insertion_delay is set for at least one object
        target_max_trans_sdc is set for at least one object
        target_skew is set for at least one object
      Private non-default CCOpt properties:
        allow_non_fterm_identical_swaps: 0 (default: true)
        clock_nets_detailed_routed: 1 (default: false)
        force_design_routing_status: 1 (default: auto)
        last_virtual_delay_scaling_factor is set for at least one object
        pro_enable_post_commit_delay_update: 1 (default: false)
        use_accurate_downstream_capacitance_in_optimization: 1 (default: false)
    Route type trimming info:
      No route type modifications were made.
    Library trimming buffers in power domain auto-default and half-corner MAX_DEALY:setup.late removed 7 of 15 cells
    Original list had 15 cells:
    BUFX20 CLKBUFX20 CLKBUFX16 BUFX16 CLKBUFX12 BUFX12 CLKBUFX8 BUFX8 CLKBUFX6 BUFX6 CLKBUFX4 BUFX4 CLKBUFX3 BUFX3 CLKBUFX2 
    New trimmed list has 8 cells:
    BUFX20 CLKBUFX16 CLKBUFX12 CLKBUFX8 CLKBUFX6 CLKBUFX4 CLKBUFX3 CLKBUFX2 
    Library trimming inverters in power domain auto-default and half-corner MAX_DEALY:setup.late removed 9 of 19 cells
    Original list had 19 cells:
    INVX20 CLKINVX20 INVX16 CLKINVX16 INVX12 CLKINVX12 INVX8 CLKINVX8 INVX6 CLKINVX6 INVX4 CLKINVX4 INVX3 CLKINVX3 INVX2 CLKINVX2 INVX1 CLKINVX1 INVXL 
    New trimmed list has 10 cells:
    INVX20 INVX16 INVX12 INVX8 INVX6 INVX4 INVX3 INVX2 INVX1 INVXL 
**WARN: (IMPCCOPT-2441):	The target_max_trans 0.020ns is too low for delay_corner MAX_DEALY and delay_type late for clock_tree clk and net_type leaf. CTS will proceed using 0.066ns.
**WARN: (IMPCCOPT-2441):	The target_max_trans 0.020ns is too low for delay_corner MAX_DEALY and delay_type late for clock_tree clk and net_type trunk. CTS will proceed using 0.066ns.
    Clock tree balancer configuration for clock_tree clk:
    Non-default CCOpt properties:
      Public non-default CCOpt properties:
        cell_density: 1 (default: 0.75)
        route_type (leaf): default_route_type_leaf (default: default)
        route_type (top): default_route_type_nonleaf (default: default)
        route_type (trunk): default_route_type_nonleaf (default: default)
      No private non-default CCOpt properties
    For power domain auto-default:
      Buffers:     BUFX20 CLKBUFX16 CLKBUFX12 CLKBUFX8 CLKBUFX6 CLKBUFX4 CLKBUFX3 CLKBUFX2
      Inverters:   INVX20 INVX16 INVX12 INVX8 INVX6 INVX4 INVX3 INVX2 INVX1 INVXL
      Delay buffers: DLY1X1 DLY2X4 DLY1X4 DLY2X1 DLY3X1 DLY3X4 DLY4X1 DLY4X4
      Clock gates (with test): TLATNTSCAX20 TLATNTSCAX16 TLATNTSCAX12 TLATNTSCAX8 TLATNTSCAX6 TLATNTSCAX4 TLATNTSCAX3 TLATNTSCAX2
      Clock gates   (no test): TLATNCAX20 TLATNCAX16 TLATNCAX12 TLATNCAX8 TLATNCAX6 TLATNCAX4 TLATNCAX3 TLATNCAX2
      Unblocked area available for placement of any clock cells in power_domain auto-default: 1581.066um^2
    Top Routing info:
      Route-type name: default_route_type_nonleaf; Top/bottom preferred layer name: Metal4/Metal3; 
      Unshielded; Mask Constraint: 0; Source: route_type.
    Trunk Routing info:
      Route-type name: default_route_type_nonleaf; Top/bottom preferred layer name: Metal4/Metal3; 
      Unshielded; Preferred extra space: 1; Mask Constraint: 0; Source: route_type.
    Leaf Routing info:
      Route-type name: default_route_type_leaf; Top/bottom preferred layer name: Metal4/Metal3; 
      Unshielded; Preferred extra space: 1; Mask Constraint: 0; Source: route_type.
    For timing_corner MAX_DEALY:setup, late and power domain auto-default:
      Slew time target (leaf):    0.065ns
      Slew time target (trunk):   0.065ns
      Slew time target (top):     0.020ns (Note: no nets are considered top nets in this clock tree)
      Buffer unit delay: 0.072ns
      Buffer max distance: 177.143um
    Fastest wire driving cells and distances:
      Buffer    : {lib_cell:BUFX20, fastest_considered_half_corner=MAX_DEALY:setup.late, optimalDrivingDistance=177.143um, saturatedSlew=0.057ns, speed=1571.810um per ns, cellArea=46.335um^2 per 1000um}
      Inverter  : {lib_cell:INVX20, fastest_considered_half_corner=MAX_DEALY:setup.late, optimalDrivingDistance=145.238um, saturatedSlew=0.055ns, speed=2561.517um per ns, cellArea=44.740um^2 per 1000um}
      Clock gate (with test): {lib_cell:TLATNTSCAX20, fastest_considered_half_corner=MAX_DEALY:setup.late, optimalDrivingDistance=112.542um, saturatedSlew=0.061ns, speed=358.186um per ns, cellArea=133.710um^2 per 1000um}
      Clock gate   (no test): {lib_cell:TLATNCAX20, fastest_considered_half_corner=MAX_DEALY:setup.late, optimalDrivingDistance=112.667um, saturatedSlew=0.061ns, speed=358.698um per ns, cellArea=121.420um^2 per 1000um}
    
    
    Logic Sizing Table:
    
    ----------------------------------------------------------
    Cell    Instance count    Source    Eligible library cells
    ----------------------------------------------------------
      (empty table)
    ----------------------------------------------------------
    
    
    Clock tree balancer configuration for skew_group clk/CONSTRAINTS:
     Created from constraint modes: {[CONSTRAINTS]}
      Sources:                     pin clk
      Total number of sinks:       91
      Delay constrained sinks:     91
      Constrains:                  default
      Non-leaf sinks:              0
      Ignore pins:                 0
     Timing corner MAX_DEALY:setup.late:
      Skew target:                 0.072ns
    Primary reporting skew groups are:
    skew_group clk/CONSTRAINTS with 91 clock sinks
    
    
    Constraint summary
    ==================
    
    Transition constraints are active in the following delay corners:
    
    MAX_DEALY:setup.late
    
    Cap constraints are active in the following delay corners:
    
    MAX_DEALY:setup.late
    
    Transition constraint summary:
    
    -------------------------------------------------------------------------------------------
    Delay corner                      Target (ns)    Num pins    Target source    Clock tree(s)
    -------------------------------------------------------------------------------------------
    MAX_DEALY:setup.late (primary)         -            -              -                -
                  -                      0.065          93       tool modified    all
    -------------------------------------------------------------------------------------------
    
    Capacitance constraint summary:
    
    ------------------------------------------------------------------------------------------------------
    Delay corner                      Limit (pF)    Num nets    Target source                Clock tree(s)
    ------------------------------------------------------------------------------------------------------
    MAX_DEALY:setup.late (primary)        -            -                    -                      -
                  -                     0.250          1        library_or_sdc_constraint    all
    ------------------------------------------------------------------------------------------------------
    
    
    Clock DAG stats initial state:
      cell counts      : b=0, i=0, icg=0, dcg=0, l=0, total=0
      sink counts      : regular=91, enable_latch=0, load_capacitance=0, antenna=0, node_sink=0, total=91
      misc counts      : r=1, pp=0, mci=0
      cell areas       : b=0.000um^2, i=0.000um^2, icg=0.000um^2, dcg=0.000um^2, l=0.000um^2, total=0.000um^2
      hp wire lengths  : top=0.000um, trunk=0.000um, leaf=0.000um, total=0.000um
      flow.cputime  flow.realtime  timing.setup.tns  timing.setup.wns  snapshot
UM:*                                                                   InitialState
    Have 8 CPUs available for CTS. Selected algorithms will run multithreaded.
    No ideal or dont_touch nets found in the clock tree
    No dont_touch hnets found in the clock tree
    No dont_touch hpins found in the clock network.
    Checking for illegal sizes of clock logic instances...
    Checking for illegal sizes of clock logic instances done. (took cpu=0:00:00.0 real=0:00:00.0)
    Validating CTS configuration done. (took cpu=0:00:00.6 real=0:00:00.5)
    CCOpt configuration status: all checks passed.
  Reconstructing clock tree datastructures, skew aware done.
Initializing clock structures done.
PRO...
  PRO active optimizations:
   - DRV fixing with sizing
  
  Detected clock skew data from CTS
  ProEngine running partially connected to DB
  Clock tree timing engine global stage delay update for MAX_DEALY:setup.late...
  Clock tree timing engine global stage delay update for MAX_DEALY:setup.late done. (took cpu=0:00:00.0 real=0:00:00.0)
  Clock DAG stats PRO initial state:
    cell counts      : b=0, i=0, icg=0, dcg=0, l=0, total=0
    sink counts      : regular=91, enable_latch=0, load_capacitance=0, antenna=0, node_sink=0, total=91
    misc counts      : r=1, pp=0, mci=0
    cell areas       : b=0.000um^2, i=0.000um^2, icg=0.000um^2, dcg=0.000um^2, l=0.000um^2, total=0.000um^2
    cell capacitance : b=0.000pF, i=0.000pF, icg=0.000pF, dcg=0.000pF, l=0.000pF, total=0.000pF
    sink capacitance : total=0.019pF, avg=0.000pF, sd=0.000pF, min=0.000pF, max=0.000pF
    wire capacitance : top=0.000pF, trunk=0.000pF, leaf=0.036pF, total=0.036pF
    wire lengths     : top=0.000um, trunk=0.000um, leaf=405.700um, total=405.700um
    hp wire lengths  : top=0.000um, trunk=0.000um, leaf=0.000um, total=0.000um
  Clock DAG net violations PRO initial state: none
  Clock DAG primary half-corner transition distribution PRO initial state:
    Leaf : target=0.065ns count=1 avg=0.004ns sd=0.000ns min=0.004ns max=0.004ns {1 <= 0.039ns, 0 <= 0.052ns, 0 <= 0.058ns, 0 <= 0.061ns, 0 <= 0.065ns}
  Primary reporting skew groups PRO initial state:
  Skew group summary PRO initial state:
    skew_group clk/CONSTRAINTS: insertion delay [min=0.001, max=0.060, avg=0.002, sd=0.007, skn=7.408, kur=56.883], skew [0.059 vs 0.072], 100% {0.001, 0.060} (wid=0.001 ws=0.001) (gid=0.000 gs=0.000)
  Recomputing CTS skew targets...
  Resolving skew group constraints...
    Solving LP: 1 skew groups; 2 fragments, 2 fraglets and 3 vertices; 12 variables and 27 constraints; tolerance 1
  Resolving skew group constraints done.
  Recomputing CTS skew targets done. (took cpu=0:00:00.0 real=0:00:00.0)
  PRO Fixing DRVs...
    Fixing clock tree DRVs: ...20% ...40% ...60% ...80% ...100% 
    CCOpt-PRO: considered: 1, tested: 1, violation detected: 0, violation ignored (due to small violation): 0, cannot run: 0, attempted: 0, unsuccessful: 0, sized: 0
    
    Statistics: Fix DRVs (cell sizing):
    ===================================
    
    Cell changes by Net Type:
    
    -------------------------------------------------------------------------------------------------
    Net Type    Attempted    Upsized     Downsized    Swapped Same Size    Total Changed    Not Sized
    -------------------------------------------------------------------------------------------------
    top                0            0           0            0                    0                0
    trunk              0            0           0            0                    0                0
    leaf               0            0           0            0                    0                0
    -------------------------------------------------------------------------------------------------
    Total              0            0           0            0                    0                0
    -------------------------------------------------------------------------------------------------
    
    Upsized: 0, Downsized: 0, Sized but same area: 0, Unchanged: 0, Area change: 0.000um^2
    Max. move: 0.000um, Min. move: 0.000um, Avg. move: N/A
    
    Clock DAG stats after 'PRO Fixing DRVs':
      cell counts      : b=0, i=0, icg=0, dcg=0, l=0, total=0
      sink counts      : regular=91, enable_latch=0, load_capacitance=0, antenna=0, node_sink=0, total=91
      misc counts      : r=1, pp=0, mci=0
      cell areas       : b=0.000um^2, i=0.000um^2, icg=0.000um^2, dcg=0.000um^2, l=0.000um^2, total=0.000um^2
      cell capacitance : b=0.000pF, i=0.000pF, icg=0.000pF, dcg=0.000pF, l=0.000pF, total=0.000pF
      sink capacitance : total=0.019pF, avg=0.000pF, sd=0.000pF, min=0.000pF, max=0.000pF
      wire capacitance : top=0.000pF, trunk=0.000pF, leaf=0.036pF, total=0.036pF
      wire lengths     : top=0.000um, trunk=0.000um, leaf=405.700um, total=405.700um
      hp wire lengths  : top=0.000um, trunk=0.000um, leaf=0.000um, total=0.000um
    Clock DAG net violations after 'PRO Fixing DRVs': none
    Clock DAG primary half-corner transition distribution after 'PRO Fixing DRVs':
      Leaf : target=0.065ns count=1 avg=0.004ns sd=0.000ns min=0.004ns max=0.004ns {1 <= 0.039ns, 0 <= 0.052ns, 0 <= 0.058ns, 0 <= 0.061ns, 0 <= 0.065ns}
    Primary reporting skew groups after 'PRO Fixing DRVs':
    Skew group summary after 'PRO Fixing DRVs':
      skew_group clk/CONSTRAINTS: insertion delay [min=0.001, max=0.060], skew [0.059 vs 0.072]
    Legalizer API calls during this step: 0 succeeded with high effort: 0 succeeded with medium effort: 0 succeeded with low effort: 0 succeeded with basic effort: 0 succeeded with basic unbounded effort: 0
  PRO Fixing DRVs done. (took cpu=0:00:00.0 real=0:00:00.0)
  Reconnecting optimized routes...
  Reconnecting optimized routes done. (took cpu=0:00:00.0 real=0:00:00.0)
  Clock tree timing engine global stage delay update for MAX_DEALY:setup.late...
  Clock tree timing engine global stage delay update for MAX_DEALY:setup.late done. (took cpu=0:00:00.0 real=0:00:00.0)
  Clock DAG stats PRO final:
    cell counts      : b=0, i=0, icg=0, dcg=0, l=0, total=0
    sink counts      : regular=91, enable_latch=0, load_capacitance=0, antenna=0, node_sink=0, total=91
    misc counts      : r=1, pp=0, mci=0
    cell areas       : b=0.000um^2, i=0.000um^2, icg=0.000um^2, dcg=0.000um^2, l=0.000um^2, total=0.000um^2
    cell capacitance : b=0.000pF, i=0.000pF, icg=0.000pF, dcg=0.000pF, l=0.000pF, total=0.000pF
    sink capacitance : total=0.019pF, avg=0.000pF, sd=0.000pF, min=0.000pF, max=0.000pF
    wire capacitance : top=0.000pF, trunk=0.000pF, leaf=0.036pF, total=0.036pF
    wire lengths     : top=0.000um, trunk=0.000um, leaf=405.700um, total=405.700um
    hp wire lengths  : top=0.000um, trunk=0.000um, leaf=0.000um, total=0.000um
  Clock DAG net violations PRO final: none
  Clock DAG primary half-corner transition distribution PRO final:
    Leaf : target=0.065ns count=1 avg=0.004ns sd=0.000ns min=0.004ns max=0.004ns {1 <= 0.039ns, 0 <= 0.052ns, 0 <= 0.058ns, 0 <= 0.061ns, 0 <= 0.065ns}
  Primary reporting skew groups PRO final:
  Skew group summary PRO final:
    skew_group clk/CONSTRAINTS: insertion delay [min=0.001, max=0.060, avg=0.002, sd=0.007, skn=7.408, kur=56.883], skew [0.059 vs 0.072], 100% {0.001, 0.060} (wid=0.001 ws=0.001) (gid=0.000 gs=0.000)
  Legalizer API calls during this step: 0 succeeded with high effort: 0 succeeded with medium effort: 0 succeeded with low effort: 0 succeeded with basic effort: 0 succeeded with basic unbounded effort: 0
PRO done.
Net route status summary:
  Clock:         1 (unrouted=0, trialRouted=0, noStatus=0, routed=1, fixed=0, [crossesIlmBoundary=0, tooFewTerms=0, (crossesIlmBoundary AND tooFewTerms=0)])
  Non-clock:   619 (unrouted=46, trialRouted=0, noStatus=0, routed=573, fixed=0, [crossesIlmBoundary=0, tooFewTerms=46, (crossesIlmBoundary AND tooFewTerms=0)])
Updating delays...
Updating delays done.
PRO done. (took cpu=0:00:00.7 real=0:00:00.6)
Leaving CCOpt scope - Cleaning up placement interface...
Leaving CCOpt scope - Cleaning up placement interface done. (took cpu=0:00:00.0 real=0:00:00.0)
**WARN: (IMPSP-105):	'setPlaceMode -maxRouteLayer' will become obsolete from next release. Use 'setRouteMode -earlyGlobalMaxRouteLayer N' to set maximum routing layer.Type 'man IMPSP-105' for more detail.
*** ClockDrv #1 [finish] (optDesign #2) : cpu/real = 0:00:00.7/0:00:00.6 (1.1), totSession cpu/real = 0:05:37.2/0:58:31.8 (0.1), mem = 8769.9M
**INFO: Start fixing DRV (Mem = 6421.91M) ...
Begin: GigaOpt DRV Optimization
*** DrvOpt #1 [begin] (optDesign #2) : totSession cpu/real = 0:05:37.3/0:58:31.9 (0.1), mem = 6421.9M
Info: 1 clock net  excluded from IPO operation.
	CornerforLayerOpt timing analysis view Best_CASE has been selected for calibration 
	CornerforLayerOpt timing analysis view Best_CASE has been selected for calibration 
	CornerforLayerOpt timing analysis view Best_CASE has been selected for calibration 
	CornerforLayerOpt timing analysis view Best_CASE has been selected for calibration 
	CornerforLayerOpt timing analysis view Best_CASE has been selected for calibration 
	CornerforLayerOpt timing analysis view Best_CASE has been selected for calibration 
	CornerforLayerOpt timing analysis view Best_CASE has been selected for calibration 
	CornerforLayerOpt timing analysis view Best_CASE has been selected for calibration 
	CornerforLayerOpt timing analysis view Best_CASE has been selected for calibration 
	CornerforLayerOpt timing analysis view Best_CASE has been selected for calibration 
	CornerforLayerOpt timing analysis view Best_CASE has been selected for calibration 
	CornerforLayerOpt timing analysis view Best_CASE has been selected for calibration 
DRV pessimism of 2.00% is used for tran, 2.00% for cap, 2.00% for fanout, on top of margin 0.00%
+-------------------------------------------------------------------------------------------------------------------------------------------------------+
|        max-tran       |        max-cap        |  max-fanout |  max-length |       setup       |        |        |        |       |          |         |
+-------------------------------------------------------------------------------------------------------------------------------------------------------+
| nets | terms|  wViol  | nets | terms|  wViol  | nets | terms| nets | terms|   WNS   |   TNS   |  #Buf  |  #Inv  | #Resize|Density|   Real   |   Mem   |
+-------------------------------------------------------------------------------------------------------------------------------------------------------+
|     0|     0|     0.00|     0|     0|     0.00|     0|     0|     0|     0|     0.04|     0.00|       0|       0|       0| 94.81%|          |         |
|     0|     0|     0.00|     0|     0|     0.00|     0|     0|     0|     0|     0.04|     0.00|       0|       0|       0| 94.81%| 0:00:00.0|  6530.7M|
+-------------------------------------------------------------------------------------------------------------------------------------------------------+

*** Finish DRV Fixing (cpu=0:00:00.0 real=0:00:00.0 mem=6530.7M) ***

*** DrvOpt #1 [finish] (optDesign #2) : cpu/real = 0:00:00.7/0:00:00.6 (1.1), totSession cpu/real = 0:05:38.0/0:58:32.6 (0.1), mem = 6137.7M
drv optimizer changes nothing and skips refinePlace
End: GigaOpt DRV Optimization
*info:
**INFO: Completed fixing DRV (CPU Time = 0:00:01, Mem = 6137.74M).

------------------------------------------------------------------
     Non-SI Timing Summary (cpu=0.01min real=0.02min mem=6137.7M)
------------------------------------------------------------------

Setup views included:
 WORST_CASE 

+--------------------+---------+---------+---------+
|     Setup mode     |   all   | reg2reg | default |
+--------------------+---------+---------+---------+
|           WNS (ns):|  0.043  |  0.060  |  0.043  |
|           TNS (ns):|  0.000  |  0.000  |  0.000  |
|    Violating Paths:|    0    |    0    |    0    |
|          All Paths:|   276   |   181   |   178   |
+--------------------+---------+---------+---------+

+----------------+-------------------------------+------------------+
|                |              Real             |       Total      |
|    DRVs        +------------------+------------+------------------|
|                |  Nr nets(terms)  | Worst Vio  |  Nr nets(terms)  |
+----------------+------------------+------------+------------------+
|   max_cap      |      0 (0)       |   0.000    |      0 (0)       |
|   max_tran     |      0 (0)       |   0.000    |      0 (0)       |
|   max_fanout   |      0 (0)       |     0      |      0 (0)       |
|   max_length   |      0 (0)       |     0      |      0 (0)       |
+----------------+------------------+------------+------------------+

Density: 94.809%
------------------------------------------------------------------
**optDesign ... cpu = 0:00:04, real = 0:00:11, mem = 3720.8M, totSessionCpu=0:05:38 **
*** Timing Is met
*** Check timing (0:00:00.0)
*** Setup timing is met (target slack 0ns)
**INFO: flowCheckPoint #3 OptimizationPreEco
Running postRoute recovery in preEcoRoute mode
**optDesign ... cpu = 0:00:04, real = 0:00:11, mem = 3722.6M, totSessionCpu=0:05:38 **
Checking DRV degradation...
**INFO: Skipping DRV recovery as drv did not degrade beyond margin
Finish postRoute recovery in preEcoRoute mode (cpu=0:00:00, real=0:00:00, mem=6142.20M, totSessionCpu=0:05:38).
**optDesign ... cpu = 0:00:04, real = 0:00:11, mem = 3722.6M, totSessionCpu=0:05:38 **

Skipping pre eco harden opt
Running refinePlace -preserveRouting true -hardFence false
*** Starting refinePlace (0:05:38 mem=6403.9M) ***
Move report: Detail placement moves 0 insts, mean move: 0.00 um, max move: 0.00 um 
	Runtime: CPU: 0:00:00.0 REAL: 0:00:00.0 MEM: 6371.9MB
Summary Report:
Instances move: 0 (out of 480 movable)
Instances flipped: 0
Mean displacement: 0.00 um
Max displacement: 0.00 um 
Physical-only instances move: 0 (out of 0 movable physical-only)
Runtime: CPU: 0:00:00.0 REAL: 0:00:00.0 MEM: 6371.9MB
*** Finished refinePlace (0:05:38 mem=6371.9M) ***
Default Rule : ""
Non Default Rules : "LEFSpecialRouteSpec" "VLMDefaultSetup"
Worst Slack : 0.060 ns

Start Layer Assignment ...
WNS(0.060ns) Target(0.000ns) MaxAssign(0%) MaxCong(20%) MinLen(100um) MinCap(0.050pf) layerBucket(0)

Select 0 cadidates out of 620.
No critical nets selected. Skipped !

Start Assign Priority Nets ...
TargetSlk(0.200ns) MaxAssign(3%) minLen(50um)
Existing Priority Nets 0 (0.0%)
Assigned Priority Nets 0 (0.0%)

Set Prefer Layer Routing Effort ...
Total Net(618) IPOed(0) PreferLayer(0) -> MediumEffort(0)

Default Rule : ""
Non Default Rules : "LEFSpecialRouteSpec" "VLMDefaultSetup"
Worst Slack : 0.043 ns

Start Layer Assignment ...
WNS(0.043ns) Target(0.000ns) MaxAssign(0%) MaxCong(20%) MinLen(100um) MinCap(0.050pf) layerBucket(0)

Select 0 cadidates out of 620.
No critical nets selected. Skipped !

Start Assign Priority Nets ...
TargetSlk(0.200ns) MaxAssign(3%) minLen(50um)
Existing Priority Nets 0 (0.0%)
Total Assign Priority Nets 1 (0.2%)

------------------------------------------------------------------
        Pre-ecoRoute Summary
------------------------------------------------------------------

Setup views included:
 WORST_CASE 

+--------------------+---------+---------+---------+
|     Setup mode     |   all   | reg2reg | default |
+--------------------+---------+---------+---------+
|           WNS (ns):|  0.043  |  0.060  |  0.043  |
|           TNS (ns):|  0.000  |  0.000  |  0.000  |
|    Violating Paths:|    0    |    0    |    0    |
|          All Paths:|   276   |   181   |   178   |
+--------------------+---------+---------+---------+

+----------------+-------------------------------+------------------+
|                |              Real             |       Total      |
|    DRVs        +------------------+------------+------------------|
|                |  Nr nets(terms)  | Worst Vio  |  Nr nets(terms)  |
+----------------+------------------+------------+------------------+
|   max_cap      |      0 (0)       |   0.000    |      0 (0)       |
|   max_tran     |      0 (0)       |   0.000    |      0 (0)       |
|   max_fanout   |      0 (0)       |     0      |      0 (0)       |
|   max_length   |      0 (0)       |     0      |      0 (0)       |
+----------------+------------------+------------+------------------+

Density: 94.809%
------------------------------------------------------------------
**optDesign ... cpu = 0:00:04, real = 0:00:11, mem = 3723.2M, totSessionCpu=0:05:38 **
**INFO: flowCheckPoint #4 GlobalDetailRoute
-route_with_eco false                     # bool, default=false, user setting
-route_selected_net_only false            # bool, default=false, user setting
-route_with_timing_driven false           # bool, default=false, user setting
-route_with_si_driven false               # bool, default=false, user setting
Existing Dirty Nets : 0
New Signature Flow (saveAndSetNanoRouteOptions) ....
Reset Dirty Nets : 0
*** EcoRoute #1 [begin] (optDesign #2) : totSession cpu/real = 0:05:38.3/0:58:33.0 (0.1), mem = 6144.0M

globalDetailRoute

#Start globalDetailRoute on Sat Sep 27 22:59:30 2025
#
#NanoRoute Version 23.31-s109_1 NR240401-0735/23_11-UB
#WARNING (NRIF-79) Wrong option value for drouteUseMultiCutViaEffort <>, reset to default.
#WARNING (NRIF-67) In option 'OnGridOnly 0', 0 is an unknown type. It will be ignored.
#WARNING (NRIF-68) Option 'OnGridOnly 0' did not specify a correct type. It will be ignored.
#WARNING (NRDR-157) In option 'PostRouteSwapVia ',  is invalid and will be ignored.
#Skip comparing routing design signature in db-snapshot flow
#WARNING (NRIF-79) Wrong option value for drouteUseMultiCutViaEffort <>, reset to default.
#WARNING (NRIF-67) In option 'OnGridOnly 0', 0 is an unknown type. It will be ignored.
#WARNING (NRIF-68) Option 'OnGridOnly 0' did not specify a correct type. It will be ignored.
#WARNING (NRDR-157) In option 'PostRouteSwapVia ',  is invalid and will be ignored.
#WARNING (NRIF-79) Wrong option value for drouteUseMultiCutViaEffort <>, reset to default.
#WARNING (NRIF-67) In option 'OnGridOnly 0', 0 is an unknown type. It will be ignored.
#WARNING (NRIF-68) Option 'OnGridOnly 0' did not specify a correct type. It will be ignored.
#WARNING (NRDR-157) In option 'PostRouteSwapVia ',  is invalid and will be ignored.
#Total number of trivial nets (e.g. < 2 pins) = 46 (skipped).
#Total number of routable nets = 574.
#Total number of nets in the design = 620.
#574 routable nets have routed wires.
#1 detail routed (routable) net has been constrained (e.g. have preferred extra spacing, require shielding etc.)
#No nets have been global routed.
#Using multithreading with 8 threads.
#WARNING (NRIF-79) Wrong option value for drouteUseMultiCutViaEffort <>, reset to default.
#WARNING (NRIF-67) In option 'OnGridOnly 0', 0 is an unknown type. It will be ignored.
#WARNING (NRIF-68) Option 'OnGridOnly 0' did not specify a correct type. It will be ignored.
#WARNING (NRDR-157) In option 'PostRouteSwapVia ',  is invalid and will be ignored.
#Start routing data preparation on Sat Sep 27 22:59:30 2025
#
#WARNING (NRIF-79) Wrong option value for drouteUseMultiCutViaEffort <>, reset to default.
#WARNING (NRIF-67) In option 'OnGridOnly 0', 0 is an unknown type. It will be ignored.
#WARNING (NRIF-68) Option 'OnGridOnly 0' did not specify a correct type. It will be ignored.
#WARNING (NRDR-157) In option 'PostRouteSwapVia ',  is invalid and will be ignored.
#Initial pin access analysis.
#Detail pin access analysis.
# Metal1       H   Track-Pitch = 0.19000    Line-2-Via Pitch = 0.13000
# Metal2       V   Track-Pitch = 0.20000    Line-2-Via Pitch = 0.15000
# Metal3       H   Track-Pitch = 0.19000    Line-2-Via Pitch = 0.15000
# Metal4       V   Track-Pitch = 0.20000    Line-2-Via Pitch = 0.15000
# Metal5       H   Track-Pitch = 0.19000    Line-2-Via Pitch = 0.15000
# Metal6       V   Track-Pitch = 0.20000    Line-2-Via Pitch = 0.15000
# Metal7       H   Track-Pitch = 0.19000    Line-2-Via Pitch = 0.15000
# Metal8       V   Track-Pitch = 0.20000    Line-2-Via Pitch = 0.15000
# Metal9       H   Track-Pitch = 0.19000    Line-2-Via Pitch = 0.15000
# Metal10      V   Track-Pitch = 0.50000    Line-2-Via Pitch = 0.42000
# Metal11      H   Track-Pitch = 0.47500    Line-2-Via Pitch = 0.43000
#Bottom routing layer index=1(Metal1), bottom routing layer for shielding=1(Metal1), bottom shield layer=1(Metal1)
#shield_bottom_stripe_layer=1(Metal1), shield_top_stripe_layer=5(Metal5)
#pin_access_rlayer=2(Metal2)
#shield_top_dpt_rlayer=-1 top_rlayer=5 top_trim_metal_rlayer=-1 rlayer_lowest=1 bottom_rlayer=1
#enable_trim_layer_shield=F enable_dpt_layer_shield=F has_line_end_grid=F
#enable_dpt_layer_shield=F
#has_line_end_grid=F
#Processed 0/0 dirty instances, 0/0 dirty terms, 0/0 dirty fterms, 0/0 dirty pgterms, 0/0 misc dirty regions(0 insts marked dirty, reset pre-exisiting dirty flag on 0 insts, 0 nets marked need extraction)
#cpu time = 00:00:00, elapsed time = 00:00:00, memory = 3734.92 (MB), peak = 4023.41 (MB)
#Regenerating Ggrids automatically.
#Auto generating G-grids with size=15 tracks, using layer Metal3's pitch = 0.19000.
#Using automatically generated G-grids.
#Done routing data preparation.
#cpu time = 00:00:00, elapsed time = 00:00:00, memory = 3737.20 (MB), peak = 4023.41 (MB)
#WARNING (NRIF-79) Wrong option value for drouteUseMultiCutViaEffort <>, reset to default.
#WARNING (NRIF-67) In option 'OnGridOnly 0', 0 is an unknown type. It will be ignored.
#WARNING (NRIF-68) Option 'OnGridOnly 0' did not specify a correct type. It will be ignored.
#WARNING (NRDR-157) In option 'PostRouteSwapVia ',  is invalid and will be ignored.
#
#Finished routing data preparation on Sat Sep 27 22:59:31 2025
#
#Cpu time = 00:00:00
#Elapsed time = 00:00:00
#Increased memory = 7.65 (MB)
#Total memory = 3737.20 (MB)
#Peak memory = 4023.41 (MB)
#
#
#Start global routing on Sat Sep 27 22:59:31 2025
#
#
#Start global routing initialization on Sat Sep 27 22:59:31 2025
#
#WARNING (NRGR-22) Design is already detail routed.
#WARNING (NRIF-79) Wrong option value for drouteUseMultiCutViaEffort <>, reset to default.
#WARNING (NRIF-67) In option 'OnGridOnly 0', 0 is an unknown type. It will be ignored.
#WARNING (NRIF-68) Option 'OnGridOnly 0' did not specify a correct type. It will be ignored.
#WARNING (NRDR-157) In option 'PostRouteSwapVia ',  is invalid and will be ignored.
#WARNING (NRIF-79) Wrong option value for drouteUseMultiCutViaEffort <>, reset to default.
#WARNING (NRIF-67) In option 'OnGridOnly 0', 0 is an unknown type. It will be ignored.
#WARNING (NRIF-68) Option 'OnGridOnly 0' did not specify a correct type. It will be ignored.
#WARNING (NRDR-157) In option 'PostRouteSwapVia ',  is invalid and will be ignored.
#Routing data preparation, pin analysis, global routing and track assignment statistics:
#Cpu time = 00:00:00
#Elapsed time = 00:00:00
#Increased memory = 7.65 (MB)
#Total memory = 3737.20 (MB)
#Peak memory = 4023.41 (MB)
#Using multithreading with 8 threads.
#WARNING (NRIF-79) Wrong option value for drouteUseMultiCutViaEffort <>, reset to default.
#WARNING (NRIF-67) In option 'OnGridOnly 0', 0 is an unknown type. It will be ignored.
#WARNING (NRIF-68) Option 'OnGridOnly 0' did not specify a correct type. It will be ignored.
#WARNING (NRDR-157) In option 'PostRouteSwapVia ',  is invalid and will be ignored.
#WARNING (NRIF-79) Wrong option value for drouteUseMultiCutViaEffort <>, reset to default.
#WARNING (NRIF-67) In option 'OnGridOnly 0', 0 is an unknown type. It will be ignored.
#WARNING (NRIF-68) Option 'OnGridOnly 0' did not specify a correct type. It will be ignored.
#WARNING (NRDR-157) In option 'PostRouteSwapVia ',  is invalid and will be ignored.
#WARNING (NRIF-79) Wrong option value for drouteUseMultiCutViaEffort <>, reset to default.
#WARNING (NRIF-67) In option 'OnGridOnly 0', 0 is an unknown type. It will be ignored.
#WARNING (NRIF-68) Option 'OnGridOnly 0' did not specify a correct type. It will be ignored.
#WARNING (NRDR-157) In option 'PostRouteSwapVia ',  is invalid and will be ignored.
#WARNING (NRIF-79) Wrong option value for drouteUseMultiCutViaEffort <>, reset to default.
#WARNING (NRIF-67) In option 'OnGridOnly 0', 0 is an unknown type. It will be ignored.
#WARNING (NRIF-68) Option 'OnGridOnly 0' did not specify a correct type. It will be ignored.
#WARNING (NRDR-157) In option 'PostRouteSwapVia ',  is invalid and will be ignored.
#
#Start Detail Routing..
#start initial detail routing ...
#   number of violations = 1
#
#  By Layer and Type:
#
#---------+------+-------+
#  -      | Short| Totals|
#---------+------+-------+
#  Metal1 |     1|      1|
#  Totals |     1|      1|
#---------+------+-------+
#
#cpu time = 00:00:00, elapsed time = 00:00:00, memory = 3740.38 (MB), peak = 4023.41 (MB)
#start 1st optimization iteration ...
#   number of violations = 1
#
#  By Layer and Type:
#
#---------+------+-------+
#  -      | Short| Totals|
#---------+------+-------+
#  Metal1 |     1|      1|
#  Totals |     1|      1|
#---------+------+-------+
#
#cpu time = 00:00:00, elapsed time = 00:00:00, memory = 3758.08 (MB), peak = 4023.41 (MB)
#Complete Detail Routing.
#Total number of nets with non-default rule or having extra spacing = 1
#
#  Routing Statistics
#
#----------------+-----------+-----+
#  Layer         | Length(um)| Vias|
#----------------+-----------+-----+
#  Poly ( 0H)    |          0|    0|
#  Metal1 ( 1H)  |        429| 1914|
#  Metal2 ( 2V)  |       2952| 1401|
#  Metal3 ( 3H)  |       2953|  268|
#  Metal4 ( 4V)  |        809|    4|
#  Metal5 ( 5H)  |         27|    0|
#  Metal6 ( 6V)  |          0|    0|
#  Metal7 ( 7H)  |          0|    0|
#  Metal8 ( 8V)  |          0|    0|
#  Metal9 ( 9H)  |          0|    0|
#  Metal10 (10V) |          0|    0|
#  Metal11 (11H) |          0|    0|
#----------------+-----------+-----+
#  Total         |       7170| 3587|
#----------------+-----------+-----+
#
# Total half perimeter of net bounding box: 6322 um.
#Total number of DRC violations = 1
#Cpu time = 00:00:00
#Elapsed time = 00:00:00
#Increased memory = 18.07 (MB)
#Total memory = 3755.27 (MB)
#Peak memory = 4023.41 (MB)
#
#start routing for process antenna violation fix ...
#WARNING (NRIF-79) Wrong option value for drouteUseMultiCutViaEffort <>, reset to default.
#WARNING (NRIF-67) In option 'OnGridOnly 0', 0 is an unknown type. It will be ignored.
#WARNING (NRIF-68) Option 'OnGridOnly 0' did not specify a correct type. It will be ignored.
#WARNING (NRDR-157) In option 'PostRouteSwapVia ',  is invalid and will be ignored.
#WARNING (NRIF-79) Wrong option value for drouteUseMultiCutViaEffort <>, reset to default.
#WARNING (NRIF-67) In option 'OnGridOnly 0', 0 is an unknown type. It will be ignored.
#WARNING (NRIF-68) Option 'OnGridOnly 0' did not specify a correct type. It will be ignored.
#WARNING (NRDR-157) In option 'PostRouteSwapVia ',  is invalid and will be ignored.
#
#  By Layer and Type:
#
#---------+------+-------+
#  -      | Short| Totals|
#---------+------+-------+
#  Metal1 |     1|      1|
#  Totals |     1|      1|
#---------+------+-------+
#
#cpu time = 00:00:00, elapsed time = 00:00:00, memory = 3755.79 (MB), peak = 4023.41 (MB)
#
#Total number of nets with non-default rule or having extra spacing = 1
#
#  Routing Statistics
#
#----------------+-----------+-----+
#  Layer         | Length(um)| Vias|
#----------------+-----------+-----+
#  Poly ( 0H)    |          0|    0|
#  Metal1 ( 1H)  |        429| 1914|
#  Metal2 ( 2V)  |       2952| 1401|
#  Metal3 ( 3H)  |       2953|  268|
#  Metal4 ( 4V)  |        809|    4|
#  Metal5 ( 5H)  |         27|    0|
#  Metal6 ( 6V)  |          0|    0|
#  Metal7 ( 7H)  |          0|    0|
#  Metal8 ( 8V)  |          0|    0|
#  Metal9 ( 9H)  |          0|    0|
#  Metal10 (10V) |          0|    0|
#  Metal11 (11H) |          0|    0|
#----------------+-----------+-----+
#  Total         |       7170| 3587|
#----------------+-----------+-----+
#
# Total half perimeter of net bounding box: 6322 um.
#Total number of DRC violations = 1
#Total number of process antenna violations = 0
#Total number of net violated process antenna rule = 0
#
#
#Total number of nets with non-default rule or having extra spacing = 1
#
#  Routing Statistics
#
#----------------+-----------+-----+
#  Layer         | Length(um)| Vias|
#----------------+-----------+-----+
#  Poly ( 0H)    |          0|    0|
#  Metal1 ( 1H)  |        429| 1914|
#  Metal2 ( 2V)  |       2952| 1401|
#  Metal3 ( 3H)  |       2953|  268|
#  Metal4 ( 4V)  |        809|    4|
#  Metal5 ( 5H)  |         27|    0|
#  Metal6 ( 6V)  |          0|    0|
#  Metal7 ( 7H)  |          0|    0|
#  Metal8 ( 8V)  |          0|    0|
#  Metal9 ( 9H)  |          0|    0|
#  Metal10 (10V) |          0|    0|
#  Metal11 (11H) |          0|    0|
#----------------+-----------+-----+
#  Total         |       7170| 3587|
#----------------+-----------+-----+
#
# Total half perimeter of net bounding box: 6322 um.
#Total number of DRC violations = 1
#Total number of process antenna violations = 0
#Total number of net violated process antenna rule = 0
#
#WARNING (NRIF-79) Wrong option value for drouteUseMultiCutViaEffort <>, reset to default.
#WARNING (NRIF-67) In option 'OnGridOnly 0', 0 is an unknown type. It will be ignored.
#WARNING (NRIF-68) Option 'OnGridOnly 0' did not specify a correct type. It will be ignored.
#WARNING (NRDR-157) In option 'PostRouteSwapVia ',  is invalid and will be ignored.
#WARNING (NRIF-79) Wrong option value for drouteUseMultiCutViaEffort <>, reset to default.
#WARNING (NRIF-67) In option 'OnGridOnly 0', 0 is an unknown type. It will be ignored.
#WARNING (NRIF-68) Option 'OnGridOnly 0' did not specify a correct type. It will be ignored.
#WARNING (NRDR-157) In option 'PostRouteSwapVia ',  is invalid and will be ignored.
#
#Start Post Route wire spreading..
#WARNING (NRIF-79) Wrong option value for drouteUseMultiCutViaEffort <>, reset to default.
#WARNING (NRIF-67) In option 'OnGridOnly 0', 0 is an unknown type. It will be ignored.
#WARNING (NRIF-68) Option 'OnGridOnly 0' did not specify a correct type. It will be ignored.
#WARNING (NRDR-157) In option 'PostRouteSwapVia ',  is invalid and will be ignored.
#WARNING (NRIF-79) Wrong option value for drouteUseMultiCutViaEffort <>, reset to default.
#WARNING (NRIF-67) In option 'OnGridOnly 0', 0 is an unknown type. It will be ignored.
#WARNING (NRIF-68) Option 'OnGridOnly 0' did not specify a correct type. It will be ignored.
#WARNING (NRDR-157) In option 'PostRouteSwapVia ',  is invalid and will be ignored.
#WARNING (NRIF-79) Wrong option value for drouteUseMultiCutViaEffort <>, reset to default.
#WARNING (NRIF-67) In option 'OnGridOnly 0', 0 is an unknown type. It will be ignored.
#WARNING (NRIF-68) Option 'OnGridOnly 0' did not specify a correct type. It will be ignored.
#WARNING (NRDR-157) In option 'PostRouteSwapVia ',  is invalid and will be ignored.
#
#Start data preparation for wire spreading...
#
#Data preparation is done on Sat Sep 27 22:59:31 2025
#
#WARNING (NRIF-79) Wrong option value for drouteUseMultiCutViaEffort <>, reset to default.
#WARNING (NRIF-67) In option 'OnGridOnly 0', 0 is an unknown type. It will be ignored.
#WARNING (NRIF-68) Option 'OnGridOnly 0' did not specify a correct type. It will be ignored.
#WARNING (NRDR-157) In option 'PostRouteSwapVia ',  is invalid and will be ignored.
#
#Start Post Route Wire Spread.
#Done with 5 horizontal wires in 2 hboxes and 5 vertical wires in 2 hboxes.
#Complete Post Route Wire Spread.
#
#Total number of nets with non-default rule or having extra spacing = 1
#
#  Routing Statistics
#
#----------------+-----------+-----+
#  Layer         | Length(um)| Vias|
#----------------+-----------+-----+
#  Poly ( 0H)    |          0|    0|
#  Metal1 ( 1H)  |        430| 1914|
#  Metal2 ( 2V)  |       2952| 1401|
#  Metal3 ( 3H)  |       2953|  268|
#  Metal4 ( 4V)  |        809|    4|
#  Metal5 ( 5H)  |         27|    0|
#  Metal6 ( 6V)  |          0|    0|
#  Metal7 ( 7H)  |          0|    0|
#  Metal8 ( 8V)  |          0|    0|
#  Metal9 ( 9H)  |          0|    0|
#  Metal10 (10V) |          0|    0|
#  Metal11 (11H) |          0|    0|
#----------------+-----------+-----+
#  Total         |       7171| 3587|
#----------------+-----------+-----+
#
# Total half perimeter of net bounding box: 6322 um.
#   number of violations = 1
#
#  By Layer and Type:
#
#---------+------+-------+
#  -      | Short| Totals|
#---------+------+-------+
#  Metal1 |     1|      1|
#  Totals |     1|      1|
#---------+------+-------+
#
#cpu time = 00:00:00, elapsed time = 00:00:00, memory = 3757.27 (MB), peak = 4023.41 (MB)
#CELL_VIEW Main,init has 1 DRC violations
#Total number of DRC violations = 1
#Total number of process antenna violations = 0
#Total number of net violated process antenna rule = 0
#Post Route wire spread is done.
#Total number of nets with non-default rule or having extra spacing = 1
#
#  Routing Statistics
#
#----------------+-----------+-----+
#  Layer         | Length(um)| Vias|
#----------------+-----------+-----+
#  Poly ( 0H)    |          0|    0|
#  Metal1 ( 1H)  |        430| 1914|
#  Metal2 ( 2V)  |       2952| 1401|
#  Metal3 ( 3H)  |       2953|  268|
#  Metal4 ( 4V)  |        809|    4|
#  Metal5 ( 5H)  |         27|    0|
#  Metal6 ( 6V)  |          0|    0|
#  Metal7 ( 7H)  |          0|    0|
#  Metal8 ( 8V)  |          0|    0|
#  Metal9 ( 9H)  |          0|    0|
#  Metal10 (10V) |          0|    0|
#  Metal11 (11H) |          0|    0|
#----------------+-----------+-----+
#  Total         |       7171| 3587|
#----------------+-----------+-----+
#
# Total half perimeter of net bounding box: 6322 um.
#detailRoute Statistics:
#Cpu time = 00:00:00
#Elapsed time = 00:00:00
#Increased memory = 20.07 (MB)
#Total memory = 3757.27 (MB)
#Peak memory = 4023.41 (MB)
#
#globalDetailRoute statistics:
#Cpu time = 00:00:01
#Elapsed time = 00:00:00
#Increased memory = 30.89 (MB)
#Total memory = 3754.06 (MB)
#Peak memory = 4023.41 (MB)
#Number of warnings = 81
#Total number of warnings = 266
#Number of fails = 0
#Total number of fails = 0
#Complete globalDetailRoute on Sat Sep 27 22:59:31 2025
#
#
#  Scalability Statistics
#
#----------------------------+---------+-------------+------------+
#  globalDetailRoute         | cpu time| elapsed time| scalability|
#----------------------------+---------+-------------+------------+
#  Pre Callback              | 00:00:00|     00:00:00|         1.0|
#  Post Callback             | 00:00:00|     00:00:00|         1.0|
#  Timing Data Generation    | 00:00:00|     00:00:00|         1.0|
#  DB Import                 | 00:00:00|     00:00:00|         1.0|
#  DB Export                 | 00:00:00|     00:00:00|         1.0|
#  Cell Pin Access           | 00:00:00|     00:00:00|         1.0|
#  Data Preparation          | 00:00:00|     00:00:00|         1.0|
#  Global Routing            | 00:00:00|     00:00:00|         1.0|
#  Track Assignment          | 00:00:00|     00:00:00|         1.0|
#  Detail Routing            | 00:00:00|     00:00:00|         1.0|
#  Antenna Fixing            | 00:00:00|     00:00:00|         1.0|
#  Post Route Wire Spreading | 00:00:00|     00:00:00|         1.0|
#  Entire Command            | 00:00:01|     00:00:00|         1.3|
#----------------------------+---------+-------------+------------+
#
*** EcoRoute #1 [finish] (optDesign #2) : cpu/real = 0:00:00.7/0:00:00.5 (1.3), totSession cpu/real = 0:05:39.0/0:58:33.5 (0.1), mem = 6294.3M
**optDesign ... cpu = 0:00:05, real = 0:00:12, mem = 3747.2M, totSessionCpu=0:05:39 **
New Signature Flow (restoreNanoRouteOptions) ....
**INFO: flowCheckPoint #5 PostEcoSummary
#Extract in post route mode
#Finish check_net_pin_list step Enter extract_rc_in_nr_cmd
#Fast data preparation for tQuantus.
#WARNING (NRIF-79) Wrong option value for drouteUseMultiCutViaEffort <>, reset to default.
#WARNING (NRIF-67) In option 'OnGridOnly 0', 0 is an unknown type. It will be ignored.
#WARNING (NRIF-68) Option 'OnGridOnly 0' did not specify a correct type. It will be ignored.
#WARNING (NRDR-157) In option 'PostRouteSwapVia ',  is invalid and will be ignored.
#Start routing data preparation on Sat Sep 27 22:59:31 2025
#
#WARNING (NRIF-79) Wrong option value for drouteUseMultiCutViaEffort <>, reset to default.
#WARNING (NRIF-67) In option 'OnGridOnly 0', 0 is an unknown type. It will be ignored.
#WARNING (NRIF-68) Option 'OnGridOnly 0' did not specify a correct type. It will be ignored.
#WARNING (NRDR-157) In option 'PostRouteSwapVia ',  is invalid and will be ignored.
# Metal1       H   Track-Pitch = 0.19000    Line-2-Via Pitch = 0.13000
# Metal2       V   Track-Pitch = 0.20000    Line-2-Via Pitch = 0.15000
# Metal3       H   Track-Pitch = 0.19000    Line-2-Via Pitch = 0.15000
# Metal4       V   Track-Pitch = 0.20000    Line-2-Via Pitch = 0.15000
# Metal5       H   Track-Pitch = 0.19000    Line-2-Via Pitch = 0.15000
# Metal6       V   Track-Pitch = 0.20000    Line-2-Via Pitch = 0.15000
# Metal7       H   Track-Pitch = 0.19000    Line-2-Via Pitch = 0.15000
# Metal8       V   Track-Pitch = 0.20000    Line-2-Via Pitch = 0.15000
# Metal9       H   Track-Pitch = 0.19000    Line-2-Via Pitch = 0.15000
# Metal10      V   Track-Pitch = 0.50000    Line-2-Via Pitch = 0.42000
# Metal11      H   Track-Pitch = 0.47500    Line-2-Via Pitch = 0.43000
#Regenerating Ggrids automatically.
#Auto generating G-grids with size=15 tracks, using layer Metal3's pitch = 0.19000.
#Using automatically generated G-grids.
#Done routing data preparation.
#cpu time = 00:00:00, elapsed time = 00:00:00, memory = 3753.73 (MB), peak = 4023.41 (MB)
#WARNING (NRIF-79) Wrong option value for drouteUseMultiCutViaEffort <>, reset to default.
#WARNING (NRIF-67) In option 'OnGridOnly 0', 0 is an unknown type. It will be ignored.
#WARNING (NRIF-68) Option 'OnGridOnly 0' did not specify a correct type. It will be ignored.
#WARNING (NRDR-157) In option 'PostRouteSwapVia ',  is invalid and will be ignored.
#Start routing data preparation on Sat Sep 27 22:59:31 2025
#
#WARNING (NRIF-79) Wrong option value for drouteUseMultiCutViaEffort <>, reset to default.
#WARNING (NRIF-67) In option 'OnGridOnly 0', 0 is an unknown type. It will be ignored.
#WARNING (NRIF-68) Option 'OnGridOnly 0' did not specify a correct type. It will be ignored.
#WARNING (NRDR-157) In option 'PostRouteSwapVia ',  is invalid and will be ignored.
#Bottom routing layer index=1(Metal1), bottom routing layer for shielding=1(Metal1), bottom shield layer=1(Metal1)
#shield_bottom_stripe_layer=1(Metal1), shield_top_stripe_layer=5(Metal5)
#pin_access_rlayer=2(Metal2)
#shield_top_dpt_rlayer=-1 top_rlayer=5 top_trim_metal_rlayer=-1 rlayer_lowest=1 bottom_rlayer=1
#enable_trim_layer_shield=F enable_dpt_layer_shield=F has_line_end_grid=F
#enable_dpt_layer_shield=F
#has_line_end_grid=F
#Regenerating Ggrids automatically.
#Auto generating G-grids with size=15 tracks, using layer Metal3's pitch = 0.19000.
#Using automatically generated G-grids.
#Done routing data preparation.
#cpu time = 00:00:00, elapsed time = 00:00:00, memory = 3759.80 (MB), peak = 4023.41 (MB)
#
#Start tQuantus RC extraction...
#Start building rc corner(s)...
#Number of RC Corner = 2
#Corner RC_BEST /mnt/cae_storage_sw/eda/cadence/pdks/gpdk045/gpdk045_v_6_0/qrc/rcbest/qrcTechFile 40.000000 (real) 
#Corner RC_WORST /mnt/cae_storage_sw/eda/cadence/pdks/gpdk045/gpdk045_v_6_0/qrc/rcworst/qrcTechFile 125.000000 (real) 
#(i=11, n=11 2000)
#metal1_conn -> Metal1 (1)
#metal2_conn -> Metal2 (2)
#metal3_conn -> Metal3 (3)
#metal4_conn -> Metal4 (4)
#metal5_conn -> Metal5 (5)
#metal6_conn -> Metal6 (6)
#metal7_conn -> Metal7 (7)
#metal8_conn -> Metal8 (8)
#metal9_conn -> Metal9 (9)
#metal10_conn -> Metal10 (10)
#metal11_conn -> Metal11 (11)
#SADV-On
# Corner(s) : 
#RC_BEST [40.00] 
#RC_WORST [125.00]
# Corner id: 0
# Layout Scale: 1.000000
# Has Metal Fill model: yes
# Temperature was set
# Temperature : 40.000000
# Ref. Temp   : 25.000000
# Corner id: 1
# Layout Scale: 1.000000
# Has Metal Fill model: yes
# Temperature was set
# Temperature : 125.000000
# Ref. Temp   : 25.000000
#SADV-Off
#total pattern=286 [22, 1584]
#Reading previously stored rc_model file ( rc_model.bin ) ...
#found CAPMODEL /mnt/cae_storage_sw/eda/cadence/pdks/gpdk045/gpdk045_v_6_0/qrc/rcbest/qrcTechFile
#found CAPMODEL /mnt/cae_storage_sw/eda/cadence/pdks/gpdk045/gpdk045_v_6_0/qrc/rcworst/qrcTechFile
#found RESMODEL /mnt/cae_storage_sw/eda/cadence/pdks/gpdk045/gpdk045_v_6_0/qrc/rcbest/qrcTechFile 40.000000 
#found RESMODEL /mnt/cae_storage_sw/eda/cadence/pdks/gpdk045/gpdk045_v_6_0/qrc/rcworst/qrcTechFile 125.000000 
#CCE Version read = IQuantus/TQuantus 22.1.1-s233
#number model r/c [2,2] [22,1584] read
#0 rcmodel(s) requires rebuild
#Build RC corners: cpu time = 00:00:01, elapsed time = 00:00:01, memory = 3761.37 (MB), peak = 4023.41 (MB)
#Finish check_net_pin_list step Enter extract
#Start init net ripin tree building
#Finish init net ripin tree building
#Cpu time = 00:00:00
#Elapsed time = 00:00:00
#Increased memory = 0.00 (MB)
#Total memory = 3761.37 (MB)
#Peak memory = 4023.41 (MB)
#Using multithreading with 8 threads.
#begin processing metal fill model file
#end processing metal fill model file
#WARNING (NRIF-79) Wrong option value for drouteUseMultiCutViaEffort <>, reset to default.
#WARNING (NRIF-67) In option 'OnGridOnly 0', 0 is an unknown type. It will be ignored.
#WARNING (NRIF-68) Option 'OnGridOnly 0' did not specify a correct type. It will be ignored.
#WARNING (NRDR-157) In option 'PostRouteSwapVia ',  is invalid and will be ignored.
#Length limit = 200 pitches
#opt mode = 2
#Finish check_net_pin_list step Fix net pin list
#Start generate extraction boxes.
#
#Extract using 30 x 30 Hboxes
#2x2 initial hboxes
#Use area based hbox pruning.
#0/0 hboxes pruned.
#Complete generating extraction boxes.
#Start step Extraction
#Extract 1 hboxes with 8 threads on machine with  3.99GHz 512KB Cache 32CPU...
#Process 0 special clock nets for rc extraction
#Total 574 nets were built. 0 nodes added to break long wires. 0 net(s) have incomplete routes.
#Run Statistics for Extraction:
#   Cpu time = 00:00:00, elapsed time = 00:00:00 .
#   Increased memory =    38.46 (MB), total memory =  3799.88 (MB), peak memory =  4023.41 (MB)
#Register nets and terms for rcdb /tmp/innovus_temp_3492364_51c43ac2-0182-4538-a4ac-e911dde1ab7b_ei-vm-018.othr.de_bas33767_QHfncd/nr3492364_knyhNj.rcdb.d
#Finish registering nets and terms for rcdb.
#Simplify RC tree: cpu time = 00:00:00, elapsed time = 00:00:00, memory = 3776.36 (MB), peak = 4023.41 (MB)
#WARNING (NRIF-79) Wrong option value for drouteUseMultiCutViaEffort <>, reset to default.
#WARNING (NRIF-67) In option 'OnGridOnly 0', 0 is an unknown type. It will be ignored.
#WARNING (NRIF-68) Option 'OnGridOnly 0' did not specify a correct type. It will be ignored.
#WARNING (NRDR-157) In option 'PostRouteSwapVia ',  is invalid and will be ignored.
#RC Statistics: 2875 Res, 1514 Ground Cap, 0 XCap (Edge to Edge)
#RC V/H edge ratio: 0.40, Avg V/H Edge Length: 2709.80 (1388), Avg L-Edge Length: 6946.70 (811)
#Nets and terms are pre-registered for rcdb /tmp/innovus_temp_3492364_51c43ac2-0182-4538-a4ac-e911dde1ab7b_ei-vm-018.othr.de_bas33767_QHfncd/nr3492364_knyhNj.rcdb.d.
#Start writing RC data.
#Finish writing RC data
#Finish writing rcdb with 3451 nodes, 2877 edges, and 0 xcaps
#cpu time = 00:00:00, elapsed time = 00:00:00, memory = 3771.08 (MB), peak = 4023.41 (MB)
Restoring parasitic data from file '/tmp/innovus_temp_3492364_51c43ac2-0182-4538-a4ac-e911dde1ab7b_ei-vm-018.othr.de_bas33767_QHfncd/nr3492364_knyhNj.rcdb.d' ...
Reading RCDB with compressed RC data.
Reading RCDB with compressed RC data.
Begin read_parasitics... (cpu: 0:00:00.0 real: 0:00:00.0 mem: 6310.605M)
Following multi-corner parasitics specified:
	/tmp/innovus_temp_3492364_51c43ac2-0182-4538-a4ac-e911dde1ab7b_ei-vm-018.othr.de_bas33767_QHfncd/nr3492364_knyhNj.rcdb.d (rcdb)
Reading RCDB with compressed RC data.
		Cell Main has rcdb /tmp/innovus_temp_3492364_51c43ac2-0182-4538-a4ac-e911dde1ab7b_ei-vm-018.othr.de_bas33767_QHfncd/nr3492364_knyhNj.rcdb.d specified
Cell Main, hinst 
Reading RCDB with compressed RC data.
Done read_parasitics... (cpu: 0:00:00.0 real: 0:00:00.0 mem: 6310.605M)
#
#Restore RCDB.
#
#Complete tQuantus RC extraction.
#Cpu time = 00:00:01
#Elapsed time = 00:00:01
#Increased memory = 11.32 (MB)
#Total memory = 3771.12 (MB)
#Peak memory = 4023.41 (MB)
#
#0 inserted nodes are removed
#Restored 0 tie nets, 0 tie snets, 0 partial nets
#Start Design Signature (0)
#Finish Inst Signature in MT(1169842)
#Finish Net Signature in MT(41841850)
#Finish SNet Signature in MT (65606698)
#Run time and memory report for RC extraction:
#RC extraction running on  3.99GHz 512KB Cache 32CPU.
#Run Statistics for snet signature:
#   Cpu time = 00:00:00, elapsed time = 00:00:00 , scale factor =  1.33/8, scale score = 0.17.
#    Increased memory =    -0.03 (MB), total memory =  3637.86 (MB), peak memory =  4023.41 (MB)
#Run Statistics for Net Final Signature:
#   Cpu time = 00:00:00, elapsed time = 00:00:00 .
#   Increased memory =     0.00 (MB), total memory =  3637.89 (MB), peak memory =  4023.41 (MB)
#Run Statistics for Net launch:
#   Cpu time = 00:00:00, elapsed time = 00:00:00 , scale factor =  2.93/8, scale score = 0.37.
#    Increased memory =     0.02 (MB), total memory =  3637.89 (MB), peak memory =  4023.41 (MB)
#Run Statistics for Net init_dbsNet_slist:
#   Cpu time = 00:00:00, elapsed time = 00:00:00 .
#   Increased memory =     0.00 (MB), total memory =  3637.88 (MB), peak memory =  4023.41 (MB)
#Run Statistics for net signature:
#   Cpu time = 00:00:00, elapsed time = 00:00:00 , scale factor =  2.51/8, scale score = 0.31.
#    Increased memory =     0.02 (MB), total memory =  3637.89 (MB), peak memory =  4023.41 (MB)
#Run Statistics for inst signature:
#   Cpu time = 00:00:00, elapsed time = 00:00:00 , scale factor =  1.46/8, scale score = 0.18.
#    Increased memory =    -6.06 (MB), total memory =  3637.88 (MB), peak memory =  4023.41 (MB)
Starting delay calculation for Setup views
AAE_INFO: opIsDesignInPostRouteState() is 1
#################################################################################
# Design Stage: PostRoute
# Design Name: Main
# Design Mode: 45nm
# Analysis Mode: MMMC OCV 
# Parasitics Mode: SPEF/RCDB 
# Signoff Settings: SI Off 
#################################################################################
Start delay calculation (fullDC) (8 T). (MEM=3730.37)
*** Calculating scaling factor for MAX_TIMING libraries using the default operating condition of each library.
Initializing multi-corner resistance tables ...
Reading RCDB with compressed RC data.
AAE_INFO: 8 threads acquired from CTE.
Total number of fetched objects 574
End delay calculation. (MEM=3768.96 CPU=0:00:00.1 REAL=0:00:00.0)
End delay calculation (fullDC). (MEM=3768.96 CPU=0:00:00.1 REAL=0:00:00.0)
*** Done Building Timing Graph (cpu=0:00:00.4 real=0:00:00.0 totSessionCpu=0:05:41 mem=5624.4M)

------------------------------------------------------------------
       Post-ecoRoute Summary
------------------------------------------------------------------

Setup views included:
 WORST_CASE 

+--------------------+---------+---------+---------+
|     Setup mode     |   all   | reg2reg | default |
+--------------------+---------+---------+---------+
|           WNS (ns):|  0.043  |  0.060  |  0.043  |
|           TNS (ns):|  0.000  |  0.000  |  0.000  |
|    Violating Paths:|    0    |    0    |    0    |
|          All Paths:|   276   |   181   |   178   |
+--------------------+---------+---------+---------+

+----------------+-------------------------------+------------------+
|                |              Real             |       Total      |
|    DRVs        +------------------+------------+------------------|
|                |  Nr nets(terms)  | Worst Vio  |  Nr nets(terms)  |
+----------------+------------------+------------+------------------+
|   max_cap      |      0 (0)       |   0.000    |      0 (0)       |
|   max_tran     |      0 (0)       |   0.000    |      0 (0)       |
|   max_fanout   |      0 (0)       |     0      |      0 (0)       |
|   max_length   |      0 (0)       |     0      |      0 (0)       |
+----------------+------------------+------------+------------------+

Density: 94.809%
------------------------------------------------------------------
**optDesign ... cpu = 0:00:06, real = 0:00:13, mem = 3736.4M, totSessionCpu=0:05:41 **
Executing marking Critical Nets1
**INFO: flowCheckPoint #6 OptimizationRecovery
*** Timing Is met
*** Check timing (0:00:00.0)
**INFO: flowCheckPoint #7 FinalSummary
OPTC: user 20.0
Reported timing to dir ./timingReports
**optDesign ... cpu = 0:00:06, real = 0:00:14, mem = 3733.3M, totSessionCpu=0:05:41 **

------------------------------------------------------------------
     optDesign Final Non-SI Timing Summary
------------------------------------------------------------------

Setup views included:
 WORST_CASE 

+--------------------+---------+---------+---------+
|     Setup mode     |   all   | reg2reg | default |
+--------------------+---------+---------+---------+
|           WNS (ns):|  0.043  |  0.060  |  0.043  |
|           TNS (ns):|  0.000  |  0.000  |  0.000  |
|    Violating Paths:|    0    |    0    |    0    |
|          All Paths:|   276   |   181   |   178   |
+--------------------+---------+---------+---------+

+----------------+-------------------------------+------------------+
|                |              Real             |       Total      |
|    DRVs        +------------------+------------+------------------|
|                |  Nr nets(terms)  | Worst Vio  |  Nr nets(terms)  |
+----------------+------------------+------------+------------------+
|   max_cap      |      0 (0)       |   0.000    |      0 (0)       |
|   max_tran     |      0 (0)       |   0.000    |      0 (0)       |
|   max_fanout   |      0 (0)       |     0      |      0 (0)       |
|   max_length   |      0 (0)       |     0      |      0 (0)       |
+----------------+------------------+------------+------------------+

Density: 94.809%
------------------------------------------------------------------
Begin: Collecting metrics
 -------------------------------------------------------------------------------------------------- 
| Snapshot           | WNS               | TNS | Density (%) | Resource               | DRVs       |
|                    | HEPG (ns) | ALL (ns)    |             | Real (s) | Memory (MB) | Tran | Cap |
|--------------------+-----------+-------+-----+-------------+----------+-------------+------+-----|
| initial_summary    |     0.060 | 0.043 |   0 |       94.81 | 0:00:02  |        5585 |    0 |   0 |
| ccopt_pro          |           |       |     |             | 0:00:00  |        8783 |      |     |
| route_type_fixing  |           |       |     |             | 0:00:00  |        6111 |      |     |
| pre_route_summary  |     0.060 | 0.043 |   0 |       94.81 | 0:00:00  |        6144 |    0 |   0 |
| eco_route          |           |       |     |             | 0:00:01  |        6166 |      |     |
| post_route_summary |     0.060 | 0.043 |   0 |       94.81 | 0:00:01  |        5657 |    0 |   0 |
| final_summary      |     0.060 | 0.043 |   0 |       94.81 | 0:00:01  |        5659 |    0 |   0 |
 -------------------------------------------------------------------------------------------------- 
End: Collecting metrics
**optDesign ... cpu = 0:00:07, real = 0:00:15, mem = 3738.7M, totSessionCpu=0:05:41 **
*** Finished optDesign ***
      flow.cputime  flow.realtime  timing.setup.tns  timing.setup.wns  snapshot
UM:*                                                                   final
      flow.cputime  flow.realtime  timing.setup.tns  timing.setup.wns  snapshot
UM:*                                                                   opt_design_postroute
Info: final physical memory for 9 CRR processes is 867.93MB.
Info: Summary of CRR changes:
      - Timing transform commits:       0
Info: Destroy the CCOpt slew target map.

*** Summary of all messages that are not suppressed in this session:
Severity  ID               Count  Summary                                  
WARNING   IMPSP-105            2  'setPlaceMode -maxRouteLayer' will becom...
ERROR     IMPSP-365            3  Design has inst(s) with SITE '%s', but t...
WARNING   IMPOPT-306           1  Found placement violations in the postRo...
WARNING   IMPOPT-7139          1  'setExtractRCMode -coupled false' has be...
WARNING   IMPCCOPT-2441        2  The target_max_trans %s is too low for d...
WARNING   NRDR-157             6  In option '%s %s', %s is invalid and wil...
WARNING   NRIF-67              6  In option '%s %s', %s is an unknown type...
WARNING   NRIF-68              6  Option '%s %s' did not specify a correct...
WARNING   NRIF-79              6  Wrong option value for %s <%s>, reset to...
*** Message Summary: 30 warning(s), 3 error(s)

*** optDesign #2 [finish] () : cpu/real = 0:00:07.1/0:00:23.0 (0.3), totSession cpu/real = 0:05:41.5/0:58:44.2 (0.1), mem = 5658.5M
<CMD> addFiller -cell FILL8 FILL64 FILL4 FILL32 FILL2 FILL16 FILL1 DECAP10 -prefix FILLER
**WARN: (IMPSP-5217):	addFiller command is running on a postRoute database. It is recommended to be followed by ecoRoute -target command to make the DRC clean.
Type 'man IMPSP-5217' for more detail.
**Info: (IMPSP-2055): Transparent Filler Flow is OFF !

INFO: No filler could be restored
**ERROR: (IMPSP-365):	Design has inst(s) with SITE 'CoreSiteDouble', but the floorplan has no rows defined for this site. Any locations found for such insts will be illegal; create rows for this site to avoid this.
Type 'man IMPSP-365' for more detail.
*INFO: Adding fillers to top-module.
*INFO:   Added 0 filler inst  (cell FILL64 / prefix FILLER).
*INFO:   Added 0 filler inst  (cell FILL32 / prefix FILLER).
*INFO:   Added 0 filler inst  (cell FILL16 / prefix FILLER).
*INFO:   Added 1 filler inst  (cell DECAP10 / prefix FILLER).
*INFO:   Added 5 filler insts (cell FILL8 / prefix FILLER).
*INFO:   Added 8 filler insts (cell FILL4 / prefix FILLER).
*INFO:   Added 42 filler insts (cell FILL2 / prefix FILLER).
*INFO:   Added 74 filler insts (cell FILL1 / prefix FILLER).
*INFO: Total 130 filler insts added - prefix FILLER (CPU: 0:00:00.0).
For 130 new insts, <CMD> saveNetlist pnr_outputs/post_layout_main.v
Writing Netlist "pnr_outputs/post_layout_main.v" ...
<CMD> all_hold_analysis_views 
<CMD> all_setup_analysis_views 
<CMD> write_sdf  -ideal_clock_network pnr_outputs/post_layout_main.sdf
**WARN: (SDF-808):	The software is currently operating in a high performance mode which optimizes the handling of multiple timing arcs between input and output pin pairs. With the current settings, the SDF file generated will contain the same delay information for all of these arcs. To have the SDF recalculated with explicit pin pair data, you should use the option '-recompute_delay_calc'. This setting is recommended for generating SDF for functional  simulation applications.
AAE_INFO: opIsDesignInPostRouteState() is 1
#################################################################################
# Design Stage: PostRoute
# Design Name: Main
# Design Mode: 45nm
# Analysis Mode: MMMC OCV 
# Parasitics Mode: SPEF/RCDB 
# Signoff Settings: SI Off 
#################################################################################
Start delay calculation (fullDC) (8 T). (MEM=3670.78)
Total number of fetched objects 574
Total number of fetched objects 574
End delay calculation. (MEM=3735.49 CPU=0:00:00.1 REAL=0:00:00.0)
End delay calculation (fullDC). (MEM=3735.49 CPU=0:00:00.2 REAL=0:00:00.0)
<CMD> rcOut -spef pnr_outputs/main_RC_BEST.spef -rc_corner RC_BEST
**ERROR: (IMPEXT-7050):	Writing parasitics can not be done as there are in-memory changes to parasitic data in the session.

<CMD> rcOut -spef pnr_outputs/main_RC_WORST.spef -rc_corner RC_WORST
**ERROR: (IMPEXT-7050):	Writing parasitics can not be done as there are in-memory changes to parasitic data in the session.

<CMD> streamOut main.gds -mapFile /eda/cadence/pdks/gpdk045/gpdk045_v_6_0/soce/streamOut.map -libName ur_main -units 1000 -mode ALL
Parse flat map file '/eda/cadence/pdks/gpdk045/gpdk045_v_6_0/soce/streamOut.map'
Writing GDSII file ...
	****** db unit per micron = 2000 ******
	****** output gds2 file unit per micron = 1000 ******
	****** unit scaling factor = 0.5 ******
**WARN: (IMPOGDS-250):	Specified unit is smaller than the one in db. You may have rounding problems
Output for instance
Output for bump
Output for physical terminals
Output for logical terminals
Output for regular nets
Output for special nets and metal fills
Convert 0 swires and 0 svias from compressed groups
Output for via structure generation total number 24
**WARN: (IMPOGDS-1178):	The GDSII cell 'Main_VIA0' is empty.
Statistics for GDS generated (version 3)
----------------------------------------
Stream Out Layer Mapping Information:
GDS Layer Number          GDS Layer Name
----------------------------------------
    235                          DIEAREA
    42                            Metal9
    41                              Via8
    40                            Metal8
    39                              Via7
    38                            Metal7
    37                              Via6
    35                            Metal6
    9                             Metal2
    11                            Metal3
    10                              Via2
    33                            Metal5
    7                             Metal1
    8                               Via1
    31                            Metal4
    30                              Via3
    32                              Via4
    34                              Via5


Stream Out Information Processed for GDS version 3:
Units: 1000 DBU

Object                             Count
----------------------------------------
Instances                            610

Ports/Pins                           105
    metal layer Metal2               105

Nets                                5218
    metal layer Metal1               227
    metal layer Metal2              3041
    metal layer Metal3              1622
    metal layer Metal4               326
    metal layer Metal5                 2

    Via Instances                   3587

Special Nets                          72
    metal layer Metal1                72

    Via Instances                    440

Metal Fills                            0

    Via Instances                      0

Metal FillOPCs                         0

    Via Instances                      0

Metal FillDRCs                         0

    Via Instances                      0

Text                                 105
    metal layer Metal2               105


Blockages                              0


Custom Text                            0


Custom Box                             0

Trim Metal                             0

**WARN: (IMPOGDS-1176):	There are 1 empty cells. Check innovus.log# for the details.
  It is probably because your mapping file does not contain corresponding rules.
  Use default mapping file(without option -mapFile) to output all information of a cell.
Type 'man IMPOGDS-1176' for more detail.
######Streamout is finished!
Innovus terminated by external (TERM) signal.
Innovus terminated by external (TERM) signal.
