Cadence Genus(TM) Synthesis Solution.
Copyright 2024 Cadence Design Systems, Inc. All rights reserved worldwide.
Cadence and the Cadence logo are registered trademarks and Genus is a trademark
of Cadence Design Systems, Inc. in the United States and other countries.

[17:29:29.381940] Configured Lic search path (23.02-s003): 5280@hs-lic3.oth-regensburg.de:27003@hs-lic1.oth-regensburg.de:27003@hs-lic1.oth-regensburg.de:

Version: 23.11-s100_1, built Mon Apr 22 02:28:10 PDT 2024
Options: -files synth.tcl 
Date:    Sun Aug 10 17:29:29 2025
Host:    ei-vm-018.othr.de (x86_64 w/Linux 4.18.0-553.63.1.el8_10.x86_64) (32cores*32cpus*1physical cpu*AMD Ryzen Threadripper PRO 5965WX 24-Cores 512KB) (198059940KB)
PID:     2700621
OS:      Red Hat Enterprise Linux release 8.10 (Ootpa)

Checking out license: Genus_Synthesis
[17:29:29.407560] Periodic Lic check successful
[17:29:29.407568] Feature usage summary:
[17:29:29.407569] Genus_Synthesis



***********************************************************************************************************
***********************************************************************************************************



Finished executable startup (1 second elapsed).

Loading tool scripts...
Finished loading tool scripts (9 seconds elapsed).

#@ Processing -files option
@genus:root: 1> source synth.tcl
#@ Begin verbose source ./synth.tcl
@file(synth.tcl) 2: read_libs /eda/cadence/pdks/gpdk045/gsclib045_all_v4_4/gsclib045/timing/slow_vdd1v2_basicCells.lib /eda/cadence/pdks/gpdk045/gsclib045_all_v4_4/gsclib045/timing/fast_vdd1v2_basicCells.lib

  Message Summary for Library both libraries:
  *******************************************
  Missing a function attribute in the output pin definition. [LBR-518]: 2
  *******************************************
 
Warning : Libraries have inconsistent nominal operating conditions. In the Liberty library, there are attributes called nom_voltage, nom_process and nom_temperature. Genus reports the message, if the respective values of the 2 given .libs differ. [LBR-38]
        : The libraries are 'slow_vdd1v2' and 'fast_vdd1v2'.
        : This is a common source of delay calculation confusion and should be avoided.
Info    : Created nominal operating condition. [LBR-412]
        : Operating condition '_nominal_' was created for the PVT values (1.000000, 1.080000, 125.000000) in library 'slow_vdd1v2_basicCells.lib'.
        : The nominal operating condition is represented, either by the nominal PVT values specified in the library source (via nom_process,nom_voltage and nom_temperature respectively), or by the default PVT values (1.0,1.0,1.0).
Info    : Created nominal operating condition. [LBR-412]
        : Operating condition '_nominal_' was created for the PVT values (1.000000, 1.320000, 0.000000) in library 'fast_vdd1v2_basicCells.lib'.
Warning : Library cell has no output pins defined. [LBR-9]
        : Library cell 'ANTENNA' must have an output pin.
        : Add the missing output pin(s), then reload the library. Else the library cell will be marked as timing model i.e. unusable. Timing_model means that the cell does not have any defined function. If there is no output pin, Genus will mark library cell as unusable i.e. the attribute 'usable' will be marked to 'false' on the libcell. Therefore, the cell is not used for mapping and it will not be picked up from the library for synthesis. If you query the attribute 'unusable_reason' on the libcell; result will be: 'Library cell has no output pins.'Note: The message LBR-9 is only for the logical pins and not for the power_ground pins. Genus will depend upon the output function defined in the pin group (output pin) of the cell, to use it for mapping. The pg_pin will not have any function defined.
Warning : Library cell has no output pins defined. [LBR-9]
        : Library cell 'ANTENNA' must have an output pin.
Warning : Library cell has no output pins defined. [LBR-9]
        : Library cell 'DECAP10' must have an output pin.
Warning : Library cell has no output pins defined. [LBR-9]
        : Library cell 'DECAP10' must have an output pin.
Warning : Library cell has no output pins defined. [LBR-9]
        : Library cell 'DECAP2' must have an output pin.
Warning : Library cell has no output pins defined. [LBR-9]
        : Library cell 'DECAP2' must have an output pin.
Warning : Library cell has no output pins defined. [LBR-9]
        : Library cell 'DECAP3' must have an output pin.
Warning : Library cell has no output pins defined. [LBR-9]
        : Library cell 'DECAP3' must have an output pin.
Warning : Library cell has no output pins defined. [LBR-9]
        : Library cell 'DECAP4' must have an output pin.
Warning : Library cell has no output pins defined. [LBR-9]
        : Library cell 'DECAP4' must have an output pin.
Warning : Library cell has no output pins defined. [LBR-9]
        : Library cell 'DECAP5' must have an output pin.
Warning : Library cell has no output pins defined. [LBR-9]
        : Library cell 'DECAP5' must have an output pin.
Warning : Library cell has no output pins defined. [LBR-9]
        : Library cell 'DECAP6' must have an output pin.
Warning : Library cell has no output pins defined. [LBR-9]
        : Library cell 'DECAP6' must have an output pin.
Warning : Library cell has no output pins defined. [LBR-9]
        : Library cell 'DECAP7' must have an output pin.
Warning : Library cell has no output pins defined. [LBR-9]
        : Library cell 'DECAP7' must have an output pin.
Warning : Library cell has no output pins defined. [LBR-9]
        : Library cell 'DECAP8' must have an output pin.
Warning : Library cell has no output pins defined. [LBR-9]
        : Library cell 'DECAP8' must have an output pin.
Warning : Library cell has no output pins defined. [LBR-9]
        : Library cell 'DECAP9' must have an output pin.
Warning : Library cell has no output pins defined. [LBR-9]
        : Library cell 'DECAP9' must have an output pin.
Warning : Maximum message print count reached. [MESG-11]
        : Maximum print count of '20' reached for message 'LBR-9'.
Warning : Multiply-defined library cell. [LBR-22]
        : Library-cell name collision (slow_vdd1v2/ACHCONX2 and fast_vdd1v2/ACHCONX2).  Deleting (fast_vdd1v2/ACHCONX2).
        : Library cell names must be unique.  Any duplicates will be deleted.  Only the first (as determined by the order of libraries) will be retained.
Warning : Multiply-defined library cell. [LBR-22]
        : Library-cell name collision (slow_vdd1v2/ADDFHX1 and fast_vdd1v2/ADDFHX1).  Deleting (fast_vdd1v2/ADDFHX1).
Warning : Multiply-defined library cell. [LBR-22]
        : Library-cell name collision (slow_vdd1v2/ADDFHX2 and fast_vdd1v2/ADDFHX2).  Deleting (fast_vdd1v2/ADDFHX2).
Warning : Multiply-defined library cell. [LBR-22]
        : Library-cell name collision (slow_vdd1v2/ADDFHX4 and fast_vdd1v2/ADDFHX4).  Deleting (fast_vdd1v2/ADDFHX4).
Warning : Multiply-defined library cell. [LBR-22]
        : Library-cell name collision (slow_vdd1v2/ADDFHXL and fast_vdd1v2/ADDFHXL).  Deleting (fast_vdd1v2/ADDFHXL).
Warning : Multiply-defined library cell. [LBR-22]
        : Library-cell name collision (slow_vdd1v2/ADDFX1 and fast_vdd1v2/ADDFX1).  Deleting (fast_vdd1v2/ADDFX1).
Warning : Multiply-defined library cell. [LBR-22]
        : Library-cell name collision (slow_vdd1v2/ADDFX2 and fast_vdd1v2/ADDFX2).  Deleting (fast_vdd1v2/ADDFX2).
Warning : Multiply-defined library cell. [LBR-22]
        : Library-cell name collision (slow_vdd1v2/ADDFX4 and fast_vdd1v2/ADDFX4).  Deleting (fast_vdd1v2/ADDFX4).
Warning : Multiply-defined library cell. [LBR-22]
        : Library-cell name collision (slow_vdd1v2/ADDFXL and fast_vdd1v2/ADDFXL).  Deleting (fast_vdd1v2/ADDFXL).
Warning : Multiply-defined library cell. [LBR-22]
        : Library-cell name collision (slow_vdd1v2/ADDHX1 and fast_vdd1v2/ADDHX1).  Deleting (fast_vdd1v2/ADDHX1).
Warning : Multiply-defined library cell. [LBR-22]
        : Library-cell name collision (slow_vdd1v2/ADDHX2 and fast_vdd1v2/ADDHX2).  Deleting (fast_vdd1v2/ADDHX2).
Warning : Multiply-defined library cell. [LBR-22]
        : Library-cell name collision (slow_vdd1v2/ADDHX4 and fast_vdd1v2/ADDHX4).  Deleting (fast_vdd1v2/ADDHX4).
Warning : Multiply-defined library cell. [LBR-22]
        : Library-cell name collision (slow_vdd1v2/ADDHXL and fast_vdd1v2/ADDHXL).  Deleting (fast_vdd1v2/ADDHXL).
Warning : Multiply-defined library cell. [LBR-22]
        : Library-cell name collision (slow_vdd1v2/AND2X1 and fast_vdd1v2/AND2X1).  Deleting (fast_vdd1v2/AND2X1).
Warning : Multiply-defined library cell. [LBR-22]
        : Library-cell name collision (slow_vdd1v2/AND2X2 and fast_vdd1v2/AND2X2).  Deleting (fast_vdd1v2/AND2X2).
Warning : Multiply-defined library cell. [LBR-22]
        : Library-cell name collision (slow_vdd1v2/AND2X4 and fast_vdd1v2/AND2X4).  Deleting (fast_vdd1v2/AND2X4).
Warning : Multiply-defined library cell. [LBR-22]
        : Library-cell name collision (slow_vdd1v2/AND2X6 and fast_vdd1v2/AND2X6).  Deleting (fast_vdd1v2/AND2X6).
Warning : Multiply-defined library cell. [LBR-22]
        : Library-cell name collision (slow_vdd1v2/AND2X8 and fast_vdd1v2/AND2X8).  Deleting (fast_vdd1v2/AND2X8).
Warning : Multiply-defined library cell. [LBR-22]
        : Library-cell name collision (slow_vdd1v2/AND2XL and fast_vdd1v2/AND2XL).  Deleting (fast_vdd1v2/AND2XL).
Warning : Multiply-defined library cell. [LBR-22]
        : Library-cell name collision (slow_vdd1v2/AND3X1 and fast_vdd1v2/AND3X1).  Deleting (fast_vdd1v2/AND3X1).
Warning : Maximum message print count reached. [MESG-11]
        : Maximum print count of '20' reached for message 'LBR-22'.
@file(synth.tcl) 7: read_hdl -sv ../RTL/ActivationMultiplier.sv ../RTL/Adder_6.sv ../RTL/adder_nbit.sv ../RTL/AND_6_MULT.sv ../RTL/Main.sv ../RTL/Out_Gen_Func.sv
    reg clk = 0;
               |
Warning : Ignoring unsynthesizable construct. [VLOGPT-37]
        : Initial value assignment to reg in file '../RTL/ActivationMultiplier.sv' on line 36, column 16.
        : For example, the following constructs will be ignored:
    - initial block
    - final block
    - program block
    - property block
    - sequence block
    - covergroup
    - checker block
    - gate drive strength
    - system task enable
    - reg declaration with initial value
    - specify block.
    always #5 clk = ~clk;
            |
Warning : Ignoring unsynthesizable delay specifier (#<n>) mentioned in verilog file. These delay numbers are for simulation purpose only. [VLOGPT-35]
        : in file '../RTL/ActivationMultiplier.sv' on line 37, column 13.
        : All delay numbers assigned or used in behavioral code are for simulation purposes only and are not synthesizable. These values are ignored during synthesis. This warning is issued only once per module.
    initial begin
          |
Warning : Ignoring unsynthesizable construct. [VLOGPT-37]
        : Initial in file '../RTL/ActivationMultiplier.sv' on line 43, column 11.
        seed = $time;
                    |
Warning : Unsupported system task or function: assuming value 1'b1. [VLOGPT-31]
        : System function '$time' in file '../RTL/ActivationMultiplier.sv' on line 48, column 21.
        : The $signed and $unsigned system functions are always supported, and synthesizable SystemVerilog system functions are supported when SystemVerilog parsing is enabled.  No other system functions are supported.
            weight = $random(seed);
                                 |
Warning : Unsupported system task or function: assuming value 1'b1. [VLOGPT-31]
        : System function '$random' in file '../RTL/ActivationMultiplier.sv' on line 54, column 34.
            activation = $random(seed) % 2; // 0 or 1
                                     |
Warning : Unsupported system task or function: assuming value 1'b1. [VLOGPT-31]
        : System function '$random' in file '../RTL/ActivationMultiplier.sv' on line 55, column 38.
            en = $random(seed) % 2; // 0 or 1
                             |
Warning : Unsupported system task or function: assuming value 1'b1. [VLOGPT-31]
        : System function '$random' in file '../RTL/ActivationMultiplier.sv' on line 56, column 30.
        $finish;
               |
Warning : Ignoring unsynthesizable construct. [VLOGPT-37]
        : Call to system task '$finish' in file '../RTL/ActivationMultiplier.sv' on line 74, column 16.
    always #(CLK_PERIOD/2) clk = ~clk;
                         |
Warning : Ignoring unsynthesizable delay specifier (#<n>) mentioned in verilog file. These delay numbers are for simulation purpose only. [VLOGPT-35]
        : in file '../RTL/Adder_6.sv' on line 72, column 26.
    integer test_case = 0;
                         |
Warning : Ignoring unsynthesizable construct. [VLOGPT-37]
        : Initial value assignment to reg in file '../RTL/Adder_6.sv' on line 74, column 26.
    initial begin
          |
Warning : Ignoring unsynthesizable construct. [VLOGPT-37]
        : Initial in file '../RTL/Adder_6.sv' on line 76, column 11.
    initial begin
          |
Warning : Ignoring unsynthesizable construct. [VLOGPT-37]
        : Initial in file '../RTL/Adder_6.sv' on line 87, column 11.
        $stop;
             |
Warning : Ignoring unsynthesizable construct. [VLOGPT-37]
        : Call to system task '$stop' in file '../RTL/Adder_6.sv' on line 117, column 14.
        $stop;
             |
Warning : Ignoring unsynthesizable construct. [VLOGPT-37]
        : Call to system task '$stop' in file '../RTL/Adder_6.sv' on line 123, column 14.
        $stop;
             |
Warning : Ignoring unsynthesizable construct. [VLOGPT-37]
        : Call to system task '$stop' in file '../RTL/Adder_6.sv' on line 129, column 14.
        $stop;
             |
Warning : Ignoring unsynthesizable construct. [VLOGPT-37]
        : Call to system task '$stop' in file '../RTL/Adder_6.sv' on line 135, column 14.
        $stop;
             |
Warning : Ignoring unsynthesizable construct. [VLOGPT-37]
        : Call to system task '$stop' in file '../RTL/Adder_6.sv' on line 141, column 14.
        $stop;
             |
Warning : Ignoring unsynthesizable construct. [VLOGPT-37]
        : Call to system task '$stop' in file '../RTL/Adder_6.sv' on line 147, column 14.
        $stop;
             |
Warning : Ignoring unsynthesizable construct. [VLOGPT-37]
        : Call to system task '$stop' in file '../RTL/Adder_6.sv' on line 153, column 14.
        $stop;
             |
Warning : Ignoring unsynthesizable construct. [VLOGPT-37]
        : Call to system task '$stop' in file '../RTL/Adder_6.sv' on line 159, column 14.
    task apply_inputs_and_check(
                              |
Warning : Usage of non-static tasks or functions might result in simulation-synthesis mismatch. [VLOGPT-692]
        : in file '../RTL/Adder_6.sv' on line 162, column 31.
        : Use the 'automatic' keyword for declaring functions and tasks.
    initial begin
          |
Warning : Ignoring unsynthesizable construct. [VLOGPT-37]
        : Initial in file '../RTL/adder_nbit.sv' on line 48, column 11.
        #10;           
          |
Warning : Ignoring unsynthesizable delay specifier (#<n>) mentioned in verilog file. These delay numbers are for simulation purpose only. [VLOGPT-35]
        : in file '../RTL/adder_nbit.sv' on line 52, column 11.
    always #(CLK_PERIOD/2) clk = ~clk;
                         |
Warning : Ignoring unsynthesizable delay specifier (#<n>) mentioned in verilog file. These delay numbers are for simulation purpose only. [VLOGPT-35]
        : in file '../RTL/AND_6_MULT.sv' on line 139, column 26.
    integer test_case = 0;
                         |
Warning : Ignoring unsynthesizable construct. [VLOGPT-37]
        : Initial value assignment to reg in file '../RTL/AND_6_MULT.sv' on line 141, column 26.
    initial begin
          |
Warning : Ignoring unsynthesizable construct. [VLOGPT-37]
        : Initial in file '../RTL/AND_6_MULT.sv' on line 144, column 11.
        $stop;
             |
Warning : Ignoring unsynthesizable construct. [VLOGPT-37]
        : Call to system task '$stop' in file '../RTL/AND_6_MULT.sv' on line 173, column 14.
    task apply_test_case(
                       |
Warning : Usage of non-static tasks or functions might result in simulation-synthesis mismatch. [VLOGPT-692]
        : in file '../RTL/AND_6_MULT.sv' on line 176, column 24.
    always #(CLK_PERIOD/2) clk = ~clk;
                         |
Warning : Ignoring unsynthesizable delay specifier (#<n>) mentioned in verilog file. These delay numbers are for simulation purpose only. [VLOGPT-35]
        : in file '../RTL/Main.sv' on line 70, column 26.
    integer test_case = 0;
                         |
Warning : Ignoring unsynthesizable construct. [VLOGPT-37]
        : Initial value assignment to reg in file '../RTL/Main.sv' on line 72, column 26.
    initial begin
          |
Warning : Ignoring unsynthesizable construct. [VLOGPT-37]
        : Initial in file '../RTL/Main.sv' on line 75, column 11.
Warning : Maximum message print count reached. [MESG-11]
        : Maximum print count of '20' reached for message 'VLOGPT-37'.
    task apply_test_case(
                       |
Warning : Usage of non-static tasks or functions might result in simulation-synthesis mismatch. [VLOGPT-692]
        : in file '../RTL/Main.sv' on line 108, column 24.
        task display_outputs(input integer cycle);
                           |
Warning : Usage of non-static tasks or functions might result in simulation-synthesis mismatch. [VLOGPT-692]
        : in file '../RTL/Main.sv' on line 154, column 28.
@file(synth.tcl) 11: elaborate Main
  Libraries have 324 usable logic and 128 usable sequential lib-cells.
Info    : Elaborating Design. [ELAB-1]
        : Elaborating top-level block 'Main' from file '../RTL/Main.sv'.
Warning : Using default parameter value for module elaboration. [CDFG-818]
        : Elaborating block 'Main' with default parameters value.
Warning : Connected signal is wider than module port. [CDFG-464]
        : Signal width (8) does not match width of input port 'A' (5) of instance 'L1_ADD[0].inst_L1' of module 'adder_nbit_N5' in file '../RTL/Adder_6.sv' on line 30.
        : This may cause simulation mismatches between the original and synthesized designs.
Warning : Connected signal is wider than module port. [CDFG-464]
        : Signal width (8) does not match width of input port 'B' (5) of instance 'L1_ADD[0].inst_L1' of module 'adder_nbit_N5' in file '../RTL/Adder_6.sv' on line 30.
Warning : Connected signal is wider than module port. [CDFG-464]
        : Signal width (8) does not match width of input port 'A' (5) of instance 'L1_ADD[1].inst_L1' of module 'adder_nbit_N5' in file '../RTL/Adder_6.sv' on line 30.
Warning : Connected signal is wider than module port. [CDFG-464]
        : Signal width (8) does not match width of input port 'B' (5) of instance 'L1_ADD[1].inst_L1' of module 'adder_nbit_N5' in file '../RTL/Adder_6.sv' on line 30.
Warning : Connected signal is wider than module port. [CDFG-464]
        : Signal width (8) does not match width of input port 'A' (5) of instance 'L1_ADD[2].inst_L1' of module 'adder_nbit_N5' in file '../RTL/Adder_6.sv' on line 30.
Warning : Connected signal is wider than module port. [CDFG-464]
        : Signal width (8) does not match width of input port 'B' (5) of instance 'L1_ADD[2].inst_L1' of module 'adder_nbit_N5' in file '../RTL/Adder_6.sv' on line 30.
Warning : Connected signal is wider than module port. [CDFG-464]
        : Signal width (11) does not match width of output port 'Sum' (8) of instance 'inst_L6_0' of module 'adder_nbit_N7' in file '../RTL/Adder_6.sv' on line 42.
Warning : Undriven module output port. [ELABUTL-123]
        : Undriven bits of output port 'sum_combinational' in module 'AdderTree_6_WEIGHT_WIDTH8_NUM_UNITS6' in file '../RTL/Adder_6.sv' on line 7, column 75, hid = 0.
Info    : Done Elaborating Design. [ELAB-3]
        : Done elaborating 'Main'.
Checking for analog nets...
Check completed for analog nets.
Checking for source RTL...
Check completed for source RTL.
Running Unified Mux Engine Tricks...
Completed Unified Mux Engine Tricks

Stage: post_elab
-------------------------------------------------------
| Trick             | Accepts | Rejects | Runtime (s) | 
-------------------------------------------------------
| ume_constant_bmux |       0 |       0 |        0.00 | 
| ume_merge         |       0 |       0 |        0.00 | 
| ume_ssm           |       0 |       0 |        0.00 | 
| ume_cse           |       0 |       0 |        0.00 | 
| ume_shrink        |       0 |       0 |        0.00 | 
| ume_sweep         |       0 |       0 |        0.00 | 
-------------------------------------------------------
Starting optimize datapath shifters [v1.0] (stage: post_elab, startdef: Main, recur: true)
Completed optimize datapath shifters (accepts: 0, rejects: 0, runtime: 0.000s)
Starting clip mux common data inputs [v1.0] (stage: post_elab, startdef: Main, recur: true)
Completed clip mux common data inputs (accepts: 0, rejects: 0, runtime: 0.000s)
Starting clip the non-user hierarchies [v2.0] (stage: post_elab, startdef: Main, recur: true)
Completed clip the non-user hierarchies (accepts: 0, rejects: 0, runtime: 0.000s)
Starting basic netlist cleanup [v1.0] (stage: post_elab, startdef: Main, recur: true)
Completed basic netlist cleanup (accepts: 0, rejects: 0, runtime: 0.001s)

Stage: post_elab
--------------------------------------------------------------------
| Transform                      | Accepts | Rejects | Runtime (s) | 
--------------------------------------------------------------------
| hlo_optimize_datapath_shifters |       0 |       0 |        0.00 | 
| hlo_clip_mux_input             |       0 |       0 |        0.00 | 
| hlo_clip                       |       0 |       0 |        0.00 | 
| hlo_cleanup                    |       0 |       0 |        0.00 | 
--------------------------------------------------------------------
UM:   flow.cputime  flow.realtime  timing.setup.tns  timing.setup.wns  snapshot
UM:*                                                                   elaborate
@file(synth.tcl) 14: read_sdc main.sdc
Error   : Unknown TCL command in the SDC file. [SDC-234] [read_sdc]
        : Invalid command 'set_reset_high'
        : The 'read_sdc' command encountered a problem while trying to evaluate a command in the SDC file.
Error   : Could not interpret SDC command. [SDC-202] [read_sdc]
        : The TCL interpreter encountered the following error while processing line '41' of the SDC file 'main.sdc': invalid command name 'set_reset_high'.
        : The 'read_sdc' command encountered a problem while trying to evaluate an SDC command. This SDC command will be added to the Tcl variable $::dc::sdc_failed_commands.
Error   : Unknown TCL command in the SDC file. [SDC-234] [read_sdc]
        : Invalid command 'set_recovery'
Error   : Could not interpret SDC command. [SDC-202] [read_sdc]
        : The TCL interpreter encountered the following error while processing line '42' of the SDC file 'main.sdc': invalid command name 'set_recovery'.
Error   : Unknown TCL command in the SDC file. [SDC-234] [read_sdc]
        : Invalid command 'set_removal'
Error   : Could not interpret SDC command. [SDC-202] [read_sdc]
        : The TCL interpreter encountered the following error while processing line '43' of the SDC file 'main.sdc': invalid command name 'set_removal'.
Error   : Invalid SDC command option combination. [SDC-204] [set_driving_cell]
        : The set_driving_cell command cannot find a lib_cell named 'sg13g2_inv_4' in library 'library:default_emulate_libset_max/slow_vdd1v2' specified with the '-libcell' or '-cell' option.
        : This option is not valid for the indicated SDC command. Check the SDC command and contact Cadence customer support if you believe this option combination should be supported.
Error   : Could not interpret SDC command. [SDC-202] [read_sdc]
        : The 'read_sdc' command encountered an error while processing this command on line '48' of the SDC file 'main.sdc': set_driving_cell -lib_cell sg13g2_inv_4 [get_ports weight[*]].
Error   : Could not interpret SDC command. [SDC-202] [read_sdc]
        : The 'read_sdc' command encountered an error while processing this command on line '49' of the SDC file 'main.sdc': set_driving_cell -lib_cell sg13g2_inv_4 [get_ports activation[*]].
Error   : Could not interpret SDC command. [SDC-202] [read_sdc]
        : The 'read_sdc' command encountered an error while processing this command on line '50' of the SDC file 'main.sdc': set_driving_cell -lib_cell sg13g2_inv_4 [get_ports start].
Statistics for commands executed by read_sdc:
 "all_outputs"              - successful      1 , failed      0 (runtime  0.00)
 "all_registers"            - successful      3 , failed      0 (runtime  0.00)
 "create_clock"             - successful      1 , failed      0 (runtime  0.01)
 "get_clocks"               - successful      3 , failed      0 (runtime  0.00)
 "get_ports"                - successful     14 , failed      0 (runtime  0.00)
 "set_clock_transition"     - successful      1 , failed      0 (runtime  0.00)
 "set_clock_uncertainty"    - successful      2 , failed      0 (runtime  0.00)
 "set_driving_cell"         - successful      0 , failed      3 (runtime  0.00)
 "set_false_path"           - successful      1 , failed      0 (runtime  0.00)
 "set_input_delay"          - successful      3 , failed      0 (runtime  0.01)
 "set_load"                 - successful      1 , failed      0 (runtime  0.01)
 "set_output_delay"         - successful      3 , failed      0 (runtime  0.00)
Warning : Total failed commands during read_sdc are 3
Warning : One or more commands failed when these constraints were applied. [SDC-209]
        : The 'read_sdc' command encountered a problem while processing commands.
        : You can examine the failed commands or save them to a file by querying the Tcl variable $::dc::sdc_failed_commands.
read_sdc completed in 00:00:00 (hh:mm:ss)
@file(synth.tcl) 17: set_db syn_generic_effort high
  Setting attribute of root '/': 'syn_generic_effort' = high
@file(synth.tcl) 18: set_db syn_map_effort high
  Setting attribute of root '/': 'syn_map_effort' = high
@file(synth.tcl) 19: set_db syn_opt_effort high
  Setting attribute of root '/': 'syn_opt_effort' = high
@file(synth.tcl) 22: syn_generic
stamp 'PBS_Generic-Start' being created for table 'pbs_debug'

  Total Time (Wall) |  Stage Time (Wall)  |   % (Wall)   |    Date - Time     |  Memory   | Stage
--------------------+---------------------+--------------+--------------------+-----------+----------------------
 00:00:10(00:00:09) |  00:00:00(00:00:00) |   0.0(  0.0) |   17:29:40 (Aug10) |  606.9 MB | PBS_Generic-Start
--------------------+---------------------+--------------+--------------------+-----------+----------------------
Number of threads: 8 * 1   (id: pbs_debug, time_info v1.57)
Info: (*N*) indicates data that was populated from previously saved time_info database
Info: CPU time includes time of parent + longest thread
Info    : Undriven module output port. [ELABUTL-128]
        : Assuming a logic '0' value for undriven bits of output port 'sum_combinational' in module 'AdderTree_6_WEIGHT_WIDTH8_NUM_UNITS6'.
        : The 'hdl_unconnected_value' attribute controls treatment of undriven output port.
Info    : Deleting instances not driving any primary outputs. [GLO-34]
        : Deleting 18 sequential instances.
        : Optimizations such as constant propagation or redundancy removal could change the connections so a hierarchical instance does not drive any primary outputs anymore. To see the list of deleted hierarchical instances, set the 'information_level' attribute to 2 or above. If the message is truncated set the message attribute 'truncate' to false to see the complete list. To prevent this optimization, set the 'delete_unloaded_insts' root/subdesign attribute to 'false' or 'preserve' instance attribute to 'true'.

Stage: pre_early_cg
-----------------------------------------------
| Transform | Accepts | Rejects | Runtime (s) | 
-----------------------------------------------
-----------------------------------------------
Mapping ChipWare ICG instances in Main
Found 0 unmapped ChipWare ICG instances
Mapped 0 of 0 ChipWare ICG instances
##Generic Timing Info: typical gate delay   71.4 ps   std_slew:   10.0 ps   std_load:  0.7 fF  for library domain _default_
Starting mux data reorder optimization [v1.0] (stage: pre_to_gen_setup, startdef: Main, recur: true)
Completed mux data reorder optimization (accepts: 0, rejects: 0, runtime: 0.000s)

Stage: pre_to_gen_setup
-----------------------------------------------------
| Transform       | Accepts | Rejects | Runtime (s) | 
-----------------------------------------------------
| hlo_mux_reorder |       0 |       0 |        0.00 | 
-----------------------------------------------------
Running DP early constant propagation (netlist Main)...
Running DP early redundancy removal
Completed DP early redundancy removal on Main (runtime = 0.0s)
Multi-threaded constant propagation [4|0] ...
...done running DP early constant propagation (0 seconds CPU time, netlist Main).
Info    : Deleting instances not driving any primary outputs. [GLO-34]
        : Deleting 1 hierarchical instance.
Info    : Synthesizing. [SYNTH-1]
        : Synthesizing 'Main' to generic gates using 'high' effort.
Running Synthesis Turbo Flow Version 3.
Info    : Partition Based Synthesis execution skipped. [PHYS-752]
        : Design size is less than the partition size '100000' for distributed generic optimization to kick in.
Starting mux data reorder optimization [v1.0] (stage: pre_to_gen_setup, startdef: Main, recur: true)
Completed mux data reorder optimization (accepts: 0, rejects: 0, runtime: 0.001s)

Stage: pre_to_gen_setup
-----------------------------------------------------
| Transform       | Accepts | Rejects | Runtime (s) | 
-----------------------------------------------------
| hlo_mux_reorder |       0 |       0 |        0.00 | 
-----------------------------------------------------
Starting mux data reorder optimization [v1.0] (stage: post_to_gen_setup, startdef: Main, recur: true)
Completed mux data reorder optimization (accepts: 0, rejects: 0, runtime: 0.000s)

Stage: post_to_gen_setup
-----------------------------------------------------
| Transform       | Accepts | Rejects | Runtime (s) | 
-----------------------------------------------------
| hlo_mux_reorder |       0 |       0 |        0.00 | 
-----------------------------------------------------
Running Unified Mux Engine Tricks...
Completed Unified Mux Engine Tricks

Stage: pre_hlo_rtlopt
-----------------------------------------------
| Trick     | Accepts | Rejects | Runtime (s) | 
-----------------------------------------------
| ume_ssm   |       0 |       0 |        0.00 | 
| ume_sweep |       0 |       0 |        0.00 | 
| ume_share |       0 |       0 |        0.00 | 
-----------------------------------------------
Begin SDR optimization CTX_region 
  Setting attribute of root '/': 'hier_sandbox_support_folded' = 1
#Special hiers formed inside ActivationMultiplier_6_IN_WIDTH8_NUM_UNITS6_ACTIVATION_WIDTH8 = 0
#Special hiers formed inside ActivationMultiplier_IN_WIDTH8 = 0
#Special hiers formed inside AdderTree_6_WEIGHT_WIDTH8_NUM_UNITS6 = 0
#Special hiers formed inside Main = 0
#Special hiers formed inside Out_Gen_Func = 0
#Special hiers formed inside adder_nbit_N5 = 0
#Special hiers formed inside adder_nbit_N6 = 0
#Special hiers formed inside adder_nbit_N6_1 = 0
#Special hiers formed inside adder_nbit_N7 = 0
#Special hiers formed inside full_adder = 0
#Special hiers formed inside full_adder_1 = 0
#Special hiers formed inside full_adder_29 = 0
#Special hiers formed inside full_adder_33 = 0
No special hier is found 
  Setting attribute of root '/': 'hier_sandbox_support_folded' = 0
End SDR optimization CTX_region 
Begin SDR optimization UME_region 
  Setting attribute of root '/': 'hier_sandbox_support_folded' = 1
#Special hiers formed inside ActivationMultiplier_6_IN_WIDTH8_NUM_UNITS6_ACTIVATION_WIDTH8 = 0
#Special hiers formed inside ActivationMultiplier_IN_WIDTH8 = 0
#Special hiers formed inside AdderTree_6_WEIGHT_WIDTH8_NUM_UNITS6 = 0
#Special hiers formed inside Main = 0
#Special hiers formed inside Out_Gen_Func = 0
#Special hiers formed inside adder_nbit_N5 = 0
#Special hiers formed inside adder_nbit_N6 = 0
#Special hiers formed inside adder_nbit_N6_1 = 0
#Special hiers formed inside adder_nbit_N7 = 0
#Special hiers formed inside full_adder = 0
#Special hiers formed inside full_adder_1 = 0
#Special hiers formed inside full_adder_29 = 0
#Special hiers formed inside full_adder_33 = 0
No special hier is found 
  Setting attribute of root '/': 'hier_sandbox_support_folded' = 0
End SDR optimization UME_region 
Starting timing based select reordering [v1.0] (stage: pre_rtlopt, startdef: Main, recur: true)
Completed timing based select reordering (accepts: 0, rejects: 0, runtime: 0.023s)
Starting recase case-box optimization [v1.0] (stage: pre_rtlopt, startdef: Main, recur: true)
Completed recase case-box optimization (accepts: 0, rejects: 0, runtime: 0.003s)
Starting infer macro optimization [v1.0] (stage: pre_rtlopt, startdef: Main, recur: true)
Completed infer macro optimization (accepts: 0, rejects: 0, runtime: 0.001s)
Starting decode mux sandwich optimization [v2.0] (stage: pre_rtlopt, startdef: Main, recur: true)
Completed decode mux sandwich optimization (accepts: 0, rejects: 0, runtime: 0.000s)
Starting decode mux optimization [v1.0] (stage: pre_rtlopt, startdef: Main, recur: true)
Completed decode mux optimization (accepts: 0, rejects: 0, runtime: 0.000s)
Starting chop wide muxes [v1.0] (stage: pre_rtlopt, startdef: Main, recur: true)
Completed chop wide muxes (accepts: 0, rejects: 0, runtime: 0.000s)
Starting common data mux cascade opt [v1.0] (stage: pre_rtlopt, startdef: Main, recur: true)
Completed common data mux cascade opt (accepts: 0, rejects: 0, runtime: 0.000s)
Starting mux input consolidation [v1.0] (stage: pre_rtlopt, startdef: Main, recur: true)
Completed mux input consolidation (accepts: 0, rejects: 0, runtime: 0.000s)
Starting constant-data mux optimization [v1.0] (stage: pre_rtlopt, startdef: Main, recur: true)
Completed constant-data mux optimization (accepts: 0, rejects: 0, runtime: 0.000s)
Starting chain-to-tree inequality transform [v2.0] (stage: pre_rtlopt, startdef: Main, recur: true)
Completed chain-to-tree inequality transform (accepts: 0, rejects: 0, runtime: 0.001s)
Starting reconvergence optimization [v1.0] (stage: pre_rtlopt, startdef: Main, recur: true)
Completed reconvergence optimization (accepts: 0, rejects: 0, runtime: 0.001s)
Starting logic restructure optimization [v1.0] (stage: pre_rtlopt, startdef: Main, recur: true)
Completed logic restructure optimization (accepts: 0, rejects: 0, runtime: 0.000s)
Starting identity transform [v3.0] (stage: pre_rtlopt, startdef: Main, recur: true)
Completed identity transform (accepts: 0, rejects: 0, runtime: 0.000s)
Starting reduce operator chain [v1.0] (stage: pre_rtlopt, startdef: Main, recur: true)
Completed reduce operator chain (accepts: 0, rejects: 0, runtime: 0.000s)
Starting common data mux cascade opt [v1.0] (stage: pre_rtlopt, startdef: Main, recur: true)
Completed common data mux cascade opt (accepts: 0, rejects: 0, runtime: 0.000s)
Starting mux input consolidation [v1.0] (stage: pre_rtlopt, startdef: Main, recur: true)
Completed mux input consolidation (accepts: 0, rejects: 0, runtime: 0.000s)
Starting optimize datapath elements [v1.0] (stage: pre_rtlopt, startdef: Main, recur: true)
Completed optimize datapath elements (accepts: 0, rejects: 0, runtime: 0.000s)
Starting datapath recasting [v1.0] (stage: pre_rtlopt, startdef: Main, recur: true)
Completed datapath recasting (accepts: 0, rejects: 0, runtime: 0.000s)
Starting word-level redundancy removal [v1.0] (stage: pre_rtlopt, startdef: Main, recur: true)
Completed word-level redundancy removal (accepts: 0, rejects: 0, runtime: 0.009s)
Starting clip mux common data inputs [v1.0] (stage: pre_rtlopt, startdef: Main, recur: true)
Completed clip mux common data inputs (accepts: 0, rejects: 0, runtime: 0.000s)
Starting clip the non-user hierarchies [v2.0] (stage: pre_rtlopt, startdef: Main, recur: true)
Completed clip the non-user hierarchies (accepts: 0, rejects: 0, runtime: 0.000s)
Starting basic netlist cleanup [v1.0] (stage: pre_rtlopt, startdef: Main, recur: true)
Completed basic netlist cleanup (accepts: 0, rejects: 0, runtime: 0.000s)

Stage: pre_rtlopt
-----------------------------------------------------------------
| Transform                   | Accepts | Rejects | Runtime (s) | 
-----------------------------------------------------------------
| hlo_timing_reorder          |       0 |       0 |        0.02 | 
| hlo_recase_casebox          |       0 |       0 |        0.00 | 
| hlo_infer_macro             |       0 |       0 |        0.00 | 
| hlo_decode_mux_sandwich     |       0 |       0 |        0.00 | 
| hlo_mux_decode              |       0 |       0 |        0.00 | 
| hlo_chop_mux                |       0 |       0 |        0.00 | 
| hlo_mux_cascade_opt         |       0 |       0 |        0.00 | 
| hlo_mux_consolidation       |       0 |       0 |        0.00 | 
| hlo_constant_mux_opt        |       0 |       0 |        0.00 | 
| hlo_inequality_transform    |       0 |       0 |        0.00 | 
| hlo_reconv_opt              |       0 |       0 |        0.00 | 
| hlo_restructure             |       0 |       0 |        0.00 | 
| hlo_identity_transform      |       0 |       0 |        0.00 | 
| hlo_reduce_operator_chain   |       0 |       0 |        0.00 | 
| hlo_mux_cascade_opt         |       0 |       0 |        0.00 | 
| hlo_mux_consolidation       |       0 |       0 |        0.00 | 
| hlo_optimize_datapath       |       0 |       0 |        0.00 | 
| hlo_datapath_recast         |       0 |       0 |        0.00 | 
| hlo_redundancy_removal_word |       0 |       0 |        0.01 | 
| hlo_clip_mux_input          |       0 |       0 |        0.00 | 
| hlo_clip                    |       0 |       0 |        0.00 | 
| hlo_cleanup                 |       0 |       0 |        0.00 | 
-----------------------------------------------------------------
Running Unified Mux Engine Tricks...
Completed Unified Mux Engine Tricks

Stage: post_hlo_rtlopt
----------------------------------------------------------
| Trick                | Accepts | Rejects | Runtime (s) | 
----------------------------------------------------------
| ume_sweep_aggressive |       0 |       0 |        0.00 | 
| ume_runtime          |       0 |       0 |        0.00 | 
----------------------------------------------------------
Number of big hc bmuxes before = 0
Info    : Pre-processed datapath logic. [DPOPT-6]
        : Pre-processing optimizations applied to datapath logic in 'Main':
          live_trim(2) 
Info    : Optimizing datapath logic. [DPOPT-1]
        : Optimizing datapath logic in 'Main'.
Info    : Implementing datapath configurations. [DPOPT-3]
        : Implementing datapath configurations for 'CDN_DP_region_0_2'
CSAGen Prep Share:0 Re-Write:0 Speculation: 0
CDN_DP_region_0_2 level = 0 loads = 0 drivers = 0
CDN_DP_region_0_2_c0 in ActivationMultiplier_6_IN_WIDTH8_NUM_UNITS6_ACTIVATION_WIDTH8: area: 815471150 ,dp = 2 mux = 18  ctl_case = 0  decode = 6  other = 49  sg = slow         worst_clk_period: -1.0000 
    wns: 0  norm_wns:  -1.0000 
    fail_endp: -1 
    tns:  0  tns_per_endp:  -1.0000   norm_tns_per_endp:  -1.0000 
    tns_sense_max:  -1.0000  tns_sense_avg:  -1.0000   tns_sense_num: -1
 skipped
CDN_DP_region_0_2_c1 in ActivationMultiplier_6_IN_WIDTH8_NUM_UNITS6_ACTIVATION_WIDTH8: area: 528521400 ,dp = 2 mux = 18  ctl_case = 0  decode = 1  other = 9  sg = fast         worst_clk_period: -1.0000 
    wns: 0  norm_wns:  -1.0000 
    fail_endp: -1 
    tns:  0  tns_per_endp:  -1.0000   norm_tns_per_endp:  -1.0000 
    tns_sense_max:  -1.0000  tns_sense_avg:  -1.0000   tns_sense_num: -1
 is current best
CDN_DP_region_0_2_c2 in ActivationMultiplier_6_IN_WIDTH8_NUM_UNITS6_ACTIVATION_WIDTH8: area: 528521400 ,dp = 2 mux = 18  ctl_case = 0  decode = 1  other = 9  sg = very_slow    worst_clk_period: -1.0000 
    wns: 0  norm_wns:  -1.0000 
    fail_endp: -1 
    tns:  0  tns_per_endp:  -1.0000   norm_tns_per_endp:  -1.0000 
    tns_sense_max:  -1.0000  tns_sense_avg:  -1.0000   tns_sense_num: -1
 is current best
CDN_DP_region_0_2_c3 in ActivationMultiplier_6_IN_WIDTH8_NUM_UNITS6_ACTIVATION_WIDTH8: area: 528521400 ,dp = 2 mux = 18  ctl_case = 0  decode = 1  other = 9  sg = very_fast    worst_clk_period: -1.0000 
    wns: 0  norm_wns:  -1.0000 
    fail_endp: -1 
    tns:  0  tns_per_endp:  -1.0000   norm_tns_per_endp:  -1.0000 
    tns_sense_max:  -1.0000  tns_sense_avg:  -1.0000   tns_sense_num: -1
 is current best
CDN_DP_region_0_2_c4 in ActivationMultiplier_6_IN_WIDTH8_NUM_UNITS6_ACTIVATION_WIDTH8: area: 528521400 ,dp = 2 mux = 18  ctl_case = 0  decode = 1  other = 9  sg = very_fast    worst_clk_period: -1.0000 
    wns: 0  norm_wns:  -1.0000 
    fail_endp: -1 
    tns:  0  tns_per_endp:  -1.0000   norm_tns_per_endp:  -1.0000 
    tns_sense_max:  -1.0000  tns_sense_avg:  -1.0000   tns_sense_num: -1
 is current best
CDN_DP_region_0_2_c5 in ActivationMultiplier_6_IN_WIDTH8_NUM_UNITS6_ACTIVATION_WIDTH8: area: 528521400 ,dp = 2 mux = 18  ctl_case = 0  decode = 1  other = 9  sg = very_fast    worst_clk_period: -1.0000 
    wns: 0  norm_wns:  -1.0000 
    fail_endp: -1 
    tns:  0  tns_per_endp:  -1.0000   norm_tns_per_endp:  -1.0000 
    tns_sense_max:  -1.0000  tns_sense_avg:  -1.0000   tns_sense_num: -1
 is current best
CDN_DP_region_0_2_c6 in ActivationMultiplier_6_IN_WIDTH8_NUM_UNITS6_ACTIVATION_WIDTH8: area: 528521400 ,dp = 2 mux = 18  ctl_case = 0  decode = 1  other = 9  sg = very_fast    worst_clk_period: -1.0000 
    wns: 0  norm_wns:  -1.0000 
    fail_endp: -1 
    tns:  0  tns_per_endp:  -1.0000   norm_tns_per_endp:  -1.0000 
    tns_sense_max:  -1.0000  tns_sense_avg:  -1.0000   tns_sense_num: -1
 is current best
CDN_DP_region_0_2_c7 in ActivationMultiplier_6_IN_WIDTH8_NUM_UNITS6_ACTIVATION_WIDTH8: area: 528521400 ,dp = 2 mux = 18  ctl_case = 0  decode = 1  other = 9  sg = very_fast    worst_clk_period: -1.0000 
    wns: 0  norm_wns:  -1.0000 
    fail_endp: -1 
    tns:  0  tns_per_endp:  -1.0000   norm_tns_per_endp:  -1.0000 
    tns_sense_max:  -1.0000  tns_sense_avg:  -1.0000   tns_sense_num: -1
 is current best
Best config: CDN_DP_region_0_2_c7 in ActivationMultiplier_6_IN_WIDTH8_NUM_UNITS6_ACTIVATION_WIDTH8: area: 528521400 ,dp = 2 mux = 18  ctl_case = 0  decode = 1  other = 9  sg = very_fast    worst_clk_period: -1.0000 
    wns: 0  norm_wns:  -1.0000 
    fail_endp: -1 
    tns:  0  tns_per_endp:  -1.0000   norm_tns_per_endp:  -1.0000 
    tns_sense_max:  -1.0000  tns_sense_avg:  -1.0000   tns_sense_num: -1
  Smallest config area : 528521400.  Fastest config wns;  0
##>+----------------------------------------------------------------------------------------------------------------------------------------------------------------+
##>Summary table of configs (Best config is CDN_DP_region_0_2_c7)
##>+----------------------------------------------------------------------------------------------------------------------------------------------------------------+
##>                     0                  1                  2                  3                  4                  5                  6                  7            
##>+----------------------------------------------------------------------------------------------------------------------------------------------------------------+
##>           Area        815471150          528521400          528521400          528521400          528521400          528521400          528521400          528521400  
##>            WNS         +1254.90           +1246.00           +1246.00           +1246.00           +1246.00           +1246.00           +1246.00           +1249.70  
##>            TNS                0                  0                  0                  0                  0                  0                  0                  0  
##>    Num Rewrite                0                  0                  0                  0                  0                  0                  0                  0  
##>     Num Factor                0                  0                  0                  0                  0                  0                  0                  0  
##>      Num Share                0                  0                  0                  0                  0                  0                  0                  0  
##>   Num CmultCse                0                  0                  0                  0                  0                  0                  0                  0  
##>   Num Downsize                0                  0                  0                  0                  0                  0                  0                  0  
##>  Num Speculate                0                  0                  0                  0                  0                  0                  0                  0  
##>     Runtime(s)                0                  0                  0                  0                  0                  0                  0                  0  
+----------------------------------------------------------------------------------------------------------------------------------------------------------------+
##>
##>
##>+-----------------------------------------------------------------------------------------------------------------------------------------------------------------------------------------------------+
##>Optimization Step DEBUG Table for config CDN_DP_region_0_2_c7
##>
##>                          Step                        Area   (  % Chg)         WNS (Change)          TNS (Change)                Power   (  % Chg)        Runtime (s)        Comment                   
##>+-----------------------------------------------------------------------------------------------------------------------------------------------------------------------------------------------------+
##>EquationExtraction              START              815471150 (       )     1254.90 (        )          0 (        )                    0 (       )              
##> rewrite                        START              820809750 (  +0.65)     1219.10 (  -35.80)          0 (       0)                    0 (  +0.00)              (a,ar) Expr0_from --> Expr0_to
##>                                  END              944932200 ( +15.12)     1066.70 ( -152.40)          0 (       0)                    0 (  +0.00)           0  
##>                                  END              939593600 ( +15.22)     1058.50 ( -196.40)          0 (       0)                    0 (  +0.00)           0  
##>createMaxCarrySave              START              872861100 (  -7.10)     1062.20 (   +3.70)          0 (       0)                    0 (  +0.00)              
##> datapath_rewrite_one_def       START              872861100 (  +0.00)     1062.20 (   +0.00)          0 (       0)                    0 (  +0.00)              
##>                                  END              872861100 (  +0.00)     1062.20 (   +0.00)          0 (       0)                    0 (  +0.00)           0  
##> csa_opto                       START              872861100 (  +0.00)     1062.20 (   +0.00)          0 (       0)                    0 (  +0.00)              
##>                                  END              872861100 (  +0.00)     1062.20 (   +0.00)          0 (       0)                    0 (  +0.00)           0  
##>                                  END              872861100 (  +0.00)     1062.20 (   +0.00)          0 (       0)                    0 (  +0.00)           0  
##>canonicalize_by_names           START              872861100 (  +0.00)     1062.20 (   +0.00)          0 (       0)                    0 (  +0.00)              
##>                                  END              872861100 (  +0.00)     1062.20 (   +0.00)          0 (       0)                    0 (  +0.00)           0  
##>datapath_rewrite_post_csa_one_  START              872861100 (  +0.00)     1062.20 (   +0.00)          0 (       0)                    0 (  +0.00)              
##>                                  END              872861100 (  +0.00)     1062.20 (   +0.00)          0 (       0)                    0 (  +0.00)           0  
##>datapath_csa_factoring_one_gde  START              872861100 (  +0.00)     1062.20 (   +0.00)          0 (       0)                    0 (  +0.00)              
##>                                  END              872861100 (  +0.00)     1062.20 (   +0.00)          0 (       0)                    0 (  +0.00)           0  
##>dpopt_share_one_def             START              872861100 (  +0.00)     1062.20 (   +0.00)          0 (       0)                    0 (  +0.00)              
##>                                  END              872861100 (  +0.00)     1062.20 (   +0.00)          0 (       0)                    0 (  +0.00)           0  
##>datapath_rewrite_post_share     START              872861100 (  +0.00)     1062.20 (   +0.00)          0 (       0)                    0 (  +0.00)              
##>                                  END              872861100 (  +0.00)     1062.20 (   +0.00)          0 (       0)                    0 (  +0.00)           0  
##>dp_combine_const_mult_with_com  START              872861100 (  +0.00)     1062.20 (   +0.00)          0 (       0)                    0 (  +0.00)              
##>                                  END              872861100 (  +0.00)     1062.20 (   +0.00)          0 (       0)                    0 (  +0.00)           0  
##>dp_operator_level_decompositio  START              872861100 (  +0.00)     1062.20 (   +0.00)          0 (       0)                    0 (  +0.00)              
##>                                  END              872861100 (  +0.00)     1062.20 (   +0.00)          0 (       0)                    0 (  +0.00)           0  
##>selective_flatten_dp_config     START              872861100 (  +0.00)     1062.20 (   +0.00)          0 (       0)                    0 (  +0.00)              
##>                                  END              872861100 (  +0.00)     1062.20 (   +0.00)          0 (       0)                    0 (  +0.00)           0  
##>createMaxCarrySave              START              872861100 (  +0.00)     1062.20 (   +0.00)          0 (       0)                    0 (  +0.00)              
##> datapath_rewrite_one_def       START              872861100 (  +0.00)     1062.20 (   +0.00)          0 (       0)                    0 (  +0.00)              
##>  fast_cse_elim                 START              872861100 (  +0.00)     1062.20 (   +0.00)          0 (       0)                    0 (  +0.00)              
##>                                  END              585911350 ( -32.87)     1053.30 (   -8.90)          0 (       0)                    0 (  +0.00)           0  
##>  fast_cse_elim                 START              585911350 (  +0.00)     1053.30 (   +0.00)          0 (       0)                    0 (  +0.00)              
##>                                  END              585911350 (  +0.00)     1053.30 (   +0.00)          0 (       0)                    0 (  +0.00)           0  
##>                                  END              585911350 ( -32.87)     1053.30 (   -8.90)          0 (       0)                    0 (  +0.00)           0  
##> csa_opto                       START              585911350 (  +0.00)     1053.30 (   +0.00)          0 (       0)                    0 (  +0.00)              
##>                                  END              585911350 (  +0.00)     1053.30 (   +0.00)          0 (       0)                    0 (  +0.00)           0  
##>                                  END              585911350 ( -32.87)     1053.30 (   -8.90)          0 (       0)                    0 (  +0.00)           0  
##>context_based_simplify          START              528521400 (  -9.79)     1249.70 ( +196.40)          0 (       0)                    0 (  +0.00)              
##>                                  END              528521400 (  +0.00)     1249.70 (   +0.00)          0 (       0)                    0 (  +0.00)           0  
##>group_csa_final_adder_dp        START              528521400 (  +0.00)     1249.70 (   +0.00)          0 (       0)                    0 (  +0.00)              
##>                                  END              528521400 (  +0.00)     1249.70 (   +0.00)          0 (       0)                    0 (  +0.00)           0  
##>dpopt_flatten_critical_muxes_i  START              528521400 (  +0.00)     1249.70 (   +0.00)          0 (       0)                    0 (  +0.00)              
##>                                  END              528521400 (  +0.00)     1249.70 (   +0.00)          0 (       0)                    0 (  +0.00)           0  
##>create_score                    START              528521400 (  +0.00)     1249.70 (   +0.00)          0 (       0)                    0 (  +0.00)              
##>                                  END              528521400 (  +0.00)     1249.70 (   +0.00)          0 (       0)                    0 (  +0.00)           0  
##>+-----------------------------------------------------------------------------------------------------------------------------------------------------------------------------------------------------+
Committed config: CDN_DP_region_0_2_c7
Info    : Done implementing datapath configurations. [DPOPT-4]
        : Selected 'very_fast' configuration 7 for module 'CDN_DP_region_0_2_c7'.
          Optimizations applied to 'very_fast' configuration:
            rewriting(0), factoring(0), sharing(0), cmultcse(0), downsizing(0), speculation(0)
Info    : Implementing datapath configurations. [DPOPT-3]
        : Implementing datapath configurations for 'CDN_DP_region_0_1'
CSAGen Prep Share:0 Re-Write:0 Speculation: 0
CDN_DP_region_0_1 level = 0 loads = 0 drivers = 0
CDN_DP_region_0_1_c0 in ActivationMultiplier_6_IN_WIDTH8_NUM_UNITS6_ACTIVATION_WIDTH8: area: 260256750 ,dp = 0 mux = 6  ctl_case = 0  decode = 0  other = 2  sg = slow         worst_clk_period: -1.0000 
    wns: 0  norm_wns:  -1.0000 
    fail_endp: -1 
    tns:  0  tns_per_endp:  -1.0000   norm_tns_per_endp:  -1.0000 
    tns_sense_max:  -1.0000  tns_sense_avg:  -1.0000   tns_sense_num: -1
 skipped
CDN_DP_region_0_1_c1 in ActivationMultiplier_6_IN_WIDTH8_NUM_UNITS6_ACTIVATION_WIDTH8: area: 260256750 ,dp = 0 mux = 6  ctl_case = 0  decode = 0  other = 2  sg = fast         worst_clk_period: -1.0000 
    wns: 0  norm_wns:  -1.0000 
    fail_endp: -1 
    tns:  0  tns_per_endp:  -1.0000   norm_tns_per_endp:  -1.0000 
    tns_sense_max:  -1.0000  tns_sense_avg:  -1.0000   tns_sense_num: -1
 is current best
CDN_DP_region_0_1_c2 in ActivationMultiplier_6_IN_WIDTH8_NUM_UNITS6_ACTIVATION_WIDTH8: area: 260256750 ,dp = 0 mux = 6  ctl_case = 0  decode = 0  other = 2  sg = very_slow    worst_clk_period: -1.0000 
    wns: 0  norm_wns:  -1.0000 
    fail_endp: -1 
    tns:  0  tns_per_endp:  -1.0000   norm_tns_per_endp:  -1.0000 
    tns_sense_max:  -1.0000  tns_sense_avg:  -1.0000   tns_sense_num: -1
 is current best
CDN_DP_region_0_1_c3 in ActivationMultiplier_6_IN_WIDTH8_NUM_UNITS6_ACTIVATION_WIDTH8: area: 260256750 ,dp = 0 mux = 6  ctl_case = 0  decode = 0  other = 2  sg = very_fast    worst_clk_period: -1.0000 
    wns: 0  norm_wns:  -1.0000 
    fail_endp: -1 
    tns:  0  tns_per_endp:  -1.0000   norm_tns_per_endp:  -1.0000 
    tns_sense_max:  -1.0000  tns_sense_avg:  -1.0000   tns_sense_num: -1
 is current best
CDN_DP_region_0_1_c4 in ActivationMultiplier_6_IN_WIDTH8_NUM_UNITS6_ACTIVATION_WIDTH8: area: 260256750 ,dp = 0 mux = 6  ctl_case = 0  decode = 0  other = 2  sg = very_fast    worst_clk_period: -1.0000 
    wns: 0  norm_wns:  -1.0000 
    fail_endp: -1 
    tns:  0  tns_per_endp:  -1.0000   norm_tns_per_endp:  -1.0000 
    tns_sense_max:  -1.0000  tns_sense_avg:  -1.0000   tns_sense_num: -1
 is current best
CDN_DP_region_0_1_c5 in ActivationMultiplier_6_IN_WIDTH8_NUM_UNITS6_ACTIVATION_WIDTH8: area: 260256750 ,dp = 0 mux = 6  ctl_case = 0  decode = 0  other = 2  sg = very_fast    worst_clk_period: -1.0000 
    wns: 0  norm_wns:  -1.0000 
    fail_endp: -1 
    tns:  0  tns_per_endp:  -1.0000   norm_tns_per_endp:  -1.0000 
    tns_sense_max:  -1.0000  tns_sense_avg:  -1.0000   tns_sense_num: -1
 is current best
CDN_DP_region_0_1_c6 in ActivationMultiplier_6_IN_WIDTH8_NUM_UNITS6_ACTIVATION_WIDTH8: area: 260256750 ,dp = 0 mux = 6  ctl_case = 0  decode = 0  other = 2  sg = very_fast    worst_clk_period: -1.0000 
    wns: 0  norm_wns:  -1.0000 
    fail_endp: -1 
    tns:  0  tns_per_endp:  -1.0000   norm_tns_per_endp:  -1.0000 
    tns_sense_max:  -1.0000  tns_sense_avg:  -1.0000   tns_sense_num: -1
 is current best
CDN_DP_region_0_1_c7 in ActivationMultiplier_6_IN_WIDTH8_NUM_UNITS6_ACTIVATION_WIDTH8: area: 260256750 ,dp = 0 mux = 6  ctl_case = 0  decode = 0  other = 2  sg = very_fast    worst_clk_period: -1.0000 
    wns: 0  norm_wns:  -1.0000 
    fail_endp: -1 
    tns:  0  tns_per_endp:  -1.0000   norm_tns_per_endp:  -1.0000 
    tns_sense_max:  -1.0000  tns_sense_avg:  -1.0000   tns_sense_num: -1
 is current best
Best config: CDN_DP_region_0_1_c7 in ActivationMultiplier_6_IN_WIDTH8_NUM_UNITS6_ACTIVATION_WIDTH8: area: 260256750 ,dp = 0 mux = 6  ctl_case = 0  decode = 0  other = 2  sg = very_fast    worst_clk_period: -1.0000 
    wns: 0  norm_wns:  -1.0000 
    fail_endp: -1 
    tns:  0  tns_per_endp:  -1.0000   norm_tns_per_endp:  -1.0000 
    tns_sense_max:  -1.0000  tns_sense_avg:  -1.0000   tns_sense_num: -1
  Smallest config area : 260256750.  Fastest config wns;  0
##>+----------------------------------------------------------------------------------------------------------------------------------------------------------------+
##>Summary table of configs (Best config is CDN_DP_region_0_1_c7)
##>+----------------------------------------------------------------------------------------------------------------------------------------------------------------+
##>                     0                  1                  2                  3                  4                  5                  6                  7            
##>+----------------------------------------------------------------------------------------------------------------------------------------------------------------+
##>           Area        260256750          260256750          260256750          260256750          260256750          260256750          260256750          260256750  
##>            WNS         +1407.20           +1407.20           +1407.20           +1407.20           +1407.20           +1407.20           +1407.20           +1407.20  
##>            TNS                0                  0                  0                  0                  0                  0                  0                  0  
##>    Num Rewrite                0                  0                  0                  0                  0                  0                  0                  0  
##>     Num Factor                0                  0                  0                  0                  0                  0                  0                  0  
##>      Num Share                0                  0                  0                  0                  0                  0                  0                  0  
##>   Num CmultCse                0                  0                  0                  0                  0                  0                  0                  0  
##>   Num Downsize                0                  0                  0                  0                  0                  0                  0                  0  
##>  Num Speculate                0                  0                  0                  0                  0                  0                  0                  0  
##>     Runtime(s)                0                  0                  0                  0                  0                  0                  0                  0  
+----------------------------------------------------------------------------------------------------------------------------------------------------------------+
##>
##>
##>+-----------------------------------------------------------------------------------------------------------------------------------------------------------------------------------------------------+
##>Optimization Step DEBUG Table for config CDN_DP_region_0_1_c7
##>
##>                          Step                        Area   (  % Chg)         WNS (Change)          TNS (Change)                Power   (  % Chg)        Runtime (s)        Comment                   
##>+-----------------------------------------------------------------------------------------------------------------------------------------------------------------------------------------------------+
##>EquationExtraction              START              260256750 (       )     1407.20 (        )          0 (        )                    0 (       )              
##>                                  END              260256750 (  +0.00)     1407.20 (   +0.00)          0 (       0)                    0 (  +0.00)           0  
##>createMaxCarrySave              START              260256750 (  +0.00)     1407.20 (   +0.00)          0 (       0)                    0 (  +0.00)              
##> datapath_rewrite_one_def       START              260256750 (  +0.00)     1407.20 (   +0.00)          0 (       0)                    0 (  +0.00)              
##>                                  END              260256750 (  +0.00)     1407.20 (   +0.00)          0 (       0)                    0 (  +0.00)           0  
##> csa_opto                       START              260256750 (  +0.00)     1407.20 (   +0.00)          0 (       0)                    0 (  +0.00)              
##>                                  END              260256750 (  +0.00)     1407.20 (   +0.00)          0 (       0)                    0 (  +0.00)           0  
##>                                  END              260256750 (  +0.00)     1407.20 (   +0.00)          0 (       0)                    0 (  +0.00)           0  
##>canonicalize_by_names           START              260256750 (  +0.00)     1407.20 (   +0.00)          0 (       0)                    0 (  +0.00)              
##>                                  END              260256750 (  +0.00)     1407.20 (   +0.00)          0 (       0)                    0 (  +0.00)           0  
##>datapath_rewrite_post_csa_one_  START              260256750 (  +0.00)     1407.20 (   +0.00)          0 (       0)                    0 (  +0.00)              
##>                                  END              260256750 (  +0.00)     1407.20 (   +0.00)          0 (       0)                    0 (  +0.00)           0  
##>datapath_csa_factoring_one_gde  START              260256750 (  +0.00)     1407.20 (   +0.00)          0 (       0)                    0 (  +0.00)              
##>                                  END              260256750 (  +0.00)     1407.20 (   +0.00)          0 (       0)                    0 (  +0.00)           0  
##>dpopt_share_one_def             START              260256750 (  +0.00)     1407.20 (   +0.00)          0 (       0)                    0 (  +0.00)              
##>                                  END              260256750 (  +0.00)     1407.20 (   +0.00)          0 (       0)                    0 (  +0.00)           0  
##>datapath_rewrite_post_share     START              260256750 (  +0.00)     1407.20 (   +0.00)          0 (       0)                    0 (  +0.00)              
##>                                  END              260256750 (  +0.00)     1407.20 (   +0.00)          0 (       0)                    0 (  +0.00)           0  
##>dp_combine_const_mult_with_com  START              260256750 (  +0.00)     1407.20 (   +0.00)          0 (       0)                    0 (  +0.00)              
##>                                  END              260256750 (  +0.00)     1407.20 (   +0.00)          0 (       0)                    0 (  +0.00)           0  
##>dp_operator_level_decompositio  START              260256750 (  +0.00)     1407.20 (   +0.00)          0 (       0)                    0 (  +0.00)              
##>                                  END              260256750 (  +0.00)     1407.20 (   +0.00)          0 (       0)                    0 (  +0.00)           0  
##>selective_flatten_dp_config     START              260256750 (  +0.00)     1407.20 (   +0.00)          0 (       0)                    0 (  +0.00)              
##>                                  END              260256750 (  +0.00)     1407.20 (   +0.00)          0 (       0)                    0 (  +0.00)           0  
##>createMaxCarrySave              START              260256750 (  +0.00)     1407.20 (   +0.00)          0 (       0)                    0 (  +0.00)              
##> datapath_rewrite_one_def       START              260256750 (  +0.00)     1407.20 (   +0.00)          0 (       0)                    0 (  +0.00)              
##>  fast_cse_elim                 START              260256750 (  +0.00)     1407.20 (   +0.00)          0 (       0)                    0 (  +0.00)              
##>                                  END              260256750 (  +0.00)     1407.20 (   +0.00)          0 (       0)                    0 (  +0.00)           0  
##>  fast_cse_elim                 START              260256750 (  +0.00)     1407.20 (   +0.00)          0 (       0)                    0 (  +0.00)              
##>                                  END              260256750 (  +0.00)     1407.20 (   +0.00)          0 (       0)                    0 (  +0.00)           0  
##>                                  END              260256750 (  +0.00)     1407.20 (   +0.00)          0 (       0)                    0 (  +0.00)           0  
##> csa_opto                       START              260256750 (  +0.00)     1407.20 (   +0.00)          0 (       0)                    0 (  +0.00)              
##>                                  END              260256750 (  +0.00)     1407.20 (   +0.00)          0 (       0)                    0 (  +0.00)           0  
##>                                  END              260256750 (  +0.00)     1407.20 (   +0.00)          0 (       0)                    0 (  +0.00)           0  
##>context_based_simplify          START              260256750 (  +0.00)     1407.20 (   +0.00)          0 (       0)                    0 (  +0.00)              
##>                                  END              260256750 (  +0.00)     1407.20 (   +0.00)          0 (       0)                    0 (  +0.00)           0  
##>group_csa_final_adder_dp        START              260256750 (  +0.00)     1407.20 (   +0.00)          0 (       0)                    0 (  +0.00)              
##>                                  END              260256750 (  +0.00)     1407.20 (   +0.00)          0 (       0)                    0 (  +0.00)           0  
##>dpopt_flatten_critical_muxes_i  START              260256750 (  +0.00)     1407.20 (   +0.00)          0 (       0)                    0 (  +0.00)              
##>                                  END              260256750 (  +0.00)     1407.20 (   +0.00)          0 (       0)                    0 (  +0.00)           0  
##>create_score                    START              260256750 (  +0.00)     1407.20 (   +0.00)          0 (       0)                    0 (  +0.00)              
##>                                  END              260256750 (  +0.00)     1407.20 (   +0.00)          0 (       0)                    0 (  +0.00)           0  
##>+-----------------------------------------------------------------------------------------------------------------------------------------------------------------------------------------------------+
Committed config: CDN_DP_region_0_1_c7
Info    : Done implementing datapath configurations. [DPOPT-4]
        : Selected 'very_fast' configuration 7 for module 'CDN_DP_region_0_1_c7'.
          Optimizations applied to 'very_fast' configuration:
            rewriting(0), factoring(0), sharing(0), cmultcse(0), downsizing(0), speculation(0)
Info    : Implementing datapath configurations. [DPOPT-3]
        : Implementing datapath configurations for 'CDN_DP_region_0_0'
CSAGen Prep Share:0 Re-Write:0 Speculation: 0
CDN_DP_region_0_0 level = 0 loads = 0 drivers = 0
CDN_DP_region_0_0_c0 in ActivationMultiplier_6_IN_WIDTH8_NUM_UNITS6_ACTIVATION_WIDTH8: area: 49382050 ,dp = 1 mux = 1  ctl_case = 0  decode = 0  other = 2  sg = slow         worst_clk_period: -1.0000 
    wns: 0  norm_wns:  -1.0000 
    fail_endp: -1 
    tns:  0  tns_per_endp:  -1.0000   norm_tns_per_endp:  -1.0000 
    tns_sense_max:  -1.0000  tns_sense_avg:  -1.0000   tns_sense_num: -1
 skipped
CDN_DP_region_0_0_c1 in ActivationMultiplier_6_IN_WIDTH8_NUM_UNITS6_ACTIVATION_WIDTH8: area: 42708800 ,dp = 1 mux = 1  ctl_case = 0  decode = 0  other = 2  sg = fast         worst_clk_period: -1.0000 
    wns: 0  norm_wns:  -1.0000 
    fail_endp: -1 
    tns:  0  tns_per_endp:  -1.0000   norm_tns_per_endp:  -1.0000 
    tns_sense_max:  -1.0000  tns_sense_avg:  -1.0000   tns_sense_num: -1
 is current best
CDN_DP_region_0_0_c2 in ActivationMultiplier_6_IN_WIDTH8_NUM_UNITS6_ACTIVATION_WIDTH8: area: 42708800 ,dp = 1 mux = 1  ctl_case = 0  decode = 0  other = 2  sg = very_slow    worst_clk_period: -1.0000 
    wns: 0  norm_wns:  -1.0000 
    fail_endp: -1 
    tns:  0  tns_per_endp:  -1.0000   norm_tns_per_endp:  -1.0000 
    tns_sense_max:  -1.0000  tns_sense_avg:  -1.0000   tns_sense_num: -1
 is current best
CDN_DP_region_0_0_c3 in ActivationMultiplier_6_IN_WIDTH8_NUM_UNITS6_ACTIVATION_WIDTH8: area: 42708800 ,dp = 1 mux = 1  ctl_case = 0  decode = 0  other = 2  sg = very_fast    worst_clk_period: -1.0000 
    wns: 0  norm_wns:  -1.0000 
    fail_endp: -1 
    tns:  0  tns_per_endp:  -1.0000   norm_tns_per_endp:  -1.0000 
    tns_sense_max:  -1.0000  tns_sense_avg:  -1.0000   tns_sense_num: -1
 is current best
CDN_DP_region_0_0_c4 in ActivationMultiplier_6_IN_WIDTH8_NUM_UNITS6_ACTIVATION_WIDTH8: area: 42708800 ,dp = 1 mux = 1  ctl_case = 0  decode = 0  other = 2  sg = very_fast    worst_clk_period: -1.0000 
    wns: 0  norm_wns:  -1.0000 
    fail_endp: -1 
    tns:  0  tns_per_endp:  -1.0000   norm_tns_per_endp:  -1.0000 
    tns_sense_max:  -1.0000  tns_sense_avg:  -1.0000   tns_sense_num: -1
 is current best
CDN_DP_region_0_0_c5 in ActivationMultiplier_6_IN_WIDTH8_NUM_UNITS6_ACTIVATION_WIDTH8: area: 42708800 ,dp = 1 mux = 1  ctl_case = 0  decode = 0  other = 2  sg = very_fast    worst_clk_period: -1.0000 
    wns: 0  norm_wns:  -1.0000 
    fail_endp: -1 
    tns:  0  tns_per_endp:  -1.0000   norm_tns_per_endp:  -1.0000 
    tns_sense_max:  -1.0000  tns_sense_avg:  -1.0000   tns_sense_num: -1
 is current best
CDN_DP_region_0_0_c6 in ActivationMultiplier_6_IN_WIDTH8_NUM_UNITS6_ACTIVATION_WIDTH8: area: 42708800 ,dp = 1 mux = 1  ctl_case = 0  decode = 0  other = 2  sg = very_fast    worst_clk_period: -1.0000 
    wns: 0  norm_wns:  -1.0000 
    fail_endp: -1 
    tns:  0  tns_per_endp:  -1.0000   norm_tns_per_endp:  -1.0000 
    tns_sense_max:  -1.0000  tns_sense_avg:  -1.0000   tns_sense_num: -1
 is current best
CDN_DP_region_0_0_c7 in ActivationMultiplier_6_IN_WIDTH8_NUM_UNITS6_ACTIVATION_WIDTH8: area: 42708800 ,dp = 1 mux = 1  ctl_case = 0  decode = 0  other = 2  sg = very_fast    worst_clk_period: -1.0000 
    wns: 0  norm_wns:  -1.0000 
    fail_endp: -1 
    tns:  0  tns_per_endp:  -1.0000   norm_tns_per_endp:  -1.0000 
    tns_sense_max:  -1.0000  tns_sense_avg:  -1.0000   tns_sense_num: -1
 is current best
Best config: CDN_DP_region_0_0_c7 in ActivationMultiplier_6_IN_WIDTH8_NUM_UNITS6_ACTIVATION_WIDTH8: area: 42708800 ,dp = 1 mux = 1  ctl_case = 0  decode = 0  other = 2  sg = very_fast    worst_clk_period: -1.0000 
    wns: 0  norm_wns:  -1.0000 
    fail_endp: -1 
    tns:  0  tns_per_endp:  -1.0000   norm_tns_per_endp:  -1.0000 
    tns_sense_max:  -1.0000  tns_sense_avg:  -1.0000   tns_sense_num: -1
  Smallest config area : 42708800.  Fastest config wns;  0
##>+----------------------------------------------------------------------------------------------------------------------------------------------------------------+
##>Summary table of configs (Best config is CDN_DP_region_0_0_c7)
##>+----------------------------------------------------------------------------------------------------------------------------------------------------------------+
##>                     0                  1                  2                  3                  4                  5                  6                  7            
##>+----------------------------------------------------------------------------------------------------------------------------------------------------------------+
##>           Area         49382050           42708800           42708800           42708800           42708800           42708800           42708800           42708800  
##>            WNS         +1249.70           +1249.70           +1249.70           +1249.70           +1249.70           +1249.70           +1249.70           +1249.70  
##>            TNS                0                  0                  0                  0                  0                  0                  0                  0  
##>    Num Rewrite                0                  0                  0                  0                  0                  0                  0                  0  
##>     Num Factor                0                  0                  0                  0                  0                  0                  0                  0  
##>      Num Share                0                  0                  0                  0                  0                  0                  0                  0  
##>   Num CmultCse                0                  0                  0                  0                  0                  0                  0                  0  
##>   Num Downsize                0                  0                  0                  0                  0                  0                  0                  0  
##>  Num Speculate                0                  0                  0                  0                  0                  0                  0                  0  
##>     Runtime(s)                0                  0                  0                  0                  0                  0                  0                  0  
+----------------------------------------------------------------------------------------------------------------------------------------------------------------+
##>
##>
##>+-----------------------------------------------------------------------------------------------------------------------------------------------------------------------------------------------------+
##>Optimization Step DEBUG Table for config CDN_DP_region_0_0_c7
##>
##>                          Step                        Area   (  % Chg)         WNS (Change)          TNS (Change)                Power   (  % Chg)        Runtime (s)        Comment                   
##>+-----------------------------------------------------------------------------------------------------------------------------------------------------------------------------------------------------+
##>EquationExtraction              START               49382050 (       )     1249.70 (        )          0 (        )                    0 (       )              
##> rewrite                        START               69401800 ( +40.54)     1238.70 (  -11.00)          0 (       0)                    0 (  +0.00)              (a,ar) Expr1_from --> Expr1_to
##>                                  END              105437350 ( +51.92)     1238.70 (   +0.00)          0 (       0)                    0 (  +0.00)           0  
##>                                  END               49382050 (  +0.00)     1249.70 (   +0.00)          0 (       0)                    0 (  +0.00)           0  
##>createMaxCarrySave              START               49382050 (  +0.00)     1249.70 (   +0.00)          0 (       0)                    0 (  +0.00)              
##> datapath_rewrite_one_def       START               49382050 (  +0.00)     1249.70 (   +0.00)          0 (       0)                    0 (  +0.00)              
##>                                  END               49382050 (  +0.00)     1249.70 (   +0.00)          0 (       0)                    0 (  +0.00)           0  
##> csa_opto                       START               49382050 (  +0.00)     1249.70 (   +0.00)          0 (       0)                    0 (  +0.00)              
##>                                  END               50716700 (  +2.70)     1249.70 (   +0.00)          0 (       0)                    0 (  +0.00)           0  
##>                                  END               50716700 (  +2.70)     1249.70 (   +0.00)          0 (       0)                    0 (  +0.00)           0  
##>canonicalize_by_names           START               50716700 (  +0.00)     1249.70 (   +0.00)          0 (       0)                    0 (  +0.00)              
##>                                  END               50716700 (  +0.00)     1249.70 (   +0.00)          0 (       0)                    0 (  +0.00)           0  
##>datapath_rewrite_post_csa_one_  START               50716700 (  +0.00)     1249.70 (   +0.00)          0 (       0)                    0 (  +0.00)              
##>                                  END               50716700 (  +0.00)     1249.70 (   +0.00)          0 (       0)                    0 (  +0.00)           0  
##>datapath_csa_factoring_one_gde  START               50716700 (  +0.00)     1249.70 (   +0.00)          0 (       0)                    0 (  +0.00)              
##>                                  END               50716700 (  +0.00)     1249.70 (   +0.00)          0 (       0)                    0 (  +0.00)           0  
##>dpopt_share_one_def             START               50716700 (  +0.00)     1249.70 (   +0.00)          0 (       0)                    0 (  +0.00)              
##>                                  END               50716700 (  +0.00)     1249.70 (   +0.00)          0 (       0)                    0 (  +0.00)           0  
##>datapath_rewrite_post_share     START               50716700 (  +0.00)     1249.70 (   +0.00)          0 (       0)                    0 (  +0.00)              
##>                                  END               50716700 (  +0.00)     1249.70 (   +0.00)          0 (       0)                    0 (  +0.00)           0  
##>dp_combine_const_mult_with_com  START               50716700 (  +0.00)     1249.70 (   +0.00)          0 (       0)                    0 (  +0.00)              
##>                                  END               50716700 (  +0.00)     1249.70 (   +0.00)          0 (       0)                    0 (  +0.00)           0  
##>dp_operator_level_decompositio  START               50716700 (  +0.00)     1249.70 (   +0.00)          0 (       0)                    0 (  +0.00)              
##>                                  END               50716700 (  +0.00)     1249.70 (   +0.00)          0 (       0)                    0 (  +0.00)           0  
##>selective_flatten_dp_config     START               50716700 (  +0.00)     1249.70 (   +0.00)          0 (       0)                    0 (  +0.00)              
##>                                  END               50716700 (  +0.00)     1249.70 (   +0.00)          0 (       0)                    0 (  +0.00)           0  
##>createMaxCarrySave              START               50716700 (  +0.00)     1249.70 (   +0.00)          0 (       0)                    0 (  +0.00)              
##> datapath_rewrite_one_def       START               50716700 (  +0.00)     1249.70 (   +0.00)          0 (       0)                    0 (  +0.00)              
##>  fast_cse_elim                 START               50716700 (  +0.00)     1249.70 (   +0.00)          0 (       0)                    0 (  +0.00)              
##>                                  END               50716700 (  +0.00)     1249.70 (   +0.00)          0 (       0)                    0 (  +0.00)           0  
##>  fast_cse_elim                 START               50716700 (  +0.00)     1249.70 (   +0.00)          0 (       0)                    0 (  +0.00)              
##>                                  END               50716700 (  +0.00)     1249.70 (   +0.00)          0 (       0)                    0 (  +0.00)           0  
##>                                  END               50716700 (  +0.00)     1249.70 (   +0.00)          0 (       0)                    0 (  +0.00)           0  
##> csa_opto                       START               50716700 (  +0.00)     1249.70 (   +0.00)          0 (       0)                    0 (  +0.00)              
##>                                  END               50716700 (  +0.00)     1249.70 (   +0.00)          0 (       0)                    0 (  +0.00)           0  
##>                                  END               50716700 (  +0.00)     1249.70 (   +0.00)          0 (       0)                    0 (  +0.00)           0  
##>context_based_simplify          START               45378100 ( -10.53)     1249.70 (   +0.00)          0 (       0)                    0 (  +0.00)              
##>                                  END               42708800 (  -5.88)     1249.70 (   +0.00)          0 (       0)                    0 (  +0.00)           0  
##>group_csa_final_adder_dp        START               42708800 (  +0.00)     1249.70 (   +0.00)          0 (       0)                    0 (  +0.00)              
##>                                  END               42708800 (  +0.00)     1249.70 (   +0.00)          0 (       0)                    0 (  +0.00)           0  
##>dpopt_flatten_critical_muxes_i  START               42708800 (  +0.00)     1249.70 (   +0.00)          0 (       0)                    0 (  +0.00)              
##>                                  END               42708800 (  +0.00)     1249.70 (   +0.00)          0 (       0)                    0 (  +0.00)           0  
##>create_score                    START               42708800 (  +0.00)     1249.70 (   +0.00)          0 (       0)                    0 (  +0.00)              
##>                                  END               42708800 (  +0.00)     1249.70 (   +0.00)          0 (       0)                    0 (  +0.00)           0  
##>+-----------------------------------------------------------------------------------------------------------------------------------------------------------------------------------------------------+
Committed config: CDN_DP_region_0_0_c7
Info    : Done implementing datapath configurations. [DPOPT-4]
        : Selected 'very_fast' configuration 7 for module 'CDN_DP_region_0_0_c7'.
          Optimizations applied to 'very_fast' configuration:
            rewriting(0), factoring(0), sharing(0), cmultcse(0), downsizing(0), speculation(0)
Info    : Implementing datapath configurations. [DPOPT-3]
        : Implementing datapath configurations for 'CDN_DP_region_0_3'
CSAGen Prep Share:0 Re-Write:0 Speculation: 0
CDN_DP_region_0_3 level = 0 loads = 0 drivers = 0
CDN_DP_region_0_3_c0 in ActivationMultiplier_6_IN_WIDTH8_NUM_UNITS6_ACTIVATION_WIDTH8: area: 12011850 ,dp = 1 mux = 0  ctl_case = 0  decode = 0  sg = slow         worst_clk_period: -1.0000 
    wns: 0  norm_wns:  -1.0000 
    fail_endp: -1 
    tns:  0  tns_per_endp:  -1.0000   norm_tns_per_endp:  -1.0000 
    tns_sense_max:  -1.0000  tns_sense_avg:  -1.0000   tns_sense_num: -1
 skipped
CDN_DP_region_0_3_c1 in ActivationMultiplier_6_IN_WIDTH8_NUM_UNITS6_ACTIVATION_WIDTH8: area: 9342550 ,dp = 1 mux = 0  ctl_case = 0  decode = 0  sg = fast         worst_clk_period: -1.0000 
    wns: 0  norm_wns:  -1.0000 
    fail_endp: -1 
    tns:  0  tns_per_endp:  -1.0000   norm_tns_per_endp:  -1.0000 
    tns_sense_max:  -1.0000  tns_sense_avg:  -1.0000   tns_sense_num: -1
 is current best
CDN_DP_region_0_3_c2 in ActivationMultiplier_6_IN_WIDTH8_NUM_UNITS6_ACTIVATION_WIDTH8: area: 9342550 ,dp = 1 mux = 0  ctl_case = 0  decode = 0  sg = very_slow    worst_clk_period: -1.0000 
    wns: 0  norm_wns:  -1.0000 
    fail_endp: -1 
    tns:  0  tns_per_endp:  -1.0000   norm_tns_per_endp:  -1.0000 
    tns_sense_max:  -1.0000  tns_sense_avg:  -1.0000   tns_sense_num: -1
 is current best
CDN_DP_region_0_3_c3 in ActivationMultiplier_6_IN_WIDTH8_NUM_UNITS6_ACTIVATION_WIDTH8: area: 9342550 ,dp = 1 mux = 0  ctl_case = 0  decode = 0  sg = very_fast    worst_clk_period: -1.0000 
    wns: 0  norm_wns:  -1.0000 
    fail_endp: -1 
    tns:  0  tns_per_endp:  -1.0000   norm_tns_per_endp:  -1.0000 
    tns_sense_max:  -1.0000  tns_sense_avg:  -1.0000   tns_sense_num: -1
 is current best
CDN_DP_region_0_3_c4 in ActivationMultiplier_6_IN_WIDTH8_NUM_UNITS6_ACTIVATION_WIDTH8: area: 9342550 ,dp = 1 mux = 0  ctl_case = 0  decode = 0  sg = very_fast    worst_clk_period: -1.0000 
    wns: 0  norm_wns:  -1.0000 
    fail_endp: -1 
    tns:  0  tns_per_endp:  -1.0000   norm_tns_per_endp:  -1.0000 
    tns_sense_max:  -1.0000  tns_sense_avg:  -1.0000   tns_sense_num: -1
 is current best
CDN_DP_region_0_3_c5 in ActivationMultiplier_6_IN_WIDTH8_NUM_UNITS6_ACTIVATION_WIDTH8: area: 9342550 ,dp = 1 mux = 0  ctl_case = 0  decode = 0  sg = very_fast    worst_clk_period: -1.0000 
    wns: 0  norm_wns:  -1.0000 
    fail_endp: -1 
    tns:  0  tns_per_endp:  -1.0000   norm_tns_per_endp:  -1.0000 
    tns_sense_max:  -1.0000  tns_sense_avg:  -1.0000   tns_sense_num: -1
 is current best
CDN_DP_region_0_3_c6 in ActivationMultiplier_6_IN_WIDTH8_NUM_UNITS6_ACTIVATION_WIDTH8: area: 9342550 ,dp = 1 mux = 0  ctl_case = 0  decode = 0  sg = very_fast    worst_clk_period: -1.0000 
    wns: 0  norm_wns:  -1.0000 
    fail_endp: -1 
    tns:  0  tns_per_endp:  -1.0000   norm_tns_per_endp:  -1.0000 
    tns_sense_max:  -1.0000  tns_sense_avg:  -1.0000   tns_sense_num: -1
 is current best
CDN_DP_region_0_3_c7 in ActivationMultiplier_6_IN_WIDTH8_NUM_UNITS6_ACTIVATION_WIDTH8: area: 9342550 ,dp = 1 mux = 0  ctl_case = 0  decode = 0  sg = very_fast    worst_clk_period: -1.0000 
    wns: 0  norm_wns:  -1.0000 
    fail_endp: -1 
    tns:  0  tns_per_endp:  -1.0000   norm_tns_per_endp:  -1.0000 
    tns_sense_max:  -1.0000  tns_sense_avg:  -1.0000   tns_sense_num: -1
 is current best
Best config: CDN_DP_region_0_3_c7 in ActivationMultiplier_6_IN_WIDTH8_NUM_UNITS6_ACTIVATION_WIDTH8: area: 9342550 ,dp = 1 mux = 0  ctl_case = 0  decode = 0  sg = very_fast    worst_clk_period: -1.0000 
    wns: 0  norm_wns:  -1.0000 
    fail_endp: -1 
    tns:  0  tns_per_endp:  -1.0000   norm_tns_per_endp:  -1.0000 
    tns_sense_max:  -1.0000  tns_sense_avg:  -1.0000   tns_sense_num: -1
  Smallest config area : 9342550.  Fastest config wns;  0
##>+----------------------------------------------------------------------------------------------------------------------------------------------------------------+
##>Summary table of configs (Best config is CDN_DP_region_0_3_c7)
##>+----------------------------------------------------------------------------------------------------------------------------------------------------------------+
##>                     0                  1                  2                  3                  4                  5                  6                  7            
##>+----------------------------------------------------------------------------------------------------------------------------------------------------------------+
##>           Area         12011850            9342550            9342550            9342550            9342550            9342550            9342550            9342550  
##>            WNS         +1249.70           +1249.70           +1249.70           +1249.70           +1249.70           +1249.70           +1249.70           +1249.70  
##>            TNS                0                  0                  0                  0                  0                  0                  0                  0  
##>    Num Rewrite                0                  0                  0                  0                  0                  0                  0                  0  
##>     Num Factor                0                  0                  0                  0                  0                  0                  0                  0  
##>      Num Share                0                  0                  0                  0                  0                  0                  0                  0  
##>   Num CmultCse                0                  0                  0                  0                  0                  0                  0                  0  
##>   Num Downsize                0                  0                  0                  0                  0                  0                  0                  0  
##>  Num Speculate                0                  0                  0                  0                  0                  0                  0                  0  
##>     Runtime(s)                0                  0                  0                  0                  0                  0                  0                  0  
+----------------------------------------------------------------------------------------------------------------------------------------------------------------+
##>
##>
##>+-----------------------------------------------------------------------------------------------------------------------------------------------------------------------------------------------------+
##>Optimization Step DEBUG Table for config CDN_DP_region_0_3_c7
##>
##>                          Step                        Area   (  % Chg)         WNS (Change)          TNS (Change)                Power   (  % Chg)        Runtime (s)        Comment                   
##>+-----------------------------------------------------------------------------------------------------------------------------------------------------------------------------------------------------+
##>EquationExtraction              START               12011850 (       )     1249.70 (        )          0 (        )                    0 (       )              
##> rewrite                        START               26693000 (+122.22)     1246.00 (   -3.70)          0 (       0)                    0 (  +0.00)              (a,ar) Expr2_from --> Expr2_to
##>                                  END              100098750 (+275.00)     1243.60 (   -2.40)          0 (       0)                    0 (  +0.00)           0  
##>                                  END               12011850 (  +0.00)     1249.70 (   +0.00)          0 (       0)                    0 (  +0.00)           0  
##>createMaxCarrySave              START               12011850 (  +0.00)     1249.70 (   +0.00)          0 (       0)                    0 (  +0.00)              
##> datapath_rewrite_one_def       START               12011850 (  +0.00)     1249.70 (   +0.00)          0 (       0)                    0 (  +0.00)              
##>                                  END               12011850 (  +0.00)     1249.70 (   +0.00)          0 (       0)                    0 (  +0.00)           0  
##> csa_opto                       START               12011850 (  +0.00)     1249.70 (   +0.00)          0 (       0)                    0 (  +0.00)              
##>                                  END               12011850 (  +0.00)     1249.70 (   +0.00)          0 (       0)                    0 (  +0.00)           0  
##>                                  END               12011850 (  +0.00)     1249.70 (   +0.00)          0 (       0)                    0 (  +0.00)           0  
##>canonicalize_by_names           START               12011850 (  +0.00)     1249.70 (   +0.00)          0 (       0)                    0 (  +0.00)              
##>                                  END               12011850 (  +0.00)     1249.70 (   +0.00)          0 (       0)                    0 (  +0.00)           0  
##>datapath_rewrite_post_csa_one_  START               12011850 (  +0.00)     1249.70 (   +0.00)          0 (       0)                    0 (  +0.00)              
##>                                  END               12011850 (  +0.00)     1249.70 (   +0.00)          0 (       0)                    0 (  +0.00)           0  
##>datapath_csa_factoring_one_gde  START               12011850 (  +0.00)     1249.70 (   +0.00)          0 (       0)                    0 (  +0.00)              
##>                                  END               12011850 (  +0.00)     1249.70 (   +0.00)          0 (       0)                    0 (  +0.00)           0  
##>dpopt_share_one_def             START               12011850 (  +0.00)     1249.70 (   +0.00)          0 (       0)                    0 (  +0.00)              
##>                                  END               12011850 (  +0.00)     1249.70 (   +0.00)          0 (       0)                    0 (  +0.00)           0  
##>datapath_rewrite_post_share     START               12011850 (  +0.00)     1249.70 (   +0.00)          0 (       0)                    0 (  +0.00)              
##>                                  END               12011850 (  +0.00)     1249.70 (   +0.00)          0 (       0)                    0 (  +0.00)           0  
##>dp_combine_const_mult_with_com  START               12011850 (  +0.00)     1249.70 (   +0.00)          0 (       0)                    0 (  +0.00)              
##>                                  END               12011850 (  +0.00)     1249.70 (   +0.00)          0 (       0)                    0 (  +0.00)           0  
##>dp_operator_level_decompositio  START               12011850 (  +0.00)     1249.70 (   +0.00)          0 (       0)                    0 (  +0.00)              
##>                                  END               12011850 (  +0.00)     1249.70 (   +0.00)          0 (       0)                    0 (  +0.00)           0  
##>selective_flatten_dp_config     START               12011850 (  +0.00)     1249.70 (   +0.00)          0 (       0)                    0 (  +0.00)              
##>                                  END               12011850 (  +0.00)     1249.70 (   +0.00)          0 (       0)                    0 (  +0.00)           0  
##>createMaxCarrySave              START               12011850 (  +0.00)     1249.70 (   +0.00)          0 (       0)                    0 (  +0.00)              
##> datapath_rewrite_one_def       START               12011850 (  +0.00)     1249.70 (   +0.00)          0 (       0)                    0 (  +0.00)              
##>  fast_cse_elim                 START               12011850 (  +0.00)     1249.70 (   +0.00)          0 (       0)                    0 (  +0.00)              
##>                                  END               12011850 (  +0.00)     1249.70 (   +0.00)          0 (       0)                    0 (  +0.00)           0  
##>  fast_cse_elim                 START               12011850 (  +0.00)     1249.70 (   +0.00)          0 (       0)                    0 (  +0.00)              
##>                                  END               12011850 (  +0.00)     1249.70 (   +0.00)          0 (       0)                    0 (  +0.00)           0  
##>                                  END               12011850 (  +0.00)     1249.70 (   +0.00)          0 (       0)                    0 (  +0.00)           0  
##> csa_opto                       START               12011850 (  +0.00)     1249.70 (   +0.00)          0 (       0)                    0 (  +0.00)              
##>                                  END               12011850 (  +0.00)     1249.70 (   +0.00)          0 (       0)                    0 (  +0.00)           0  
##>                                  END               12011850 (  +0.00)     1249.70 (   +0.00)          0 (       0)                    0 (  +0.00)           0  
##>context_based_simplify          START               12011850 (  +0.00)     1249.70 (   +0.00)          0 (       0)                    0 (  +0.00)              
##>                                  END                9342550 ( -22.22)     1249.70 (   +0.00)          0 (       0)                    0 (  +0.00)           0  
##>group_csa_final_adder_dp        START                9342550 (  +0.00)     1249.70 (   +0.00)          0 (       0)                    0 (  +0.00)              
##>                                  END                9342550 (  +0.00)     1249.70 (   +0.00)          0 (       0)                    0 (  +0.00)           0  
##>dpopt_flatten_critical_muxes_i  START                9342550 (  +0.00)     1249.70 (   +0.00)          0 (       0)                    0 (  +0.00)              
##>                                  END                9342550 (  +0.00)     1249.70 (   +0.00)          0 (       0)                    0 (  +0.00)           0  
##>create_score                    START                9342550 (  +0.00)     1249.70 (   +0.00)          0 (       0)                    0 (  +0.00)              
##>                                  END                9342550 (  +0.00)     1249.70 (   +0.00)          0 (       0)                    0 (  +0.00)           0  
##>+-----------------------------------------------------------------------------------------------------------------------------------------------------------------------------------------------------+
Committed config: CDN_DP_region_0_3_c7
Info    : Done implementing datapath configurations. [DPOPT-4]
        : Selected 'very_fast' configuration 7 for module 'CDN_DP_region_0_3_c7'.
          Optimizations applied to 'very_fast' configuration:
            rewriting(0), factoring(0), sharing(0), cmultcse(0), downsizing(0), speculation(0)
Info:  Ungrouped 0 dp-cluster instances.  0 cluster instances were left intact, to aid verification.
Info    : Done optimizing datapath logic. [DPOPT-2]
        : Done optimizing datapath logic in 'Main'.
Number of big hc bmuxes after = 0
Starting bit-level redundancy removal [v1.0] (stage: post_rtlopt, startdef: Main, recur: true)
Completed bit-level redundancy removal (accepts: 6, rejects: 0, runtime: 0.014s)
Starting logic reduction [v1.0] (stage: post_rtlopt, startdef: Main, recur: true)
Completed logic reduction (accepts: 0, rejects: 0, runtime: 0.000s)
Starting mux data reorder optimization [v1.0] (stage: post_rtlopt, startdef: Main, recur: true)
Completed mux data reorder optimization (accepts: 0, rejects: 0, runtime: 0.002s)
Starting timing based select reordering [v1.0] (stage: post_rtlopt, startdef: Main, recur: true)
Completed timing based select reordering (accepts: 0, rejects: 0, runtime: 0.021s)

Stage: post_rtlopt
----------------------------------------------------------------
| Transform                  | Accepts | Rejects | Runtime (s) | 
----------------------------------------------------------------
| hlo_redundancy_removal_bit |       6 |       0 |        0.01 | 
| hlo_logic_reduction        |       0 |       0 |        0.00 | 
| hlo_mux_reorder            |       0 |       0 |        0.00 | 
| hlo_timing_reorder         |       0 |       0 |        0.02 | 
----------------------------------------------------------------
Info    : Deleting instances not driving any primary outputs. [GLO-34]
        : Deleting 1 hierarchical instance.
Running post blast mux optimization. Please follow up with Cadence support if runtime issues are seen with this optimization.
Starting mux speculation [v1.0] (stage: post_muxopt, startdef: Main, recur: true)
Starting speculation optimization
Completed speculation optimization (accepts:0)
Completed mux speculation (accepts: 0, rejects: 0, runtime: 0.017s)
Starting timing based select reordering [v1.0] (stage: post_muxopt, startdef: Main, recur: true)
Completed timing based select reordering (accepts: 0, rejects: 0, runtime: 0.018s)

Stage: post_muxopt
--------------------------------------------------------
| Transform          | Accepts | Rejects | Runtime (s) | 
--------------------------------------------------------
| hlo_speculation    |       0 |       0 |        0.02 | 
| hlo_timing_reorder |       0 |       0 |        0.02 | 
--------------------------------------------------------
==================================
Stage : to_generic 
==================================
  =================
   Message Summary
  =================
------------------------------------------------------------------------------
|    Id     |  Sev  |Count|                   Message Text                   |
------------------------------------------------------------------------------
|CDFG-250   |Info   |   11|Processing multi-dimensional arrays.              |
|CDFG-372   |Info   |   24|Bitwidth mismatch in assignment.                  |
|           |       |     |Review and make sure the mismatch is intentional. |
|           |       |     | Genus can possibly issue bitwidth mismatch       |
|           |       |     | warning for explicit assignments present in RTL  |
|           |       |     | as-well-as for implicit assignments inferred by  |
|           |       |     | the tool. For example, in case of enum           |
|           |       |     | declaration without value, the tool will         |
|           |       |     | implicitly assign value to the enum variables. It|
|           |       |     | also issues the warning for any bitwidth mismatch|
|           |       |     | that appears in this implicit assignment.        |
|CDFG-464   |Warning|    7|Connected signal is wider than module port.       |
|           |       |     |This may cause simulation mismatches between the  |
|           |       |     | original and synthesized designs.                |
|CDFG-567   |Info   |   33|Instantiating Subdesign.                          |
|CDFG-738   |Info   |   10|Common subexpression eliminated.                  |
|CDFG-739   |Info   |   10|Common subexpression kept.                        |
|CDFG-818   |Warning|    1|Using default parameter value for module          |
|           |       |     | elaboration.                                     |
|CWD-19     |Info   |   17|An implementation was inferred.                   |
|DPOPT-1    |Info   |    1|Optimizing datapath logic.                        |
|DPOPT-2    |Info   |    1|Done optimizing datapath logic.                   |
|DPOPT-3    |Info   |    4|Implementing datapath configurations.             |
|DPOPT-4    |Info   |    4|Done implementing datapath configurations.        |
|DPOPT-6    |Info   |    1|Pre-processed datapath logic.                     |
|DPOPT-10   |Info   |    6|Optimized a mux chain.                            |
|ELAB-1     |Info   |    1|Elaborating Design.                               |
|ELAB-2     |Info   |    8|Elaborating Subdesign.                            |
|ELAB-3     |Info   |    1|Done Elaborating Design.                          |
|ELABUTL-123|Warning|    1|Undriven module output port.                      |
|ELABUTL-128|Info   |    1|Undriven module output port.                      |
|           |       |     |The 'hdl_unconnected_value' attribute controls    |
|           |       |     | treatment of undriven output port.               |
|GB-6       |Info   |    2|A datapath component has been ungrouped.          |
|GLO-34     |Info   |    3|Deleting instances not driving any primary        |
|           |       |     | outputs.                                         |
|           |       |     |Optimizations such as constant propagation or     |
|           |       |     | redundancy removal could change the connections  |
|           |       |     | so a hierarchical instance does not drive any    |
|           |       |     | primary outputs anymore. To see the list of      |
|           |       |     | deleted hierarchical instances, set the          |
|           |       |     | 'information_level' attribute to 2 or above. If  |
|           |       |     | the message is truncated set the message         |
|           |       |     | attribute 'truncate' to false to see the complete|
|           |       |     | list. To prevent this optimization, set the      |
|           |       |     | 'delete_unloaded_insts' root/subdesign attribute |
|           |       |     | to 'false' or 'preserve' instance attribute to   |
|           |       |     | 'true'.                                          |
|GLO-51     |Info   |    6|Hierarchical instance automatically ungrouped.    |
|           |       |     |Hierarchical instances can be automatically       |
|           |       |     | ungrouped to allow for better area or timing     |
|           |       |     | optimization. To prevent this ungroup, set the   |
|           |       |     | root-level attribute 'auto_ungroup' to 'none'.   |
|           |       |     | You can also prevent individual ungroup with     |
|           |       |     | setting the attribute 'ungroup_ok' of instances  |
|           |       |     | or modules to 'false'.                           |
|LBR-9      |Warning|   40|Library cell has no output pins defined.          |
|           |       |     |Add the missing output pin(s)                     |
|           |       |     | , then reload the library. Else the library cell |
|           |       |     | will be marked as timing model i.e. unusable.    |
|           |       |     | Timing_model means that the cell does not have   |
|           |       |     | any defined function. If there is no output pin, |
|           |       |     | Genus will mark library cell as unusable i.e. the|
|           |       |     | attribute 'usable' will be marked to 'false' on  |
|           |       |     | the libcell. Therefore, the cell is not used for |
|           |       |     | mapping and it will not be picked up from the    |
|           |       |     | library for synthesis. If you query the attribute|
|           |       |     | 'unusable_reason' on the libcell; result will be:|
|           |       |     | 'Library cell has no output pins.'Note: The      |
|           |       |     | message LBR-9 is only for the logical pins and   |
|           |       |     | not for the power_ground pins. Genus will depend |
|           |       |     | upon the output function defined in the pin group|
|           |       |     | (output pin)                                     |
|           |       |     | of the cell, to use it for mapping. The pg_pin   |
|           |       |     | will not have any function defined.              |
|LBR-22     |Warning|  489|Multiply-defined library cell.                    |
|           |       |     |Library cell names must be unique.  Any duplicates|
|           |       |     | will be deleted.  Only the first                 |
|           |       |     | (as determined by the order of libraries)        |
|           |       |     | will be retained.                                |
|LBR-38     |Warning|    1|Libraries have inconsistent nominal operating     |
|           |       |     | conditions. In the Liberty library, there are    |
|           |       |     | attributes called nom_voltage, nom_process and   |
|           |       |     | nom_temperature. Genus reports the message, if   |
|           |       |     | the respective values of the 2 given .libs       |
|           |       |     | differ.                                          |
|           |       |     |This is a common source of delay calculation      |
|           |       |     | confusion and should be avoided.                 |
|LBR-41     |Info   |    2|An output library pin lacks a function attribute. |
|           |       |     |If the remainder of this library cell's semantic  |
|           |       |     | checks are successful, it will be considered as a|
|           |       |     | timing-model                                     |
|           |       |     | (because one of its outputs does not have a valid|
|           |       |     | function.                                        |
|LBR-155    |Info   |  264|Mismatch in unateness between 'timing_sense'      |
|           |       |     | attribute and the function.                      |
|           |       |     |The 'timing_sense' attribute will be respected.   |
|LBR-161    |Info   |    1|Setting the maximum print count of this message to|
|           |       |     | 10 if information_level is less than 9.          |
|LBR-162    |Info   |  124|Both 'pos_unate' and 'neg_unate' timing_sense arcs|
|           |       |     | have been processed.                             |
|           |       |     |Setting the 'timing_sense' to non_unate.          |
|LBR-412    |Info   |    2|Created nominal operating condition.              |
|           |       |     |The nominal operating condition is represented,   |
|           |       |     | either by the nominal PVT values specified in the|
|           |       |     | library source                                   |
|           |       |     | (via nom_process,nom_voltage and nom_temperature |
|           |       |     | respectively)                                    |
|           |       |     | , or by the default PVT values (1.0,1.0,1.0).    |
|LBR-518    |Info   |    2|Missing a function attribute in the output pin    |
|           |       |     | definition.                                      |
|LBR-785    |Info   |  489|Stored shadowed libcells.                         |
|           |       |     |Before deleting duplicate libcells, their names   |
|           |       |     | are stored.                                      |
|PHYS-752   |Info   |    1|Partition Based Synthesis execution skipped.      |
|SDC-202    |Error  |    6|Could not interpret SDC command.                  |
|           |       |     |The 'read_sdc' command encountered a problem while|
|           |       |     | trying to evaluate an SDC command. This SDC      |
|           |       |     | command will be added to the Tcl variable        |
|           |       |     | $::dc::sdc_failed_commands.                      |
|SDC-204    |Error  |    1|Invalid SDC command option combination.           |
|           |       |     |This option is not valid for the indicated SDC    |
|           |       |     | command. Check the SDC command and contact       |
|           |       |     | Cadence customer support if you believe this     |
|           |       |     | option combination should be supported.          |
|SDC-209    |Warning|    1|One or more commands failed when these constraints|
|           |       |     | were applied.                                    |
|           |       |     |You can examine the failed commands or save them  |
|           |       |     | to a file by querying the Tcl variable           |
|           |       |     | $::dc::sdc_failed_commands.                      |
|SDC-234    |Error  |    3|Unknown TCL command in the SDC file.              |
|           |       |     |The 'read_sdc' command encountered a problem while|
|           |       |     | trying to evaluate a command in the SDC file.    |
|SYNTH-1    |Info   |    1|Synthesizing.                                     |
|TIM-1000   |Info   |    1|Multimode clock gating check is disabled.         |
|VLOGPT-31  |Warning|    4|Unsupported system task or function: assuming     |
|           |       |     | value 1'b1.                                      |
|           |       |     |The $signed and $unsigned system functions are    |
|           |       |     | always supported, and synthesizable SystemVerilog|
|           |       |     | system functions are supported when SystemVerilog|
|           |       |     | parsing is enabled.  No other system functions   |
|           |       |     | are supported.                                   |
|VLOGPT-35  |Warning|    5|Ignoring unsynthesizable delay specifier (#<n>)   |
|           |       |     | mentioned in verilog file. These delay numbers   |
|           |       |     | are for simulation purpose only.                 |
|           |       |     |All delay numbers assigned or used in behavioral  |
|           |       |     | code are for simulation purposes only and are not|
|           |       |     | synthesizable. These values are ignored during   |
|           |       |     | synthesis. This warning is issued only once per  |
|           |       |     | module.                                          |
|VLOGPT-37  |Warning|   21|Ignoring unsynthesizable construct.               |
|           |       |     |For example, the following constructs will be     |
|           |       |     | ignored:
    - initial block
    - final block
  |
|           |       |     | - program block
    - property block
    -       |
|           |       |     | sequence block
    - covergroup
    - checker    |
|           |       |     | block
    - gate drive strength
    - system task|
|           |       |     | enable
    - reg declaration with initial value
 |
|           |       |     | - specify block.                                 |
|VLOGPT-692 |Warning|    4|Usage of non-static tasks or functions might      |
|           |       |     | result in simulation-synthesis mismatch.         |
|           |       |     |Use the 'automatic' keyword for declaring         |
|           |       |     | functions and tasks.                             |
------------------------------------------------------------------------------
Mapper: Libraries have:
	domain _default_: 324 combo usable cells and 128 sequential usable cells
Multi-threaded Virtual Mapping    (8 threads per ST process, 8 of 32 CPUs usable)
==================================
Stage : first_condense 
==================================
  =================
   Message Summary
  =================
------------------------------------------------------------------------------
|  Id  |Sev |Count|                       Message Text                       |
------------------------------------------------------------------------------
|GB-6  |Info|    3|A datapath component has been ungrouped.                  |
|GLO-51|Info|   34|Hierarchical instance automatically ungrouped.            |
|      |    |     |Hierarchical instances can be automatically ungrouped to  |
|      |    |     | allow for better area or timing optimization. To prevent |
|      |    |     | this ungroup, set the root-level attribute 'auto_ungroup'|
|      |    |     | to 'none'. You can also prevent individual ungroup with  |
|      |    |     | setting the attribute 'ungroup_ok' of instances or       |
|      |    |     | modules to 'false'.                                      |
------------------------------------------------------------------------------
 
Global mapping target info
==========================
Cost Group 'clk' target slack:    55 ps
Target path end-point (Port: Main/z_p)


State Retention Synthesis Status
================================

Category                        Flops   Percentage
--------------------------------------------------
Total instances                    91        100.0
Excluded from State Retention      91        100.0
    - Will not convert             91        100.0
      - Preserved                   0          0.0
      - Power intent excluded      91        100.0
    - Could not convert             0          0.0
      - Scan type                   0          0.0
      - No suitable cell            0          0.0
State Retention instances           0          0.0
--------------------------------------------------

PBS_Generic_Opt-Post - Elapsed_Time 3, CPU_Time 2.5671859999999995
stamp 'PBS_Generic_Opt-Post' being created for table 'pbs_debug'

  Total Time (Wall) |  Stage Time (Wall)  |   % (Wall)   |    Date - Time     |  Memory   | Stage
--------------------+---------------------+--------------+--------------------+-----------+----------------------
 00:00:10(00:00:09) |  00:00:00(00:00:00) |   0.0(  0.0) |   17:29:40 (Aug10) |  606.9 MB | PBS_Generic-Start
--------------------+---------------------+--------------+--------------------+-----------+----------------------
 00:00:12(00:00:13) |  00:00:02(00:00:04) | 100.0(100.0) |   17:29:43 (Aug10) |  606.9 MB | PBS_Generic_Opt-Post
--------------------+---------------------+--------------+--------------------+-----------+----------------------
Number of threads: 8 * 1   (id: pbs_debug, time_info v1.57)
Info: (*N*) indicates data that was populated from previously saved time_info database
Info: CPU time includes time of parent + longest thread
PBS_Generic-Postgen HBO Optimizations - Elapsed_Time 0, CPU_Time 0.0
stamp 'PBS_Generic-Postgen HBO Optimizations' being created for table 'pbs_debug'

  Total Time (Wall) |  Stage Time (Wall)  |   % (Wall)   |    Date - Time     |  Memory   | Stage
--------------------+---------------------+--------------+--------------------+-----------+----------------------
 00:00:10(00:00:09) |  00:00:00(00:00:00) |   0.0(  0.0) |   17:29:40 (Aug10) |  606.9 MB | PBS_Generic-Start
--------------------+---------------------+--------------+--------------------+-----------+----------------------
 00:00:12(00:00:13) |  00:00:02(00:00:04) | 100.0(100.0) |   17:29:43 (Aug10) |  606.9 MB | PBS_Generic_Opt-Post
--------------------+---------------------+--------------+--------------------+-----------+----------------------
 00:00:12(00:00:13) |  00:00:00(00:00:00) |   0.0(  0.0) |   17:29:43 (Aug10) |  606.9 MB | PBS_Generic-Postgen HBO Optimizations
--------------------+---------------------+--------------+--------------------+-----------+----------------------
Number of threads: 8 * 1   (id: pbs_debug, time_info v1.57)
Info: (*N*) indicates data that was populated from previously saved time_info database
Info: CPU time includes time of parent + longest thread
Starting post syn_generic ultra-effort Boolean optimization
Redundancy removal succeeded.
Done post syn_generic ultra-effort Boolean optimization (0.00 cpu seconds) (0.00 elapsed cpu seconds)
Info    : Done synthesizing. [SYNTH-2]
        : Done synthesizing 'Main' to generic gates.
##>=================== Cadence Confidential (Generic-Logical) ===================
##>=================== Cadence Confidential (Generic-Logical) ===================
      flow.cputime  flow.realtime  timing.setup.tns  timing.setup.wns  snapshot
UM:*                                                                   syn_gen
@file(synth.tcl) 29: set_db dft_scan_style muxed_scan
  Setting attribute of root '/': 'dft_scan_style' = muxed_scan
@file(synth.tcl) 31: set_db dft_prefix DFT_/
  Setting attribute of root '/': 'dft_prefix' = DFT_/
@file(synth.tcl) 33: define_dft shift_enable -name {scan_en} -active {high} -create_port {scan_en}
@file(synth.tcl) 35: check_dft_rules
  Checking DFT rules for 'Main' module under 'muxed_scan' style

Detected 0 DFT rule violation(s)
	Summary of check_dft_rules
	**************************
	Number of usable scan cells: 48
Clock Rule Violations:
---------------------
	  Internally driven clock net: 0
	      Tied constant clock net: 0
	           Undriven clock net: 0
	Conflicting async & clock net: 0
	              Misc. clock net: 0

Async. set/reset Rule Violations:
--------------------------------
	Internally driven async net: 0
	      Tied active async net: 0
	         Undriven async net: 0
	            Misc. async net: 0

   Total number of DFT violations: 0

  Total number of Test Clock Domains: 1
  Number of user specified non-Scan registers:   0
      Number of registers that fail DFT rules:   0
      Number of registers that pass DFT rules:  91
  Percentage of total registers that are scannable: 100%
@file(synth.tcl) 36: check_dft_rules
  Checking DFT rules for 'Main' module under 'muxed_scan' style

Detected 0 DFT rule violation(s)
	Summary of check_dft_rules
	**************************
	Number of usable scan cells: 48
Clock Rule Violations:
---------------------
	  Internally driven clock net: 0
	      Tied constant clock net: 0
	           Undriven clock net: 0
	Conflicting async & clock net: 0
	              Misc. clock net: 0

Async. set/reset Rule Violations:
--------------------------------
	Internally driven async net: 0
	      Tied active async net: 0
	         Undriven async net: 0
	            Misc. async net: 0

   Total number of DFT violations: 0

  Total number of Test Clock Domains: 1
  Number of user specified non-Scan registers:   0
      Number of registers that fail DFT rules:   0
      Number of registers that pass DFT rules:  91
  Percentage of total registers that are scannable: 100%
@file(synth.tcl) 37: check_dft_rules
  Checking DFT rules for 'Main' module under 'muxed_scan' style

Detected 0 DFT rule violation(s)
	Summary of check_dft_rules
	**************************
	Number of usable scan cells: 48
Clock Rule Violations:
---------------------
	  Internally driven clock net: 0
	      Tied constant clock net: 0
	           Undriven clock net: 0
	Conflicting async & clock net: 0
	              Misc. clock net: 0

Async. set/reset Rule Violations:
--------------------------------
	Internally driven async net: 0
	      Tied active async net: 0
	         Undriven async net: 0
	            Misc. async net: 0

   Total number of DFT violations: 0

  Total number of Test Clock Domains: 1
  Number of user specified non-Scan registers:   0
      Number of registers that fail DFT rules:   0
      Number of registers that pass DFT rules:  91
  Percentage of total registers that are scannable: 100%
@file(synth.tcl) 40: set_db current_design .dft_min_number_of_scan_chains 1
  Setting attribute of design 'Main': 'dft_min_number_of_scan_chains' = 1
@file(synth.tcl) 43: define_dft scan_chain -name top_chain -sdi scan_in -sdo scan_out -create_ports
@file(synth.tcl) 44: syn_map
#------------------------------------------------------------------------------------
# Root attributes for category: opt
#------------------------------------------------------------------------------------
# Feature                           | Attribute                | Value            
#------------------------------------------------------------------------------------
# Power optimization effort         | design_power_effort      | none (default)   
# Do not use qbar sequential pins   | dont_use_qbar_seq_pins   | false (default)  
#------------------------------------------------------------------------------------

##Generic Timing Info: typical gate delay   71.4 ps   std_slew:   10.0 ps   std_load:  0.7 fF  for library domain _default_
Mapping ChipWare ICG instances in Main
Found 0 unmapped ChipWare ICG instances
Mapped 0 of 0 ChipWare ICG instances
Info    : Mapping. [SYNTH-4]
        : Mapping 'Main' using 'high' effort.
Mapper: Libraries have:
	domain _default_: 324 combo usable cells and 128 sequential usable cells
PBS_TechMap-Start - Elapsed_Time 0, CPU_Time 0.0
stamp 'PBS_TechMap-Start' being created for table 'pbs_debug'

  Total Time (Wall) |  Stage Time (Wall)  |   % (Wall)   |    Date - Time     |  Memory   | Stage
--------------------+---------------------+--------------+--------------------+-----------+----------------------
 00:00:10(00:00:09) |  00:00:00(00:00:00) |   0.0(  0.0) |   17:29:40 (Aug10) |  606.9 MB | PBS_Generic-Start
--------------------+---------------------+--------------+--------------------+-----------+----------------------
 00:00:12(00:00:13) |  00:00:02(00:00:04) |  72.0(100.0) |   17:29:43 (Aug10) |  606.9 MB | PBS_Generic_Opt-Post
--------------------+---------------------+--------------+--------------------+-----------+----------------------
 00:00:12(00:00:13) |  00:00:00(00:00:00) |   0.0(  0.0) |   17:29:43 (Aug10) |  606.9 MB | PBS_Generic-Postgen HBO Optimizations
--------------------+---------------------+--------------+--------------------+-----------+----------------------
 00:00:13(00:00:13) |  00:00:01(00:00:00) |  28.0(  0.0) |   17:29:43 (Aug10) |  606.9 MB | PBS_TechMap-Start
--------------------+---------------------+--------------+--------------------+-----------+----------------------
Number of threads: 8 * 1   (id: pbs_debug, time_info v1.57)
Info: (*N*) indicates data that was populated from previously saved time_info database
Info: CPU time includes time of parent + longest thread
PBS_TechMap-Premap HBO Optimizations - Elapsed_Time 0, CPU_Time 0.0
stamp 'PBS_TechMap-Premap HBO Optimizations' being created for table 'pbs_debug'

  Total Time (Wall) |  Stage Time (Wall)  |   % (Wall)   |    Date - Time     |  Memory   | Stage
--------------------+---------------------+--------------+--------------------+-----------+----------------------
 00:00:10(00:00:09) |  00:00:00(00:00:00) |   0.0(  0.0) |   17:29:40 (Aug10) |  606.9 MB | PBS_Generic-Start
--------------------+---------------------+--------------+--------------------+-----------+----------------------
 00:00:12(00:00:13) |  00:00:02(00:00:04) |  72.0(100.0) |   17:29:43 (Aug10) |  606.9 MB | PBS_Generic_Opt-Post
--------------------+---------------------+--------------+--------------------+-----------+----------------------
 00:00:12(00:00:13) |  00:00:00(00:00:00) |   0.0(  0.0) |   17:29:43 (Aug10) |  606.9 MB | PBS_Generic-Postgen HBO Optimizations
--------------------+---------------------+--------------+--------------------+-----------+----------------------
 00:00:13(00:00:13) |  00:00:01(00:00:00) |  28.0(  0.0) |   17:29:43 (Aug10) |  606.9 MB | PBS_TechMap-Start
--------------------+---------------------+--------------+--------------------+-----------+----------------------
 00:00:13(00:00:13) |  00:00:00(00:00:00) |   0.0(  0.0) |   17:29:43 (Aug10) |  606.9 MB | PBS_TechMap-Premap HBO Optimizations
--------------------+---------------------+--------------+--------------------+-----------+----------------------
Number of threads: 8 * 1   (id: pbs_debug, time_info v1.57)
Info: (*N*) indicates data that was populated from previously saved time_info database
Info: CPU time includes time of parent + longest thread
Info    : Partition Based Synthesis execution skipped. [PHYS-752]
        : Design size is less than the partition size '100000' for distributed mapping optimization to kick in.
Mapper: Libraries have:
	domain _default_: 324 combo usable cells and 128 sequential usable cells
Multi-threaded Virtual Mapping    (8 threads per ST process, 8 of 32 CPUs usable)
 
Global mapping target info
==========================
Cost Group 'clk' target slack:    55 ps
Target path end-point (Port: Main/z_p)

Multi-threaded Virtual Mapping    (8 threads per ST process, 8 of 32 CPUs usable)
Multi-threaded Technology Mapping (8 threads per ST process, 8 of 32 CPUs usable)
 
Global mapping status
=====================
                                   Group   
                                  Tot Wrst 
                           Total  Weighted 
Operation                   Area   Slacks  
 global_map                 1265        0 

    Cost Group            Target    Slack    Diff.  Constr.
-----------------------------------------------------------
           clk                55      394              2000 

 
Global incremental target info
==============================
Cost Group 'clk' target slack:    38 ps
Target path end-point (Pin: OGF_R3_reg/D (SDFFRHQX4/D))

==================================
Stage : global_incr_map 
==================================
  =================
   Message Summary
  =================
------------------------------------------------------------------------------
|   Id   |Sev |Count|                      Message Text                      |
------------------------------------------------------------------------------
|DFT-100 |Info|    5|Added DFT object.                                       |
|DFT-130 |Info|    3|Created DFT port.                                       |
|        |    |     |A port for DFT purposes was created.                    |
|DFT-151 |Info|    1|Added scan chain.                                       |
|DFT-303 |Info|    1|Auto detection of Async control signal. By default, all |
|        |    |     | Async set and reset control signals of flops are       |
|        |    |     | identified automatically and an automatically generated|
|        |    |     | test signal is added to the DFT setup, if no test      |
|        |    |     | signal is defined for them, yet.                       |
|        |    |     |If you do not want Async set and reset signals to be    |
|        |    |     | defined as test signals automatically, set the         |
|        |    |     | attribute dft_identify_test_signals to false.          |
|GLO-51  |Info|    1|Hierarchical instance automatically ungrouped.          |
|        |    |     |Hierarchical instances can be automatically ungrouped to|
|        |    |     | allow for better area or timing optimization. To       |
|        |    |     | prevent this ungroup, set the root-level attribute     |
|        |    |     | 'auto_ungroup' to 'none'. You can also prevent         |
|        |    |     | individual ungroup with setting the attribute          |
|        |    |     | 'ungroup_ok' of instances or modules to 'false'.       |
|PHYS-752|Info|    1|Partition Based Synthesis execution skipped.            |
|SYNTH-2 |Info|    1|Done synthesizing.                                      |
|SYNTH-4 |Info|    1|Mapping.                                                |
------------------------------------------------------------------------------
 
Global incremental optimization status
======================================
                                   Group   
                                  Tot Wrst 
                           Total  Weighted 
Operation                   Area   Slacks  
 global_incr                1264        0 

    Cost Group            Target    Slack    Diff.  Constr.
-----------------------------------------------------------
           clk                38      394              2000 

 
Scan synthesis status
=====================
                                   Group   
                                  Tot Wrst 
                           Total  Weighted 
Operation                   Area   Slacks  
 scan_map                   1264        0 

State Retention Synthesis Status
================================

Category                        Flops   Percentage
--------------------------------------------------
Total instances                    91        100.0
Excluded from State Retention      91        100.0
    - Will not convert             91        100.0
      - Preserved                   0          0.0
      - Power intent excluded      91        100.0
    - Could not convert             0          0.0
      - Scan type                   0          0.0
      - No suitable cell            0          0.0
State Retention instances           0          0.0
--------------------------------------------------

INFO: skipping constant propagation
PBS_Techmap-Global Mapping - Elapsed_Time 2, CPU_Time 1.0296819999999993
stamp 'PBS_Techmap-Global Mapping' being created for table 'pbs_debug'

  Total Time (Wall) |  Stage Time (Wall)  |   % (Wall)   |    Date - Time     |  Memory   | Stage
--------------------+---------------------+--------------+--------------------+-----------+----------------------
 00:00:10(00:00:09) |  00:00:00(00:00:00) |   0.0(  0.0) |   17:29:40 (Aug10) |  606.9 MB | PBS_Generic-Start
--------------------+---------------------+--------------+--------------------+-----------+----------------------
 00:00:12(00:00:13) |  00:00:02(00:00:04) |  55.8( 66.7) |   17:29:43 (Aug10) |  606.9 MB | PBS_Generic_Opt-Post
--------------------+---------------------+--------------+--------------------+-----------+----------------------
 00:00:12(00:00:13) |  00:00:00(00:00:00) |   0.0(  0.0) |   17:29:43 (Aug10) |  606.9 MB | PBS_Generic-Postgen HBO Optimizations
--------------------+---------------------+--------------+--------------------+-----------+----------------------
 00:00:13(00:00:13) |  00:00:01(00:00:00) |  21.8(  0.0) |   17:29:43 (Aug10) |  606.9 MB | PBS_TechMap-Start
--------------------+---------------------+--------------+--------------------+-----------+----------------------
 00:00:13(00:00:13) |  00:00:00(00:00:00) |   0.0(  0.0) |   17:29:43 (Aug10) |  606.9 MB | PBS_TechMap-Premap HBO Optimizations
--------------------+---------------------+--------------+--------------------+-----------+----------------------
 00:00:14(00:00:15) |  00:00:01(00:00:02) |  22.4( 33.3) |   17:29:45 (Aug10) |  968.6 MB | PBS_Techmap-Global Mapping
--------------------+---------------------+--------------+--------------------+-----------+----------------------
Number of threads: 8 * 1   (id: pbs_debug, time_info v1.57)
Info: (*N*) indicates data that was populated from previously saved time_info database
Info: CPU time includes time of parent + longest thread
Info    : Wrote formal verification information. [CFM-5]
        : Wrote 'fv/Main/fv_map.fv.json' for netlist 'fv/Main/fv_map.v.gz'.
Info    : Existing dofile found. Copied as fv/Main/rtl_to_fv_map.do~.
Warning : Writing DFT constraints in the dofile. [CFM-655]
        : Use 'write_do_lec -no_dft' to comment out DFT constraints.
        : Carefully review the constraints to ensure that functional logic is not excluded from verification.
Info    : Wrote dofile. [CFM-1]
        : Dofile is 'fv/Main/rtl_to_fv_map.do'.
        : RTL names flow is enabled.
PBS_TechMap-Datapath Postmap Operations - Elapsed_Time 1, CPU_Time 1.0
stamp 'PBS_TechMap-Datapath Postmap Operations' being created for table 'pbs_debug'

  Total Time (Wall) |  Stage Time (Wall)  |   % (Wall)   |    Date - Time     |  Memory   | Stage
--------------------+---------------------+--------------+--------------------+-----------+----------------------
 00:00:10(00:00:09) |  00:00:00(00:00:00) |   0.0(  0.0) |   17:29:40 (Aug10) |  606.9 MB | PBS_Generic-Start
--------------------+---------------------+--------------+--------------------+-----------+----------------------
 00:00:12(00:00:13) |  00:00:02(00:00:04) |  45.9( 57.1) |   17:29:43 (Aug10) |  606.9 MB | PBS_Generic_Opt-Post
--------------------+---------------------+--------------+--------------------+-----------+----------------------
 00:00:12(00:00:13) |  00:00:00(00:00:00) |   0.0(  0.0) |   17:29:43 (Aug10) |  606.9 MB | PBS_Generic-Postgen HBO Optimizations
--------------------+---------------------+--------------+--------------------+-----------+----------------------
 00:00:13(00:00:13) |  00:00:01(00:00:00) |  17.9(  0.0) |   17:29:43 (Aug10) |  606.9 MB | PBS_TechMap-Start
--------------------+---------------------+--------------+--------------------+-----------+----------------------
 00:00:13(00:00:13) |  00:00:00(00:00:00) |   0.0(  0.0) |   17:29:43 (Aug10) |  606.9 MB | PBS_TechMap-Premap HBO Optimizations
--------------------+---------------------+--------------+--------------------+-----------+----------------------
 00:00:14(00:00:15) |  00:00:01(00:00:02) |  18.4( 28.6) |   17:29:45 (Aug10) |  968.6 MB | PBS_Techmap-Global Mapping
--------------------+---------------------+--------------+--------------------+-----------+----------------------
 00:00:15(00:00:16) |  00:00:01(00:00:01) |  17.9( 14.3) |   17:29:46 (Aug10) |  968.6 MB | PBS_TechMap-Datapath Postmap Operations
--------------------+---------------------+--------------+--------------------+-----------+----------------------
Number of threads: 8 * 1   (id: pbs_debug, time_info v1.57)
Info: (*N*) indicates data that was populated from previously saved time_info database
Info: CPU time includes time of parent + longest thread
PBS_TechMap-Postmap HBO Optimizations - Elapsed_Time 0, CPU_Time -0.006093999999999156
stamp 'PBS_TechMap-Postmap HBO Optimizations' being created for table 'pbs_debug'

  Total Time (Wall) |  Stage Time (Wall)  |   % (Wall)   |    Date - Time     |  Memory   | Stage
--------------------+---------------------+--------------+--------------------+-----------+----------------------
 00:00:10(00:00:09) |  00:00:00(00:00:00) |   0.0(  0.0) |   17:29:40 (Aug10) |  606.9 MB | PBS_Generic-Start
--------------------+---------------------+--------------+--------------------+-----------+----------------------
 00:00:12(00:00:13) |  00:00:02(00:00:04) |  45.9( 57.1) |   17:29:43 (Aug10) |  606.9 MB | PBS_Generic_Opt-Post
--------------------+---------------------+--------------+--------------------+-----------+----------------------
 00:00:12(00:00:13) |  00:00:00(00:00:00) |   0.0(  0.0) |   17:29:43 (Aug10) |  606.9 MB | PBS_Generic-Postgen HBO Optimizations
--------------------+---------------------+--------------+--------------------+-----------+----------------------
 00:00:13(00:00:13) |  00:00:01(00:00:00) |  17.9(  0.0) |   17:29:43 (Aug10) |  606.9 MB | PBS_TechMap-Start
--------------------+---------------------+--------------+--------------------+-----------+----------------------
 00:00:13(00:00:13) |  00:00:00(00:00:00) |   0.0(  0.0) |   17:29:43 (Aug10) |  606.9 MB | PBS_TechMap-Premap HBO Optimizations
--------------------+---------------------+--------------+--------------------+-----------+----------------------
 00:00:14(00:00:15) |  00:00:01(00:00:02) |  18.4( 28.6) |   17:29:45 (Aug10) |  968.6 MB | PBS_Techmap-Global Mapping
--------------------+---------------------+--------------+--------------------+-----------+----------------------
 00:00:15(00:00:16) |  00:00:01(00:00:01) |  17.9( 14.3) |   17:29:46 (Aug10) |  968.6 MB | PBS_TechMap-Datapath Postmap Operations
--------------------+---------------------+--------------+--------------------+-----------+----------------------
 00:00:15(00:00:16) |  00:00:00(00:00:00) |  -0.1(  0.0) |   17:29:46 (Aug10) |  968.6 MB | PBS_TechMap-Postmap HBO Optimizations
--------------------+---------------------+--------------+--------------------+-----------+----------------------
Number of threads: 8 * 1   (id: pbs_debug, time_info v1.57)
Info: (*N*) indicates data that was populated from previously saved time_info database
Info: CPU time includes time of parent + longest thread
 Doing ConstProp on design:Main ... 

Time taken by ConstProp Step: 00:00:00
PBS_TechMap-Postmap Clock Gating - Elapsed_Time 0, CPU_Time 0.0
stamp 'PBS_TechMap-Postmap Clock Gating' being created for table 'pbs_debug'

  Total Time (Wall) |  Stage Time (Wall)  |   % (Wall)   |    Date - Time     |  Memory   | Stage
--------------------+---------------------+--------------+--------------------+-----------+----------------------
 00:00:10(00:00:09) |  00:00:00(00:00:00) |   0.0(  0.0) |   17:29:40 (Aug10) |  606.9 MB | PBS_Generic-Start
--------------------+---------------------+--------------+--------------------+-----------+----------------------
 00:00:12(00:00:13) |  00:00:02(00:00:04) |  45.9( 57.1) |   17:29:43 (Aug10) |  606.9 MB | PBS_Generic_Opt-Post
--------------------+---------------------+--------------+--------------------+-----------+----------------------
 00:00:12(00:00:13) |  00:00:00(00:00:00) |   0.0(  0.0) |   17:29:43 (Aug10) |  606.9 MB | PBS_Generic-Postgen HBO Optimizations
--------------------+---------------------+--------------+--------------------+-----------+----------------------
 00:00:13(00:00:13) |  00:00:01(00:00:00) |  17.9(  0.0) |   17:29:43 (Aug10) |  606.9 MB | PBS_TechMap-Start
--------------------+---------------------+--------------+--------------------+-----------+----------------------
 00:00:13(00:00:13) |  00:00:00(00:00:00) |   0.0(  0.0) |   17:29:43 (Aug10) |  606.9 MB | PBS_TechMap-Premap HBO Optimizations
--------------------+---------------------+--------------+--------------------+-----------+----------------------
 00:00:14(00:00:15) |  00:00:01(00:00:02) |  18.4( 28.6) |   17:29:45 (Aug10) |  968.6 MB | PBS_Techmap-Global Mapping
--------------------+---------------------+--------------+--------------------+-----------+----------------------
 00:00:15(00:00:16) |  00:00:01(00:00:01) |  17.9( 14.3) |   17:29:46 (Aug10) |  968.6 MB | PBS_TechMap-Datapath Postmap Operations
--------------------+---------------------+--------------+--------------------+-----------+----------------------
 00:00:15(00:00:16) |  00:00:00(00:00:00) |  -0.1(  0.0) |   17:29:46 (Aug10) |  968.6 MB | PBS_TechMap-Postmap HBO Optimizations
--------------------+---------------------+--------------+--------------------+-----------+----------------------
 00:00:15(00:00:16) |  00:00:00(00:00:00) |   0.0(  0.0) |   17:29:46 (Aug10) |  968.6 MB | PBS_TechMap-Postmap Clock Gating
--------------------+---------------------+--------------+--------------------+-----------+----------------------
Number of threads: 8 * 1   (id: pbs_debug, time_info v1.57)
Info: (*N*) indicates data that was populated from previously saved time_info database
Info: CPU time includes time of parent + longest thread
-------------------------------------------------------------------------------
 hi_fo_buf                  1264        0         0         0        0

           Trick     Calls     Accepts   Attempts    Time(secs) 
-----------------------------------------------------------
       hi_fo_buf         0  (        0 /        0 )  0.00

 
Incremental optimization status
===============================
                                   Group   
                                  Tot Wrst     Total - - DRC Totals - -
                           Total  Weighted      Neg      Max       Max 
Operation                   Area   Slacks      Slack    Trans      Cap 
 init_delay                 1264        0         0         0        0

           Trick     Calls     Accepts   Attempts    Time(secs) 
-----------------------------------------------------------
       crit_upsz         0  (        0 /        0 )  0.00
    plc_bal_star         0  (        0 /        0 )  0.00
     drc_buftimb         0  (        0 /        0 )  0.00
          plc_st         0  (        0 /        0 )  0.00
    plc_st_fence         0  (        0 /        0 )  0.00
        plc_star         0  (        0 /        0 )  0.00
      plc_laf_st         0  (        0 /        0 )  0.00
 plc_laf_st_fence         0  (        0 /        0 )  0.00
     drc_buftims         0  (        0 /        0 )  0.00
            fopt         0  (        0 /        0 )  0.00
   plc_laf_lo_st         0  (        0 /        0 )  0.00
       plc_lo_st         0  (        0 /        0 )  0.00
        mb_split         0  (        0 /        0 )  0.00

 
Local TNS optimization status
=============================
                                   Group   
                                  Tot Wrst     Total - - DRC Totals - -
                           Total  Weighted      Neg      Max       Max 
Operation                   Area   Slacks      Slack    Trans      Cap 
 init_tns                   1264        0         0         0        0

           Trick     Calls     Accepts   Attempts    Time(secs) 
-----------------------------------------------------------
    plc_bal_star         0  (        0 /        0 )  0.00
     drc_buftimb         0  (        0 /        0 )  0.00
     drc_buftims         0  (        0 /        0 )  0.00
       crit_upsz         0  (        0 /        0 )  0.00
   plc_laf_lo_st         0  (        0 /        0 )  0.00
       plc_lo_st         0  (        0 /        0 )  0.00
            fopt         0  (        0 /        0 )  0.00
       crit_dnsz         0  (        0 /        0 )  0.00
             dup         0  (        0 /        0 )  0.00
        setup_dn         0  (        0 /        0 )  0.00
        mb_split         0  (        0 /        0 )  0.00

PBS_TechMap-Postmap Cleanup - Elapsed_Time 0, CPU_Time -0.005270000000001218
stamp 'PBS_TechMap-Postmap Cleanup' being created for table 'pbs_debug'

  Total Time (Wall) |  Stage Time (Wall)  |   % (Wall)   |    Date - Time     |  Memory   | Stage
--------------------+---------------------+--------------+--------------------+-----------+----------------------
 00:00:10(00:00:09) |  00:00:00(00:00:00) |   0.0(  0.0) |   17:29:40 (Aug10) |  606.9 MB | PBS_Generic-Start
--------------------+---------------------+--------------+--------------------+-----------+----------------------
 00:00:12(00:00:13) |  00:00:02(00:00:04) |  46.0( 57.1) |   17:29:43 (Aug10) |  606.9 MB | PBS_Generic_Opt-Post
--------------------+---------------------+--------------+--------------------+-----------+----------------------
 00:00:12(00:00:13) |  00:00:00(00:00:00) |   0.0(  0.0) |   17:29:43 (Aug10) |  606.9 MB | PBS_Generic-Postgen HBO Optimizations
--------------------+---------------------+--------------+--------------------+-----------+----------------------
 00:00:13(00:00:13) |  00:00:01(00:00:00) |  17.9(  0.0) |   17:29:43 (Aug10) |  606.9 MB | PBS_TechMap-Start
--------------------+---------------------+--------------+--------------------+-----------+----------------------
 00:00:13(00:00:13) |  00:00:00(00:00:00) |   0.0(  0.0) |   17:29:43 (Aug10) |  606.9 MB | PBS_TechMap-Premap HBO Optimizations
--------------------+---------------------+--------------+--------------------+-----------+----------------------
 00:00:14(00:00:15) |  00:00:01(00:00:02) |  18.4( 28.6) |   17:29:45 (Aug10) |  968.6 MB | PBS_Techmap-Global Mapping
--------------------+---------------------+--------------+--------------------+-----------+----------------------
 00:00:15(00:00:16) |  00:00:01(00:00:01) |  17.9( 14.3) |   17:29:46 (Aug10) |  968.6 MB | PBS_TechMap-Datapath Postmap Operations
--------------------+---------------------+--------------+--------------------+-----------+----------------------
 00:00:15(00:00:16) |  00:00:00(00:00:00) |  -0.1(  0.0) |   17:29:46 (Aug10) |  968.6 MB | PBS_TechMap-Postmap HBO Optimizations
--------------------+---------------------+--------------+--------------------+-----------+----------------------
 00:00:15(00:00:16) |  00:00:00(00:00:00) |   0.0(  0.0) |   17:29:46 (Aug10) |  968.6 MB | PBS_TechMap-Postmap Clock Gating
--------------------+---------------------+--------------+--------------------+-----------+----------------------
 00:00:15(00:00:16) |  00:00:00(00:00:00) |  -0.1(  0.0) |   17:29:46 (Aug10) |  968.6 MB | PBS_TechMap-Postmap Cleanup
--------------------+---------------------+--------------+--------------------+-----------+----------------------
Number of threads: 8 * 1   (id: pbs_debug, time_info v1.57)
Info: (*N*) indicates data that was populated from previously saved time_info database
Info: CPU time includes time of parent + longest thread
PBS_Techmap-Post_MBCI - Elapsed_Time 0, CPU_Time 0.0
stamp 'PBS_Techmap-Post_MBCI' being created for table 'pbs_debug'

  Total Time (Wall) |  Stage Time (Wall)  |   % (Wall)   |    Date - Time     |  Memory   | Stage
--------------------+---------------------+--------------+--------------------+-----------+----------------------
 00:00:10(00:00:09) |  00:00:00(00:00:00) |   0.0(  0.0) |   17:29:40 (Aug10) |  606.9 MB | PBS_Generic-Start
--------------------+---------------------+--------------+--------------------+-----------+----------------------
 00:00:12(00:00:13) |  00:00:02(00:00:04) |  46.0( 57.1) |   17:29:43 (Aug10) |  606.9 MB | PBS_Generic_Opt-Post
--------------------+---------------------+--------------+--------------------+-----------+----------------------
 00:00:12(00:00:13) |  00:00:00(00:00:00) |   0.0(  0.0) |   17:29:43 (Aug10) |  606.9 MB | PBS_Generic-Postgen HBO Optimizations
--------------------+---------------------+--------------+--------------------+-----------+----------------------
 00:00:13(00:00:13) |  00:00:01(00:00:00) |  17.9(  0.0) |   17:29:43 (Aug10) |  606.9 MB | PBS_TechMap-Start
--------------------+---------------------+--------------+--------------------+-----------+----------------------
 00:00:13(00:00:13) |  00:00:00(00:00:00) |   0.0(  0.0) |   17:29:43 (Aug10) |  606.9 MB | PBS_TechMap-Premap HBO Optimizations
--------------------+---------------------+--------------+--------------------+-----------+----------------------
 00:00:14(00:00:15) |  00:00:01(00:00:02) |  18.4( 28.6) |   17:29:45 (Aug10) |  968.6 MB | PBS_Techmap-Global Mapping
--------------------+---------------------+--------------+--------------------+-----------+----------------------
 00:00:15(00:00:16) |  00:00:01(00:00:01) |  17.9( 14.3) |   17:29:46 (Aug10) |  968.6 MB | PBS_TechMap-Datapath Postmap Operations
--------------------+---------------------+--------------+--------------------+-----------+----------------------
 00:00:15(00:00:16) |  00:00:00(00:00:00) |  -0.1(  0.0) |   17:29:46 (Aug10) |  968.6 MB | PBS_TechMap-Postmap HBO Optimizations
--------------------+---------------------+--------------+--------------------+-----------+----------------------
 00:00:15(00:00:16) |  00:00:00(00:00:00) |   0.0(  0.0) |   17:29:46 (Aug10) |  968.6 MB | PBS_TechMap-Postmap Clock Gating
--------------------+---------------------+--------------+--------------------+-----------+----------------------
 00:00:15(00:00:16) |  00:00:00(00:00:00) |  -0.1(  0.0) |   17:29:46 (Aug10) |  968.6 MB | PBS_TechMap-Postmap Cleanup
--------------------+---------------------+--------------+--------------------+-----------+----------------------
 00:00:15(00:00:16) |  00:00:00(00:00:00) |   0.0(  0.0) |   17:29:46 (Aug10) |  968.6 MB | PBS_Techmap-Post_MBCI
--------------------+---------------------+--------------+--------------------+-----------+----------------------
Number of threads: 8 * 1   (id: pbs_debug, time_info v1.57)
Info: (*N*) indicates data that was populated from previously saved time_info database
Info: CPU time includes time of parent + longest thread
##>=================== Cadence Confidential (Mapping-Logical) ===================
##>Main Thread Summary:
##>----------------------------------------------------------------------------------------
##>STEP                           Elapsed       WNS       TNS     Insts      Area    Memory
##>----------------------------------------------------------------------------------------
##>M:Initial                            0         -         -       785      2699       606
##>M:Early Clock Gating                 0         -         -         -         -         -
##>M:Pre Cleanup                        0         -         -       785      2699       606
##>M:Setup                              0         -         -         -         -         -
##>M:Launch ST                          0         -         -         -         -         -
##>M:Design Partition                   0         -         -         -         -         -
##>M:Create Partition Netlists          0         -         -         -         -         -
##>M:Init Power                         0         -         -         -         -         -
##>M:Budgeting                          0         -         -         -         -         -
##>M:Derenv-DB                          0         -         -         -         -         -
##>M:Debug Outputs                      0         -         -         -         -         -
##>M:ST loading                         0         -         -         -         -         -
##>M:Distributed                        0         -         -         -         -         -
##>M:Timer                              0         -         -         -         -         -
##>M:Assembly                           0         -         -         -         -         -
##>M:DFT                                0         -         -         -         -         -
##>M:DP Operations                      1         -         -       313      1264       968
##>M:Const Prop                         0       388         0       313      1264       968
##>M:Cleanup                            0       388         0       313      1264       968
##>M:MBCI                               0         -         -       313      1264       968
##>M:PostGen Opt                        0         -         -         -         -         -
##>M:Const Gate Removal                 0         -         -         -         -         -
##>M:Early Clock Gating Cleanup         0         -         -         -         -         -
##>M:Misc                               2
##>----------------------------------------------------------------------------------------
##>Total Elapsed                        3
##>========================================================================================
Info    : Done mapping. [SYNTH-5]
        : Done mapping 'Main'.
      flow.cputime  flow.realtime  timing.setup.tns  timing.setup.wns  snapshot
UM:*                                                                   syn_map
@file(synth.tcl) 48: connect_scan_chains -auto_create_chains
Info    : Initiating DFT command. [DFT-145]
        : Started connect_scan_chains.
  Starting DFT Scan Configuration for module 'Main' in 'normal' mode, with physical flow OFF 
  Configuring 1 chains for 91 scan f/f 
  Configured 1 chains for Domain: 'clk', edge: 'rising'
  	 top_chain (scan_in -> scan_out) has 91 registers; Domain:clk, edge: rising
  Processing 1 scan chains in 'muxed_scan' style.
  Default shift enable signal is 'scan_en': 'port:Main/scan_en' active high.
Mapping DFT logic introduced by scan chain connection...
Mapping DFT logic done.
Info    : Reporting runtime for DFT command. [DFT-147]
        : Runtime for connect_scan_chains is 0 second(s).
Info    : Successfully completed DFT command. [DFT-146]
        : Successfully completed connect_scan_chains.
  =================
   Message Summary
  =================
--------------------------------------------------------
|  Id   |Sev |Count|           Message Text            |
--------------------------------------------------------
|DFT-145|Info|    1|Initiating DFT command.            |
|DFT-146|Info|    1|Successfully completed DFT command.|
|DFT-147|Info|    1|Reporting runtime for DFT command. |
--------------------------------------------------------
@file(synth.tcl) 51: report dft_chains > reports/report_dft_chains
@file(synth.tcl) 52: report_timing > reports/report_timing.rpt
@file(synth.tcl) 53: report_power  > reports/report_power.rpt
Warning: Library 'fast_vdd1v2' found in multiple domains.
Info: Use -domain to uniquify.
Info: Selecting library 'fast_vdd1v2' in domain '-1'
Warning: Library 'slow_vdd1v2' found in multiple domains.
Info: Use -domain to uniquify.
Info: Selecting library 'slow_vdd1v2' in domain '-1'
Info    : Joules engine is used. [RPT-16]
        : Joules engine is being used for the command report_power.
Info   : ACTP-0001 [ACTPInfo] Activity propagation started for stim#0 netlist
       : Main
Info   : ACTP-0009 [ACTPInfo] Activity Propagation Progress Report :   0%   1%   2%   3%   4%   5%   6%   7%   8%   9%  10%  11%  12%  13%  14%  15%  16%  17%  18%  19%  20%  21%  22%  23%  24%  25%  26%  27%  28%  29%  30%  31%  32%  33%  34%  35%  36%  37%  38%  39%  40%  41%  42%  43%  44%  45%  46%  47%  48%  49%  50%  51%  52%  53%  54%  55%  56%  57%  58%  59%  60%  61%  62%  63%  64%  65%  66%  67%  68%  69%  70%  71%  72%  73%  74%  75%  76%  77%  78%  79%  80%  81%  82%  83%  84%  85%  86%  87%  88%  89%  90%  91%  92%  93%  94%  95%  96%  97%  98%  99% 100%
Info   : ACTP-0001 Activity propagation ended for stim#0
Info   : PWRA-0001 [PwrInfo] compute_power effective options 
       : -mode : vectorless
       : -skip_propagation : 1
       : -frequency_scaling_factor : 1.0
       : -use_clock_freq : stim
       : -stim :/stim#0
       : -fromGenus : 1
Info   : ACTP-0001 Timing initialization started
Info   : ACTP-0001 Timing initialization ended
Info   : PWRA-0002 [PwrInfo] Skipping activity propagation due to -skip_ap
       : option....
Warning: PWRA-0302 [PwrWarn] Frequency scaling is not applicable for vectorless
       : flow. Ignoring frequency scaling.
Warning: PWRA-0304 [PwrWarn] -stim option is not applicable with vectorless mode
       : of power analysis, ignored this option.
Info   : PWRA-0002 Started 'vectorless' power computation.
Info   : PWRA-0009 [PwrInfo] Power Computation Progress Report :   0%   1%   2%   3%   4%   5%   6%   7%   8%   9%  10%  11%  12%  13%  14%  15%  16%  17%  18%  19%  20%  21%  22%  23%  24%  25%  26%  27%  28%  29%  30%  31%  32%  33%  34%  35%  36%  37%  38%  39%  40%  41%  42%  43%  44%  45%  46%  47%  48%  49%  50%  51%  52%  53%  54%  55%  56%  57%  58%  59%  60%  61%  62%  63%  64%  65%  66%  67%  68%  69%  70%  71%  72%  73%  74%  75%  76%  77%  78%  79%  80%  81%  82%  83%  84%  85%  86%  87%  88%  89%  90%  91%  92%  93%  94%  95%  96%  97%  98%  99% 100%
Info   : PWRA-0002 Finished power computation.
Info   : PWRA-0007 [PwrInfo] Completed successfully.
       : Info=6, Warn=2, Error=0, Fatal=0
Output file: reports/report_power.rpt
@file(synth.tcl) 54: report_area   > reports/report_area.rpt
@file(synth.tcl) 55: report_qor    > reports/report_qor.rpt
@file(synth.tcl) 58: write_hdl > outputs/main_netlist.v
@file(synth.tcl) 59: write_sdc > outputs/post_synth_main.sdc
Finished SDC export (command execution time mm:ss (real) = 00:00).
@file(synth.tcl) 60: write_sdf -timescale ns -nonegchecks -recrem split -edges check_edge  -setuphold split > outputs/delays.sdf
@file(synth.tcl) 61: write_design -base_name innovus_src/main
(write_design): Writing Genus content. Constraint interface is 'smsc'
Exporting design data for 'Main' to innovus_src/main...
%# Begin write_design (08/10 17:29:47, mem=1850.96M)
      flow.cputime  flow.realtime  timing.setup.tns  timing.setup.wns  snapshot
UM:*                                                                   write_design
  Setting attribute of root '/': 'set_boundary_change' = 
File innovus_src/main.mmmc.tcl has been written.
Finished SDC export (command execution time mm:ss (real) = 00:00).
Info    : Scan chain has elements which already have their SE connected. No elements in the scan chain needs SE connection. [DFT-710]
        : Scan chain top_chain shift_enable is reported as NONE.
Info: file innovus_src/main.default_emulate_constraint_mode.sdc has been written
Info: file innovus_src/main.default_emulate_constraint_mode.sdc has been written
Info    : Scan chain has elements which already have their SE connected. No elements in the scan chain needs SE connection. [DFT-710]
        : Scan chain top_chain shift_enable is reported as NONE.
** To load the database source innovus_src/main.genus_setup.tcl in an Genus(TM) Synthesis Solution session.
Finished exporting design data for 'Main' (command execution time mm:ss cpu = 00:00, real = 00:01).
.
%# End write_design (08/10 17:29:48, total cpu=09:00:00, real=09:00:01, peak res=968.60M, current mem=1852.97M)
@file(synth.tcl) 64: write_dft_atpg -library /eda/cadence/pdks/ihp_sg13g2/ixc013g2ng_stdcell/verilog/ixc013g2ng_stdcell.v -directory outputs/modus_src
WARNING: Using existing directory 'outputs/modus_src' for write_dft_atpg.
----------------------------------------------------------------------------
Modus scripts for ATPG have been written 
 for fullscan mode to directory 'outputs/modus_src'.
To generate the ATPG test vectors in fullscan mode :
.... Invoke the script from OS command line as 'modus -file outputs/modus_src/runmodus.atpg.tcl'.
To simulate the ATPG generated test vectors in FULLSCAN mode:
.... Invoke the script from OS command line as 'outputs/modus_src/run_fullscan_sim'.
------------------------------------------------------------------------
@file(synth.tcl) 73: exit

Lic Summary:
[17:29:48.352440] Cdslmd servers: hs-lic3
[17:29:48.352450] Feature usage summary:
[17:29:48.352451] Genus_Synthesis

Normal exit.